Temps_s,T1,T2,T3,T3_est,R1,R2,R3,PWM,Watts
127.47,26.73,27.53,27.44,27.32,9581.44,8931.83,8966.91,0.0,0.0
127.47,26.74,27.53,27.44,27.32,9581.12,8932.38,8966.91,0.0,0.0
127.47,26.73,27.53,27.44,27.32,9582.1,8930.74,8968.01,0.0,0.0
127.48,26.73,27.52,27.43,27.32,9581.77,8936.76,8971.86,0.0,0.0
127.48,26.73,27.52,27.44,27.32,9581.77,8936.76,8968.56,0.0,0.0
127.48,26.73,27.52,27.44,27.32,9582.1,8934.02,8968.56,0.0,0.0
127.48,26.72,27.52,27.43,27.32,9583.09,8934.57,8971.86,0.0,0.0
127.48,26.72,27.52,27.44,27.31,9582.76,8935.66,8966.91,0.0,0.0
127.48,26.72,27.51,27.42,27.31,9583.09,8938.4,8973.51,0.0,0.0
127.62,24.48,24.39,24.23,24.23,10003.75,10279.1,10353.5,0.0,0.0
127.73,24.49,24.39,24.23,24.23,10005.41,10277.84,10351.6,0.0,0.0
127.81,24.48,24.38,24.23,24.23,10003.75,10280.98,10352.87,0.0,0.0
127.9,24.49,24.39,24.23,24.23,10004.09,10278.47,10352.24,0.0,0.0
128.01,24.48,24.39,24.23,24.23,10004.75,10277.84,10353.5,0.0,0.0
128.1,24.48,24.39,24.23,24.23,10003.42,10275.33,10352.87,0.0,0.0
128.21,24.49,24.39,24.23,24.23,10003.09,10278.47,10353.5,0.0,0.0
128.32,24.48,24.39,24.23,24.23,10003.75,10276.59,10353.5,0.0,0.0
128.42,24.49,24.38,24.23,24.23,10004.09,10280.35,10352.87,0.0,0.0
128.51,24.48,24.38,24.23,24.23,10005.08,10279.73,10352.87,0.0,0.0
128.61,24.48,24.38,24.23,24.23,10003.42,10280.35,10353.5,0.0,0.0
128.72,24.48,24.38,24.22,24.23,10004.42,10280.98,10354.13,0.0,0.0
128.81,24.48,24.38,24.22,24.23,10004.75,10280.35,10354.13,0.0,0.0
128.93,24.48,24.38,24.23,24.23,10004.75,10280.35,10353.5,0.0,0.0
129.03,24.49,24.39,24.22,24.23,10003.09,10278.47,10354.13,0.0,0.0
129.1,24.48,24.39,24.22,24.23,10004.42,10279.1,10354.13,0.0,0.0
129.22,24.49,24.38,24.23,24.23,10005.41,10280.98,10353.5,0.0,0.0
129.31,24.48,24.39,24.23,24.23,10004.42,10278.47,10352.87,0.0,0.0
129.41,24.48,24.38,24.22,24.23,10004.42,10280.35,10354.77,0.0,0.0
129.52,24.48,24.38,24.23,24.23,10006.07,10279.73,10352.24,0.0,0.0
129.61,24.48,24.39,24.22,24.23,10004.75,10275.96,10354.13,0.0,0.0
129.71,24.48,24.39,24.23,24.23,10004.42,10278.47,10353.5,0.0,0.0
129.8,24.48,24.38,24.22,24.23,10004.42,10281.61,10354.77,0.0,0.0
129.93,24.49,24.39,24.23,24.23,10003.09,10277.84,10353.5,0.0,0.0
130.04,24.48,24.38,24.23,24.23,10004.42,10280.98,10352.87,0.0,0.0
130.1,24.48,24.38,24.22,24.23,10004.75,10279.73,10354.13,0.0,0.0
130.23,24.48,24.38,24.22,24.23,10003.42,10280.98,10354.13,0.0,0.0
130.32,24.49,24.38,24.22,24.22,10004.09,10280.35,10354.13,0.0,0.0
130.45,24.49,24.39,24.22,24.22,10003.09,10278.47,10354.13,0.0,0.0
130.52,24.48,24.39,24.23,24.22,10003.42,10277.21,10353.5,0.0,0.0
130.63,24.47,24.39,24.22,24.22,10005.74,10277.84,10355.4,0.0,0.0
130.73,24.48,24.39,24.22,24.22,10004.42,10277.21,10354.13,0.0,0.0
130.8,24.48,24.38,24.22,24.22,10004.75,10280.98,10355.4,0.0,0.0
130.94,24.47,24.38,24.23,24.22,10005.74,10280.35,10353.5,0.0,0.0
131.04,24.48,24.4,24.23,24.22,10004.42,10274.7,10352.87,0.0,0.0
131.15,24.49,24.39,24.23,24.22,10004.09,10277.21,10353.5,0.0,0.0
131.22,24.47,24.39,24.22,24.22,10005.74,10279.1,10354.13,0.0,0.0
131.31,24.47,24.39,24.23,24.22,10005.74,10278.47,10353.5,0.0,0.0
131.42,24.48,24.39,24.23,24.22,10005.08,10278.47,10353.5,0.0,0.0
131.52,24.48,24.38,24.23,24.22,10006.07,10279.73,10353.5,0.0,0.0
131.62,24.49,24.38,24.23,24.22,10003.09,10279.73,10353.5,0.0,0.0
131.7,24.48,24.39,24.23,24.22,10004.42,10275.96,10350.34,0.0,0.0
131.8,24.48,24.39,24.22,24.22,10004.42,10276.59,10354.13,0.0,0.0
131.89,24.49,24.39,24.22,24.22,10005.41,10275.96,10354.77,0.0,0.0
132.0,24.48,24.39,24.22,24.22,10003.75,10275.33,10354.13,0.0,0.0
132.1,24.48,24.39,24.23,24.22,10004.75,10275.96,10353.5,0.0,0.0
132.22,24.49,24.4,24.23,24.22,10005.41,10274.7,10350.97,0.0,0.0
132.33,24.47,24.39,24.23,24.22,10005.74,10275.33,10352.24,0.0,0.0
132.42,24.48,24.39,24.23,24.22,10003.42,10275.33,10353.5,0.0,0.0
132.55,24.49,24.4,24.23,24.22,10004.09,10274.07,10352.87,0.0,0.0
132.61,24.48,24.4,24.23,24.22,10004.42,10273.45,10353.5,0.0,0.0
132.71,24.48,24.4,24.23,24.22,10003.42,10274.07,10352.24,0.0,0.0
132.83,24.48,24.4,24.22,24.22,10003.75,10274.07,10354.13,0.0,0.0
132.93,24.5,24.4,24.23,24.22,10002.76,10274.7,10352.87,0.0,0.0
133.03,24.48,24.4,24.23,24.22,10004.75,10272.19,10352.87,0.0,0.0
133.12,24.49,24.4,24.23,24.22,10002.1,10271.56,10353.5,0.0,0.0
133.21,24.49,24.42,24.22,24.22,10003.09,10264.66,10354.13,0.0,0.0
133.34,24.49,24.43,24.22,24.22,10002.43,10258.39,10354.13,0.0,0.0
133.43,24.49,24.45,24.23,24.22,10001.77,10248.99,10353.5,0.0,0.0
133.53,24.49,24.46,24.23,24.22,10002.1,10244.6,10353.5,0.0,0.0
133.62,24.49,24.47,24.23,24.22,10003.09,10242.1,10353.5,0.0,0.0
133.71,24.49,24.47,24.22,24.22,10002.43,10242.1,10354.77,0.0,0.0
133.83,24.49,24.47,24.22,24.22,10002.1,10240.22,10354.77,0.0,0.0
133.93,24.51,24.47,24.22,24.22,10001.44,10238.97,10354.13,0.0,0.0
134.01,24.51,24.48,24.23,24.22,9998.13,10234.59,10352.87,0.0,0.0
134.11,24.49,24.48,24.23,24.22,10002.43,10234.59,10353.5,0.0,0.0
134.2,24.51,24.48,24.22,24.22,9999.45,10234.59,10354.77,0.0,0.0
134.33,24.5,24.48,24.22,24.22,10001.11,10233.97,10354.13,0.0,0.0
134.42,24.5,24.48,24.23,24.23,9999.12,10234.59,10353.5,0.0,0.0
134.52,24.52,24.49,24.22,24.23,9997.13,10232.72,10354.13,0.0,0.0
134.63,24.53,24.5,24.22,24.23,9996.14,10224.59,10354.13,0.0,0.0
134.74,24.53,24.53,24.22,24.23,9996.47,10213.97,10354.77,0.0,0.0
134.8,24.53,24.55,24.22,24.23,9995.81,10205.24,10354.77,0.0,0.0
134.91,24.53,24.55,24.22,24.23,9992.83,10202.75,10354.13,0.0,0.0
135.02,24.55,24.56,24.22,24.23,9993.17,10200.87,10354.77,0.0,0.0
135.11,24.54,24.56,24.22,24.23,9992.17,10198.38,10354.77,0.0,0.0
135.21,24.55,24.57,24.23,24.23,9993.17,10194.02,10352.87,0.0,0.0
135.32,24.55,24.57,24.22,24.23,9989.86,10194.02,10354.77,0.0,0.0
135.41,24.57,24.57,24.22,24.23,9986.55,10193.4,10354.77,0.0,0.0
135.51,24.57,24.59,24.22,24.23,9985.89,10186.55,10354.77,0.0,0.0
135.65,24.57,24.62,24.22,24.23,9986.88,10171.62,10354.77,0.0,0.0
135.73,24.57,24.63,24.22,24.23,9985.89,10167.27,10355.4,0.0,0.0
135.82,24.58,24.63,24.22,24.23,9985.22,10167.89,10354.77,0.0,0.0
135.92,24.59,24.64,24.23,24.23,9983.9,10159.82,10353.5,0.0,0.0
136.02,24.59,24.65,24.22,24.23,9983.57,10155.47,10354.77,0.0,0.0
136.12,24.6,24.66,24.22,24.23,9981.25,10154.85,10354.77,0.0,0.0
136.21,24.59,24.66,24.22,24.23,9982.91,10154.23,10354.13,0.0,0.0
136.32,24.59,24.66,24.22,24.23,9981.91,10154.23,10354.13,0.0,0.0
136.42,24.6,24.66,24.23,24.23,9980.92,10153.61,10353.5,0.0,0.0
136.52,24.6,24.69,24.22,24.23,9979.27,10137.49,10354.77,0.0,0.0
136.64,24.61,24.71,24.22,24.24,9976.95,10128.2,10354.77,0.0,0.0
136.73,24.61,24.73,24.22,24.24,9975.63,10120.78,10355.4,0.0,0.0
136.83,24.61,24.73,24.22,24.24,9976.95,10122.64,10354.13,0.0,0.0
136.94,24.62,24.74,24.22,24.24,9973.98,10117.07,10354.77,0.0,0.0
137.05,24.64,24.74,24.22,24.24,9971.66,10114.6,10354.77,0.0,0.0
137.14,24.64,24.74,24.22,24.24,9971.0,10115.22,10354.13,0.0,0.0
137.23,24.65,24.75,24.22,24.24,9971.33,10112.13,10354.77,0.0,0.0
137.33,24.66,24.78,24.22,24.24,9968.02,10099.16,10354.77,0.0,0.0
137.43,24.68,24.8,24.22,24.24,9965.38,10088.68,10355.4,0.0,0.0
137.5,24.66,24.81,24.22,24.24,9968.02,10084.36,10354.13,0.0,0.0
137.63,24.68,24.82,24.23,24.25,9964.05,10081.9,10353.5,0.0,0.0
137.71,24.68,24.82,24.22,24.25,9963.39,10078.2,10354.77,0.0,0.0
137.81,24.69,24.83,24.22,24.25,9961.41,10075.74,10354.77,0.0,0.0
137.92,24.69,24.83,24.22,24.25,9961.08,10075.12,10354.77,0.0,0.0
138.03,24.7,24.83,24.22,24.25,9960.08,10075.12,10354.77,0.0,0.0
138.12,24.7,24.84,24.22,24.25,9959.09,10070.2,10354.13,0.0,0.0
138.24,24.7,24.88,24.22,24.25,9959.09,10054.83,10354.77,0.0,0.0
138.32,24.71,24.89,24.23,24.25,9957.44,10049.92,10352.24,0.0,0.0
138.47,24.73,24.9,24.22,24.26,9955.79,10045.0,10354.13,0.0,0.0
138.55,24.73,24.91,24.22,24.26,9955.12,10040.71,10354.77,0.0,0.0
138.62,24.73,24.92,24.22,24.26,9954.13,10037.03,10354.77,0.0,0.0
138.71,24.76,24.92,24.23,24.26,9947.85,10036.42,10353.5,0.0,0.0
138.84,24.75,24.92,24.22,24.26,9949.83,10033.35,10355.4,0.0,0.0
138.93,24.76,24.95,24.22,24.26,9947.85,10022.94,10354.77,0.0,0.0
139.01,24.78,24.97,24.22,24.27,9943.22,10011.31,10354.13,0.0,0.0
139.12,24.79,24.98,24.22,24.27,9941.24,10005.8,10354.13,0.0,0.0
139.21,24.79,24.99,24.23,24.27,9941.24,10003.97,10353.5,0.0,0.0
139.34,24.79,25.0,24.22,24.27,9941.24,10000.3,10354.77,0.0,0.0
139.4,24.8,25.0,24.23,24.27,9937.6,9997.25,10353.5,0.0,0.0
139.51,24.8,25.0,24.23,24.27,9940.25,9997.25,10352.24,0.0,0.0
139.62,24.8,25.01,24.23,24.28,9937.6,9996.03,10353.5,0.0,0.0
139.74,24.83,25.02,24.22,24.28,9935.29,9989.92,10354.77,0.0,0.0
139.83,24.83,25.07,24.23,24.28,9935.29,9969.19,10352.87,0.0,0.0
139.91,24.83,25.07,24.23,24.28,9935.29,9967.37,10350.97,0.0,0.0
140.02,24.84,25.08,24.24,24.28,9932.98,9964.32,10348.44,0.0,0.0
140.13,24.84,25.09,24.23,24.29,9932.31,9959.45,10350.34,0.0,0.0
140.33,24.86,25.09,24.24,24.29,9927.36,9957.63,10347.17,0.0,0.0
140.36,24.89,25.1,24.24,24.29,9920.75,9955.8,10345.28,0.0,0.0
140.46,24.88,25.09,24.25,24.29,9924.05,9957.02,10344.01,0.0,0.0
140.53,24.87,25.11,24.25,24.29,9923.06,9949.11,10340.85,0.0,0.0
140.64,24.9,25.15,24.25,24.3,9918.76,9932.72,10342.12,0.0,0.0
140.73,24.9,25.16,24.26,24.3,9919.1,9929.08,10337.69,0.0,0.0
140.8,24.89,25.17,24.27,24.3,9918.43,9924.83,10334.53,0.0,0.0
140.96,24.89,25.18,24.26,24.3,9918.43,9920.59,10337.69,0.0,0.0
141.0,24.91,25.18,24.27,24.31,9917.11,9919.98,10333.9,0.0,0.0
141.16,24.92,25.18,24.27,24.31,9914.14,9918.77,10330.74,0.0,0.0
141.2,24.94,25.18,24.28,24.31,9912.49,9916.95,10329.48,0.0,0.0
141.32,24.95,25.21,24.28,24.31,9911.16,9906.05,10327.59,0.0,0.0
141.46,24.94,25.23,24.28,24.31,9910.5,9894.56,10329.48,0.0,0.0
141.6,24.97,25.25,24.28,24.32,9905.88,9886.7,10328.85,0.0,0.0
141.7,24.98,25.25,24.29,24.32,9903.24,9887.31,10325.06,0.0,0.0
141.76,24.98,25.26,24.28,24.32,9902.91,9880.66,10326.95,0.0,0.0
141.87,25.0,25.26,24.29,24.33,9901.25,9880.66,10323.17,0.0,0.0
141.99,25.01,25.27,24.29,24.33,9898.28,9880.06,10325.06,0.0,0.0
142.02,25.0,25.27,24.29,24.33,9897.62,9877.65,10323.8,0.0,0.0
142.15,25.0,25.32,24.29,24.33,9898.61,9857.15,10323.8,0.0,0.0
142.3,25.02,25.32,24.29,24.34,9895.97,9858.35,10324.43,0.0,0.0
142.34,25.02,25.34,24.28,24.34,9896.3,9849.32,10326.32,0.0,0.0
142.46,25.02,25.34,24.29,24.34,9895.64,9845.71,10322.54,0.0,0.0
142.65,25.02,25.35,24.29,24.34,9894.32,9841.5,10321.91,0.0,0.0
142.68,25.05,25.35,24.3,24.35,9890.36,9842.11,10320.65,0.0,0.0
142.76,25.04,25.35,24.3,24.35,9892.34,9842.11,10318.75,0.0,0.0
142.83,25.06,25.35,24.29,24.35,9888.7,9840.9,10321.28,0.0,0.0
142.93,25.06,25.38,24.3,24.36,9887.38,9831.89,10317.49,0.0,0.0
143.01,25.09,25.41,24.3,24.36,9884.74,9816.88,10318.12,0.0,0.0
143.11,25.1,25.42,24.3,24.36,9881.44,9810.89,10318.75,0.0,0.0
143.26,25.1,25.43,24.3,24.36,9878.79,9807.29,10318.12,0.0,0.0
143.33,25.1,25.43,24.31,24.37,9878.14,9808.49,10314.34,0.0,0.0
143.42,25.12,25.44,24.31,24.37,9877.14,9804.3,10313.71,0.0,0.0
143.5,25.12,25.44,24.31,24.37,9876.15,9803.7,10314.97,0.0,0.0
143.66,25.13,25.44,24.31,24.38,9875.82,9803.7,10314.34,0.0,0.0
143.71,25.12,25.45,24.31,24.38,9874.17,9800.7,10314.97,0.0,0.0
143.81,25.12,25.46,24.31,24.38,9873.84,9794.12,10314.34,0.0,0.0
143.9,25.14,25.5,24.31,24.39,9872.19,9776.18,10314.97,0.0,0.0
144.0,25.15,25.51,24.31,24.39,9870.54,9773.2,10315.6,0.0,0.0
144.11,25.16,25.51,24.31,24.39,9868.89,9771.41,10314.34,0.0,0.0
144.21,25.16,25.52,24.31,24.4,9867.9,9769.61,10314.97,0.0,0.0
144.33,25.18,25.52,24.31,24.4,9864.6,9766.63,10314.34,0.0,0.0
144.4,25.2,25.53,24.31,24.4,9860.64,9764.84,10313.71,0.0,0.0
144.52,25.2,25.53,24.31,24.41,9860.97,9765.44,10313.08,0.0,0.0
144.61,25.21,25.53,24.31,24.41,9858.99,9764.24,10314.97,0.0,0.0
144.71,25.22,25.56,24.31,24.41,9856.68,9749.94,10314.34,0.0,0.0
144.81,25.22,25.59,24.31,24.42,9856.68,9736.25,10314.97,0.0,0.0
144.91,25.22,25.59,24.31,24.42,9854.37,9735.65,10314.34,0.0,0.0
145.0,25.23,25.6,24.31,24.42,9854.7,9733.87,10313.71,0.0,0.0
145.1,25.24,25.61,24.31,24.43,9852.72,9730.3,10313.71,0.0,0.0
145.23,25.27,25.62,24.31,24.43,9849.08,9726.73,10313.08,0.0,0.0
145.31,25.25,25.61,24.32,24.43,9848.43,9727.33,10309.3,0.0,0.0
145.41,25.26,25.61,24.32,24.44,9847.76,9727.33,10307.41,0.0,0.0
145.5,25.29,25.62,24.33,24.44,9843.8,9726.73,10306.15,0.0,0.0
145.61,25.29,25.63,24.34,24.44,9841.5,9721.98,10299.85,0.0,0.0
145.76,25.3,25.65,24.35,24.45,9839.85,9711.29,10297.33,0.0,0.0
145.83,25.32,25.68,24.35,24.45,9838.86,9700.62,10295.45,0.0,0.0
145.94,25.32,25.68,24.37,24.46,9837.54,9697.06,10287.9,0.0,0.0
146.04,25.32,25.68,24.36,24.46,9834.24,9696.47,10289.15,0.0,0.0
146.1,25.32,25.7,24.37,24.46,9834.24,9689.95,10286.64,0.0,0.0
146.21,25.34,25.7,24.37,24.47,9833.58,9688.77,10286.64,0.0,0.0
146.31,25.35,25.7,24.38,24.47,9832.59,9688.18,10280.98,0.0,0.0
146.46,25.36,25.7,24.37,24.47,9829.95,9689.36,10284.12,0.0,0.0
146.51,25.37,25.71,24.38,24.48,9826.98,9685.22,10279.73,0.0,0.0
146.64,25.37,25.75,24.38,24.48,9827.31,9670.43,10280.98,0.0,0.0
146.7,25.39,25.76,24.38,24.49,9824.34,9662.76,10279.73,0.0,0.0
146.81,25.39,25.77,24.38,24.49,9822.03,9658.62,10280.35,0.0,0.0
146.96,25.41,25.78,24.39,24.49,9819.06,9654.49,10275.96,0.0,0.0
147.01,25.42,25.78,24.39,24.5,9816.42,9653.31,10276.59,0.0,0.0
147.12,25.42,25.79,24.39,24.5,9816.75,9650.36,10276.59,0.0,0.0
147.22,25.42,25.79,24.4,24.51,9815.43,9651.54,10274.07,0.0,0.0
147.31,25.45,25.79,24.4,24.51,9813.45,9651.54,10273.45,0.0,0.0
147.41,25.45,25.8,24.4,24.51,9812.47,9647.42,10274.7,0.0,0.0
147.51,25.43,25.84,24.4,24.52,9813.13,9630.34,10273.45,0.0,0.0
147.62,25.46,25.86,24.4,24.52,9810.82,9622.69,10273.45,0.0,0.0
147.72,25.46,25.86,24.4,24.53,9810.49,9620.93,10272.82,0.0,0.0
147.81,25.47,25.86,24.4,24.53,9807.85,9619.75,10274.7,0.0,0.0
147.92,25.48,25.87,24.4,24.53,9805.21,9615.63,10273.45,0.0,0.0
148.01,25.48,25.88,24.4,24.54,9804.88,9613.87,10270.93,0.0,0.0
148.1,25.5,25.88,24.42,24.54,9801.58,9612.11,10265.29,0.0,0.0
148.22,25.52,25.88,24.42,24.55,9798.95,9612.11,10262.15,0.0,0.0
148.31,25.53,25.91,24.45,24.55,9796.64,9598.61,10247.11,0.0,0.0
148.45,25.53,25.95,24.46,24.55,9795.65,9583.37,10243.35,0.0,0.0
148.56,25.56,25.95,24.46,24.56,9791.36,9583.96,10246.48,0.0,0.0
148.62,25.53,25.95,24.46,24.56,9793.34,9581.61,10245.86,0.0,0.0
148.72,25.56,25.95,24.47,24.57,9792.02,9582.2,10242.1,0.0,0.0
148.81,25.56,25.96,24.47,24.57,9791.03,9576.93,10240.85,0.0,0.0
148.91,25.56,25.97,24.48,24.58,9791.36,9575.76,10237.09,0.0,0.0
149.01,25.58,25.96,24.47,24.58,9787.74,9576.35,10239.6,0.0,0.0
149.13,25.56,25.97,24.48,24.58,9788.73,9575.76,10235.22,0.0,0.0
149.21,25.58,25.97,24.48,24.59,9785.1,9575.18,10237.72,0.0,0.0
149.31,25.6,25.98,24.48,24.59,9784.11,9571.08,10234.59,0.0,0.0
149.43,25.6,26.02,24.48,24.6,9783.12,9553.55,10234.59,0.0,0.0
149.51,25.6,26.03,24.48,24.6,9781.14,9548.88,10235.22,0.0,0.0
149.61,25.63,26.04,24.48,24.61,9778.84,9545.38,10233.97,0.0,0.0
149.75,25.63,26.05,24.48,24.61,9777.19,9541.3,10233.34,0.0,0.0
149.82,25.64,26.05,24.48,24.62,9775.21,9540.71,10233.34,0.0,0.0
149.94,25.64,26.05,24.48,24.62,9772.91,9538.96,10234.59,0.0,0.0
150.02,25.66,26.05,24.48,24.62,9771.26,9538.96,10233.34,0.0,0.0
150.11,25.66,26.05,24.48,24.63,9771.59,9537.8,10233.97,0.0,0.0
150.26,25.66,26.06,24.48,24.63,9770.27,9534.3,10233.97,0.0,0.0
150.32,25.67,26.1,24.49,24.64,9769.28,9519.16,10232.09,0.0,0.0
150.41,25.67,26.12,24.5,24.64,9769.94,9511.6,10225.21,0.0,0.0
150.53,25.71,26.13,24.52,24.65,9764.01,9507.53,10215.22,0.0,0.0
150.65,25.69,26.13,24.54,24.65,9765.99,9507.53,10207.11,0.0,0.0
150.74,25.7,26.13,24.54,24.66,9762.69,9504.05,10205.86,0.0,0.0
150.81,25.73,26.14,24.55,24.66,9760.05,9501.72,10204.62,0.0,0.0
150.91,25.73,26.14,24.55,24.66,9760.05,9501.72,10202.75,0.0,0.0
151.01,25.75,26.14,24.55,24.67,9754.78,9501.14,10201.5,0.0,0.0
151.12,25.75,26.14,24.55,24.67,9754.12,9500.56,10203.37,0.0,0.0
151.21,25.75,26.14,24.56,24.68,9753.14,9499.4,10199.0,0.0,0.0
151.35,25.79,26.19,24.57,24.68,9749.84,9480.84,10195.89,0.0,0.0
151.44,25.77,26.21,24.57,24.69,9750.83,9473.31,10195.27,0.0,0.0
151.52,25.78,26.21,24.57,24.69,9750.5,9469.84,10194.02,0.0,0.0
151.62,25.8,26.22,24.57,24.7,9747.54,9469.26,10194.64,0.0,0.0
151.75,25.78,26.22,24.57,24.7,9749.51,9466.94,10193.4,0.0,0.0
151.82,25.79,26.23,24.57,24.71,9748.52,9465.21,10193.4,0.0,0.0
151.92,25.81,26.23,24.58,24.71,9744.57,9464.63,10190.28,0.0,0.0
152.03,25.82,26.23,24.58,24.72,9742.92,9464.05,10187.79,0.0,0.0
152.18,25.83,26.23,24.6,24.72,9741.28,9464.05,10182.19,0.0,0.0
152.29,25.83,26.23,24.61,24.73,9739.3,9462.31,10174.73,0.0,0.0
152.36,25.85,26.27,24.63,24.73,9737.98,9446.13,10167.27,0.0,0.0
152.42,25.83,26.28,24.64,24.74,9739.3,9440.36,10163.54,0.0,0.0
152.55,25.87,26.29,24.64,24.74,9734.36,9436.9,10162.92,0.0,0.0
152.65,25.87,26.3,24.63,24.75,9732.06,9432.86,10165.41,0.0,0.0
152.75,25.87,26.3,24.64,24.75,9731.73,9432.86,10163.54,0.0,0.0
152.82,25.89,26.31,24.64,24.76,9731.4,9428.82,10160.44,0.0,0.0
152.92,25.89,26.31,24.65,24.76,9729.42,9427.67,10156.09,0.0,0.0
153.03,25.89,26.32,24.65,24.77,9728.76,9427.1,10156.09,0.0,0.0
153.14,25.89,26.32,24.66,24.77,9728.43,9426.52,10154.23,0.0,0.0
153.24,25.91,26.32,24.66,24.77,9725.8,9427.1,10154.85,0.0,0.0
153.33,25.91,26.32,24.66,24.78,9724.48,9425.94,10154.85,0.0,0.0
153.42,25.93,26.34,24.66,24.78,9722.51,9415.0,10154.23,0.0,0.0
153.53,25.95,26.36,24.66,24.79,9720.2,9406.95,10154.23,0.0,0.0
153.66,25.94,26.38,24.66,24.79,9720.86,9399.47,10154.23,0.0,0.0
153.72,25.96,26.38,24.66,24.8,9717.57,9399.47,10153.61,0.0,0.0
153.82,25.97,26.39,24.66,24.8,9715.26,9394.3,10151.75,0.0,0.0
153.92,25.97,26.4,24.67,24.81,9712.96,9393.15,10146.79,0.0,0.0
154.02,25.99,26.4,24.7,24.81,9711.64,9390.28,10136.25,0.0,0.0
154.18,26.0,26.4,24.71,24.82,9709.01,9390.86,10130.68,0.0,0.0
154.22,26.0,26.4,24.71,24.82,9709.01,9390.28,10130.06,0.0,0.0
154.31,26.02,26.41,24.72,24.83,9707.04,9389.13,10126.35,0.0,0.0
154.47,26.0,26.41,24.73,24.83,9708.02,9386.27,10122.64,0.0,0.0
154.6,26.02,26.46,24.73,24.84,9707.04,9368.49,10122.64,0.0,0.0
154.66,26.03,26.47,24.73,24.84,9705.39,9363.34,10118.93,0.0,0.0
154.73,26.03,26.48,24.74,24.85,9705.39,9359.9,10117.69,0.0,0.0
154.82,26.03,26.48,24.75,24.85,9704.73,9358.19,10113.36,0.0,0.0
154.93,26.05,26.49,24.74,24.86,9699.79,9355.9,10115.22,0.0,0.0
155.02,26.04,26.49,24.75,24.87,9700.12,9354.18,10113.36,0.0,0.0
155.14,26.07,26.49,24.75,24.87,9697.16,9353.61,10113.98,0.0,0.0
155.23,26.09,26.49,24.74,24.88,9694.53,9354.18,10114.6,0.0,0.0
155.32,26.07,26.49,24.74,24.88,9695.19,9352.47,10115.22,0.0,0.0
155.43,26.11,26.5,24.75,24.89,9690.25,9351.32,10112.13,0.0,0.0
155.52,26.11,26.53,24.75,24.89,9689.26,9338.75,10109.66,0.0,0.0
155.67,26.12,26.55,24.79,24.9,9688.6,9329.05,10092.37,0.0,0.0
155.71,26.12,26.56,24.8,24.9,9688.6,9326.2,10088.06,0.0,0.0
155.83,26.14,26.57,24.81,24.91,9686.96,9322.78,10086.83,0.0,0.0
155.91,26.13,26.57,24.8,24.91,9685.64,9322.21,10089.29,0.0,0.0
156.03,26.13,26.58,24.81,24.92,9684.0,9318.22,10083.75,0.0,0.0
156.13,26.12,26.58,24.8,24.92,9685.32,9317.65,10087.44,0.0,0.0
156.23,26.15,26.58,24.82,24.93,9683.34,9316.51,10080.05,0.0,0.0
156.31,26.15,26.58,24.82,24.93,9682.35,9316.51,10078.82,0.0,0.0
156.42,26.17,26.61,24.83,24.94,9680.38,9305.12,10076.97,0.0,0.0
156.57,26.17,26.63,24.83,24.94,9678.73,9294.88,10076.97,0.0,0.0
156.62,26.18,26.64,24.83,24.95,9678.08,9292.04,10075.12,0.0,0.0
156.73,26.19,26.65,24.83,24.95,9677.09,9288.06,10075.74,0.0,0.0
156.83,26.18,26.65,24.83,24.96,9675.78,9287.5,10074.51,0.0,0.0
156.92,26.21,26.66,24.83,24.96,9671.17,9282.95,10075.74,0.0,0.0
157.01,26.2,26.66,24.83,24.97,9673.14,9282.39,10074.51,0.0,0.0
157.14,26.23,26.66,24.83,24.97,9667.55,9281.82,10075.12,0.0,0.0
157.22,26.23,26.67,24.84,24.98,9669.53,9281.25,10072.05,0.0,0.0
157.31,26.22,26.67,24.85,24.98,9668.21,9280.68,10067.74,0.0,0.0
157.42,26.24,26.67,24.86,24.99,9666.89,9281.25,10060.36,0.0,0.0
157.51,26.25,26.67,24.89,25.0,9666.24,9278.41,10046.85,0.0,0.0
157.66,26.25,26.68,24.89,25.0,9666.24,9273.87,10046.85,0.0,0.0
157.73,26.23,26.72,24.89,25.01,9665.25,9259.7,10049.3,0.0,0.0
157.83,26.26,26.73,24.9,25.01,9662.62,9252.91,10043.78,0.0,0.0
157.91,26.26,26.73,24.9,25.02,9664.59,9254.04,10042.55,0.0,0.0
158.03,26.27,26.74,24.91,25.02,9663.28,9250.65,10040.71,0.0,0.0
158.14,26.27,26.74,24.91,25.03,9661.63,9248.95,10038.87,0.0,0.0
158.22,26.27,26.75,24.92,25.03,9660.97,9247.25,10036.42,0.0,0.0
158.31,26.27,26.75,24.92,25.04,9659.0,9245.56,10035.19,0.0,0.0
158.44,26.29,26.75,24.92,25.04,9657.03,9244.99,10034.58,0.0,0.0
158.54,26.3,26.75,24.92,25.05,9655.05,9244.99,10034.58,0.0,0.0
158.62,26.31,26.76,24.92,25.05,9652.75,9243.29,10035.8,0.0,0.0
158.74,26.3,26.77,24.92,25.06,9654.73,9237.64,10034.58,0.0,0.0
158.82,26.33,26.8,24.94,25.07,9648.81,9224.09,10027.84,0.0,0.0
158.93,26.33,26.82,24.96,25.07,9648.15,9217.32,10017.43,0.0,0.0
159.02,26.36,26.83,24.97,25.08,9645.85,9214.5,10011.31,0.0,0.0
159.12,26.36,26.83,24.98,25.08,9645.85,9212.25,10005.8,0.0,0.0
159.26,26.35,26.84,24.98,25.09,9646.18,9211.12,10006.42,0.0,0.0
159.32,26.37,26.84,24.99,25.09,9644.2,9208.87,10004.58,0.0,0.0
159.42,26.37,26.84,25.0,25.1,9643.22,9208.87,10000.91,0.0,0.0
159.52,26.38,26.84,25.0,25.1,9641.9,9208.87,10000.3,0.0,0.0
159.63,26.37,26.84,25.0,25.11,9643.55,9207.74,9997.86,0.0,0.0
159.73,26.38,26.85,25.01,25.11,9639.93,9206.05,9996.03,0.0,0.0
159.85,26.4,26.87,25.01,25.12,9640.59,9198.17,9996.64,0.0,0.0
159.92,26.4,26.9,25.01,25.13,9637.96,9183.55,9996.64,0.0,0.0
160.03,26.41,26.91,25.0,25.13,9635.65,9181.87,9997.25,0.0,0.0
160.13,26.41,26.91,25.01,25.14,9635.0,9179.06,9996.03,0.0,0.0
160.23,26.45,26.92,25.01,25.14,9630.4,9178.5,9995.42,0.0,0.0
160.32,26.45,26.93,25.03,25.15,9630.07,9172.88,9987.48,0.0,0.0
160.44,26.45,26.93,25.05,25.15,9628.75,9172.88,9975.29,0.0,0.0
160.52,26.46,26.93,25.06,25.16,9626.78,9172.32,9972.24,0.0,0.0
160.63,26.47,26.93,25.08,25.16,9627.11,9171.76,9963.71,0.0,0.0
160.73,26.46,26.93,25.08,25.17,9626.78,9171.76,9964.32,0.0,0.0
160.82,26.47,26.97,25.08,25.18,9625.14,9154.94,9962.5,0.0,0.0
160.92,26.48,26.99,25.08,25.18,9623.5,9146.54,9961.89,0.0,0.0
161.03,26.49,27.0,25.09,25.19,9621.85,9145.98,9958.24,0.0,0.0
161.14,26.5,27.0,25.09,25.19,9621.52,9143.18,9957.63,0.0,0.0
161.25,26.49,27.01,25.09,25.2,9620.86,9138.71,9958.24,0.0,0.0
161.33,26.49,27.02,25.09,25.2,9620.86,9137.59,9957.63,0.0,0.0
161.42,26.52,27.02,25.09,25.21,9618.57,9137.03,9957.63,0.0,0.0
161.52,26.52,27.02,25.1,25.22,9615.61,9137.03,9955.8,0.0,0.0
161.63,26.53,27.02,25.12,25.22,9616.27,9137.03,9944.86,0.0,0.0
161.79,26.53,27.02,25.14,25.23,9613.31,9135.35,9934.54,0.0,0.0
161.89,26.53,27.03,25.14,25.23,9613.31,9132.56,9935.75,0.0,0.0
162.02,26.56,27.06,25.16,25.24,9609.36,9118.6,9928.47,0.0,0.0
162.06,26.56,27.08,25.16,25.24,9607.72,9111.9,9928.47,0.0,0.0
162.16,26.57,27.09,25.17,25.25,9607.06,9108.0,9923.01,0.0,0.0
162.32,26.58,27.09,25.17,25.26,9605.42,9106.33,9924.22,0.0,0.0
162.35,26.58,27.1,25.18,25.26,9603.78,9104.66,9919.98,0.0,0.0
162.47,26.58,27.1,25.18,25.27,9603.78,9102.43,9918.77,0.0,0.0
162.54,26.61,27.11,25.18,25.27,9602.14,9101.31,9919.37,0.0,0.0
162.62,26.61,27.11,25.18,25.28,9602.14,9100.2,9919.37,0.0,0.0
162.72,26.61,27.11,25.18,25.28,9600.82,9100.2,9918.16,0.0,0.0
162.88,26.62,27.11,25.18,25.29,9601.15,9100.2,9916.34,0.0,0.0
163.0,26.61,27.14,25.2,25.3,9600.49,9089.62,9910.29,0.0,0.0
163.1,26.63,27.16,25.23,25.3,9599.51,9081.28,9896.98,0.0,0.0
163.21,26.64,27.17,25.24,25.31,9595.57,9075.17,9892.74,0.0,0.0
163.29,26.64,27.18,25.25,25.31,9595.57,9072.95,9889.12,0.0,0.0
163.35,26.66,27.18,25.25,25.32,9592.61,9071.28,9889.12,0.0,0.0
163.47,26.66,27.19,25.26,25.32,9591.62,9066.29,9881.87,0.0,0.0
163.54,26.69,27.19,25.26,25.33,9588.67,9065.73,9882.47,0.0,0.0
163.63,26.7,27.19,25.26,25.34,9584.73,9065.73,9881.27,0.0,0.0
163.73,26.7,27.2,25.26,25.34,9587.03,9065.17,9880.66,0.0,0.0
163.86,26.71,27.2,25.26,25.35,9583.74,9064.62,9880.66,0.0,0.0
163.93,26.71,27.2,25.26,25.35,9583.41,9061.85,9880.66,0.0,0.0
164.04,26.72,27.25,25.27,25.36,9582.43,9044.11,9879.46,0.0,0.0
164.15,26.73,27.25,25.27,25.36,9581.77,9042.45,9877.04,0.0,0.0
164.23,26.74,27.26,25.29,25.37,9581.12,9039.13,9869.8,0.0,0.0
164.32,26.75,27.27,25.31,25.38,9579.15,9033.6,9860.76,0.0,0.0
164.44,26.75,27.28,25.33,25.38,9579.15,9033.04,9853.54,0.0,0.0
164.55,26.75,27.28,25.33,25.39,9578.82,9031.39,9851.73,0.0,0.0
164.64,26.75,27.28,25.33,25.39,9576.85,9030.28,9851.73,0.0,0.0
164.73,26.76,27.28,25.34,25.4,9575.86,9029.73,9846.32,0.0,0.0
164.87,26.78,27.29,25.35,25.41,9573.89,9028.62,9843.31,0.0,0.0
164.95,26.78,27.3,25.35,25.41,9571.59,9021.99,9842.11,0.0,0.0
165.04,26.81,27.32,25.35,25.42,9568.64,9013.71,9842.11,0.0,0.0
165.12,26.81,27.34,25.35,25.42,9566.34,9006.54,9842.11,0.0,0.0
165.22,26.81,27.36,25.35,25.43,9568.31,9001.02,9840.9,0.0,0.0
165.37,26.81,27.36,25.36,25.44,9566.34,9001.02,9840.3,0.0,0.0
165.43,26.82,27.36,25.37,25.44,9565.36,8998.82,9834.89,0.0,0.0
165.53,26.82,27.37,25.38,25.45,9564.04,8995.51,9830.09,0.0,0.0
165.65,26.83,27.37,25.41,25.45,9563.06,8994.41,9816.28,0.0,0.0
165.75,26.83,27.37,25.41,25.46,9562.07,8994.96,9815.08,0.0,0.0
165.82,26.86,27.37,25.41,25.47,9560.76,8994.96,9817.48,0.0,0.0
165.93,26.87,27.38,25.42,25.47,9559.78,8993.31,9810.89,0.0,0.0
166.04,26.88,27.4,25.44,25.48,9558.79,8985.05,9804.3,0.0,0.0
166.14,26.86,27.43,25.44,25.48,9559.12,8971.31,9805.49,0.0,0.0
166.22,26.89,27.43,25.44,25.49,9555.18,8971.31,9802.5,0.0,0.0
166.33,26.89,27.44,25.44,25.5,9555.18,8968.01,9803.7,0.0,0.0
166.42,26.9,27.45,25.44,25.5,9550.91,8961.97,9802.5,0.0,0.0
166.53,26.88,27.45,25.44,25.51,9555.51,8963.07,9801.9,0.0,0.0
166.63,26.91,27.46,25.44,25.51,9551.24,8959.78,9803.1,0.0,0.0
166.74,26.91,27.46,25.45,25.52,9549.27,8959.78,9799.5,0.0,0.0
166.83,26.93,27.46,25.46,25.53,9547.63,8959.23,9796.51,0.0,0.0
166.93,26.95,27.46,25.5,25.53,9543.69,8959.23,9777.38,0.0,0.0
167.03,26.95,27.47,25.5,25.54,9544.02,8955.94,9777.38,0.0,0.0
167.12,26.97,27.49,25.5,25.54,9541.72,8948.81,9774.99,0.0,0.0
167.22,26.95,27.52,25.51,25.55,9542.38,8936.21,9773.2,0.0,0.0
167.35,26.96,27.53,25.51,25.56,9541.4,8932.38,9771.41,0.0,0.0
167.43,26.97,27.54,25.53,25.56,9540.41,8928.0,9766.03,0.0,0.0
167.53,26.99,27.54,25.52,25.57,9538.11,8929.64,9766.63,0.0,0.0
167.63,26.99,27.54,25.53,25.57,9539.1,8926.91,9765.44,0.0,0.0
167.74,26.98,27.55,25.53,25.58,9537.79,8924.72,9764.84,0.0,0.0
167.84,27.01,27.55,25.53,25.59,9534.5,8924.72,9764.84,0.0,0.0
167.96,27.01,27.55,25.53,25.59,9534.18,8924.17,9763.65,0.0,0.0
168.03,27.02,27.55,25.54,25.6,9533.52,8923.63,9760.07,0.0,0.0
168.16,27.02,27.55,25.56,25.6,9533.52,8923.63,9752.32,0.0,0.0
168.25,27.02,27.57,25.58,25.61,9530.9,8915.43,9742.79,0.0,0.0
168.33,27.05,27.59,25.59,25.62,9525.97,8906.7,9736.25,0.0,0.0
168.43,27.04,27.61,25.59,25.62,9527.62,8901.24,9738.03,0.0,0.0
168.53,27.05,27.61,25.6,25.63,9526.3,8899.61,9733.87,0.0,0.0
168.64,27.07,27.62,25.6,25.63,9524.01,8896.88,9733.27,0.0,0.0
168.74,27.08,27.64,25.61,25.64,9521.38,8890.34,9727.92,0.0,0.0
168.84,27.1,27.63,25.61,25.65,9521.06,8890.88,9727.92,0.0,0.0
168.93,27.09,27.64,25.61,25.65,9519.74,8889.8,9727.33,0.0,0.0
169.06,27.09,27.64,25.61,25.66,9519.74,8889.8,9727.33,0.0,0.0
169.16,27.11,27.64,25.62,25.67,9517.77,8889.25,9726.73,0.0,0.0
169.26,27.1,27.64,25.62,25.67,9518.43,8888.16,9726.73,0.0,0.0
169.35,27.11,27.65,25.62,25.68,9516.46,8882.72,9725.54,0.0,0.0
169.45,27.11,27.68,25.63,25.68,9515.81,8871.29,9719.6,0.0,0.0
169.53,27.11,27.7,25.65,25.69,9515.81,8864.23,9713.67,0.0,0.0
169.65,27.12,27.71,25.67,25.7,9515.48,8860.43,9703.58,0.0,0.0
169.73,27.13,27.72,25.67,25.7,9512.86,8858.8,9701.21,0.0,0.0
169.86,27.13,27.71,25.69,25.71,9512.2,8859.34,9695.28,0.0,0.0
169.97,27.14,27.72,25.68,25.71,9511.87,8855.54,9696.47,0.0,0.0
170.03,27.15,27.73,25.69,25.72,9510.23,8855.0,9694.1,0.0,0.0
170.13,27.17,27.73,25.7,25.73,9505.97,8855.0,9691.73,0.0,0.0
170.24,27.18,27.73,25.7,25.73,9504.98,8854.46,9688.18,0.0,0.0
170.33,27.2,27.73,25.7,25.74,9501.38,8854.46,9688.77,0.0,0.0
170.43,27.2,27.74,25.7,25.75,9501.05,8849.03,9688.18,0.0,0.0
170.53,27.21,27.77,25.7,25.75,9502.03,8838.19,9689.36,0.0,0.0
170.64,27.22,27.78,25.71,25.76,9499.74,8831.69,9686.99,0.0,0.0
170.75,27.22,27.79,25.71,25.76,9499.08,8828.45,9685.22,0.0,0.0
170.86,27.23,27.8,25.73,25.77,9499.41,8826.28,9675.16,0.0,0.0
171.01,27.23,27.81,25.75,25.78,9496.79,8823.04,9666.89,0.0,0.0
171.14,27.23,27.81,25.75,25.78,9498.43,8820.33,9666.3,0.0,0.0
171.24,27.23,27.81,25.77,25.79,9496.46,8820.33,9659.8,0.0,0.0
171.26,27.24,27.82,25.78,25.8,9495.8,8819.79,9655.08,0.0,0.0
171.38,27.24,27.82,25.78,25.8,9494.82,8819.25,9653.9,0.0,0.0
171.45,27.24,27.82,25.79,25.81,9494.16,8818.17,9652.13,0.0,0.0
171.6,27.27,27.83,25.79,25.81,9491.54,8813.85,9651.54,0.0,0.0
171.69,27.28,27.85,25.79,25.82,9489.9,8806.29,9651.54,0.0,0.0
171.78,27.27,27.88,25.79,25.83,9490.23,8795.5,9650.95,0.0,0.0
171.88,27.3,27.88,25.79,25.83,9487.28,8795.5,9650.36,0.0,0.0
171.96,27.31,27.89,25.79,25.84,9484.66,8790.64,9649.78,0.0,0.0
172.04,27.31,27.88,25.81,25.85,9484.0,8793.34,9643.29,0.0,0.0
172.16,27.32,27.9,25.83,25.85,9483.67,8786.33,9633.28,0.0,0.0
172.24,27.33,27.9,25.84,25.86,9480.07,8785.79,9627.98,0.0,0.0
172.33,27.35,27.9,25.86,25.86,9479.08,8785.25,9620.34,0.0,0.0
172.46,27.34,27.9,25.86,25.87,9479.41,8785.25,9622.69,0.0,0.0
172.58,27.34,27.9,25.87,25.88,9479.41,8785.25,9617.4,0.0,0.0
172.65,27.34,27.91,25.87,25.88,9478.1,8784.72,9616.81,0.0,0.0
172.73,27.37,27.93,25.87,25.89,9476.13,8773.41,9614.46,0.0,0.0
172.85,27.37,27.95,25.88,25.89,9474.82,8766.96,9613.29,0.0,0.0
172.93,27.37,27.97,25.88,25.9,9477.12,8759.97,9612.7,0.0,0.0
173.04,27.37,27.97,25.88,25.91,9475.48,8758.36,9612.11,0.0,0.0
173.13,27.37,27.97,25.88,25.91,9475.15,8757.82,9611.52,0.0,0.0
173.23,27.38,27.99,25.9,25.92,9473.84,8753.53,9601.54,0.0,0.0
173.34,27.39,27.99,25.93,25.93,9472.2,8751.38,9590.4,0.0,0.0
173.43,27.39,27.99,25.94,25.93,9470.89,8751.38,9585.13,0.0,0.0
173.56,27.42,27.99,25.94,25.94,9467.94,8750.84,9586.89,0.0,0.0
173.67,27.41,28.0,25.94,25.95,9469.25,8749.77,9585.13,0.0,0.0
173.75,27.43,28.01,25.95,25.95,9464.99,8743.87,9582.2,0.0,0.0
173.83,27.41,28.03,25.96,25.96,9467.29,8736.9,9578.69,0.0,0.0
173.94,27.45,28.05,25.97,25.96,9460.73,8728.33,9575.76,0.0,0.0
174.05,27.45,28.06,25.96,25.97,9460.41,8724.58,9576.35,0.0,0.0
174.19,27.46,28.06,25.97,25.98,9459.09,8726.19,9575.76,0.0,0.0
174.26,27.48,28.07,25.97,25.98,9456.47,8721.91,9575.76,0.0,0.0
174.37,27.48,28.08,25.97,25.99,9456.47,8718.7,9574.59,0.0,0.0
174.45,27.48,28.08,25.97,26.0,9456.47,8717.1,9575.76,0.0,0.0
174.56,27.5,28.08,25.97,26.0,9455.49,8717.1,9571.67,0.0,0.0
174.64,27.5,28.08,26.0,26.01,9454.51,8717.1,9562.9,0.0,0.0
174.73,27.47,28.08,26.02,26.01,9455.82,8717.1,9551.21,0.0,0.0
174.86,27.47,28.08,26.03,26.02,9455.82,8717.1,9547.71,0.0,0.0
174.95,27.5,28.08,26.04,26.03,9454.84,8717.1,9545.38,0.0,0.0
175.08,27.5,28.08,26.04,26.03,9453.85,8715.49,9543.04,0.0,0.0
175.14,27.52,28.1,26.05,26.04,9449.92,8710.15,9541.3,0.0,0.0
175.23,27.51,28.12,26.05,26.05,9450.9,8701.07,9540.71,0.0,0.0
175.33,27.55,28.14,26.05,26.05,9445.66,8692.53,9538.38,0.0,0.0
175.43,27.54,28.14,26.05,26.06,9445.34,8695.2,9537.8,0.0,0.0
175.53,27.53,28.16,26.05,26.07,9448.94,8688.26,9537.8,0.0,0.0
175.63,27.54,28.16,26.05,26.07,9447.3,8686.67,9538.38,0.0,0.0
175.74,27.57,28.17,26.05,26.08,9444.03,8684.53,9538.38,0.0,0.0
175.83,27.58,28.17,26.06,26.08,9442.71,8682.94,9534.3,0.0,0.0
175.94,27.57,28.17,26.08,26.09,9440.1,8682.94,9525.56,0.0,0.0
176.06,27.57,28.17,26.11,26.1,9440.1,8681.34,9513.93,0.0,0.0
176.16,27.61,28.17,26.11,26.1,9437.15,8682.94,9513.93,0.0,0.0
176.24,27.61,28.17,26.11,26.11,9435.18,8680.8,9512.76,0.0,0.0
176.33,27.61,28.18,26.13,26.12,9437.8,8678.67,9507.53,0.0,0.0
176.46,27.61,28.22,26.13,26.12,9436.49,8663.24,9506.37,0.0,0.0
176.54,27.61,28.23,26.14,26.13,9435.18,8659.52,9502.89,0.0,0.0
176.64,27.63,28.24,26.14,26.13,9433.87,8657.4,9502.3,0.0,0.0
176.74,27.64,28.23,26.14,26.14,9432.23,8658.46,9501.14,0.0,0.0
176.83,27.63,28.25,26.14,26.15,9432.56,8652.62,9501.14,0.0,0.0
176.98,27.64,28.26,26.14,26.15,9433.22,8649.43,9501.72,0.0,0.0
177.04,27.65,28.26,26.14,26.16,9431.58,8648.9,9500.56,0.0,0.0
177.19,27.64,28.26,26.14,26.17,9431.25,8648.9,9500.56,0.0,0.0
177.24,27.65,28.26,26.16,26.17,9430.6,8648.37,9491.86,0.0,0.0
177.33,27.66,28.26,26.18,26.18,9427.98,8648.37,9484.9,0.0,0.0
177.43,27.67,28.26,26.2,26.18,9427.65,8648.37,9477.94,0.0,0.0
177.54,27.68,28.28,26.19,26.19,9425.03,8642.53,9478.52,0.0,0.0
177.66,27.7,28.29,26.2,26.2,9422.74,8635.64,9475.63,0.0,0.0
177.74,27.69,28.32,26.22,26.2,9423.72,8627.16,9469.26,0.0,0.0
177.85,27.68,28.33,26.22,26.21,9423.07,8620.28,9468.1,0.0,0.0
177.93,27.71,28.33,26.22,26.22,9421.1,8620.28,9468.1,0.0,0.0
178.03,27.72,28.34,26.23,26.22,9419.46,8619.22,9464.63,0.0,0.0
178.15,27.72,28.34,26.23,26.23,9419.46,8616.05,9463.47,0.0,0.0
178.26,27.72,28.35,26.23,26.24,9418.48,8614.46,9464.05,0.0,0.0
178.34,27.74,28.35,26.23,26.24,9415.86,8614.46,9464.63,0.0,0.0
178.45,27.75,28.35,26.23,26.25,9413.57,8614.99,9462.89,0.0,0.0
178.54,27.74,28.35,26.23,26.25,9415.86,8614.99,9461.16,0.0,0.0
178.68,27.75,28.35,26.26,26.26,9413.57,8612.35,9452.49,0.0,0.0
178.77,27.75,28.37,26.29,26.27,9413.9,8606.53,9439.2,0.0,0.0
178.84,27.75,28.4,26.29,26.27,9413.57,8595.44,9438.05,0.0,0.0
178.93,27.77,28.41,26.29,26.28,9412.92,8590.17,9436.9,0.0,0.0
179.05,27.79,28.42,26.3,26.29,9409.97,8587.53,9432.86,0.0,0.0
179.17,27.77,28.42,26.31,26.29,9412.26,8585.95,9430.55,0.0,0.0
179.28,27.8,28.43,26.31,26.3,9406.04,8583.84,9428.25,0.0,0.0
179.37,27.84,28.43,26.32,26.31,9402.77,8583.84,9427.1,0.0,0.0
179.47,27.8,28.44,26.32,26.31,9406.7,8581.2,9427.1,0.0,0.0
179.53,27.82,28.44,26.31,26.32,9403.75,8581.2,9427.67,0.0,0.0
179.65,27.82,28.44,26.32,26.32,9402.11,8580.68,9427.1,0.0,0.0
179.78,27.85,28.44,26.32,26.33,9399.17,8580.68,9427.1,0.0,0.0
179.84,27.85,28.44,26.33,26.34,9399.82,8581.2,9423.06,0.0,0.0
179.94,27.85,28.44,26.34,26.34,9400.48,8580.15,9415.0,0.0,0.0
180.03,27.86,28.44,26.37,26.35,9397.21,8578.57,9405.22,0.0,0.0
180.18,27.88,28.48,26.38,26.36,9395.9,8565.41,9398.32,0.0,0.0
180.27,27.88,28.5,26.38,26.36,9395.9,8558.57,9400.05,0.0,0.0
180.33,27.88,28.5,26.39,26.37,9394.26,8557.0,9396.03,0.0,0.0
180.44,27.89,28.5,26.39,26.37,9393.28,8555.95,9394.3,0.0,0.0
180.54,27.88,28.51,26.4,26.38,9392.95,8552.79,9390.86,0.0,0.0
180.66,27.89,28.52,26.4,26.39,9393.93,8548.59,9390.86,0.0,0.0
180.78,27.89,28.52,26.4,26.39,9392.3,8548.07,9389.71,0.0,0.0
180.83,27.89,28.53,26.4,26.4,9390.66,8547.54,9390.28,0.0,0.0
180.94,27.91,28.53,26.41,26.41,9390.99,8547.02,9389.13,0.0,0.0
181.05,27.89,28.53,26.41,26.41,9391.64,8545.97,9389.13,0.0,0.0
181.15,27.93,28.53,26.41,26.42,9387.06,8547.02,9387.99,0.0,0.0
181.28,27.92,28.53,26.44,26.43,9388.37,8546.49,9375.37,0.0,0.0
181.35,27.93,28.55,26.45,26.43,9386.73,8538.62,9372.5,0.0,0.0
181.44,27.91,28.57,26.47,26.44,9388.04,8530.75,9363.91,0.0,0.0
181.54,27.93,28.58,26.47,26.44,9386.08,8525.52,9362.77,0.0,0.0
181.65,27.95,28.59,26.47,26.45,9383.46,8523.95,9360.48,0.0,0.0
181.75,27.94,28.6,26.48,26.46,9384.12,8518.19,9358.76,0.0,0.0
181.85,27.95,28.61,26.49,26.46,9381.17,8516.62,9355.33,0.0,0.0
181.94,27.97,28.61,26.49,26.47,9379.54,8516.09,9353.04,0.0,0.0
182.04,27.97,28.61,26.49,26.48,9379.86,8515.05,9354.18,0.0,0.0
182.15,27.97,28.62,26.49,26.48,9379.86,8514.0,9353.61,0.0,0.0
182.29,27.96,28.62,26.49,26.49,9379.21,8514.0,9352.47,0.0,0.0
182.33,27.97,28.62,26.49,26.49,9379.86,8513.48,9353.04,0.0,0.0
182.46,28.0,28.62,26.49,26.5,9374.96,8513.48,9353.04,0.0,0.0
182.54,28.0,28.63,26.53,26.51,9374.3,8509.29,9338.75,0.0,0.0
182.65,28.0,28.65,26.53,26.51,9374.3,8502.5,9336.47,0.0,0.0
182.73,28.02,28.68,26.55,26.52,9372.99,8491.53,9330.76,0.0,0.0
182.91,28.02,28.68,26.55,26.53,9372.01,8491.53,9327.91,0.0,0.0
182.98,28.02,28.69,26.57,26.53,9371.68,8486.32,9321.64,0.0,0.0
183.05,28.01,28.69,26.56,26.54,9372.34,8487.36,9323.35,0.0,0.0
183.14,28.02,28.7,26.58,26.55,9372.01,8481.62,9318.22,0.0,0.0
183.27,28.04,28.7,26.58,26.55,9369.72,8481.1,9316.51,0.0,0.0
183.33,28.04,28.7,26.58,26.56,9369.72,8480.58,9317.65,0.0,0.0
183.44,28.05,28.7,26.58,26.56,9367.11,8480.58,9317.65,0.0,0.0
183.56,28.07,28.7,26.58,26.57,9364.16,8480.58,9316.51,0.0,0.0
183.65,28.08,28.71,26.59,26.58,9365.47,8479.54,9314.23,0.0,0.0
183.76,28.08,28.72,26.59,26.58,9363.83,8475.37,9312.52,0.0,0.0
183.84,28.07,28.74,26.62,26.59,9364.16,8466.52,9298.29,0.0,0.0
183.94,28.08,28.75,26.65,26.6,9363.83,8462.36,9289.2,0.0,0.0
184.06,28.07,28.77,26.64,26.6,9364.16,8455.6,9292.04,0.0,0.0
184.14,28.09,28.78,26.65,26.61,9360.24,8451.96,9286.36,0.0,0.0
184.25,28.11,28.79,26.65,26.61,9359.58,8449.88,9289.2,0.0,0.0
184.36,28.11,28.78,26.66,26.62,9358.6,8451.44,9282.95,0.0,0.0
184.48,28.12,28.79,26.66,26.63,9357.95,8447.28,9283.52,0.0,0.0
184.53,28.13,28.79,26.67,26.63,9355.66,8447.28,9281.25,0.0,0.0
184.66,28.15,28.79,26.67,26.64,9353.04,8447.28,9280.68,0.0,0.0
184.77,28.15,28.8,26.67,26.65,9353.04,8446.76,9280.68,0.0,0.0
184.84,28.14,28.8,26.67,26.65,9353.7,8446.24,9280.11,0.0,0.0
184.94,28.15,28.8,26.67,26.66,9352.06,8446.76,9280.11,0.0,0.0
185.05,28.15,28.81,26.67,26.66,9351.74,8443.13,9280.11,0.0,0.0
185.19,28.16,28.83,26.67,26.67,9350.75,8433.79,9278.41,0.0,0.0
185.25,28.16,28.86,26.71,26.68,9351.41,8423.42,9263.67,0.0,0.0
185.37,28.18,28.84,26.72,26.68,9347.81,8429.12,9256.87,0.0,0.0
185.44,28.16,28.86,26.72,26.69,9349.77,8423.42,9257.44,0.0,0.0
185.56,28.17,28.87,26.74,26.7,9349.12,8417.73,9251.78,0.0,0.0
185.66,28.17,28.88,26.74,26.7,9348.14,8416.17,9250.65,0.0,0.0
185.76,28.2,28.88,26.74,26.71,9345.52,8414.62,9248.95,0.0,0.0
185.89,28.19,28.88,26.75,26.72,9345.2,8414.11,9245.56,0.0,0.0
185.96,28.2,28.88,26.75,26.72,9345.52,8414.11,9244.99,0.0,0.0
186.04,28.2,28.88,26.76,26.73,9344.87,8413.59,9243.86,0.0,0.0
186.15,28.21,28.88,26.75,26.73,9344.54,8413.59,9244.99,0.0,0.0
186.32,28.21,28.89,26.76,26.74,9343.56,8412.55,9243.86,0.0,0.0
186.38,28.22,28.89,26.76,26.75,9342.58,8411.0,9242.73,0.0,0.0
186.5,28.23,28.9,26.76,26.75,9340.95,8407.9,9241.6,0.0,0.0
186.54,28.25,28.94,26.79,26.76,9338.0,8392.91,9229.17,0.0,0.0
186.66,28.24,28.94,26.81,26.77,9339.64,8394.46,9223.53,0.0,0.0
186.74,28.26,28.95,26.81,26.77,9337.02,8389.3,9221.27,0.0,0.0
186.84,28.24,28.96,26.81,26.78,9338.66,8387.24,9221.27,0.0,0.0
186.98,28.26,28.96,26.82,26.78,9336.04,8386.2,9217.32,0.0,0.0
187.05,28.28,28.97,26.84,26.79,9332.77,8382.08,9211.12,0.0,0.0
187.15,28.27,28.97,26.84,26.8,9332.12,8382.59,9210.0,0.0,0.0
187.26,28.31,28.97,26.84,26.8,9330.81,8381.05,9208.3,0.0,0.0
187.34,28.29,28.97,26.84,26.81,9329.18,8381.05,9208.3,0.0,0.0
187.47,28.29,28.97,26.84,26.82,9330.48,8380.53,9208.3,0.0,0.0
187.55,28.31,28.97,26.84,26.82,9329.5,8381.56,9208.87,0.0,0.0
187.64,28.32,28.97,26.84,26.83,9327.22,8381.05,9208.3,0.0,0.0
187.74,28.32,28.97,26.84,26.83,9327.22,8380.53,9208.3,0.0,0.0
187.86,28.34,28.99,26.85,26.84,9325.58,8376.41,9204.93,0.0,0.0
187.94,28.35,29.02,26.87,26.85,9322.97,8362.5,9198.17,0.0,0.0
188.04,28.35,29.02,26.89,26.85,9322.97,8363.02,9189.17,0.0,0.0
188.14,28.36,29.04,26.9,26.86,9322.31,8356.33,9183.55,0.0,0.0
188.28,28.34,29.04,26.9,26.87,9323.95,8355.3,9183.55,0.0,0.0
188.34,28.36,29.05,26.92,26.87,9321.01,8352.73,9176.81,0.0,0.0
188.47,28.38,29.05,26.92,26.88,9318.72,8351.7,9177.37,0.0,0.0
188.55,28.38,29.06,26.93,26.89,9316.43,8348.11,9174.57,0.0,0.0
188.64,28.39,29.06,26.93,26.89,9316.76,8348.11,9173.44,0.0,0.0
188.75,28.41,29.06,26.93,26.9,9315.45,8348.11,9172.32,0.0,0.0
188.84,28.41,29.06,26.93,26.9,9315.45,8347.59,9172.88,0.0,0.0
188.95,28.4,29.06,26.93,26.91,9313.82,8347.59,9171.76,0.0,0.0
189.05,28.41,29.07,26.93,26.92,9314.8,8346.05,9171.2,0.0,0.0
189.15,28.41,29.09,26.94,26.92,9311.86,8339.38,9170.08,0.0,0.0
189.24,28.43,29.1,26.97,26.93,9311.2,8335.27,9157.18,0.0,0.0
189.35,28.41,29.13,26.99,26.93,9312.84,8323.99,9149.9,0.0,0.0
189.49,28.43,29.13,27.0,26.94,9309.9,8322.46,9145.42,0.0,0.0
189.59,28.43,29.14,26.99,26.95,9309.9,8320.92,9146.54,0.0,0.0
189.64,28.45,29.15,27.01,26.95,9309.24,8317.34,9140.94,0.0,0.0
189.74,28.45,29.15,27.01,26.96,9309.24,8317.34,9140.94,0.0,0.0
189.86,28.44,29.15,27.01,26.97,9309.57,8315.29,9138.71,0.0,0.0
189.96,28.43,29.15,27.02,26.97,9309.9,8314.78,9136.47,0.0,0.0
190.05,28.44,29.15,27.02,26.98,9308.26,8315.29,9136.47,0.0,0.0
190.15,28.44,29.15,27.02,26.98,9308.26,8315.29,9136.47,0.0,0.0
190.25,28.46,29.15,27.02,26.99,9306.96,8315.29,9137.03,0.0,0.0
190.38,28.44,29.17,27.02,27.0,9308.26,8309.66,9136.47,0.0,0.0
190.51,28.44,29.19,27.02,27.0,9307.61,8300.45,9134.23,0.0,0.0
190.54,28.47,29.21,27.05,27.01,9305.32,8295.86,9123.62,0.0,0.0
190.65,28.47,29.21,27.07,27.02,9304.02,8292.79,9116.92,0.0,0.0
190.75,28.47,29.23,27.08,27.02,9304.67,8286.16,9112.46,0.0,0.0
190.85,28.48,29.23,27.09,27.03,9301.4,8286.16,9107.44,0.0,0.0
190.98,28.5,29.24,27.09,27.03,9301.73,8284.12,9106.33,0.0,0.0
191.05,28.52,29.24,27.1,27.04,9299.44,8282.59,9105.21,0.0,0.0
191.15,28.52,29.24,27.1,27.05,9297.48,8282.59,9104.66,0.0,0.0
191.26,28.52,29.24,27.11,27.05,9299.44,8282.59,9100.76,0.0,0.0
191.35,28.52,29.25,27.11,27.06,9297.81,8281.57,9101.31,0.0,0.0
191.51,28.51,29.25,27.11,27.07,9296.83,8281.57,9101.31,0.0,0.0
191.59,28.51,29.25,27.11,27.07,9296.83,8279.02,9100.2,0.0,0.0
191.75,28.55,29.27,27.11,27.08,9291.6,8270.86,9100.76,0.0,0.0
191.8,28.54,29.29,27.11,27.08,9293.89,8265.77,9099.09,0.0,0.0
191.91,28.56,29.31,27.14,27.09,9292.91,8259.15,9085.73,0.0,0.0
191.98,28.56,29.31,27.16,27.1,9290.95,8257.12,9080.73,0.0,0.0
192.08,28.57,29.32,27.17,27.1,9290.62,8256.1,9075.17,0.0,0.0
192.17,28.57,29.33,27.18,27.11,9288.01,8251.52,9072.95,0.0,0.0
192.25,28.58,29.33,27.18,27.12,9287.68,8251.02,9071.84,0.0,0.0
192.39,28.58,29.33,27.19,27.12,9288.99,8250.0,9067.95,0.0,0.0
192.48,28.59,29.33,27.19,27.13,9287.03,8250.0,9067.4,0.0,0.0
192.55,28.6,29.33,27.2,27.13,9286.05,8249.49,9065.17,0.0,0.0
192.7,28.6,29.34,27.2,27.14,9286.7,8248.98,9065.17,0.0,0.0
192.75,28.6,29.34,27.2,27.15,9285.4,8248.48,9065.17,0.0,0.0
192.85,28.61,29.35,27.2,27.15,9283.11,8244.92,9064.62,0.0,0.0
192.94,28.6,29.36,27.2,27.16,9286.38,8238.32,9064.62,0.0,0.0
193.05,28.61,29.39,27.2,27.17,9281.8,8228.17,9063.51,0.0,0.0
193.14,28.62,29.39,27.22,27.17,9283.44,8227.66,9056.86,0.0,0.0
193.25,28.61,29.41,27.24,27.18,9282.46,8223.61,9045.77,0.0,0.0
193.35,28.63,29.41,27.26,27.18,9281.15,8223.1,9039.68,0.0,0.0
193.44,28.64,29.41,27.26,27.19,9279.84,8220.57,9038.02,0.0,0.0
193.62,28.63,29.41,27.26,27.2,9281.15,8220.57,9037.47,0.0,0.0
193.7,28.66,29.42,27.27,27.2,9275.6,8217.53,9035.81,0.0,0.0
193.75,28.66,29.42,27.27,27.21,9277.23,8217.53,9033.6,0.0,0.0
193.85,28.69,29.43,27.28,27.22,9272.66,8216.52,9031.39,0.0,0.0
193.97,28.7,29.42,27.28,27.22,9271.35,8217.53,9029.73,0.0,0.0
194.08,28.69,29.42,27.29,27.23,9270.37,8217.02,9029.17,0.0,0.0
194.14,28.69,29.43,27.28,27.23,9273.31,8216.52,9030.28,0.0,0.0
194.25,28.71,29.43,27.28,27.24,9269.72,8215.51,9029.73,0.0,0.0
194.4,28.71,29.46,27.29,27.25,9270.05,8205.39,9028.62,0.0,0.0
194.45,28.73,29.46,27.3,27.25,9268.09,8202.35,9023.1,0.0,0.0
194.6,28.72,29.49,27.32,27.26,9268.42,8193.26,9016.47,0.0,0.0
194.7,28.74,29.5,27.34,27.27,9267.44,8191.24,9005.43,0.0,0.0
194.75,28.73,29.49,27.35,27.27,9267.11,8193.26,9004.88,0.0,0.0
194.86,28.73,29.51,27.36,27.28,9265.8,8187.7,9000.47,0.0,0.0
194.96,28.73,29.51,27.36,27.28,9264.83,8186.69,8999.92,0.0,0.0
195.05,28.73,29.51,27.37,27.29,9264.83,8186.19,8996.62,0.0,0.0
195.16,28.74,29.51,27.37,27.3,9264.5,8185.18,8996.06,0.0,0.0
195.25,28.76,29.51,27.37,27.3,9262.54,8184.67,8994.96,0.0,0.0
195.35,28.77,29.51,27.37,27.31,9261.56,8184.67,8994.96,0.0,0.0
195.46,28.76,29.51,27.37,27.31,9261.23,8184.67,8994.41,0.0,0.0
195.61,28.76,29.51,27.37,27.32,9260.58,8184.67,8994.41,0.0,0.0
195.67,28.77,29.52,27.38,27.33,9260.25,8183.66,8993.31,0.0,0.0
195.77,28.79,29.54,27.38,27.33,9256.99,8176.1,8992.76,0.0,0.0
195.85,28.79,29.56,27.38,27.34,9257.97,8167.03,8989.46,0.0,0.0
195.96,28.8,29.57,27.42,27.35,9255.03,8163.0,8974.06,0.0,0.0
196.07,28.8,29.58,27.44,27.35,9254.05,8161.49,8969.11,0.0,0.0
196.16,28.82,29.58,27.44,27.36,9252.75,8159.48,8968.01,0.0,0.0
196.26,28.83,29.59,27.44,27.36,9251.44,8157.47,8965.81,0.0,0.0
196.35,28.81,29.6,27.45,27.37,9253.73,8154.95,8964.72,0.0,0.0
196.47,28.83,29.6,27.45,27.38,9249.81,8153.44,8963.07,0.0,0.0
196.57,28.83,29.6,27.46,27.38,9250.79,8152.94,8960.87,0.0,0.0
196.69,28.84,29.6,27.46,27.39,9250.14,8152.94,8960.33,0.0,0.0
196.76,28.86,29.6,27.46,27.39,9247.85,8152.44,8959.23,0.0,0.0
196.89,28.84,29.6,27.46,27.4,9249.48,8152.44,8959.23,0.0,0.0
196.95,28.85,29.61,27.46,27.41,9246.22,8151.94,8959.78,0.0,0.0
197.06,28.86,29.61,27.46,27.41,9246.87,8150.43,8959.23,0.0,0.0
197.19,28.86,29.63,27.47,27.42,9247.2,8144.4,8954.29,0.0,0.0
197.25,28.86,29.64,27.48,27.43,9245.24,8138.37,8952.1,0.0,0.0
197.36,28.88,29.66,27.51,27.43,9244.26,8132.35,8941.14,0.0,0.0
197.46,28.88,29.67,27.53,27.44,9244.26,8128.34,8932.93,0.0,0.0
197.57,28.88,29.67,27.52,27.44,9242.96,8129.34,8937.3,0.0,0.0
197.67,28.89,29.67,27.53,27.45,9241.98,8127.33,8930.74,0.0,0.0
197.75,28.91,29.68,27.53,27.46,9241.65,8124.33,8931.83,0.0,0.0
197.84,28.89,29.69,27.53,27.46,9241.33,8123.32,8930.19,0.0,0.0
197.95,28.9,29.69,27.54,27.47,9240.35,8121.82,8926.36,0.0,0.0
198.05,28.91,29.69,27.55,27.47,9239.69,8121.32,8924.17,0.0,0.0
198.18,28.94,29.69,27.55,27.48,9235.45,8120.82,8924.17,0.0,0.0
198.3,28.94,29.7,27.55,27.49,9235.45,8119.82,8924.72,0.0,0.0
198.36,28.95,29.69,27.55,27.49,9233.82,8120.32,8923.63,0.0,0.0
198.49,28.94,29.69,27.55,27.5,9235.13,8120.32,8924.17,0.0,0.0
198.55,28.96,29.69,27.55,27.51,9232.19,8120.32,8924.17,0.0,0.0
198.69,28.97,29.7,27.56,27.51,9230.88,8118.81,8920.35,0.0,0.0
198.8,28.97,29.72,27.58,27.52,9230.88,8110.8,8912.15,0.0,0.0
198.86,28.97,29.74,27.59,27.52,9230.88,8104.8,8906.7,0.0,0.0
198.96,29.0,29.76,27.61,27.53,9227.62,8095.3,8899.61,0.0,0.0
199.07,29.0,29.77,27.61,27.54,9227.62,8094.8,8899.06,0.0,0.0
199.2,29.0,29.77,27.63,27.54,9226.64,8093.3,8893.06,0.0,0.0
199.29,29.0,29.77,27.63,27.55,9227.62,8093.8,8891.97,0.0,0.0
199.37,29.02,29.77,27.63,27.55,9225.99,8092.81,8893.61,0.0,0.0
199.48,29.01,29.78,27.63,27.56,9226.32,8089.31,8890.88,0.0,0.0
199.55,29.01,29.78,27.64,27.57,9225.66,8088.81,8889.25,0.0,0.0
199.67,29.0,29.78,27.64,27.57,9226.64,8088.81,8888.71,0.0,0.0
199.78,29.01,29.78,27.64,27.58,9225.66,8088.31,8888.71,0.0,0.0
199.85,29.03,29.78,27.64,27.58,9223.71,8088.31,8889.25,0.0,0.0
199.96,29.03,29.79,27.64,27.59,9223.05,8086.81,8887.07,0.0,0.0
200.06,29.02,29.8,27.65,27.6,9224.03,8083.82,8885.98,0.0,0.0
200.2,29.04,29.81,27.67,27.6,9222.08,8078.83,8876.73,0.0,0.0
200.27,29.03,29.84,27.69,27.61,9222.4,8069.86,8868.58,0.0,0.0
200.36,29.04,29.84,27.7,27.61,9222.08,8070.36,8863.14,0.0,0.0
200.45,29.04,29.85,27.71,27.62,9221.42,8063.88,8860.43,0.0,0.0
200.56,29.06,29.86,27.71,27.63,9219.46,8061.39,8860.97,0.0,0.0
200.65,29.04,29.87,27.72,27.63,9220.12,8058.91,8857.17,0.0,0.0
200.79,29.06,29.87,27.72,27.64,9218.49,8058.41,8857.71,0.0,0.0
200.87,29.06,29.87,27.73,27.64,9219.46,8057.41,8854.46,0.0,0.0
200.96,29.08,29.87,27.73,27.65,9215.55,8056.91,8854.46,0.0,0.0
201.07,29.08,29.87,27.73,27.66,9215.55,8056.91,8855.0,0.0,0.0
201.15,29.08,29.87,27.73,27.66,9214.58,8056.91,8855.0,0.0,0.0
201.28,29.1,29.88,27.73,27.67,9213.27,8055.92,8853.91,0.0,0.0
201.38,29.11,29.87,27.73,27.68,9211.96,8056.42,8854.46,0.0,0.0
201.46,29.08,29.88,27.73,27.68,9216.2,8053.93,8852.29,0.0,0.0
201.59,29.11,29.89,27.75,27.69,9210.01,8049.46,8844.7,0.0,0.0
201.67,29.11,29.92,27.77,27.69,9210.98,8039.52,8836.03,0.0,0.0
201.8,29.14,29.95,27.78,27.7,9207.72,8031.58,8834.94,0.0,0.0
201.85,29.11,29.95,27.79,27.71,9209.68,8031.08,8828.45,0.0,0.0
201.96,29.14,29.95,27.8,27.71,9208.05,8030.59,8825.2,0.0,0.0
202.06,29.15,29.96,27.8,27.72,9207.07,8027.61,8824.12,0.0,0.0
202.16,29.14,29.96,27.81,27.72,9207.72,8028.11,8823.04,0.0,0.0
202.32,29.15,29.96,27.81,27.73,9206.42,8026.12,8820.33,0.0,0.0
202.35,29.15,29.96,27.81,27.74,9206.42,8025.13,8821.41,0.0,0.0
202.48,29.16,29.96,27.82,27.74,9205.44,8025.13,8819.25,0.0,0.0
202.62,29.15,29.96,27.82,27.75,9206.42,8025.13,8818.71,0.0,0.0
202.69,29.16,29.97,27.81,27.75,9204.79,8024.64,8820.33,0.0,0.0
202.79,29.16,29.97,27.81,27.76,9205.12,8024.64,8820.33,0.0,0.0
202.85,29.16,29.97,27.82,27.77,9204.79,8023.15,8817.09,0.0,0.0
202.96,29.18,29.98,27.83,27.77,9202.83,8019.68,8812.23,0.0,0.0
203.11,29.18,30.01,27.86,27.78,9202.83,8010.27,8801.43,0.0,0.0
203.19,29.18,30.02,27.88,27.78,9202.83,8005.33,8793.34,0.0,0.0
203.25,29.17,30.03,27.89,27.79,9203.48,8000.38,8792.26,0.0,0.0
203.37,29.16,30.03,27.88,27.8,9203.16,8002.85,8793.34,0.0,0.0
203.46,29.17,30.04,27.89,27.8,9202.51,7996.92,8790.1,0.0,0.0
203.57,29.19,30.04,27.9,27.81,9200.55,7997.91,8787.95,0.0,0.0
203.71,29.18,30.05,27.9,27.81,9201.53,7994.95,8786.33,0.0,0.0
203.79,29.2,30.05,27.9,27.82,9199.9,7993.46,8785.25,0.0,0.0
203.85,29.19,30.05,27.91,27.83,9200.22,7993.46,8784.72,0.0,0.0
203.95,29.2,30.05,27.9,27.83,9198.92,7993.46,8785.79,0.0,0.0
204.06,29.21,30.06,27.9,27.84,9197.62,7992.97,8785.25,0.0,0.0
204.16,29.22,30.05,27.91,27.84,9197.29,7993.46,8783.64,0.0,0.0
204.27,29.22,30.06,27.91,27.85,9196.64,7992.97,8782.02,0.0,0.0
204.37,29.21,30.07,27.94,27.86,9195.99,7987.04,8772.34,0.0,0.0
204.45,29.24,30.09,27.97,27.86,9192.72,7981.62,8760.51,0.0,0.0
204.61,29.25,30.13,27.97,27.87,9193.7,7968.8,8760.51,0.0,0.0
204.66,29.23,30.12,27.97,27.87,9192.4,7970.77,8757.82,0.0,0.0
204.8,29.27,30.13,27.98,27.88,9190.77,7968.31,8756.21,0.0,0.0
204.89,29.25,30.13,27.99,27.89,9191.75,7968.31,8753.53,0.0,0.0
204.97,29.27,30.14,27.99,27.89,9190.77,7964.37,8752.45,0.0,0.0
205.06,29.29,30.13,27.99,27.9,9187.83,7965.84,8750.31,0.0,0.0
205.17,29.28,30.14,27.99,27.9,9188.16,7962.4,8750.84,0.0,0.0
205.27,29.3,30.15,27.99,27.91,9187.18,7961.9,8750.84,0.0,0.0
205.39,29.29,30.15,27.99,27.91,9186.86,7961.9,8750.84,0.0,0.0
205.47,29.28,30.15,28.0,27.92,9186.2,7961.9,8747.62,0.0,0.0
205.56,29.29,30.15,28.01,27.93,9185.88,7961.41,8743.33,0.0,0.0
205.66,29.29,30.15,28.03,27.93,9185.88,7961.41,8734.76,0.0,0.0
205.78,29.29,30.15,28.05,27.94,9184.9,7960.92,8727.8,0.0,0.0
205.86,29.29,30.15,28.05,27.94,9185.23,7959.94,8729.94,0.0,0.0
205.97,29.32,30.15,28.06,27.95,9183.27,7959.94,8724.58,0.0,0.0
206.06,29.32,30.17,28.07,27.96,9182.94,7954.52,8721.91,0.0,0.0
206.18,29.31,30.18,28.07,27.96,9183.92,7948.62,8721.37,0.0,0.0
206.28,29.33,30.19,28.07,27.97,9182.29,7947.64,8720.84,0.0,0.0
206.36,29.33,30.21,28.08,27.97,9182.29,7940.27,8717.63,0.0,0.0
206.45,29.32,30.21,28.08,27.98,9181.64,7937.82,8717.63,0.0,0.0
206.58,29.32,30.22,28.08,27.99,9183.27,7937.33,8717.63,0.0,0.0
206.66,29.33,30.22,28.08,27.99,9182.29,7937.33,8717.1,0.0,0.0
206.78,29.32,30.22,28.08,28.0,9182.94,7934.87,8716.03,0.0,0.0
206.91,29.34,30.23,28.08,28.0,9179.36,7933.4,8716.56,0.0,0.0
206.95,29.33,30.23,28.08,28.01,9181.32,7931.44,8717.1,0.0,0.0
207.07,29.35,30.23,28.08,28.02,9177.08,7932.42,8716.56,0.0,0.0
207.16,29.36,30.23,28.08,28.02,9178.06,7931.93,8716.56,0.0,0.0
207.26,29.35,30.23,28.08,28.03,9177.08,7930.95,8716.56,0.0,0.0
207.36,29.38,30.24,28.08,28.03,9174.8,7930.46,8716.56,0.0,0.0
207.45,29.37,30.24,28.08,28.04,9174.47,7930.46,8716.03,0.0,0.0
207.55,29.39,30.24,28.08,28.04,9172.84,7930.46,8715.49,0.0,0.0
207.68,29.38,30.24,28.09,28.05,9175.77,7930.46,8714.42,0.0,0.0
207.84,29.39,30.24,28.1,28.06,9171.21,7930.46,8709.08,0.0,0.0
207.94,29.4,30.24,28.13,28.06,9169.58,7928.99,8698.4,0.0,0.0
207.97,29.43,30.25,28.13,28.07,9166.65,7926.53,8696.8,0.0,0.0
208.18,29.43,30.27,28.13,28.07,9166.97,7917.22,8696.8,0.0,0.0
208.22,29.45,30.27,28.14,28.08,9165.67,7919.18,8692.53,0.0,0.0
208.29,29.45,30.29,28.15,28.09,9165.34,7912.33,8689.86,0.0,0.0
208.44,29.44,30.29,28.15,28.09,9165.02,7910.86,8689.86,0.0,0.0
208.51,29.44,30.3,28.16,28.1,9164.37,7908.41,8688.26,0.0,0.0
208.63,29.44,30.3,28.16,28.1,9164.69,7908.41,8685.07,0.0,0.0
208.67,29.46,30.3,28.16,28.11,9163.06,7906.94,8685.6,0.0,0.0
208.81,29.46,30.31,28.17,28.11,9162.74,7904.01,8682.94,0.0,0.0
208.99,29.46,30.32,28.17,28.12,9163.06,7901.08,8682.4,0.0,0.0
209.06,29.46,30.32,28.17,28.13,9162.74,7900.59,8682.94,0.0,0.0
209.1,29.47,30.32,28.17,28.13,9161.44,7900.1,8681.34,0.0,0.0
209.17,29.46,30.32,28.17,28.14,9163.06,7900.59,8682.94,0.0,0.0
209.29,29.47,30.33,28.17,28.14,9160.46,7899.12,8682.4,0.0,0.0
209.36,29.46,30.33,28.17,28.15,9162.74,7899.61,8681.87,0.0,0.0
209.46,29.47,30.33,28.17,28.15,9160.79,7898.63,8682.4,0.0,0.0
209.56,29.5,30.33,28.18,28.16,9159.15,7899.12,8679.74,0.0,0.0
209.65,29.49,30.33,28.19,28.17,9158.83,7898.14,8676.54,0.0,0.0
209.78,29.47,30.33,28.22,28.17,9161.11,7898.63,8664.84,0.0,0.0
209.9,29.48,30.33,28.24,28.18,9159.48,7897.17,8657.4,0.0,0.0
209.96,29.47,30.34,28.23,28.18,9160.13,7895.21,8658.46,0.0,0.0
210.09,29.48,30.35,28.23,28.19,9159.48,7890.33,8658.46,0.0,0.0
210.17,29.5,30.37,28.24,28.19,9157.2,7883.49,8654.74,0.0,0.0
210.32,29.49,30.37,28.25,28.2,9157.85,7882.52,8652.09,0.0,0.0
210.38,29.51,30.39,28.25,28.2,9155.24,7877.64,8653.15,0.0,0.0
210.48,29.53,30.4,28.25,28.21,9153.62,7875.2,8651.02,0.0,0.0
210.56,29.53,30.4,28.26,28.22,9152.96,7873.25,8649.96,0.0,0.0
210.7,29.53,30.4,28.26,28.22,9153.62,7873.74,8648.9,0.0,0.0
210.76,29.54,30.4,28.26,28.23,9151.99,7872.77,8647.84,0.0,0.0
210.88,29.53,30.42,28.26,28.23,9152.96,7868.38,8648.37,0.0,0.0
210.96,29.53,30.42,28.26,28.24,9153.62,7868.38,8648.9,0.0,0.0
211.06,29.55,30.42,28.26,28.24,9151.01,7867.89,8648.37,0.0,0.0
211.2,29.56,30.42,28.26,28.25,9150.36,7867.89,8648.9,0.0,0.0
211.27,29.56,30.42,28.26,28.25,9149.38,7867.89,8648.37,0.0,0.0
211.36,29.56,30.42,28.27,28.26,9150.03,7867.89,8644.66,0.0,0.0
211.47,29.58,30.42,28.28,28.27,9148.73,7867.41,8639.35,0.0,0.0
211.56,29.56,30.42,28.31,28.27,9149.38,7866.43,8629.81,0.0,0.0
211.67,29.56,30.42,28.32,28.28,9149.71,7865.46,8623.99,0.0,0.0
211.75,29.56,30.43,28.33,28.28,9147.75,7862.54,8622.4,0.0,0.0
211.88,29.57,30.46,28.33,28.29,9148.08,7853.29,8619.75,0.0,0.0
211.99,29.58,30.48,28.34,28.29,9146.77,7847.46,8616.58,0.0,0.0
212.07,29.59,30.49,28.34,28.3,9145.47,7843.58,8616.58,0.0,0.0
212.16,29.59,30.5,28.35,28.3,9145.15,7840.66,8614.99,0.0,0.0
212.32,29.59,30.49,28.35,28.31,9144.49,7841.63,8614.46,0.0,0.0
212.36,29.59,30.5,28.35,28.32,9145.15,7840.66,8614.99,0.0,0.0
212.46,29.61,30.5,28.35,28.32,9143.52,7838.72,8613.4,0.0,0.0
212.56,29.59,30.51,28.35,28.33,9143.84,7837.75,8613.93,0.0,0.0
212.68,29.61,30.51,28.35,28.33,9143.52,7836.78,8612.88,0.0,0.0
212.76,29.59,30.51,28.36,28.34,9141.89,7836.78,8609.7,0.0,0.0
212.88,29.59,30.51,28.38,28.34,9142.54,7836.78,8601.25,0.0,0.0
213.01,29.61,30.51,28.41,28.35,9142.87,7836.29,8592.8,0.0,0.0
213.06,29.59,30.51,28.4,28.35,9142.54,7835.81,8593.33,0.0,0.0
213.16,29.6,30.52,28.41,28.36,9142.21,7833.38,8589.64,0.0,0.0
213.33,29.62,30.54,28.43,28.36,9141.56,7825.14,8585.42,0.0,0.0
213.35,29.59,30.56,28.43,28.37,9141.89,7820.29,8584.89,0.0,0.0
213.5,29.63,30.56,28.43,28.38,9139.28,7818.84,8582.26,0.0,0.0
213.56,29.62,30.58,28.44,28.38,9140.26,7813.03,8581.73,0.0,0.0
213.66,29.64,30.58,28.44,28.39,9138.96,7813.51,8581.73,0.0,0.0
213.76,29.64,30.59,28.44,28.39,9137.98,7808.67,8580.15,0.0,0.0
213.87,29.63,30.59,28.44,28.4,9139.61,7809.64,8581.2,0.0,0.0
214.0,29.64,30.6,28.44,28.4,9137.98,7807.22,8580.15,0.0,0.0
214.06,29.64,30.6,28.44,28.41,9137.98,7805.77,8581.2,0.0,0.0
214.17,29.67,30.6,28.44,28.41,9135.37,7805.77,8580.68,0.0,0.0
214.26,29.64,30.6,28.44,28.42,9136.03,7804.32,8579.62,0.0,0.0
214.35,29.64,30.6,28.44,28.43,9137.65,7805.77,8578.57,0.0,0.0
214.55,29.65,30.6,28.45,28.43,9136.35,7805.29,8575.41,0.0,0.0
214.63,29.68,30.61,28.48,28.44,9134.07,7803.83,8566.46,0.0,0.0
214.67,29.7,30.61,28.49,28.44,9130.82,7802.38,8560.68,0.0,0.0
214.78,29.7,30.63,28.51,28.45,9128.54,7794.65,8554.89,0.0,0.0
214.87,29.69,30.65,28.5,28.45,9130.16,7789.82,8555.95,0.0,0.0
215.05,29.72,30.66,28.5,28.46,9126.91,7785.48,8555.95,0.0,0.0
215.16,29.72,30.66,28.51,28.46,9127.88,7784.51,8552.79,0.0,0.0
215.27,29.7,30.67,28.52,28.47,9128.54,7782.58,8549.64,0.0,0.0
215.36,29.72,30.68,28.52,28.47,9126.91,7780.17,8548.59,0.0,0.0
215.46,29.72,30.69,28.52,28.48,9125.61,7776.8,8549.64,0.0,0.0
215.58,29.74,30.68,28.53,28.49,9123.65,7777.76,8547.54,0.0,0.0
215.68,29.74,30.69,28.53,28.49,9123.65,7775.83,8547.54,0.0,0.0
215.74,29.75,30.69,28.53,28.5,9121.37,7774.87,8547.54,0.0,0.0
215.84,29.75,30.69,28.53,28.5,9122.35,7774.87,8546.49,0.0,0.0
215.91,29.75,30.69,28.53,28.51,9122.35,7774.39,8547.54,0.0,0.0
216.0,29.75,30.69,28.53,28.51,9122.02,7774.87,8547.54,0.0,0.0
216.06,29.78,30.69,28.53,28.52,9120.07,7774.39,8547.02,0.0,0.0
216.18,29.76,30.69,28.53,28.52,9120.72,7773.91,8544.92,0.0,0.0
216.26,29.75,30.7,28.55,28.53,9121.37,7773.42,8538.62,0.0,0.0
216.36,29.75,30.7,28.56,28.54,9122.02,7771.01,8533.9,0.0,0.0
216.46,29.79,30.73,28.58,28.54,9118.12,7762.35,8528.13,0.0,0.0
216.57,29.77,30.75,28.59,28.55,9119.74,7754.65,8523.95,0.0,0.0
216.68,29.76,30.75,28.6,28.55,9120.4,7754.65,8520.28,0.0,0.0
216.76,29.8,30.77,28.59,28.56,9116.49,7749.84,8523.42,0.0,0.0
216.88,29.79,30.76,28.6,28.56,9117.47,7750.8,8520.28,0.0,0.0
216.99,29.79,30.77,28.6,28.57,9116.16,7748.88,8519.23,0.0,0.0
217.07,29.82,30.78,28.6,28.57,9114.86,7746.0,8518.19,0.0,0.0
217.18,29.81,30.78,28.61,28.58,9114.21,7745.04,8514.52,0.0,0.0
217.26,29.82,30.78,28.62,28.58,9112.58,7744.08,8512.95,0.0,0.0
217.38,29.83,30.78,28.62,28.59,9113.23,7744.56,8513.48,0.0,0.0
217.46,29.83,30.78,28.62,28.59,9111.6,7744.08,8512.95,0.0,0.0
217.63,29.84,30.78,28.62,28.6,9111.93,7743.6,8514.0,0.0,0.0
217.66,29.86,30.78,28.62,28.61,9108.02,7743.6,8512.95,0.0,0.0
217.78,29.87,30.78,28.62,28.61,9106.72,7744.08,8511.38,0.0,0.0
217.87,29.87,30.79,28.63,28.62,9106.07,7743.12,8509.29,0.0,0.0
217.98,29.87,30.8,28.66,28.62,9107.37,7739.27,8497.28,0.0,0.0
218.07,29.86,30.81,28.68,28.63,9107.7,7735.92,8490.49,0.0,0.0
218.17,29.88,30.84,28.68,28.63,9105.09,7725.36,8488.92,0.0,0.0
218.3,29.89,30.84,28.68,28.64,9104.12,7723.45,8488.4,0.0,0.0
218.36,29.87,30.86,28.68,28.64,9106.07,7718.18,8487.88,0.0,0.0
218.48,29.9,30.86,28.69,28.65,9103.79,7717.22,8485.27,0.0,0.0
218.57,29.9,30.86,28.7,28.65,9102.16,7716.74,8481.62,0.0,0.0
218.68,29.91,30.87,28.71,28.66,9101.84,7713.87,8480.06,0.0,0.0
218.77,29.91,30.87,28.71,28.67,9101.51,7714.35,8480.06,0.0,0.0
218.87,29.89,30.87,28.71,28.67,9103.14,7713.39,8479.54,0.0,0.0
219.05,29.91,30.87,28.71,28.68,9101.51,7713.39,8480.06,0.0,0.0
219.09,29.92,30.87,28.71,28.68,9099.56,7712.91,8480.06,0.0,0.0
219.2,29.93,30.88,28.71,28.69,9099.89,7711.48,8478.5,0.0,0.0
219.26,29.92,30.88,28.72,28.69,9100.21,7710.04,8475.89,0.0,0.0
219.38,29.93,30.9,28.73,28.7,9098.58,7705.26,8472.25,0.0,0.0
219.48,29.93,30.93,28.75,28.7,9099.24,7695.22,8464.96,0.0,0.0
219.62,29.92,30.93,28.76,28.71,9100.21,7694.27,8461.32,0.0,0.0
219.67,29.92,30.94,28.78,28.71,9099.56,7691.4,8454.04,0.0,0.0
219.77,29.95,30.94,28.78,28.72,9096.96,7689.97,8452.48,0.0,0.0
219.91,29.94,30.95,28.78,28.73,9096.63,7686.63,8450.92,0.0,0.0
219.99,29.95,30.95,28.79,28.73,9095.66,7686.63,8448.84,0.0,0.0
220.09,29.94,30.96,28.79,28.74,9096.31,7684.24,8448.32,0.0,0.0
220.17,29.97,30.96,28.79,28.74,9094.03,7684.72,8447.8,0.0,0.0
220.27,29.97,30.96,28.8,28.75,9093.38,7684.24,8446.76,0.0,0.0
220.38,29.97,30.97,28.79,28.75,9093.05,7682.81,8447.28,0.0,0.0
220.47,29.99,30.97,28.79,28.76,9090.78,7682.81,8447.28,0.0,0.0
220.58,29.98,30.97,28.79,28.76,9091.1,7682.81,8447.28,0.0,0.0
220.67,29.98,30.97,28.8,28.77,9091.75,7682.34,8446.76,0.0,0.0
220.77,29.98,30.97,28.79,28.77,9091.1,7682.81,8447.28,0.0,0.0
220.87,30.0,30.97,28.8,28.78,9088.82,7682.81,8443.65,0.0,0.0
220.97,30.03,30.97,28.81,28.78,9086.22,7681.86,8440.53,0.0,0.0
221.07,30.03,30.97,28.84,28.79,9086.22,7681.86,8430.16,0.0,0.0
221.17,30.04,30.98,28.86,28.8,9085.57,7676.61,8423.94,0.0,0.0
221.32,30.03,31.0,28.87,28.8,9085.24,7669.94,8419.28,0.0,0.0
221.38,30.05,31.03,28.87,28.81,9083.62,7662.8,8419.28,0.0,0.0
221.46,30.07,31.03,28.87,28.81,9080.04,7659.95,8419.8,0.0,0.0
221.56,30.06,31.04,28.87,28.82,9081.34,7658.52,8418.76,0.0,0.0
221.72,30.07,31.05,28.88,28.82,9081.01,7654.24,8414.11,0.0,0.0
221.79,30.07,31.05,28.88,28.83,9081.01,7655.19,8413.59,0.0,0.0
221.9,30.08,31.05,28.88,28.83,9079.06,7653.29,8414.11,0.0,0.0
221.97,30.07,31.06,28.88,28.84,9081.01,7652.34,8413.59,0.0,0.0
222.16,30.07,31.06,28.88,28.84,9080.36,7652.34,8413.59,0.0,0.0
222.2,30.08,31.06,28.89,28.85,9078.74,7652.34,8413.07,0.0,0.0
222.32,30.07,31.06,28.89,28.85,9079.71,7651.39,8413.07,0.0,0.0
222.37,30.08,31.06,28.9,28.86,9079.39,7651.39,8409.45,0.0,0.0
222.47,30.1,31.07,28.92,28.87,9076.78,7648.54,8401.18,0.0,0.0
222.58,30.09,31.08,28.94,28.87,9076.13,7644.26,8393.95,0.0,0.0
222.74,30.1,31.1,28.94,28.88,9076.78,7637.14,8394.98,0.0,0.0
222.79,30.13,31.12,28.95,28.88,9073.86,7632.87,8389.82,0.0,0.0
222.89,30.1,31.12,28.95,28.89,9075.16,7630.98,8388.27,0.0,0.0
222.98,30.14,31.14,28.96,28.89,9071.9,7625.76,8387.24,0.0,0.0
223.1,30.11,31.14,28.97,28.9,9073.53,7626.24,8383.62,0.0,0.0
223.23,30.13,31.14,28.97,28.9,9072.23,7624.34,8382.08,0.0,0.0
223.3,30.16,31.14,28.97,28.91,9069.3,7623.39,8381.05,0.0,0.0
223.37,30.14,31.15,28.97,28.91,9069.95,7622.45,8380.53,0.0,0.0
223.47,30.15,31.15,28.97,28.92,9069.63,7621.97,8380.53,0.0,0.0
223.61,30.16,31.15,28.97,28.92,9066.7,7621.97,8380.53,0.0,0.0
223.73,30.16,31.15,28.97,28.93,9066.7,7621.5,8380.53,0.0,0.0
223.77,30.16,31.15,28.97,28.94,9068.33,7621.97,8380.53,0.0,0.0
223.87,30.18,31.15,28.98,28.94,9066.38,7621.5,8377.44,0.0,0.0
223.97,30.18,31.15,29.0,28.95,9065.07,7620.08,8372.29,0.0,0.0
224.1,30.18,31.18,29.02,28.95,9065.07,7610.61,8364.56,0.0,0.0
224.22,30.2,31.2,29.04,28.96,9062.47,7605.88,8356.85,0.0,0.0
224.27,30.21,31.21,29.04,28.96,9060.2,7602.57,8356.85,0.0,0.0
224.39,30.17,31.21,29.05,28.97,9065.4,7602.57,8353.76,0.0,0.0
224.47,30.21,31.23,29.05,28.97,9060.84,7595.49,8353.76,0.0,0.0
224.56,30.21,31.23,29.05,28.98,9061.82,7594.07,8352.73,0.0,0.0
224.67,30.23,31.23,29.06,28.98,9059.54,7595.96,8350.68,0.0,0.0
224.78,30.22,31.23,29.06,28.99,9059.87,7594.07,8348.11,0.0,0.0
224.92,30.22,31.24,29.07,28.99,9059.87,7593.13,8347.08,0.0,0.0
225.07,30.21,31.24,29.06,29.0,9060.84,7592.18,8348.11,0.0,0.0
225.12,30.23,31.24,29.07,29.01,9059.22,7591.71,8347.08,0.0,0.0
225.18,30.24,31.24,29.07,29.01,9056.62,7591.24,8346.05,0.0,0.0
225.27,30.24,31.24,29.07,29.02,9057.92,7591.71,8345.54,0.0,0.0
225.38,30.23,31.24,29.07,29.02,9058.24,7591.24,8344.51,0.0,0.0
225.47,30.24,31.25,29.1,29.03,9058.57,7587.93,8334.76,0.0,0.0
225.57,30.26,31.27,29.11,29.03,9054.34,7583.22,8330.14,0.0,0.0
225.67,30.25,31.28,29.12,29.04,9057.27,7577.09,8327.58,0.0,0.0
225.77,30.24,31.3,29.13,29.04,9056.62,7571.91,8322.97,0.0,0.0
225.87,30.26,31.3,29.14,29.05,9055.32,7570.96,8320.41,0.0,0.0
225.99,30.26,31.31,29.15,29.05,9055.97,7567.67,8316.82,0.0,0.0
226.07,30.27,31.32,29.14,29.06,9054.02,7565.32,8318.87,0.0,0.0
226.18,30.27,31.32,29.15,29.06,9054.02,7565.32,8315.8,0.0,0.0
226.36,30.27,31.33,29.15,29.07,9053.69,7562.96,8315.8,0.0,0.0
226.39,30.28,31.33,29.15,29.08,9052.39,7562.02,8314.78,0.0,0.0
226.47,30.3,31.33,29.15,29.08,9050.11,7562.02,8314.78,0.0,0.0
226.57,30.28,31.33,29.15,29.09,9051.74,7561.55,8314.78,0.0,0.0
226.67,30.31,31.33,29.15,29.09,9048.81,7561.55,8314.78,0.0,0.0
226.79,30.28,31.33,29.15,29.1,9051.42,7561.08,8314.78,0.0,0.0
226.88,30.33,31.33,29.16,29.1,9046.54,7561.55,8312.22,0.0,0.0
226.97,30.35,31.33,29.17,29.11,9045.56,7561.08,8307.61,0.0,0.0
227.07,30.35,31.34,29.2,29.11,9045.56,7558.73,8299.43,0.0,0.0
227.18,30.34,31.34,29.21,29.12,9044.26,7557.32,8294.32,0.0,0.0
227.28,30.33,31.36,29.21,29.12,9044.91,7550.74,8295.35,0.0,0.0
227.4,30.35,31.37,29.22,29.13,9045.56,7549.33,8289.73,0.0,0.0
227.5,30.35,31.39,29.23,29.13,9042.31,7542.29,8288.71,0.0,0.0
227.57,30.36,31.4,29.23,29.14,9042.96,7539.47,8285.65,0.0,0.0
227.68,30.35,31.4,29.23,29.15,9042.31,7539.94,8286.16,0.0,0.0
227.83,30.38,31.41,29.24,29.15,9040.03,7535.25,8282.59,0.0,0.0
227.88,30.37,31.41,29.24,29.16,9040.36,7534.78,8283.1,0.0,0.0
228.0,30.39,31.42,29.24,29.16,9039.38,7532.43,8282.08,0.0,0.0
228.07,30.37,31.42,29.24,29.17,9038.74,7533.84,8282.08,0.0,0.0
228.3,30.38,31.42,29.24,29.17,9039.71,7531.97,8282.08,0.0,0.0
228.36,30.38,31.42,29.25,29.18,9040.03,7531.5,8281.06,0.0,0.0
228.42,30.39,31.42,29.24,29.18,9038.08,7531.5,8282.59,0.0,0.0
228.49,30.41,31.42,29.25,29.19,9037.11,7531.5,8281.57,0.0,0.0
228.59,30.41,31.43,29.26,29.19,9036.78,7531.03,8278.0,0.0,0.0
228.67,30.4,31.42,29.28,29.2,9036.46,7531.5,8267.81,0.0,0.0
228.77,30.41,31.43,29.3,29.2,9036.78,7531.03,8262.21,0.0,0.0
228.89,30.39,31.43,29.3,29.21,9035.81,7530.09,8262.71,0.0,0.0
228.97,30.42,31.44,29.31,29.21,9034.51,7525.41,8258.14,0.0,0.0
229.08,30.42,31.46,29.32,29.22,9035.48,7521.19,8253.56,0.0,0.0
229.17,30.43,31.47,29.32,29.23,9034.18,7516.04,8253.05,0.0,0.0
229.28,30.43,31.48,29.32,29.23,9034.18,7514.64,8253.05,0.0,0.0
229.38,30.44,31.49,29.33,29.24,9031.91,7508.56,8250.0,0.0,0.0
229.51,30.47,31.49,29.33,29.24,9027.68,7509.49,8249.49,0.0,0.0
229.59,30.45,31.49,29.33,29.25,9029.96,7508.56,8250.51,0.0,0.0
229.67,30.46,31.5,29.34,29.25,9029.63,7505.75,8248.98,0.0,0.0
229.79,30.47,31.5,29.33,29.26,9028.33,7505.28,8249.49,0.0,0.0
229.87,30.49,31.51,29.34,29.26,9026.06,7502.48,8248.98,0.0,0.0
230.04,30.49,31.51,29.33,29.27,9023.78,7502.48,8250.0,0.0,0.0
230.09,30.49,31.52,29.33,29.27,9024.76,7501.55,8250.0,0.0,0.0
230.17,30.49,31.52,29.34,29.28,9025.08,7501.55,8245.43,0.0,0.0
230.29,30.49,31.51,29.35,29.28,9025.08,7502.01,8242.38,0.0,0.0
230.44,30.5,31.52,29.37,29.29,9022.81,7501.55,8236.29,0.0,0.0
230.48,30.53,31.52,29.39,29.29,9020.86,7501.55,8230.2,0.0,0.0
230.62,30.52,31.52,29.39,29.3,9020.53,7501.55,8228.17,0.0,0.0
230.72,30.52,31.52,29.41,29.3,9022.48,7498.74,8222.6,0.0,0.0
230.79,30.54,31.54,29.41,29.31,9019.23,7495.01,8223.61,0.0,0.0
230.96,30.55,31.56,29.41,29.32,9018.26,7487.08,8220.57,0.0,0.0
230.98,30.55,31.58,29.42,29.32,9018.26,7481.95,8220.06,0.0,0.0
231.07,30.55,31.58,29.42,29.33,9018.26,7481.48,8217.53,0.0,0.0
231.18,30.52,31.59,29.42,29.33,9019.88,7478.22,8217.53,0.0,0.0
231.28,30.55,31.6,29.42,29.34,9018.26,7475.42,8217.02,0.0,0.0
231.43,30.55,31.6,29.42,29.34,9017.61,7474.49,8217.02,0.0,0.0
231.53,30.55,31.6,29.42,29.35,9015.98,7474.49,8217.53,0.0,0.0
231.6,30.55,31.6,29.42,29.35,9016.31,7473.09,8217.02,0.0,0.0
231.68,30.55,31.61,29.42,29.36,9016.31,7471.7,8217.02,0.0,0.0
231.77,30.55,31.61,29.43,29.36,9016.31,7471.7,8216.52,0.0,0.0
231.9,30.57,31.61,29.43,29.37,9014.68,7471.23,8213.99,0.0,0.0
232.01,30.57,31.61,29.43,29.37,9015.01,7471.23,8214.49,0.0,0.0
232.09,30.57,31.61,29.46,29.38,9015.33,7471.7,8205.39,0.0,0.0
232.2,30.57,31.61,29.47,29.38,9014.68,7469.84,8199.32,0.0,0.0
232.28,30.58,31.62,29.48,29.39,9013.06,7467.51,8195.28,0.0,0.0
232.39,30.59,31.63,29.48,29.39,9011.76,7465.18,8195.78,0.0,0.0
232.49,30.57,31.64,29.5,29.4,9014.36,7460.53,8189.72,0.0,0.0
232.59,30.59,31.65,29.5,29.4,9011.76,7457.28,8190.23,0.0,0.0
232.7,30.61,31.67,29.5,29.41,9011.43,7453.1,8188.71,0.0,0.0
232.82,30.6,31.67,29.51,29.41,9010.46,7450.31,8186.19,0.0,0.0
232.89,30.61,31.68,29.51,29.42,9008.51,7449.84,8185.68,0.0,0.0
232.97,30.63,31.68,29.51,29.43,9008.83,7448.45,8184.67,0.0,0.0
233.08,30.65,31.69,29.51,29.43,9005.26,7445.66,8185.18,0.0,0.0
233.18,30.63,31.69,29.51,29.44,9005.91,7445.2,8184.67,0.0,0.0
233.28,30.65,31.69,29.51,29.44,9004.93,7443.81,8185.18,0.0,0.0
233.39,30.63,31.7,29.52,29.45,9005.91,7441.95,8184.17,0.0,0.0
233.49,30.65,31.7,29.52,29.45,9004.93,7442.88,8184.17,0.0,0.0
233.58,30.67,31.7,29.52,29.46,9002.01,7441.95,8181.65,0.0,0.0
233.68,30.67,31.7,29.53,29.46,9000.39,7441.95,8178.12,0.0,0.0
233.79,30.7,31.7,29.56,29.47,8999.09,7441.95,8169.05,0.0,0.0
233.88,30.69,31.7,29.57,29.47,9000.06,7441.95,8163.51,0.0,0.0
234.06,30.69,31.7,29.58,29.48,9000.06,7441.95,8160.99,0.0,0.0
234.13,30.69,31.71,29.58,29.48,8999.41,7439.63,8159.98,0.0,0.0
234.2,30.69,31.7,29.59,29.49,8999.41,7440.56,8157.47,0.0,0.0
234.33,30.71,31.71,29.58,29.49,8996.49,7440.1,8159.98,0.0,0.0
234.41,30.7,31.73,29.6,29.5,8997.79,7433.6,8155.46,0.0,0.0
234.5,30.71,31.74,29.6,29.5,8996.81,7428.97,8152.94,0.0,0.0
234.58,30.72,31.76,29.6,29.51,8996.16,7422.95,8152.94,0.0,0.0
234.68,30.72,31.76,29.6,29.51,8996.16,7421.56,8152.94,0.0,0.0
234.79,30.71,31.78,29.6,29.52,8996.49,7417.86,8153.44,0.0,0.0
234.88,30.72,31.77,29.6,29.52,8995.51,7420.17,8152.44,0.0,0.0
235.06,30.72,31.78,29.61,29.53,8995.19,7416.01,8151.94,0.0,0.0
235.12,30.72,31.79,29.6,29.53,8995.84,7414.62,8152.44,0.0,0.0
235.17,30.72,31.79,29.61,29.54,8995.51,7413.7,8151.94,0.0,0.0
235.28,30.73,31.79,29.61,29.54,8994.22,7412.77,8151.94,0.0,0.0
235.39,30.73,31.79,29.62,29.55,8994.22,7412.31,8146.91,0.0,0.0
235.52,30.75,31.79,29.63,29.55,8993.57,7412.31,8142.39,0.0,0.0
235.59,30.75,31.79,29.65,29.56,8993.57,7411.85,8136.36,0.0,0.0
235.68,30.75,31.79,29.66,29.56,8993.57,7411.85,8132.85,0.0,0.0
235.78,30.76,31.8,29.67,29.57,8992.27,7411.38,8130.34,0.0,0.0
235.88,30.75,31.8,29.68,29.57,8991.29,7408.61,8126.83,0.0,0.0
236.02,30.76,31.81,29.69,29.58,8990.32,7407.22,8123.32,0.0,0.0
236.09,30.77,31.81,29.68,29.59,8989.34,7405.84,8126.33,0.0,0.0
236.21,30.79,31.84,29.68,29.59,8988.69,7397.52,8124.33,0.0,0.0
236.28,30.79,31.85,29.7,29.6,8988.04,7394.75,8119.82,0.0,0.0
236.37,30.79,31.86,29.69,29.6,8988.69,7391.06,8120.82,0.0,0.0
236.48,30.81,31.86,29.69,29.61,8985.45,7390.14,8120.82,0.0,0.0
236.61,30.79,31.87,29.69,29.61,8986.42,7386.45,8120.82,0.0,0.0
236.69,30.79,31.88,29.7,29.62,8986.1,7385.53,8119.82,0.0,0.0
236.78,30.81,31.88,29.69,29.62,8983.5,7385.07,8120.32,0.0,0.0
236.89,30.8,31.88,29.69,29.63,8985.12,7383.69,8120.32,0.0,0.0
237.05,30.82,31.89,29.69,29.63,8983.17,7382.76,8120.32,0.0,0.0
237.14,30.82,31.89,29.7,29.64,8983.17,7382.76,8118.31,0.0,0.0
237.2,30.84,31.89,29.71,29.64,8980.9,7382.76,8115.81,0.0,0.0
237.28,30.85,31.89,29.73,29.65,8979.6,7381.84,8107.8,0.0,0.0
237.4,30.85,31.89,29.74,29.65,8979.27,7382.76,8103.3,0.0,0.0
237.49,30.85,31.89,29.76,29.66,8979.27,7382.3,8095.8,0.0,0.0
237.62,30.86,31.89,29.76,29.66,8978.63,7382.3,8095.8,0.0,0.0
237.69,30.86,31.9,29.76,29.67,8977.65,7379.54,8095.8,0.0,0.0
237.78,30.86,31.91,29.77,29.67,8977.33,7374.01,8093.8,0.0,0.0
237.89,30.86,31.94,29.77,29.68,8978.63,7364.81,8093.3,0.0,0.0
237.97,30.86,31.95,29.78,29.68,8977.65,7361.13,8089.81,0.0,0.0
238.08,30.88,31.96,29.78,29.69,8976.35,7358.37,8089.81,0.0,0.0
238.18,30.87,31.96,29.78,29.69,8976.68,7358.83,8088.31,0.0,0.0
238.28,30.87,31.96,29.78,29.7,8976.68,7358.37,8088.81,0.0,0.0
238.43,30.88,31.97,29.78,29.7,8976.35,7356.08,8088.81,0.0,0.0
238.47,30.87,31.97,29.78,29.71,8976.68,7354.24,8088.31,0.0,0.0
238.58,30.87,31.97,29.79,29.71,8976.03,7354.7,8087.81,0.0,0.0
238.7,30.88,31.98,29.79,29.72,8975.7,7353.78,8087.81,0.0,0.0
238.79,30.88,31.98,29.79,29.72,8975.38,7353.32,8085.81,0.0,0.0
238.88,30.9,31.98,29.8,29.73,8974.73,7353.32,8081.82,0.0,0.0
239.0,30.9,31.98,29.82,29.73,8974.73,7353.32,8075.84,0.0,0.0
239.11,30.89,31.98,29.82,29.74,8973.75,7351.03,8074.34,0.0,0.0
239.21,30.87,31.98,29.85,29.74,8976.03,7351.49,8066.87,0.0,0.0
239.29,30.9,31.99,29.85,29.75,8972.78,7349.19,8064.88,0.0,0.0
239.38,30.89,31.99,29.85,29.75,8973.75,7348.27,8064.38,0.0,0.0
239.49,30.89,32.01,29.86,29.76,8973.75,7342.31,8062.39,0.0,0.0
239.62,30.9,32.02,29.86,29.76,8972.78,7339.56,8061.89,0.0,0.0
239.73,30.92,32.04,29.87,29.77,8971.16,7334.97,8057.41,0.0,0.0
239.78,30.88,32.04,29.87,29.77,8973.11,7333.6,8057.41,0.0,0.0
239.9,30.93,32.04,29.87,29.78,8969.86,7332.68,8056.91,0.0,0.0
239.99,30.92,32.06,29.87,29.78,8969.21,7327.18,8056.91,0.0,0.0
240.09,30.93,32.07,29.87,29.79,8969.53,7325.35,8056.91,0.0,0.0
240.21,30.93,32.07,29.87,29.79,8969.53,7325.35,8056.42,0.0,0.0
240.29,30.93,32.07,29.88,29.8,8969.86,7325.35,8055.92,0.0,0.0
240.39,30.93,32.07,29.87,29.8,8967.59,7323.98,8056.42,0.0,0.0
240.51,30.95,32.07,29.88,29.81,8966.61,7323.98,8055.92,0.0,0.0
240.58,30.96,32.07,29.88,29.81,8966.29,7323.98,8052.94,0.0,0.0
240.73,30.94,32.07,29.89,29.82,8967.26,7323.98,8049.95,0.0,0.0
240.81,30.96,32.07,29.92,29.82,8966.29,7323.52,8040.02,0.0,0.0
240.89,30.97,32.07,29.92,29.83,8964.66,7323.52,8041.01,0.0,0.0
240.98,30.99,32.07,29.93,29.83,8961.42,7323.98,8037.04,0.0,0.0
241.09,30.99,32.07,29.93,29.84,8961.42,7322.61,8036.54,0.0,0.0
241.19,30.99,32.08,29.94,29.84,8961.74,7320.78,8032.57,0.0,0.0
241.28,31.01,32.1,29.95,29.85,8960.77,7315.75,8030.59,0.0,0.0
241.42,31.0,32.12,29.95,29.85,8960.12,7309.8,8029.6,0.0,0.0
241.5,31.0,32.14,29.96,29.86,8959.79,7302.95,8027.12,0.0,0.0
241.63,31.01,32.14,29.96,29.86,8958.82,7302.04,8026.62,0.0,0.0
241.69,31.03,32.15,29.96,29.87,8958.5,7298.84,8025.63,0.0,0.0
241.8,31.01,32.14,29.96,29.87,8958.17,7301.12,8025.13,0.0,0.0
241.9,31.02,32.15,29.96,29.88,8957.2,7298.84,8025.13,0.0,0.0
242.0,31.02,32.16,29.96,29.88,8957.2,7297.02,8025.13,0.0,0.0
242.08,31.03,32.16,29.97,29.89,8957.52,7296.56,8024.14,0.0,0.0
242.19,31.03,32.16,29.96,29.89,8956.55,7296.1,8025.13,0.0,0.0
242.29,31.03,32.16,29.97,29.9,8956.87,7294.74,8024.14,0.0,0.0
242.38,31.03,32.16,29.97,29.9,8956.22,7294.74,8023.65,0.0,0.0
242.5,31.02,32.16,29.98,29.91,8957.85,7294.28,8019.19,0.0,0.0
242.58,31.04,32.16,29.99,29.91,8955.25,7294.74,8017.2,0.0,0.0
242.74,31.03,32.16,30.01,29.92,8956.22,7294.28,8009.78,0.0,0.0
242.79,31.03,32.17,30.02,29.92,8956.87,7293.37,8004.83,0.0,0.0
242.89,31.04,32.17,30.03,29.93,8955.9,7292.91,8001.37,0.0,0.0
243.0,31.03,32.17,30.04,29.93,8954.92,7291.54,7999.89,0.0,0.0
243.09,31.05,32.18,30.04,29.94,8954.28,7289.26,7997.41,0.0,0.0
243.24,31.04,32.19,30.04,29.94,8955.58,7286.07,7997.91,0.0,0.0
243.29,31.04,32.21,30.05,29.95,8954.6,7280.61,7995.93,0.0,0.0
243.41,31.07,32.22,30.05,29.95,8952.65,7276.51,7994.45,0.0,0.0
243.49,31.07,32.21,30.05,29.96,8952.65,7280.15,7993.46,0.0,0.0
243.59,31.05,32.22,30.06,29.96,8954.28,7276.51,7992.97,0.0,0.0
243.71,31.04,32.23,30.05,29.97,8954.6,7272.41,7993.46,0.0,0.0
243.82,31.05,32.25,30.05,29.97,8954.28,7268.32,7993.46,0.0,0.0
243.9,31.07,32.24,30.05,29.98,8952.65,7269.23,7993.46,0.0,0.0
243.99,31.06,32.25,30.06,29.98,8952.98,7268.32,7991.49,0.0,0.0
244.09,31.06,32.25,30.06,29.99,8952.98,7267.87,7990.01,0.0,0.0
244.19,31.06,32.25,30.08,29.99,8952.98,7266.96,7983.59,0.0,0.0
244.32,31.06,32.26,30.09,30.0,8953.63,7265.59,7979.64,0.0,0.0
244.41,31.07,32.26,30.11,30.0,8952.65,7265.59,7975.2,0.0,0.0
244.5,31.07,32.25,30.11,30.01,8951.68,7266.05,7973.23,0.0,0.0
244.59,31.07,32.26,30.13,30.01,8952.33,7265.59,7966.34,0.0,0.0
244.71,31.06,32.26,30.13,30.02,8952.98,7265.59,7966.34,0.0,0.0
244.86,31.08,32.26,30.13,30.02,8951.36,7265.14,7966.34,0.0,0.0
244.9,31.08,32.26,30.14,30.03,8951.03,7265.14,7962.89,0.0,0.0
244.99,31.09,32.26,30.14,30.03,8949.08,7264.68,7962.89,0.0,0.0
245.12,31.09,32.27,30.15,30.04,8949.73,7260.59,7961.9,0.0,0.0
245.2,31.09,32.28,30.14,30.04,8949.73,7258.78,7962.4,0.0,0.0
245.31,31.08,32.3,30.15,30.05,8949.41,7252.87,7961.41,0.0,0.0
245.44,31.09,32.32,30.15,30.05,8948.43,7246.52,7961.41,0.0,0.0
245.49,31.09,32.32,30.15,30.06,8948.43,7245.61,7960.43,0.0,0.0
245.61,31.12,32.32,30.15,30.06,8946.81,7244.25,7960.43,0.0,0.0
245.72,31.1,32.33,30.15,30.07,8947.14,7242.89,7960.43,0.0,0.0
245.79,31.11,32.33,30.16,30.07,8946.16,7241.08,7958.46,0.0,0.0
245.97,31.09,32.34,30.16,30.08,8949.08,7239.72,7955.02,0.0,0.0
246.07,31.11,32.34,30.18,30.08,8946.16,7238.36,7950.1,0.0,0.0
246.15,31.14,32.35,30.19,30.09,8944.54,7237.45,7945.68,0.0,0.0
246.19,31.14,32.35,30.21,30.09,8942.27,7237.0,7940.76,0.0,0.0
246.36,31.13,32.35,30.2,30.1,8944.87,7236.55,7941.25,0.0,0.0
246.47,31.13,32.35,30.22,30.1,8943.57,7236.55,7937.33,0.0,0.0
246.5,31.13,32.35,30.21,30.11,8943.24,7236.55,7937.82,0.0,0.0
246.65,31.15,32.35,30.22,30.11,8941.94,7236.55,7934.87,0.0,0.0
246.7,31.13,32.35,30.23,30.12,8943.24,7236.55,7932.42,0.0,0.0
246.8,31.14,32.35,30.23,30.12,8942.27,7236.55,7931.44,0.0,0.0
246.89,31.14,32.35,30.23,30.13,8942.27,7236.1,7931.44,0.0,0.0
246.99,31.15,32.35,30.24,30.13,8941.94,7236.1,7930.46,0.0,0.0
247.1,31.14,32.35,30.23,30.14,8942.27,7235.64,7930.95,0.0,0.0
247.19,31.15,32.36,30.24,30.14,8941.94,7234.28,7929.97,0.0,0.0
247.32,31.17,32.36,30.24,30.15,8940.0,7233.83,7930.46,0.0,0.0
247.4,31.18,32.37,30.24,30.15,8937.4,7230.21,7929.97,0.0,0.0
247.52,31.18,32.37,30.24,30.16,8937.4,7230.21,7929.48,0.0,0.0
247.59,31.18,32.37,30.24,30.16,8938.05,7228.85,7928.5,0.0,0.0
247.7,31.2,32.39,30.25,30.17,8936.43,7223.42,7925.06,0.0,0.0
247.86,31.18,32.4,30.27,30.17,8937.4,7219.35,7919.67,0.0,0.0
247.89,31.2,32.41,30.29,30.18,8935.78,7218.45,7911.84,0.0,0.0
248.01,31.18,32.42,30.29,30.18,8936.75,7215.73,7911.84,0.0,0.0
248.1,31.2,32.42,30.3,30.18,8935.13,7214.83,7908.9,0.0,0.0
248.21,31.22,32.43,30.3,30.19,8936.1,7211.21,7907.43,0.0,0.0
248.29,31.18,32.43,30.31,30.19,8938.05,7210.76,7904.01,0.0,0.0
248.44,31.21,32.44,30.32,30.2,8935.45,7208.5,7901.57,0.0,0.0
248.51,31.2,32.43,30.32,30.2,8935.13,7210.31,7900.59,0.0,0.0
248.59,31.2,32.44,30.33,30.21,8934.8,7208.96,7899.61,0.0,0.0
248.69,31.22,32.44,30.32,30.21,8933.83,7208.05,7900.59,0.0,0.0
248.79,31.2,32.44,30.33,30.22,8934.8,7207.6,7899.12,0.0,0.0
248.89,31.22,32.44,30.33,30.22,8934.16,7207.15,7899.12,0.0,0.0
249.09,31.2,32.44,30.33,30.23,8934.8,7207.6,7899.12,0.0,0.0
249.15,31.22,32.44,30.33,30.23,8933.51,7207.15,7898.63,0.0,0.0
249.27,31.22,32.44,30.33,30.24,8933.83,7207.6,7898.14,0.0,0.0
249.29,31.2,32.44,30.33,30.24,8934.8,7207.6,7898.14,0.0,0.0
249.42,31.2,32.44,30.33,30.25,8934.48,7207.6,7898.14,0.0,0.0
249.51,31.22,32.44,30.34,30.25,8933.51,7207.15,7894.23,0.0,0.0
249.65,31.23,32.44,30.35,30.26,8932.86,7207.15,7891.79,0.0,0.0
249.74,31.23,32.45,30.36,30.26,8932.86,7204.44,7887.4,0.0,0.0
249.8,31.22,32.45,30.38,30.26,8933.83,7203.99,7880.08,0.0,0.0
249.98,31.25,32.47,30.39,30.27,8930.59,7199.93,7877.15,0.0,0.0
250.01,31.23,32.48,30.39,30.27,8932.86,7196.32,7878.62,0.0,0.0
250.14,31.23,32.49,30.4,30.28,8932.86,7193.62,7875.2,0.0,0.0
250.19,31.22,32.5,30.4,30.28,8933.51,7188.66,7874.23,0.0,0.0
250.31,31.23,32.51,30.41,30.29,8931.88,7186.86,7870.82,0.0,0.0
250.39,31.23,32.51,30.41,30.29,8932.53,7186.86,7870.82,0.0,0.0
250.5,31.24,32.51,30.41,30.3,8930.91,7187.76,7870.33,0.0,0.0
250.6,31.22,32.51,30.41,30.3,8932.21,7185.96,7869.84,0.0,0.0
250.75,31.23,32.52,30.42,30.31,8931.24,7184.15,7867.89,0.0,0.0
250.81,31.23,32.52,30.42,30.31,8932.53,7184.15,7867.41,0.0,0.0
250.94,31.26,32.52,30.42,30.32,8929.29,7183.25,7867.41,0.0,0.0
251.09,31.26,32.53,30.42,30.32,8928.64,7181.9,7866.92,0.0,0.0
251.13,31.26,32.53,30.42,30.32,8927.99,7179.65,7866.92,0.0,0.0
251.24,31.26,32.53,30.42,30.33,8927.99,7181.0,7867.41,0.0,0.0
251.31,31.28,32.54,30.42,30.33,8926.69,7178.3,7867.89,0.0,0.0
251.42,31.28,32.53,30.42,30.34,8927.67,7179.2,7867.41,0.0,0.0
251.52,31.3,32.54,30.42,30.34,8924.42,7178.75,7867.41,0.0,0.0
251.6,31.29,32.54,30.42,30.35,8923.13,7178.3,7867.41,0.0,0.0
251.72,31.29,32.54,30.42,30.35,8923.77,7178.3,7867.89,0.0,0.0
251.8,31.29,32.54,30.43,30.36,8925.07,7178.3,7864.49,0.0,0.0
251.96,31.31,32.54,30.43,30.36,8921.83,7178.3,7864.49,0.0,0.0
252.02,31.3,32.54,30.44,30.37,8922.8,7178.75,7859.62,0.0,0.0
252.1,31.33,32.54,30.45,30.37,8920.21,7178.3,7855.73,0.0,0.0
252.19,31.35,32.54,30.47,30.38,8917.29,7178.75,7850.38,0.0,0.0
252.3,31.33,32.54,30.47,30.38,8919.88,7176.5,7848.43,0.0,0.0
252.4,31.36,32.54,30.48,30.38,8917.94,7176.05,7846.49,0.0,0.0
252.54,31.35,32.54,30.48,30.39,8916.31,7176.05,7845.03,0.0,0.0
252.6,31.34,32.55,30.48,30.39,8918.26,7175.15,7847.95,0.0,0.0
252.7,31.35,32.56,30.49,30.4,8916.64,7171.11,7844.06,0.0,0.0
252.81,31.36,32.56,30.49,30.4,8915.34,7171.56,7843.58,0.0,0.0
252.96,31.36,32.57,30.5,30.41,8915.66,7166.61,7839.69,0.0,0.0
252.99,31.35,32.58,30.5,30.41,8916.31,7165.71,7840.66,0.0,0.0
253.1,31.36,32.59,30.5,30.42,8915.34,7162.57,7838.23,0.0,0.0
253.2,31.38,32.59,30.5,30.42,8913.4,7162.57,7839.69,0.0,0.0
253.32,31.36,32.6,30.5,30.42,8915.66,7158.53,7839.2,0.0,0.0
253.4,31.35,32.6,30.51,30.43,8916.64,7158.53,7837.26,0.0,0.0
253.51,31.38,32.6,30.51,30.43,8914.37,7158.53,7836.29,0.0,0.0
253.6,31.38,32.61,30.51,30.44,8914.04,7156.73,7836.29,0.0,0.0
253.72,31.39,32.61,30.51,30.44,8912.75,7157.18,7836.29,0.0,0.0
253.8,31.38,32.61,30.51,30.45,8913.4,7155.83,7836.78,0.0,0.0
253.91,31.38,32.62,30.51,30.45,8913.72,7154.04,7836.78,0.0,0.0
254.05,31.39,32.62,30.51,30.45,8912.75,7151.79,7836.78,0.0,0.0
254.1,31.39,32.62,30.51,30.46,8912.42,7152.69,7834.84,0.0,0.0
254.21,31.41,32.62,30.51,30.46,8910.48,7151.35,7835.32,0.0,0.0
254.3,31.39,32.63,30.53,30.47,8912.42,7150.0,7830.95,0.0,0.0
254.41,31.41,32.63,30.55,30.47,8910.8,7150.0,7824.17,0.0,0.0
254.5,31.4,32.63,30.56,30.48,8911.45,7150.0,7819.81,0.0,0.0
254.6,31.41,32.63,30.56,30.48,8910.15,7150.0,7818.35,0.0,0.0
254.7,31.41,32.63,30.56,30.49,8910.8,7150.0,7818.35,0.0,0.0
254.81,31.43,32.63,30.57,30.49,8907.23,7149.1,7815.45,0.0,0.0
254.9,31.42,32.63,30.58,30.49,8909.5,7149.55,7813.51,0.0,0.0
255.01,31.41,32.63,30.59,30.5,8909.83,7149.55,7810.61,0.0,0.0
255.15,31.41,32.64,30.58,30.5,8908.85,7146.41,7812.06,0.0,0.0
255.2,31.43,32.64,30.6,30.51,8907.23,7145.96,7807.22,0.0,0.0
255.3,31.43,32.66,30.6,30.51,8907.88,7139.24,7807.22,0.0,0.0
255.4,31.44,32.67,30.6,30.52,8906.58,7136.11,7805.77,0.0,0.0
255.52,31.45,32.68,30.6,30.52,8904.31,7134.32,7805.29,0.0,0.0
255.6,31.45,32.69,30.6,30.52,8904.31,7132.08,7805.29,0.0,0.0
255.72,31.46,32.69,30.6,30.53,8904.64,7130.74,7805.77,0.0,0.0
255.8,31.46,32.71,30.6,30.53,8903.67,7126.26,7805.77,0.0,0.0
255.9,31.5,32.7,30.6,30.54,8899.77,7127.16,7805.29,0.0,0.0
256.03,31.48,32.71,30.61,30.54,8902.04,7124.47,7803.83,0.0,0.0
256.15,31.5,32.71,30.61,30.55,8898.48,7125.82,7802.87,0.0,0.0
256.21,31.48,32.71,30.62,30.55,8900.42,7124.03,7798.52,0.0,0.0
256.3,31.49,32.72,30.64,30.55,8899.45,7122.24,7793.2,0.0,0.0
256.41,31.5,32.72,30.65,30.56,8897.83,7121.34,7788.37,0.0,0.0
256.51,31.51,32.72,30.66,30.56,8896.86,7121.34,7784.51,0.0,0.0
256.6,31.5,32.72,30.67,30.57,8898.8,7121.34,7783.07,0.0,0.0
256.7,31.52,32.72,30.67,30.57,8897.51,7121.34,7782.1,0.0,0.0
256.8,31.52,32.72,30.68,30.58,8896.21,7120.9,7780.17,0.0,0.0
256.9,31.52,32.72,30.67,30.58,8896.21,7120.9,7781.62,0.0,0.0
257.01,31.53,32.73,30.68,30.58,8895.88,7119.56,7777.28,0.0,0.0
257.11,31.53,32.73,30.68,30.59,8894.26,7118.22,7777.76,0.0,0.0
257.22,31.53,32.74,30.69,30.59,8895.88,7114.64,7776.8,0.0,0.0
257.3,31.56,32.75,30.69,30.6,8893.29,7111.52,7775.35,0.0,0.0
257.4,31.53,32.76,30.69,30.6,8894.26,7108.84,7774.87,0.0,0.0
257.5,31.56,32.76,30.69,30.61,8893.29,7109.73,7773.91,0.0,0.0
257.62,31.56,32.78,30.69,30.61,8893.29,7103.93,7774.39,0.0,0.0
257.71,31.55,32.78,30.69,30.61,8893.61,7102.59,7774.39,0.0,0.0
257.81,31.55,32.79,30.69,30.62,8893.61,7099.47,7773.91,0.0,0.0
257.92,31.54,32.8,30.69,30.62,8892.97,7096.35,7774.39,0.0,0.0
258.01,31.57,32.8,30.69,30.63,8890.69,7096.8,7774.39,0.0,0.0
258.12,31.56,32.81,30.69,30.63,8891.34,7095.46,7773.91,0.0,0.0
258.21,31.56,32.81,30.7,30.63,8891.34,7095.9,7773.42,0.0,0.0
258.34,31.56,32.81,30.69,30.64,8891.99,7094.12,7773.91,0.0,0.0
258.4,31.57,32.81,30.69,30.64,8890.69,7093.68,7773.91,0.0,0.0
258.51,31.57,32.81,30.7,30.65,8891.67,7093.68,7771.5,0.0,0.0
258.69,31.59,32.81,30.71,30.65,8889.08,7093.23,7769.09,0.0,0.0
258.71,31.57,32.82,30.71,30.66,8888.75,7092.79,7767.64,0.0,0.0
258.82,31.58,32.82,30.73,30.66,8889.4,7092.79,7762.35,0.0,0.0
258.9,31.59,32.82,30.73,30.66,8888.43,7092.79,7763.31,0.0,0.0
259.0,31.59,32.82,30.73,30.67,8889.08,7091.89,7760.9,0.0,0.0
259.16,31.57,32.82,30.75,30.67,8888.75,7092.34,7756.09,0.0,0.0
259.21,31.6,32.82,30.75,30.68,8887.78,7091.89,7754.17,0.0,0.0
259.35,31.61,32.82,30.76,30.68,8885.51,7091.0,7750.8,0.0,0.0
259.42,31.61,32.82,30.76,30.69,8886.81,7092.79,7751.28,0.0,0.0
259.5,31.62,32.82,30.76,30.69,8884.86,7091.45,7752.25,0.0,0.0
259.6,31.62,32.82,30.76,30.69,8886.16,7091.45,7752.25,0.0,0.0
259.7,31.62,32.82,30.77,30.7,8884.54,7091.89,7748.88,0.0,0.0
259.81,31.62,32.83,30.77,30.7,8884.54,7087.0,7749.84,0.0,0.0
259.94,31.59,32.83,30.77,30.71,8887.45,7089.22,7747.44,0.0,0.0
260.04,31.6,32.83,30.78,30.71,8886.48,7087.0,7746.0,0.0,0.0
260.13,31.62,32.85,30.77,30.72,8884.54,7083.88,7748.4,0.0,0.0
260.22,31.62,32.85,30.78,30.72,8885.18,7083.43,7744.56,0.0,0.0
260.31,31.62,32.84,30.77,30.72,8883.24,7084.33,7746.96,0.0,0.0
260.42,31.64,32.86,30.78,30.73,8882.27,7078.99,7744.56,0.0,0.0
260.5,31.62,32.87,30.79,30.73,8883.24,7074.98,7743.12,0.0,0.0
260.6,31.62,32.87,30.78,30.74,8885.18,7075.87,7744.56,0.0,0.0
260.71,31.65,32.87,30.78,30.74,8880.65,7074.98,7744.08,0.0,0.0
260.8,31.64,32.88,30.78,30.74,8882.59,7072.32,7744.08,0.0,0.0
260.91,31.64,32.89,30.78,30.75,8882.59,7068.76,7743.6,0.0,0.0
261.0,31.65,32.89,30.78,30.75,8880.65,7070.1,7744.08,0.0,0.0
261.11,31.66,32.89,30.79,30.76,8879.67,7070.98,7743.12,0.0,0.0
261.21,31.67,32.9,30.78,30.76,8878.05,7066.54,7743.6,0.0,0.0
261.31,31.66,32.89,30.78,30.76,8880.32,7069.21,7743.6,0.0,0.0
261.4,31.66,32.89,30.78,30.77,8880.32,7068.76,7743.6,0.0,0.0
261.51,31.67,32.9,30.78,30.77,8878.38,7066.99,7743.6,0.0,0.0
261.6,31.69,32.9,30.78,30.78,8878.7,7067.87,7743.6,0.0,0.0
261.75,31.67,32.91,30.78,30.78,8879.35,7065.21,7743.6,0.0,0.0
261.96,31.69,32.9,30.79,30.78,8877.41,7066.1,7743.12,0.0,0.0
262.01,31.66,32.91,30.78,30.79,8880.32,7064.32,7744.08,0.0,0.0
262.1,31.66,32.91,30.79,30.79,8879.03,7065.21,7742.64,0.0,0.0
262.13,31.67,32.91,30.8,30.8,8878.05,7065.21,7737.84,0.0,0.0
262.26,31.69,32.91,30.8,30.8,8878.7,7064.77,7738.31,0.0,0.0
262.31,31.69,32.91,30.81,30.81,8876.76,7064.32,7733.52,0.0,0.0
262.43,31.67,32.91,30.82,30.81,8879.35,7064.32,7731.12,0.0,0.0
262.55,31.67,32.91,30.83,30.81,8878.05,7064.32,7728.24,0.0,0.0
262.62,31.66,32.91,30.84,30.82,8879.67,7063.88,7725.36,0.0,0.0
262.76,31.67,32.91,30.84,30.82,8878.38,7064.32,7724.41,0.0,0.0
262.81,31.69,32.91,30.85,30.83,8876.43,7064.32,7721.05,0.0,0.0
262.94,31.69,32.91,30.85,30.83,8876.43,7064.32,7722.49,0.0,0.0
263.0,31.67,32.91,30.86,30.83,8877.73,7064.32,7718.66,0.0,0.0
263.11,31.69,32.91,30.85,30.84,8876.11,7063.43,7720.09,0.0,0.0
263.25,31.7,32.91,30.86,30.84,8875.79,7063.43,7716.74,0.0,0.0
263.31,31.7,32.91,30.87,30.85,8875.14,7063.43,7715.79,0.0,0.0
263.41,31.72,32.92,30.86,30.85,8873.19,7060.33,7717.7,0.0,0.0
263.51,31.71,32.93,30.87,30.85,8873.52,7059.0,7715.79,0.0,0.0
263.62,31.71,32.94,30.88,30.86,8875.46,7055.45,7712.43,0.0,0.0
263.75,31.71,32.95,30.87,30.86,8873.52,7051.01,7712.91,0.0,0.0
263.81,31.71,32.95,30.88,30.86,8872.87,7051.46,7711.95,0.0,0.0
263.91,31.71,32.96,30.87,30.87,8872.22,7047.91,7712.91,0.0,0.0
264.01,31.72,32.96,30.87,30.87,8873.19,7047.91,7713.39,0.0,0.0
264.11,31.73,32.98,30.87,30.88,8871.25,7042.59,7712.91,0.0,0.0
264.27,31.71,32.98,30.88,30.88,8872.22,7042.15,7712.43,0.0,0.0
264.31,31.71,32.99,30.89,30.88,8872.22,7039.49,7708.61,0.0,0.0
264.41,31.71,33.0,30.9,30.89,8872.54,7038.17,7705.74,0.0,0.0
264.51,31.72,33.0,30.91,30.89,8871.9,7037.72,7702.39,0.0,0.0
264.62,31.72,33.0,30.92,30.9,8870.6,7035.95,7696.18,0.0,0.0
264.72,31.72,33.0,30.93,30.9,8870.6,7036.84,7695.7,0.0,0.0
264.84,31.74,33.0,30.95,30.9,8870.27,7035.95,7688.06,0.0,0.0
264.91,31.75,33.0,30.95,30.91,8869.63,7035.95,7689.49,0.0,0.0
265.01,31.75,33.01,30.95,30.91,8868.98,7035.07,7688.06,0.0,0.0
265.11,31.76,33.0,30.95,30.91,8868.33,7035.51,7688.54,0.0,0.0
265.26,31.77,33.0,30.95,30.92,8868.01,7035.51,7689.02,0.0,0.0
265.32,31.77,33.01,30.95,30.92,8867.68,7035.07,7686.15,0.0,0.0
265.41,31.78,33.02,30.96,30.93,8865.74,7031.09,7684.24,0.0,0.0
265.51,31.78,33.03,30.96,30.93,8867.03,7027.11,7683.29,0.0,0.0
265.61,31.78,33.04,30.96,30.93,8865.42,7023.57,7683.77,0.0,0.0
265.71,31.8,33.07,30.97,30.94,8863.79,7016.95,7682.81,0.0,0.0
265.82,31.78,33.06,30.97,30.94,8865.74,7019.15,7682.81,0.0,0.0
265.91,31.8,33.08,30.97,30.95,8863.79,7012.53,7682.34,0.0,0.0
266.01,31.8,33.07,30.97,30.95,8863.15,7016.06,7682.34,0.0,0.0
266.11,31.83,33.07,30.97,30.95,8859.91,7016.5,7682.34,0.0,0.0
266.22,31.82,33.07,30.97,30.96,8861.53,7016.06,7682.34,0.0,0.0
266.31,31.84,33.08,30.97,30.96,8858.61,7012.53,7682.81,0.0,0.0
266.43,31.82,33.09,30.97,30.96,8860.55,7010.33,7681.86,0.0,0.0
266.51,31.83,33.09,30.97,30.97,8859.91,7009.89,7682.81,0.0,0.0
266.63,31.83,33.09,30.97,30.97,8859.91,7009.44,7682.34,0.0,0.0
266.81,31.85,33.1,30.97,30.98,8857.96,7007.68,7679.95,0.0,0.0
266.85,31.85,33.1,30.99,30.98,8857.96,7007.68,7676.14,0.0,0.0
266.94,31.86,33.1,31.0,30.98,8855.69,7007.68,7670.42,0.0,0.0
267.01,31.84,33.1,31.02,30.99,8858.29,7007.68,7665.18,0.0,0.0
267.11,31.88,33.1,31.03,30.99,8854.4,7007.24,7662.33,0.0,0.0
267.21,31.88,33.1,31.03,31.0,8853.75,7006.8,7660.42,0.0,0.0
267.37,31.88,33.11,31.04,31.0,8853.1,7004.59,7658.04,0.0,0.0
267.42,31.86,33.11,31.05,31.0,8855.37,7004.59,7656.14,0.0,0.0
267.51,31.85,33.11,31.05,31.01,8856.34,7003.71,7655.19,0.0,0.0
267.61,31.88,33.14,31.05,31.01,8854.4,6995.78,7655.67,0.0,0.0
267.72,31.88,33.14,31.05,31.02,8853.75,6995.34,7654.24,0.0,0.0
267.82,31.86,33.15,31.06,31.02,8856.02,6992.7,7652.81,0.0,0.0
267.91,31.88,33.15,31.06,31.02,8854.4,6991.82,7652.81,0.0,0.0
268.01,31.88,33.15,31.06,31.03,8854.07,6993.14,7651.39,0.0,0.0
268.13,31.89,33.17,31.06,31.03,8852.78,6984.78,7651.39,0.0,0.0
268.23,31.88,33.18,31.06,31.03,8853.1,6984.34,7652.34,0.0,0.0
268.36,31.88,33.18,31.06,31.04,8853.43,6984.34,7651.86,0.0,0.0
268.42,31.9,33.18,31.06,31.04,8852.45,6983.46,7652.34,0.0,0.0
268.52,31.9,33.18,31.06,31.05,8851.81,6981.7,7652.34,0.0,0.0
268.61,31.9,33.19,31.06,31.05,8852.13,6981.26,7651.86,0.0,0.0
268.72,31.9,33.19,31.06,31.05,8852.45,6979.94,7650.44,0.0,0.0
268.87,31.9,33.19,31.06,31.06,8851.81,6980.38,7649.96,0.0,0.0
268.91,31.9,33.19,31.08,31.06,8851.81,6979.5,7645.21,0.0,0.0
269.01,31.9,33.19,31.08,31.07,8851.81,6979.94,7643.31,0.0,0.0
269.13,31.91,33.19,31.1,31.07,8851.48,6979.06,7639.04,0.0,0.0
269.22,31.89,33.19,31.12,31.07,8851.16,6979.06,7632.87,0.0,0.0
269.36,31.9,33.19,31.13,31.08,8850.51,6978.62,7629.55,0.0,0.0
269.47,31.9,33.2,31.13,31.08,8851.81,6977.74,7628.61,0.0,0.0
269.51,31.91,33.21,31.12,31.09,8850.19,6974.67,7630.5,0.0,0.0
269.66,31.91,33.21,31.13,31.09,8848.89,6973.35,7626.71,0.0,0.0
269.74,31.91,33.24,31.14,31.09,8851.48,6965.88,7625.29,0.0,0.0
269.88,31.91,33.25,31.14,31.1,8849.21,6963.25,7624.34,0.0,0.0
269.92,31.9,33.25,31.14,31.1,8850.51,6963.25,7623.39,0.0,0.0
270.02,31.93,33.25,31.15,31.1,8847.27,6961.5,7621.97,0.0,0.0
270.16,31.92,33.26,31.15,31.11,8848.24,6958.43,7621.97,0.0,0.0
270.24,31.95,33.27,31.15,31.11,8845.33,6955.8,7621.5,0.0,0.0
270.38,31.91,33.27,31.15,31.12,8849.21,6956.67,7621.97,0.0,0.0
270.46,31.96,33.27,31.15,31.12,8845.65,6954.48,7621.5,0.0,0.0
270.54,31.93,33.27,31.15,31.12,8846.62,6955.36,7621.5,0.0,0.0
270.61,31.95,33.27,31.15,31.13,8846.95,6954.48,7621.5,0.0,0.0
270.74,31.96,33.28,31.15,31.13,8843.71,6953.6,7621.5,0.0,0.0
270.82,31.96,33.28,31.16,31.14,8844.03,6952.29,7619.6,0.0,0.0
270.98,31.95,33.28,31.17,31.14,8844.36,6951.85,7615.82,0.0,0.0
271.02,31.97,33.29,31.18,31.14,8842.74,6951.41,7612.03,0.0,0.0
271.11,31.99,33.29,31.19,31.15,8841.12,6951.41,7607.3,0.0,0.0
271.21,31.98,33.29,31.2,31.15,8842.09,6951.41,7605.88,0.0,0.0
271.42,31.98,33.29,31.21,31.16,8842.41,6950.98,7600.21,0.0,0.0
271.44,32.0,33.29,31.21,31.16,8840.47,6951.41,7600.68,0.0,0.0
271.52,32.02,33.29,31.22,31.16,8837.55,6950.98,7597.38,0.0,0.0
271.61,32.01,33.29,31.23,31.17,8839.5,6950.1,7595.02,0.0,0.0
271.71,32.01,33.3,31.23,31.17,8838.53,6947.91,7595.49,0.0,0.0
271.81,32.02,33.3,31.23,31.18,8836.91,6947.47,7595.02,0.0,0.0
271.95,32.04,33.3,31.24,31.18,8835.61,6946.6,7591.24,0.0,0.0
272.02,32.05,33.32,31.24,31.18,8834.96,6940.47,7591.71,0.0,0.0
272.12,32.03,33.33,31.24,31.19,8835.29,6939.59,7592.18,0.0,0.0
272.21,32.05,33.33,31.24,31.19,8834.96,6937.41,7591.71,0.0,0.0
272.32,32.05,33.34,31.24,31.19,8834.32,6936.53,7591.71,0.0,0.0
272.46,32.06,33.35,31.24,31.2,8832.05,6932.6,7591.24,0.0,0.0
272.52,32.06,33.35,31.24,31.2,8832.7,6930.85,7590.77,0.0,0.0
272.61,32.06,33.36,31.24,31.21,8832.05,6929.97,7591.24,0.0,0.0
272.72,32.06,33.37,31.24,31.21,8832.7,6927.35,7590.29,0.0,0.0
272.84,32.08,33.37,31.24,31.21,8830.75,6926.92,7590.77,0.0,0.0
272.92,32.07,33.37,31.25,31.22,8831.08,6926.04,7588.88,0.0,0.0
273.02,32.07,33.38,31.27,31.22,8831.4,6924.73,7582.75,0.0,0.0
273.12,32.07,33.38,31.28,31.23,8831.4,6923.42,7577.56,0.0,0.0
273.21,32.06,33.38,31.29,31.23,8832.05,6923.42,7574.73,0.0,0.0
273.33,32.08,33.38,31.29,31.23,8830.43,6923.86,7576.15,0.0,0.0
273.49,32.08,33.38,31.31,31.24,8830.43,6922.99,7569.55,0.0,0.0
273.54,32.07,33.38,31.31,31.24,8831.08,6923.42,7568.61,0.0,0.0
273.62,32.07,33.38,31.31,31.24,8831.08,6923.42,7567.67,0.0,0.0
273.74,32.09,33.38,31.32,31.25,8829.78,6923.42,7564.37,0.0,0.0
273.82,32.09,33.38,31.32,31.25,8829.78,6922.55,7565.79,0.0,0.0
273.92,32.08,33.39,31.33,31.26,8829.13,6920.8,7561.55,0.0,0.0
274.01,32.09,33.4,31.33,31.26,8829.78,6917.31,7562.96,0.0,0.0
274.13,32.08,33.42,31.33,31.26,8829.13,6910.33,7561.55,0.0,0.0
274.2,32.09,33.44,31.33,31.27,8828.81,6906.41,7561.55,0.0,0.0
274.35,32.08,33.43,31.33,31.27,8829.46,6909.02,7561.08,0.0,0.0
274.52,32.1,33.45,31.33,31.28,8828.16,6902.05,7561.55,0.0,0.0
274.58,32.11,33.46,31.33,31.28,8827.51,6900.75,7561.55,0.0,0.0
274.64,32.11,33.46,31.33,31.28,8827.84,6900.75,7560.61,0.0,0.0
274.72,32.12,33.45,31.33,31.29,8826.87,6901.18,7561.55,0.0,0.0
274.8,32.08,33.46,31.33,31.29,8829.13,6899.0,7560.61,0.0,0.0
274.91,32.13,33.47,31.33,31.29,8826.54,6897.7,7560.61,0.0,0.0
275.01,32.12,33.47,31.34,31.3,8826.87,6898.13,7559.2,0.0,0.0
275.12,32.12,33.47,31.35,31.3,8825.89,6896.39,7554.5,0.0,0.0
275.29,32.13,33.47,31.36,31.31,8826.54,6895.96,7552.62,0.0,0.0
275.32,32.12,33.47,31.37,31.31,8824.92,6895.52,7547.92,0.0,0.0
275.43,32.13,33.48,31.39,31.31,8825.25,6895.09,7542.29,0.0,0.0
275.51,32.13,33.47,31.39,31.32,8824.28,6895.52,7542.76,0.0,0.0
275.68,32.15,33.47,31.4,31.32,8821.69,6895.52,7539.47,0.0,0.0
275.71,32.16,33.47,31.4,31.33,8821.04,6895.52,7539.0,0.0,0.0
275.83,32.16,33.47,31.41,31.33,8821.04,6895.52,7535.25,0.0,0.0
275.92,32.15,33.48,31.41,31.33,8822.01,6894.22,7536.66,0.0,0.0
276.01,32.17,33.48,31.42,31.34,8820.07,6894.65,7532.9,0.0,0.0
276.14,32.19,33.48,31.41,31.34,8819.1,6892.48,7534.78,0.0,0.0
276.25,32.19,33.49,31.42,31.35,8817.8,6891.17,7532.9,0.0,0.0
276.32,32.2,33.5,31.42,31.35,8817.15,6888.56,7531.5,0.0,0.0
276.44,32.21,33.51,31.43,31.35,8814.89,6885.95,7530.56,0.0,0.0
276.61,32.2,33.52,31.43,31.36,8816.18,6883.35,7531.03,0.0,0.0
276.72,32.23,33.53,31.42,31.36,8813.59,6879.87,7531.5,0.0,0.0
276.77,32.21,33.53,31.42,31.37,8815.54,6878.57,7531.5,0.0,0.0
276.82,32.21,33.54,31.43,31.37,8815.21,6875.53,7531.03,0.0,0.0
276.95,32.23,33.54,31.42,31.37,8811.65,6874.66,7531.5,0.0,0.0
277.02,32.25,33.54,31.42,31.38,8811.33,6874.66,7531.5,0.0,0.0
277.14,32.23,33.56,31.43,31.38,8811.65,6871.62,7531.03,0.0,0.0
277.23,32.25,33.56,31.43,31.38,8811.33,6870.75,7529.62,0.0,0.0
277.37,32.23,33.56,31.43,31.39,8811.65,6869.02,7528.22,0.0,0.0
277.55,32.26,33.57,31.44,31.39,8810.03,6867.72,7526.34,0.0,0.0
277.6,32.23,33.56,31.45,31.4,8811.65,6869.02,7523.06,0.0,0.0
277.72,32.25,33.57,31.45,31.4,8810.36,6868.15,7523.06,0.0,0.0
277.76,32.26,33.57,31.47,31.4,8810.03,6867.72,7516.98,0.0,0.0
277.82,32.25,33.57,31.48,31.41,8810.68,6867.28,7514.17,0.0,0.0
277.92,32.26,33.57,31.48,31.41,8808.74,6867.28,7511.83,0.0,0.0
278.05,32.25,33.57,31.49,31.42,8810.68,6866.85,7509.96,0.0,0.0
278.12,32.26,33.57,31.49,31.42,8810.03,6866.41,7509.02,0.0,0.0
278.25,32.26,33.57,31.5,31.42,8809.06,6867.72,7508.09,0.0,0.0
278.33,32.26,33.57,31.5,31.43,8809.38,6866.85,7508.09,0.0,0.0
278.56,32.26,33.58,31.51,31.43,8808.74,6865.55,7502.95,0.0,0.0
278.62,32.26,33.59,31.51,31.43,8809.06,6860.34,7504.35,0.0,0.0
278.73,32.28,33.59,31.51,31.44,8808.09,6861.64,7502.95,0.0,0.0
278.79,32.27,33.6,31.51,31.44,8808.41,6859.04,7502.48,0.0,0.0
278.91,32.28,33.62,31.52,31.45,8807.77,6851.68,7501.55,0.0,0.0
279.0,32.27,33.64,31.52,31.45,8808.41,6847.79,7501.55,0.0,0.0
279.05,32.28,33.63,31.52,31.45,8806.47,6849.52,7501.55,0.0,0.0
279.16,32.3,33.63,31.52,31.46,8806.79,6849.95,7501.55,0.0,0.0
279.28,32.28,33.64,31.52,31.46,8806.47,6846.49,7501.08,0.0,0.0
279.43,32.28,33.65,31.52,31.47,8806.47,6842.59,7501.08,0.0,0.0
279.47,32.28,33.66,31.52,31.47,8805.18,6841.73,7501.08,0.0,0.0
279.64,32.28,33.66,31.52,31.47,8805.5,6841.73,7500.14,0.0,0.0
279.69,32.28,33.66,31.53,31.48,8807.77,6841.73,7496.88,0.0,0.0
279.76,32.3,33.66,31.54,31.48,8804.2,6840.86,7493.61,0.0,0.0
279.83,32.3,33.66,31.55,31.48,8804.53,6840.0,7490.34,0.0,0.0
279.91,32.31,33.66,31.57,31.49,8803.23,6840.0,7484.74,0.0,0.0
280.03,32.33,33.66,31.58,31.49,8801.94,6840.0,7481.95,0.0,0.0
280.12,32.33,33.66,31.58,31.5,8802.26,6839.57,7479.15,0.0,0.0
280.23,32.33,33.66,31.59,31.5,8801.94,6840.0,7477.75,0.0,0.0
280.36,32.33,33.67,31.59,31.5,8800.97,6838.7,7478.22,0.0,0.0
280.44,32.34,33.67,31.59,31.51,8801.29,6839.14,7478.68,0.0,0.0
280.52,32.33,33.67,31.6,31.51,8800.64,6837.41,7475.42,0.0,0.0
280.65,32.36,33.68,31.6,31.52,8798.05,6836.11,7475.89,0.0,0.0
280.74,32.36,33.68,31.6,31.52,8797.73,6834.81,7473.09,0.0,0.0
280.81,32.37,33.7,31.61,31.52,8796.11,6830.06,7472.16,0.0,0.0
280.95,32.37,33.7,31.61,31.53,8797.08,6829.2,7472.16,0.0,0.0
281.01,32.38,33.71,31.61,31.53,8794.49,6824.88,7471.23,0.0,0.0
281.15,32.38,33.73,31.61,31.53,8795.47,6821.43,7471.23,0.0,0.0
281.23,32.4,33.72,31.61,31.54,8793.2,6823.59,7471.23,0.0,0.0
281.32,32.4,33.73,31.61,31.54,8793.2,6821.86,7471.7,0.0,0.0
281.43,32.4,33.73,31.61,31.55,8794.17,6819.7,7470.77,0.0,0.0
281.53,32.4,33.74,31.61,31.55,8792.55,6818.84,7471.23,0.0,0.0
281.7,32.41,33.74,31.61,31.55,8793.52,6816.69,7470.77,0.0,0.0
281.72,32.4,33.74,31.62,31.56,8792.55,6816.26,7468.44,0.0,0.0
281.81,32.42,33.75,31.62,31.56,8790.61,6814.1,7467.97,0.0,0.0
281.92,32.42,33.75,31.62,31.56,8790.61,6813.67,7467.51,0.0,0.0
282.03,32.43,33.75,31.63,31.57,8789.64,6814.1,7464.72,0.0,0.0
282.12,32.44,33.75,31.63,31.57,8788.99,6813.24,7465.65,0.0,0.0
282.29,32.45,33.76,31.64,31.58,8788.35,6812.38,7462.39,0.0,0.0
282.36,32.43,33.76,31.65,31.58,8789.64,6812.38,7457.28,0.0,0.0
282.45,32.42,33.76,31.66,31.58,8789.96,6812.38,7455.88,0.0,0.0
282.58,32.44,33.76,31.67,31.59,8788.99,6811.95,7452.63,0.0,0.0
282.61,32.45,33.76,31.67,31.59,8787.05,6812.38,7452.17,0.0,0.0
282.72,32.42,33.76,31.67,31.6,8789.96,6812.38,7450.31,0.0,0.0
282.85,32.45,33.76,31.68,31.6,8788.35,6811.95,7447.52,0.0,0.0
282.91,32.44,33.76,31.68,31.6,8788.67,6811.95,7447.52,0.0,0.0
283.03,32.46,33.76,31.69,31.61,8787.7,6811.95,7444.74,0.0,0.0
283.17,32.44,33.76,31.69,31.61,8788.02,6811.51,7444.74,0.0,0.0
283.3,32.45,33.76,31.69,31.61,8787.38,6811.51,7443.81,0.0,0.0
283.33,32.45,33.78,31.69,31.62,8787.38,6807.21,7443.81,0.0,0.0
283.44,32.46,33.79,31.7,31.62,8786.41,6803.76,7442.42,0.0,0.0
283.52,32.47,33.79,31.7,31.63,8785.76,6801.61,7441.49,0.0,0.0
283.63,32.47,33.8,31.7,31.63,8786.08,6800.32,7441.49,0.0,0.0
283.72,32.45,33.81,31.7,31.63,8785.43,6796.02,7441.95,0.0,0.0
283.85,32.46,33.82,31.7,31.64,8786.41,6795.16,7441.95,0.0,0.0
283.94,32.48,33.83,31.7,31.64,8784.46,6792.58,7441.95,0.0,0.0
284.04,32.47,33.83,31.7,31.64,8785.11,6792.15,7441.49,0.0,0.0
284.18,32.45,33.84,31.7,31.65,8785.43,6787.85,7441.49,0.0,0.0
284.22,32.48,33.84,31.7,31.65,8784.14,6789.57,7441.95,0.0,0.0
284.32,32.48,33.84,31.7,31.66,8784.14,6787.85,7441.49,0.0,0.0
284.43,32.5,33.85,31.7,31.66,8782.2,6786.99,7440.56,0.0,0.0
284.51,32.51,33.85,31.71,31.66,8781.55,6786.13,7439.17,0.0,0.0
284.64,32.47,33.85,31.71,31.67,8786.08,6786.13,7437.78,0.0,0.0
284.75,32.51,33.85,31.71,31.67,8780.9,6785.27,7437.31,0.0,0.0
284.82,32.5,33.85,31.73,31.67,8781.88,6784.84,7430.82,0.0,0.0
284.95,32.52,33.85,31.75,31.68,8780.26,6784.84,7426.19,0.0,0.0
285.02,32.51,33.85,31.76,31.68,8780.58,6784.41,7422.95,0.0,0.0
285.13,32.51,33.85,31.76,31.69,8781.23,6784.84,7422.49,0.0,0.0
285.26,32.48,33.85,31.77,31.69,8784.14,6784.84,7419.71,0.0,0.0
285.32,32.52,33.85,31.78,31.69,8778.96,6784.84,7417.4,0.0,0.0
285.44,32.51,33.86,31.78,31.7,8780.58,6783.98,7416.47,0.0,0.0
285.52,32.52,33.85,31.78,31.7,8778.64,6784.84,7417.86,0.0,0.0
285.62,32.53,33.85,31.78,31.71,8777.99,6784.84,7415.54,0.0,0.0
285.76,32.52,33.86,31.79,31.71,8779.29,6782.7,7411.85,0.0,0.0
285.84,32.52,33.88,31.79,31.71,8779.29,6777.12,7411.85,0.0,0.0
285.92,32.54,33.88,31.79,31.72,8777.35,6778.4,7411.85,0.0,0.0
286.02,32.54,33.89,31.79,31.72,8777.35,6775.4,7412.31,0.0,0.0
286.13,32.55,33.89,31.79,31.72,8775.41,6773.26,7412.31,0.0,0.0
286.24,32.53,33.9,31.79,31.73,8777.99,6769.82,7412.31,0.0,0.0
286.33,32.56,33.91,31.8,31.73,8775.08,6767.68,7411.38,0.0,0.0
286.42,32.57,33.92,31.8,31.73,8772.82,6765.11,7410.92,0.0,0.0
286.53,32.55,33.92,31.8,31.74,8775.41,6765.11,7410.92,0.0,0.0
286.63,32.55,33.92,31.81,31.74,8776.05,6764.68,7406.3,0.0,0.0
286.73,32.6,33.93,31.82,31.75,8771.52,6763.4,7404.45,0.0,0.0
286.83,32.58,33.93,31.83,31.75,8772.17,6762.11,7400.76,0.0,0.0
286.92,32.56,33.94,31.84,31.75,8775.08,6759.97,7396.6,0.0,0.0
287.03,32.56,33.93,31.85,31.76,8774.43,6761.68,7393.37,0.0,0.0
287.12,32.58,33.94,31.86,31.76,8772.49,6758.69,7391.06,0.0,0.0
287.23,32.58,33.95,31.86,31.76,8772.49,6757.4,7391.99,0.0,0.0
287.35,32.57,33.95,31.87,31.77,8773.46,6757.4,7386.91,0.0,0.0
287.44,32.58,33.95,31.87,31.77,8772.17,6757.83,7387.37,0.0,0.0
287.54,32.58,33.95,31.88,31.78,8772.49,6757.4,7385.07,0.0,0.0
287.65,32.61,33.95,31.88,31.78,8770.88,6756.55,7385.53,0.0,0.0
287.73,32.62,33.95,31.88,31.78,8768.29,6757.4,7383.69,0.0,0.0
287.85,32.6,33.95,31.89,31.79,8771.52,6757.4,7382.3,0.0,0.0
287.95,32.6,33.95,31.88,31.79,8769.91,6756.55,7383.23,0.0,0.0
288.02,32.6,33.95,31.89,31.79,8769.58,6756.12,7382.3,0.0,0.0
288.12,32.61,33.96,31.89,31.8,8769.26,6752.69,7382.76,0.0,0.0
288.23,32.61,33.97,31.88,31.8,8768.94,6749.7,7383.23,0.0,0.0
288.32,32.61,33.97,31.89,31.81,8770.23,6751.41,7382.3,0.0,0.0
288.43,32.62,33.98,31.89,31.81,8768.29,6747.13,7382.3,0.0,0.0
288.57,32.6,33.99,31.89,31.81,8769.58,6744.14,7382.76,0.0,0.0
288.64,32.63,34.0,31.89,31.82,8767.97,6743.29,7382.3,0.0,0.0
288.76,32.63,34.01,31.89,31.82,8767.97,6739.01,7381.38,0.0,0.0
288.85,32.63,34.02,31.9,31.82,8767.97,6737.73,7379.54,0.0,0.0
288.93,32.65,34.03,31.9,31.83,8765.7,6734.74,7376.78,0.0,0.0
289.13,32.65,34.02,31.92,31.83,8765.38,6736.88,7373.09,0.0,0.0
289.15,32.63,34.02,31.91,31.83,8767.97,6735.6,7375.85,0.0,0.0
289.25,32.64,34.03,31.92,31.84,8766.02,6735.17,7370.79,0.0,0.0
289.42,32.65,34.03,31.94,31.84,8765.7,6734.32,7366.65,0.0,0.0
289.5,32.65,34.03,31.94,31.85,8765.38,6733.89,7363.89,0.0,0.0
289.56,32.66,34.04,31.94,31.85,8764.41,6732.18,7365.73,0.0,0.0
289.7,32.66,34.03,31.95,31.85,8764.08,6733.04,7360.67,0.0,0.0
289.73,32.66,34.04,31.95,31.86,8764.41,6731.33,7361.13,0.0,0.0
289.91,32.67,34.04,31.96,31.86,8761.17,6729.62,7359.29,0.0,0.0
289.94,32.66,34.04,31.97,31.86,8764.08,6730.48,7356.54,0.0,0.0
290.04,32.7,34.04,31.96,31.87,8760.85,6731.33,7360.21,0.0,0.0
290.15,32.7,34.04,31.97,31.87,8760.85,6730.48,7357.0,0.0,0.0
290.24,32.7,34.04,31.97,31.88,8759.56,6730.9,7355.62,0.0,0.0
290.39,32.7,34.04,31.97,31.88,8760.85,6730.05,7356.54,0.0,0.0
290.48,32.7,34.04,31.97,31.88,8758.91,6730.48,7355.16,0.0,0.0
290.57,32.7,34.05,31.97,31.89,8759.23,6729.2,7354.7,0.0,0.0
290.64,32.72,34.04,31.97,31.89,8757.29,6729.62,7354.24,0.0,0.0
290.72,32.74,34.04,31.97,31.89,8755.03,6730.05,7354.24,0.0,0.0
290.86,32.73,34.04,31.97,31.9,8756.0,6730.05,7354.24,0.0,0.0
290.99,32.74,34.04,31.98,31.9,8756.32,6730.05,7353.78,0.0,0.0
291.04,32.73,34.04,31.98,31.9,8755.35,6729.62,7352.86,0.0,0.0
291.19,32.77,34.04,31.98,31.91,8751.79,6729.62,7352.4,0.0,0.0
291.24,32.75,34.05,31.98,31.91,8754.06,6728.34,7353.32,0.0,0.0
291.35,32.75,34.05,31.98,31.92,8753.09,6729.2,7352.86,0.0,0.0
291.47,32.75,34.05,31.98,31.92,8754.06,6728.77,7352.86,0.0,0.0
291.52,32.75,34.05,31.98,31.92,8754.38,6727.49,7351.94,0.0,0.0
291.65,32.78,34.06,31.98,31.93,8749.85,6724.93,7353.32,0.0,0.0
291.75,32.77,34.07,31.98,31.93,8751.47,6723.65,7351.94,0.0,0.0
291.83,32.77,34.07,31.98,31.93,8750.5,6722.37,7351.94,0.0,0.0
291.93,32.78,34.08,31.98,31.94,8749.85,6718.11,7351.49,0.0,0.0
292.05,32.79,34.1,31.99,31.94,8749.21,6714.7,7349.19,0.0,0.0
292.17,32.79,34.1,32.0,31.94,8749.21,6713.85,7346.44,0.0,0.0
292.22,32.78,34.11,32.0,31.95,8749.53,6711.72,7345.52,0.0,0.0
292.34,32.79,34.11,32.02,31.95,8749.21,6710.45,7340.93,0.0,0.0
292.48,32.8,34.11,32.02,31.95,8748.88,6709.59,7340.47,0.0,0.0
292.56,32.8,34.12,32.03,31.96,8748.24,6708.32,7336.35,0.0,0.0
292.67,32.8,34.11,32.03,31.96,8748.24,6709.59,7335.43,0.0,0.0
292.75,32.81,34.12,32.04,31.96,8747.59,6708.32,7332.68,0.0,0.0
292.85,32.8,34.12,32.04,31.97,8747.27,6707.04,7332.68,0.0,0.0
292.98,32.81,34.13,32.05,31.97,8747.59,6704.91,7329.02,0.0,0.0
293.09,32.82,34.13,32.05,31.98,8745.98,6705.34,7330.39,0.0,0.0
293.14,32.8,34.13,32.06,31.98,8747.27,6704.91,7327.64,0.0,0.0
293.27,32.8,34.13,32.05,31.98,8746.3,6704.06,7329.02,0.0,0.0
293.4,32.81,34.14,32.06,31.99,8747.59,6702.79,7326.27,0.0,0.0
293.46,32.81,34.14,32.06,31.99,8746.62,6703.64,7325.81,0.0,0.0
293.65,32.82,34.14,32.07,31.99,8745.98,6702.79,7325.35,0.0,0.0
293.67,32.81,34.14,32.07,32.0,8746.95,6702.79,7323.98,0.0,0.0
293.85,32.81,34.14,32.07,32.0,8746.95,6702.36,7323.98,0.0,0.0
293.96,32.81,34.14,32.07,32.0,8745.65,6702.36,7324.44,0.0,0.0
294.05,32.83,34.14,32.07,32.01,8745.0,6702.79,7323.52,0.0,0.0
294.1,32.83,34.14,32.07,32.01,8745.0,6702.79,7322.61,0.0,0.0
294.16,32.83,34.14,32.07,32.01,8745.0,6702.36,7323.52,0.0,0.0
294.32,32.84,34.14,32.07,32.02,8744.36,6701.51,7323.52,0.0,0.0
294.39,32.84,34.14,32.07,32.02,8744.04,6701.94,7323.52,0.0,0.0
294.47,32.81,34.15,32.07,32.02,8745.65,6700.24,7323.98,0.0,0.0
294.56,32.83,34.15,32.08,32.03,8745.33,6698.11,7322.15,0.0,0.0
294.66,32.83,34.17,32.08,32.03,8744.68,6692.59,7320.32,0.0,0.0
294.76,32.84,34.17,32.09,32.03,8743.71,6694.29,7318.49,0.0,0.0
294.89,32.83,34.17,32.11,32.04,8744.68,6693.86,7311.63,0.0,0.0
294.96,32.84,34.19,32.11,32.04,8744.36,6687.49,7311.63,0.0,0.0
295.03,32.87,34.2,32.12,32.05,8740.48,6684.94,7308.43,0.0,0.0
295.13,32.84,34.2,32.13,32.05,8744.04,6685.79,7304.32,0.0,0.0
295.25,32.87,34.21,32.14,32.05,8740.8,6681.97,7300.67,0.0,0.0
295.33,32.84,34.22,32.13,32.06,8744.04,6680.7,7304.32,0.0,0.0
295.46,32.84,34.22,32.14,32.06,8742.74,6680.28,7302.04,0.0,0.0
295.56,32.86,34.22,32.15,32.06,8741.77,6679.01,7298.39,0.0,0.0
295.67,32.86,34.21,32.16,32.07,8741.45,6681.55,7297.02,0.0,0.0
295.74,32.9,34.23,32.15,32.07,8737.25,6677.31,7298.39,0.0,0.0
295.87,32.89,34.23,32.15,32.07,8737.57,6676.89,7298.39,0.0,0.0
295.95,32.86,34.23,32.16,32.08,8741.77,6676.89,7294.28,0.0,0.0
296.03,32.85,34.23,32.16,32.08,8741.12,6676.89,7294.28,0.0,0.0
296.15,32.88,34.23,32.16,32.08,8738.86,6676.89,7295.19,0.0,0.0
296.27,32.89,34.23,32.16,32.09,8738.21,6676.04,7295.19,0.0,0.0
296.42,32.88,34.24,32.16,32.09,8738.86,6675.19,7294.28,0.0,0.0
296.47,32.9,34.23,32.16,32.09,8737.25,6676.04,7294.28,0.0,0.0
296.55,32.89,34.23,32.16,32.1,8737.57,6675.61,7294.28,0.0,0.0
296.63,32.9,34.24,32.16,32.1,8737.25,6674.77,7294.28,0.0,0.0
296.74,32.9,34.24,32.16,32.1,8736.92,6675.19,7294.28,0.0,0.0
296.84,32.9,34.24,32.17,32.11,8736.6,6675.19,7293.37,0.0,0.0
297.02,32.9,34.24,32.17,32.11,8736.6,6674.77,7293.37,0.0,0.0
297.1,32.93,34.24,32.17,32.11,8734.66,6674.34,7292.46,0.0,0.0
297.2,32.93,34.24,32.17,32.12,8734.66,6673.49,7293.37,0.0,0.0
297.23,32.95,34.24,32.18,32.12,8732.4,6673.49,7288.35,0.0,0.0
297.35,32.92,34.24,32.18,32.12,8733.69,6672.65,7287.9,0.0,0.0
297.45,32.94,34.25,32.2,32.13,8732.72,6671.38,7282.89,0.0,0.0
297.59,32.92,34.25,32.21,32.13,8733.69,6671.38,7281.52,0.0,0.0
297.63,32.94,34.25,32.22,32.13,8732.72,6670.95,7277.88,0.0,0.0
297.73,32.95,34.26,32.23,32.14,8730.13,6669.26,7273.78,0.0,0.0
297.83,32.94,34.27,32.23,32.14,8732.72,6664.6,7273.78,0.0,0.0
297.96,32.95,34.28,32.23,32.14,8731.43,6662.48,7272.41,0.0,0.0
298.02,32.94,34.27,32.24,32.15,8733.04,6664.6,7270.14,0.0,0.0
298.14,32.95,34.28,32.24,32.15,8731.75,6661.21,7270.6,0.0,0.0
298.24,32.95,34.29,32.24,32.15,8731.43,6660.79,7270.14,0.0,0.0
298.33,32.95,34.3,32.25,32.16,8731.1,6656.14,7268.78,0.0,0.0
298.46,32.98,34.3,32.25,32.16,8729.16,6655.71,7266.05,0.0,0.0
298.64,32.96,34.31,32.24,32.16,8729.49,6654.87,7269.23,0.0,0.0
298.7,32.97,34.31,32.24,32.17,8728.2,6653.18,7269.69,0.0,0.0
298.73,32.96,34.32,32.26,32.17,8729.49,6651.91,7265.14,0.0,0.0
298.83,32.97,34.32,32.26,32.17,8728.2,6649.8,7265.14,0.0,0.0
298.97,32.97,34.33,32.26,32.18,8728.2,6649.37,7265.59,0.0,0.0
299.1,32.97,34.32,32.26,32.18,8728.2,6651.06,7265.59,0.0,0.0
299.13,32.99,34.32,32.26,32.18,8726.9,6651.91,7265.14,0.0,0.0
299.25,32.99,34.33,32.26,32.19,8727.22,6648.95,7265.14,0.0,0.0
299.33,33.0,34.33,32.26,32.19,8726.58,6649.37,7265.14,0.0,0.0
299.46,32.99,34.33,32.26,32.19,8726.9,6648.53,7264.68,0.0,0.0
299.62,33.0,34.33,32.26,32.2,8725.61,6649.37,7265.59,0.0,0.0
299.7,32.99,34.33,32.25,32.2,8725.93,6648.53,7266.05,0.0,0.0
299.77,33.0,34.33,32.26,32.2,8725.61,6648.53,7265.59,0.0,0.0
299.83,33.0,34.33,32.26,32.21,8725.61,6648.53,7264.68,0.0,0.0
299.94,32.99,34.33,32.26,32.21,8725.93,6648.53,7265.14,0.0,0.0
300.04,33.0,34.33,32.26,32.21,8725.61,6648.53,7263.32,0.0,0.0
300.17,33.01,34.33,32.27,32.22,8725.28,6648.53,7262.41,0.0,0.0
300.25,33.03,34.33,32.26,32.22,8723.35,6648.53,7262.87,0.0,0.0
300.43,33.0,34.33,32.26,32.22,8724.96,6648.53,7262.87,0.0,0.0
300.48,33.01,34.33,32.27,32.23,8725.28,6648.11,7260.14,0.0,0.0
300.53,32.99,34.33,32.29,32.23,8726.9,6647.26,7255.6,0.0,0.0
300.67,33.0,34.33,32.29,32.23,8724.96,6647.68,7255.14,0.0,0.0
300.75,33.01,34.33,32.29,32.24,8724.32,6647.68,7254.69,0.0,0.0
300.83,33.0,34.34,32.31,32.24,8724.96,6646.0,7249.7,0.0,0.0
300.98,33.03,34.34,32.32,32.24,8721.73,6645.15,7246.07,0.0,0.0
301.04,33.03,34.35,32.32,32.25,8722.38,6641.35,7244.25,0.0,0.0
301.14,33.02,34.36,32.33,32.25,8722.7,6640.08,7243.35,0.0,0.0
301.25,33.02,34.37,32.34,32.25,8723.02,6637.55,7240.17,0.0,0.0
301.35,33.04,34.38,32.34,32.26,8721.41,6634.18,7240.63,0.0,0.0
301.46,33.03,34.38,32.34,32.26,8722.38,6632.91,7239.27,0.0,0.0
301.54,33.04,34.39,32.34,32.26,8721.41,6631.65,7240.63,0.0,0.0
301.65,33.03,34.39,32.34,32.27,8723.35,6630.38,7237.91,0.0,0.0
301.74,33.04,34.4,32.34,32.27,8722.05,6627.43,7238.81,0.0,0.0
301.84,33.04,34.4,32.34,32.27,8721.08,6629.12,7239.27,0.0,0.0
301.95,33.07,34.4,32.34,32.28,8718.5,6627.85,7237.91,0.0,0.0
302.08,33.06,34.41,32.35,32.28,8719.79,6624.9,7237.0,0.0,0.0
302.15,33.04,34.4,32.35,32.28,8720.76,6627.43,7236.55,0.0,0.0
302.24,33.04,34.42,32.35,32.29,8720.11,6622.38,7236.55,0.0,0.0
302.34,33.07,34.41,32.35,32.29,8718.18,6624.9,7236.1,0.0,0.0
302.44,33.09,34.42,32.35,32.29,8716.56,6623.22,7236.1,0.0,0.0
302.54,33.07,34.42,32.35,32.3,8717.53,6622.38,7236.1,0.0,0.0
302.71,33.09,34.42,32.35,32.3,8716.56,6621.95,7236.1,0.0,0.0
302.74,33.09,34.42,32.35,32.3,8715.91,6621.53,7236.55,0.0,0.0
302.88,33.12,34.42,32.35,32.31,8713.01,6621.95,7235.64,0.0,0.0
302.94,33.09,34.42,32.35,32.31,8716.56,6621.53,7236.1,0.0,0.0
303.04,33.09,34.42,32.35,32.31,8714.3,6621.53,7236.1,0.0,0.0
303.15,33.14,34.42,32.35,32.31,8711.71,6621.53,7235.64,0.0,0.0
303.24,33.09,34.42,32.35,32.32,8714.62,6621.53,7236.1,0.0,0.0
303.35,33.12,34.42,32.35,32.32,8713.33,6621.53,7235.64,0.0,0.0
303.45,33.12,34.43,32.35,32.32,8712.36,6620.69,7235.19,0.0,0.0
303.56,33.12,34.43,32.36,32.33,8713.97,6620.69,7232.02,0.0,0.0
303.66,33.12,34.43,32.37,32.33,8713.33,6620.27,7230.66,0.0,0.0
303.79,33.13,34.44,32.38,32.33,8712.04,6617.74,7227.94,0.0,0.0
303.84,33.13,34.45,32.39,32.34,8711.07,6614.8,7223.87,0.0,0.0
303.94,33.13,34.45,32.39,32.34,8712.04,6613.96,7222.97,0.0,0.0
304.04,33.13,34.46,32.4,32.34,8711.39,6611.85,7220.25,0.0,0.0
304.16,33.15,34.46,32.4,32.35,8709.13,6611.01,7219.35,0.0,0.0
304.24,33.18,34.47,32.42,32.35,8707.19,6608.49,7213.47,0.0,0.0
304.36,33.16,34.48,32.42,32.35,8708.8,6607.23,7213.02,0.0,0.0
304.44,33.16,34.49,32.42,32.36,8707.84,6604.29,7215.73,0.0,0.0
304.58,33.16,34.49,32.43,32.36,8708.48,6603.45,7211.67,0.0,0.0
304.64,33.16,34.49,32.43,32.36,8708.16,6603.02,7210.31,0.0,0.0
304.74,33.17,34.5,32.44,32.37,8706.87,6601.76,7209.41,0.0,0.0
304.85,33.16,34.5,32.44,32.37,8708.16,6599.66,7207.6,0.0,0.0
304.94,33.15,34.5,32.44,32.37,8707.51,6600.5,7207.6,0.0,0.0
305.07,33.17,34.51,32.44,32.38,8706.87,6598.82,7207.15,0.0,0.0
305.14,33.16,34.51,32.44,32.38,8708.48,6597.14,7208.05,0.0,0.0
305.24,33.18,34.51,32.44,32.38,8706.54,6598.82,7207.6,0.0,0.0
305.34,33.18,34.51,32.44,32.38,8706.22,6598.4,7207.6,0.0,0.0
305.47,33.17,34.51,32.44,32.39,8706.87,6597.56,7208.05,0.0,0.0
305.57,33.18,34.51,32.44,32.39,8706.54,6596.72,7207.6,0.0,0.0
305.66,33.19,34.52,32.44,32.39,8704.93,6595.05,7207.6,0.0,0.0
305.76,33.19,34.52,32.44,32.4,8705.25,6594.63,7207.6,0.0,0.0
305.85,33.19,34.52,32.44,32.4,8704.6,6594.63,7207.15,0.0,0.0
305.94,33.18,34.52,32.44,32.4,8705.9,6595.46,7207.15,0.0,0.0
306.04,33.18,34.52,32.44,32.41,8706.22,6594.63,7207.15,0.0,0.0
306.15,33.19,34.52,32.45,32.41,8704.93,6594.21,7206.25,0.0,0.0
306.26,33.19,34.52,32.45,32.41,8704.93,6595.05,7206.7,0.0,0.0
306.39,33.19,34.52,32.45,32.42,8704.28,6594.63,7205.8,0.0,0.0
306.46,33.19,34.52,32.46,32.42,8705.25,6594.21,7203.09,0.0,0.0
306.6,33.21,34.52,32.45,32.42,8703.96,6593.79,7203.99,0.0,0.0
306.65,33.18,34.52,32.47,32.43,8705.9,6594.21,7200.38,0.0,0.0
306.74,33.19,34.52,32.47,32.43,8704.93,6593.79,7199.48,0.0,0.0
306.84,33.2,34.53,32.48,32.43,8703.64,6593.37,7195.42,0.0,0.0
306.98,33.2,34.53,32.49,32.44,8702.99,6592.11,7191.36,0.0,0.0
307.04,33.22,34.53,32.5,32.44,8702.02,6591.27,7189.11,0.0,0.0
307.15,33.22,34.53,32.5,32.44,8702.67,6591.69,7188.66,0.0,0.0
307.26,33.21,34.55,32.51,32.45,8702.34,6585.81,7185.96,0.0,0.0
307.34,33.22,34.55,32.51,32.45,8701.37,6584.98,7186.41,0.0,0.0
307.46,33.22,34.56,32.52,32.45,8702.02,6583.72,7183.7,0.0,0.0
307.59,33.21,34.58,32.52,32.45,8701.7,6577.01,7184.6,0.0,0.0
307.65,33.22,34.58,32.52,32.46,8701.05,6579.11,7182.35,0.0,0.0
307.78,33.22,34.59,32.52,32.46,8701.05,6576.18,7182.35,0.0,0.0
307.84,33.21,34.59,32.53,32.46,8702.34,6574.92,7181.45,0.0,0.0
307.97,33.24,34.59,32.54,32.47,8700.73,6575.76,7178.75,0.0,0.0
308.05,33.22,34.59,32.53,32.47,8701.05,6575.34,7180.1,0.0,0.0
308.16,33.23,34.6,32.53,32.47,8700.4,6572.83,7180.55,0.0,0.0
308.25,33.22,34.6,32.54,32.48,8701.37,6571.15,7178.3,0.0,0.0
308.34,33.28,34.61,32.54,32.48,8695.56,6570.73,7178.75,0.0,0.0
308.44,33.26,34.61,32.54,32.48,8696.85,6570.73,7178.75,0.0,0.0
308.54,33.26,34.61,32.54,32.49,8697.5,6570.32,7178.75,0.0,0.0
308.65,33.26,34.61,32.54,32.49,8698.14,6569.9,7178.75,0.0,0.0
308.75,33.28,34.61,32.54,32.49,8696.2,6568.22,7178.75,0.0,0.0
308.85,33.26,34.62,32.54,32.49,8697.5,6567.81,7178.75,0.0,0.0
308.96,33.27,34.62,32.54,32.5,8695.88,6567.81,7177.85,0.0,0.0
309.11,33.26,34.62,32.54,32.5,8697.82,6567.39,7177.85,0.0,0.0
309.14,33.29,34.62,32.54,32.5,8694.91,6567.39,7178.3,0.0,0.0
309.27,33.28,34.62,32.54,32.51,8695.24,6567.81,7177.4,0.0,0.0
309.34,33.26,34.62,32.54,32.51,8697.82,6567.81,7177.4,0.0,0.0
309.44,33.26,34.62,32.54,32.51,8697.82,6566.97,7177.4,0.0,0.0
309.61,33.28,34.62,32.54,32.52,8694.59,6567.81,7176.5,0.0,0.0
309.69,33.24,34.62,32.55,32.52,8698.47,6566.55,7173.8,0.0,0.0
309.77,33.28,34.63,32.56,32.52,8693.94,6564.88,7172.45,0.0,0.0
309.85,33.28,34.63,32.56,32.53,8696.2,6563.62,7171.11,0.0,0.0
309.96,33.29,34.63,32.57,32.53,8693.3,6562.79,7167.96,0.0,0.0
310.09,33.28,34.65,32.58,32.53,8693.94,6557.77,7164.81,0.0,0.0
310.16,33.31,34.65,32.58,32.54,8693.62,6557.35,7163.91,0.0,0.0
310.25,33.29,34.65,32.59,32.54,8692.97,6559.02,7161.22,0.0,0.0
310.35,33.31,34.67,32.6,32.54,8691.68,6554.01,7160.32,0.0,0.0
310.49,33.31,34.67,32.61,32.54,8692.33,6552.76,7155.38,0.0,0.0
310.54,33.33,34.68,32.6,32.55,8689.75,6551.09,7158.08,0.0,0.0
310.66,33.31,34.67,32.61,32.55,8693.62,6551.5,7154.93,0.0,0.0
310.74,33.3,34.68,32.61,32.55,8692.01,6550.25,7154.93,0.0,0.0
310.84,33.32,34.68,32.62,32.56,8690.72,6549.0,7153.59,0.0,0.0
310.95,33.33,34.69,32.62,32.56,8690.07,6547.75,7151.35,0.0,0.0
311.06,33.33,34.68,32.62,32.56,8691.04,6549.83,7151.35,0.0,0.0
311.17,33.34,34.69,32.63,32.57,8687.49,6548.16,7150.9,0.0,0.0
311.26,33.34,34.68,32.63,32.57,8687.81,6549.42,7150.45,0.0,0.0
311.37,33.35,34.69,32.63,32.57,8688.13,6546.49,7150.0,0.0,0.0
311.45,33.34,34.7,32.63,32.58,8687.81,6544.83,7150.0,0.0,0.0
311.56,33.34,34.7,32.63,32.58,8687.81,6545.24,7150.0,0.0,0.0
311.65,33.34,34.7,32.63,32.58,8687.16,6545.24,7149.55,0.0,0.0
311.74,33.36,34.7,32.63,32.58,8686.84,6545.24,7149.55,0.0,0.0
311.9,33.34,34.7,32.63,32.59,8687.49,6543.99,7148.65,0.0,0.0
312.01,33.34,34.7,32.63,32.59,8687.49,6544.41,7149.1,0.0,0.0
312.06,33.36,34.71,32.63,32.59,8686.84,6542.74,7148.21,0.0,0.0
312.14,33.36,34.71,32.64,32.6,8686.19,6542.32,7146.86,0.0,0.0
312.26,33.37,34.71,32.64,32.6,8685.87,6542.32,7145.07,0.0,0.0
312.35,33.36,34.71,32.66,32.6,8686.84,6541.91,7141.03,0.0,0.0
312.45,33.36,34.71,32.66,32.61,8686.19,6541.49,7139.24,0.0,0.0
312.55,33.37,34.71,32.69,32.61,8685.22,6541.49,7130.29,0.0,0.0
312.64,33.36,34.71,32.69,32.61,8686.19,6541.49,7130.29,0.0,0.0
312.78,33.37,34.71,32.7,32.62,8684.9,6541.07,7127.16,0.0,0.0
312.84,33.38,34.71,32.7,32.62,8684.25,6540.65,7129.39,0.0,0.0
312.95,33.38,34.71,32.71,32.62,8684.25,6541.07,7126.26,0.0,0.0
313.05,33.38,34.71,32.71,32.62,8685.55,6540.65,7124.92,0.0,0.0
313.15,33.37,34.71,32.7,32.63,8685.22,6540.65,7127.16,0.0,0.0
313.26,33.4,34.72,32.72,32.63,8683.93,6539.82,7122.24,0.0,0.0
313.35,33.37,34.71,32.72,32.63,8685.22,6541.07,7121.34,0.0,0.0
313.45,33.38,34.73,32.73,32.64,8684.25,6537.32,7120.45,0.0,0.0
313.55,33.38,34.74,32.73,32.64,8684.25,6534.82,7120.45,0.0,0.0
313.66,33.38,34.73,32.72,32.64,8684.25,6535.65,7120.9,0.0,0.0
313.83,33.37,34.74,32.73,32.65,8684.58,6532.74,7120.45,0.0,0.0
313.89,33.4,34.76,32.72,32.65,8682.64,6527.74,7121.34,0.0,0.0
313.95,33.4,34.76,32.72,32.65,8683.93,6528.15,7120.9,0.0,0.0
314.05,33.38,34.77,32.73,32.65,8682.32,6526.07,7120.45,0.0,0.0
314.16,33.38,34.78,32.73,32.66,8683.29,6521.91,7119.11,0.0,0.0
314.24,33.41,34.78,32.74,32.66,8681.67,6522.74,7117.32,0.0,0.0
314.38,33.38,34.78,32.74,32.66,8683.29,6521.49,7116.88,0.0,0.0
314.49,33.42,34.79,32.75,32.67,8680.38,6520.25,7112.86,0.0,0.0
314.55,33.38,34.79,32.77,32.67,8682.32,6519.83,7107.5,0.0,0.0
314.65,33.42,34.78,32.77,32.67,8680.06,6521.08,7105.71,0.0,0.0
314.77,33.42,34.8,32.77,32.67,8679.41,6517.33,7105.27,0.0,0.0
314.85,33.41,34.79,32.78,32.68,8681.67,6519.41,7103.48,0.0,0.0
314.97,33.41,34.8,32.79,32.68,8680.7,6518.17,7102.15,0.0,0.0
315.05,33.41,34.81,32.79,32.68,8679.73,6514.84,7099.92,0.0,0.0
315.15,33.45,34.8,32.8,32.69,8677.47,6516.09,7099.02,0.0,0.0
315.26,33.45,34.81,32.8,32.69,8677.47,6515.26,7096.35,0.0,0.0
315.36,33.45,34.81,32.8,32.69,8676.83,6514.42,7097.69,0.0,0.0
315.46,33.46,34.81,32.81,32.7,8675.86,6514.84,7095.01,0.0,0.0
315.55,33.45,34.81,32.81,32.7,8678.12,6514.42,7095.46,0.0,0.0
315.67,33.46,34.81,32.81,32.7,8675.21,6514.01,7095.01,0.0,0.0
315.76,33.47,34.81,32.82,32.7,8674.57,6514.42,7092.79,0.0,0.0
315.84,33.47,34.81,32.82,32.71,8674.25,6514.42,7092.79,0.0,0.0
315.95,33.47,34.81,32.82,32.71,8673.6,6513.59,7092.79,0.0,0.0
316.07,33.49,34.81,32.82,32.71,8672.31,6513.59,7092.79,0.0,0.0
316.15,33.47,34.81,32.82,32.72,8673.92,6513.18,7092.34,0.0,0.0
316.25,33.5,34.83,32.82,32.72,8671.66,6509.85,7092.79,0.0,0.0
316.36,33.48,34.82,32.82,32.72,8671.98,6510.68,7091.89,0.0,0.0
316.49,33.5,34.83,32.82,32.73,8670.69,6509.85,7092.34,0.0,0.0
316.56,33.5,34.84,32.82,32.73,8671.66,6506.95,7091.45,0.0,0.0
316.65,33.5,34.85,32.82,32.73,8670.37,6502.38,7092.34,0.0,0.0
316.75,33.52,34.86,32.82,32.73,8668.43,6500.72,7091.45,0.0,0.0
316.86,33.52,34.86,32.83,32.74,8669.72,6499.47,7087.44,0.0,0.0
316.95,33.52,34.87,32.84,32.74,8668.43,6497.81,7085.22,0.0,0.0
317.05,33.52,34.87,32.85,32.74,8669.08,6496.57,7082.1,0.0,0.0
317.15,33.52,34.87,32.86,32.75,8668.43,6496.16,7079.88,0.0,0.0
317.26,33.53,34.88,32.87,32.75,8667.46,6495.74,7075.87,0.0,0.0
317.36,33.55,34.88,32.89,32.75,8666.5,6494.08,7070.54,0.0,0.0
317.51,33.53,34.89,32.88,32.75,8667.46,6490.76,7072.32,0.0,0.0
317.56,33.55,34.89,32.89,32.76,8666.82,6491.59,7070.98,0.0,0.0
317.65,33.55,34.89,32.89,32.76,8665.85,6490.76,7069.65,0.0,0.0
317.77,33.53,34.9,32.89,32.76,8667.14,6490.35,7069.21,0.0,0.0
317.85,33.55,34.9,32.9,32.77,8665.85,6490.35,7067.87,0.0,0.0
317.97,33.55,34.9,32.9,32.77,8666.17,6488.69,7067.87,0.0,0.0
318.09,33.55,34.9,32.9,32.77,8665.85,6488.28,7066.54,0.0,0.0
318.16,33.56,34.9,32.91,32.78,8664.56,6488.69,7064.77,0.0,0.0
318.25,33.55,34.91,32.91,32.78,8666.82,6487.86,7064.32,0.0,0.0
318.36,33.56,34.91,32.91,32.78,8665.2,6487.45,7064.32,0.0,0.0
318.48,33.55,34.91,32.91,32.78,8665.53,6487.86,7064.77,0.0,0.0
318.55,33.55,34.91,32.91,32.79,8665.85,6487.86,7064.32,0.0,0.0
318.65,33.56,34.91,32.91,32.79,8664.56,6487.86,7063.88,0.0,0.0
318.75,33.57,34.91,32.91,32.79,8663.91,6487.86,7063.43,0.0,0.0
318.85,33.56,34.91,32.91,32.8,8665.2,6487.04,7063.88,0.0,0.0
318.96,33.56,34.91,32.91,32.8,8664.56,6486.62,7063.88,0.0,0.0
319.09,33.57,34.92,32.91,32.8,8663.91,6484.55,7063.43,0.0,0.0
319.25,33.57,34.93,32.91,32.81,8664.24,6480.82,7062.99,0.0,0.0
319.3,33.57,34.93,32.92,32.81,8663.27,6481.24,7061.66,0.0,0.0
319.35,33.6,34.94,32.93,32.81,8661.33,6478.75,7058.55,0.0,0.0
319.45,33.57,34.95,32.94,32.81,8663.27,6476.27,7056.33,0.0,0.0
319.61,33.57,34.96,32.94,32.82,8662.62,6473.37,7055.89,0.0,0.0
319.66,33.58,34.96,32.95,32.82,8662.3,6473.79,7050.57,0.0,0.0
319.77,33.57,34.97,32.96,32.82,8662.62,6468.83,7048.35,0.0,0.0
319.85,33.57,34.98,32.97,32.83,8662.62,6466.35,7046.14,0.0,0.0
319.96,33.58,34.98,32.98,32.83,8662.95,6468.41,7044.37,0.0,0.0
320.06,33.57,34.99,32.99,32.83,8662.62,6465.11,7040.38,0.0,0.0
320.18,33.61,34.98,32.99,32.84,8660.36,6466.76,7041.27,0.0,0.0
320.25,33.61,34.99,32.98,32.84,8660.36,6464.69,7043.04,0.0,0.0
320.36,33.61,34.99,32.99,32.84,8659.39,6464.69,7039.05,0.0,0.0
320.46,33.62,35.0,32.99,32.84,8657.78,6462.22,7039.05,0.0,0.0
320.62,33.59,35.0,32.99,32.85,8660.68,6462.63,7038.61,0.0,0.0
320.67,33.59,35.0,33.0,32.85,8661.01,6461.8,7037.28,0.0,0.0
320.75,33.62,35.0,33.0,32.85,8658.43,6462.22,7036.84,0.0,0.0
320.85,33.62,35.0,33.01,32.86,8658.43,6461.8,7035.07,0.0,0.0
320.95,33.62,35.0,33.0,32.86,8657.78,6461.39,7035.51,0.0,0.0
321.11,33.65,35.0,33.0,32.86,8656.16,6461.39,7035.51,0.0,0.0
321.15,33.63,35.0,33.0,32.87,8658.1,6461.8,7035.51,0.0,0.0
321.25,33.64,35.0,33.0,32.87,8655.52,6461.39,7035.95,0.0,0.0
321.39,33.65,35.0,33.01,32.87,8656.16,6460.98,7035.07,0.0,0.0
321.45,33.64,35.0,33.0,32.87,8655.84,6460.56,7035.51,0.0,0.0
321.58,33.64,35.01,33.01,32.88,8656.49,6459.74,7035.07,0.0,0.0
321.69,33.68,35.0,33.01,32.88,8653.26,6460.56,7034.63,0.0,0.0
321.75,33.66,35.0,33.0,32.88,8654.23,6460.98,7035.51,0.0,0.0
321.87,33.68,35.01,33.0,32.89,8653.26,6460.15,7035.51,0.0,0.0
321.97,33.68,35.01,33.01,32.89,8651.0,6458.5,7033.3,0.0,0.0
322.06,33.68,35.01,33.02,32.89,8652.94,6458.5,7031.97,0.0,0.0
322.18,33.67,35.01,33.02,32.9,8652.29,6458.5,7029.76,0.0,0.0
322.25,33.68,35.01,33.02,32.9,8653.26,6458.5,7029.76,0.0,0.0
322.36,33.7,35.02,33.03,32.9,8649.71,6455.2,7028.43,0.0,0.0
322.49,33.68,35.04,33.04,32.9,8652.94,6451.07,7024.46,0.0,0.0
322.57,33.68,35.03,33.04,32.91,8651.97,6453.55,7024.01,0.0,0.0
322.66,33.7,35.05,33.05,32.91,8649.71,6447.77,7021.8,0.0,0.0
322.76,33.68,35.05,33.06,32.91,8651.0,6449.01,7019.6,0.0,0.0
322.86,33.7,35.05,33.07,32.92,8649.71,6448.18,7015.18,0.0,0.0
322.95,33.7,35.07,33.08,32.92,8650.03,6443.65,7012.97,0.0,0.0
323.05,33.7,35.07,33.07,32.92,8650.36,6443.65,7015.62,0.0,0.0
323.16,33.7,35.07,33.07,32.93,8648.74,6441.59,7015.18,0.0,0.0
323.3,33.74,35.08,33.07,32.93,8646.16,6441.18,7015.62,0.0,0.0
323.36,33.7,35.09,33.09,32.93,8649.71,6438.29,7011.21,0.0,0.0
323.46,33.7,35.08,33.09,32.93,8648.74,6439.53,7009.89,0.0,0.0
323.55,33.73,35.08,33.09,32.94,8646.48,6438.71,7009.44,0.0,0.0
323.68,33.72,35.09,33.08,32.94,8648.1,6437.06,7011.65,0.0,0.0
323.8,33.73,35.09,33.09,32.94,8646.48,6437.06,7009.0,0.0,0.0
323.91,33.73,35.09,33.09,32.95,8647.77,6436.65,7010.77,0.0,0.0
323.96,33.73,35.1,33.09,32.95,8647.13,6435.41,7009.44,0.0,0.0
324.07,33.73,35.1,33.1,32.95,8645.84,6435.41,7008.12,0.0,0.0
324.19,33.72,35.1,33.1,32.95,8647.45,6435.0,7007.24,0.0,0.0
324.26,33.73,35.1,33.1,32.96,8647.13,6435.0,7008.12,0.0,0.0
324.36,33.74,35.1,33.1,32.96,8646.16,6435.41,7007.68,0.0,0.0
324.48,33.73,35.1,33.1,32.96,8645.84,6435.41,7006.8,0.0,0.0
324.57,33.74,35.1,33.1,32.97,8646.16,6433.35,7006.8,0.0,0.0
324.65,33.71,35.1,33.1,32.97,8646.81,6434.59,7007.68,0.0,0.0
324.75,33.76,35.1,33.1,32.97,8644.87,6434.59,7007.24,0.0,0.0
324.86,33.73,35.1,33.1,32.98,8646.48,6434.18,7007.24,0.0,0.0
324.96,33.74,35.11,33.1,32.98,8645.19,6432.94,7007.24,0.0,0.0
325.06,33.73,35.11,33.1,32.98,8645.84,6431.71,7006.36,0.0,0.0
325.23,33.73,35.11,33.1,32.98,8646.48,6430.88,7006.36,0.0,0.0
325.26,33.74,35.12,33.1,32.99,8646.16,6429.24,7006.8,0.0,0.0
325.37,33.74,35.12,33.1,32.99,8646.16,6429.65,7007.68,0.0,0.0
325.46,33.74,35.12,33.11,32.99,8646.16,6428.0,7004.59,0.0,0.0
325.57,33.74,35.13,33.1,33.0,8646.16,6426.77,7005.92,0.0,0.0
325.65,33.74,35.13,33.11,33.0,8645.52,6425.54,7003.71,0.0,0.0
325.76,33.73,35.14,33.11,33.0,8645.84,6423.89,7004.59,0.0,0.0
325.87,33.73,35.15,33.13,33.0,8645.84,6422.25,6999.3,0.0,0.0
325.96,33.74,35.14,33.12,33.01,8644.22,6422.66,7000.18,0.0,0.0
326.06,33.73,35.16,33.13,33.01,8645.84,6419.37,6997.1,0.0,0.0
326.16,33.73,35.17,33.14,33.01,8645.84,6416.5,6994.46,0.0,0.0
326.26,33.73,35.17,33.15,33.02,8645.84,6415.26,6991.38,0.0,0.0
326.41,33.73,35.17,33.15,33.02,8645.84,6415.26,6990.5,0.0,0.0
326.47,33.73,35.18,33.15,33.02,8645.84,6413.62,6990.5,0.0,0.0
326.57,33.74,35.17,33.16,33.03,8646.16,6414.85,6989.18,0.0,0.0
326.72,33.76,35.17,33.17,33.03,8644.87,6416.5,6986.1,0.0,0.0
326.77,33.74,35.18,33.17,33.03,8645.52,6413.62,6984.78,0.0,0.0
326.85,33.74,35.17,33.16,33.03,8644.22,6414.44,6987.42,0.0,0.0
326.96,33.74,35.18,33.16,33.04,8645.19,6411.57,6987.42,0.0,0.0
327.06,33.73,35.18,33.17,33.04,8645.84,6412.39,6986.1,0.0,0.0
327.19,33.74,35.18,33.18,33.04,8645.52,6412.39,6983.9,0.0,0.0
327.26,33.75,35.19,33.18,33.05,8644.55,6409.11,6983.46,0.0,0.0
327.36,33.74,35.19,33.18,33.05,8645.19,6410.34,6983.9,0.0,0.0
327.51,33.73,35.18,33.18,33.05,8645.84,6411.57,6982.58,0.0,0.0
327.63,33.74,35.18,33.17,33.05,8646.16,6411.98,6985.22,0.0,0.0
327.71,33.74,35.18,33.19,33.06,8645.19,6411.57,6980.82,0.0,0.0
327.8,33.74,35.18,33.19,33.06,8645.19,6411.57,6981.26,0.0,0.0
327.85,33.77,35.18,33.19,33.06,8643.9,6412.39,6980.82,0.0,0.0
327.99,33.73,35.18,33.19,33.07,8645.84,6411.98,6981.26,0.0,0.0
328.1,33.76,35.19,33.18,33.07,8644.87,6409.93,6982.14,0.0,0.0
328.16,33.74,35.19,33.19,33.07,8645.19,6409.52,6979.94,0.0,0.0
328.26,33.74,35.19,33.19,33.07,8645.19,6409.93,6979.94,0.0,0.0
328.37,33.75,35.19,33.19,33.08,8644.55,6409.11,6979.5,0.0,0.0
328.46,33.75,35.19,33.19,33.08,8644.55,6408.7,6979.94,0.0,0.0
328.57,33.75,35.19,33.19,33.08,8644.55,6408.7,6980.38,0.0,0.0
328.74,33.77,35.19,33.19,33.09,8643.9,6408.7,6979.5,0.0,0.0
328.82,33.74,35.2,33.19,33.09,8645.19,6408.29,6979.06,0.0,0.0
328.87,33.74,35.19,33.19,33.09,8644.22,6408.7,6979.06,0.0,0.0
328.95,33.76,35.2,33.19,33.09,8644.87,6408.29,6979.06,0.0,0.0
329.08,33.76,35.2,33.19,33.1,8643.58,6408.29,6978.62,0.0,0.0
329.16,33.77,35.19,33.19,33.1,8642.93,6408.7,6979.06,0.0,0.0
329.31,33.75,35.2,33.2,33.1,8644.55,6407.88,6978.18,0.0,0.0
329.37,33.75,35.19,33.19,33.11,8643.25,6408.7,6979.06,0.0,0.0
329.45,33.77,35.2,33.2,33.11,8643.9,6407.05,6976.86,0.0,0.0
329.58,33.77,35.21,33.21,33.11,8643.9,6405.82,6975.11,0.0,0.0
329.69,33.76,35.21,33.22,33.11,8643.58,6405.0,6972.03,0.0,0.0
329.82,33.76,35.22,33.21,33.12,8643.58,6402.54,6972.47,0.0,0.0
329.85,33.77,35.23,33.24,33.12,8643.9,6399.26,6965.45,0.0,0.0
329.97,33.75,35.23,33.24,33.12,8643.25,6398.85,6965.45,0.0,0.0
330.06,33.76,35.24,33.25,33.13,8643.58,6396.39,6961.5,0.0,0.0
330.23,33.77,35.25,33.25,33.13,8643.9,6393.53,6960.62,0.0,0.0
330.36,33.77,35.25,33.26,33.13,8642.93,6393.12,6959.74,0.0,0.0
330.37,33.76,35.25,33.25,33.13,8643.58,6393.53,6961.5,0.0,0.0
330.45,33.77,35.26,33.26,33.14,8642.93,6389.84,6958.87,0.0,0.0
330.58,33.78,35.27,33.26,33.14,8641.64,6388.61,6957.99,0.0,0.0
330.69,33.76,35.27,33.27,33.14,8642.29,6387.79,6954.92,0.0,0.0
330.87,33.78,35.28,33.27,33.14,8641.97,6386.57,6955.8,0.0,0.0
330.92,33.77,35.28,33.27,33.15,8642.93,6385.34,6955.36,0.0,0.0
330.99,33.77,35.28,33.28,33.15,8642.61,6386.98,6954.04,0.0,0.0
331.06,33.79,35.29,33.28,33.15,8639.71,6384.11,6952.73,0.0,0.0
331.18,33.78,35.29,33.28,33.16,8641.32,6384.11,6954.04,0.0,0.0
331.32,33.78,35.29,33.28,33.16,8641.0,6383.29,6951.85,0.0,0.0
331.37,33.76,35.29,33.28,33.16,8642.29,6383.29,6952.73,0.0,0.0
331.47,33.79,35.29,33.29,33.16,8640.03,6383.29,6950.98,0.0,0.0
331.57,33.78,35.29,33.29,33.17,8641.97,6384.11,6951.41,0.0,0.0
331.74,33.79,35.29,33.29,33.17,8640.67,6382.89,6950.98,0.0,0.0
331.79,33.79,35.29,33.29,33.17,8640.67,6382.07,6950.98,0.0,0.0
331.89,33.78,35.29,33.29,33.17,8641.0,6382.07,6950.54,0.0,0.0
332.05,33.79,35.29,33.29,33.18,8640.67,6381.66,6950.98,0.0,0.0
332.15,33.78,35.29,33.29,33.18,8641.32,6382.48,6949.66,0.0,0.0
332.24,33.78,35.29,33.29,33.18,8641.64,6382.07,6950.98,0.0,0.0
332.3,33.79,35.29,33.29,33.19,8640.03,6382.48,6950.54,0.0,0.0
332.39,33.79,35.29,33.29,33.19,8640.35,6382.48,6949.22,0.0,0.0
332.47,33.79,35.3,33.3,33.19,8640.03,6380.02,6948.35,0.0,0.0
332.56,33.82,35.3,33.29,33.19,8638.42,6380.84,6950.1,0.0,0.0
332.68,33.82,35.31,33.3,33.2,8637.45,6378.8,6947.47,0.0,0.0
332.8,33.79,35.31,33.31,33.2,8639.71,6378.39,6944.41,0.0,0.0
332.93,33.79,35.31,33.3,33.2,8640.35,6377.57,6945.72,0.0,0.0
333.01,33.79,35.31,33.31,33.21,8638.74,6376.75,6944.41,0.0,0.0
333.06,33.8,35.31,33.32,33.21,8639.06,6378.39,6940.91,0.0,0.0
333.18,33.78,35.33,33.33,33.21,8641.0,6373.48,6937.84,0.0,0.0
333.26,33.83,35.33,33.33,33.21,8636.48,6371.03,6936.97,0.0,0.0
333.37,33.79,35.34,33.34,33.22,8639.71,6368.17,6935.22,0.0,0.0
333.46,33.82,35.35,33.33,33.22,8637.13,6366.95,6937.84,0.0,0.0
333.6,33.83,35.35,33.35,33.22,8636.8,6367.36,6930.85,0.0,0.0
333.67,33.82,35.35,33.34,33.22,8638.42,6366.54,6936.09,0.0,0.0
333.78,33.81,35.36,33.35,33.23,8637.77,6364.91,6933.03,0.0,0.0
333.86,33.79,35.36,33.35,33.23,8638.74,6364.09,6933.47,0.0,0.0
333.97,33.81,35.36,33.35,33.23,8637.77,6363.68,6932.6,0.0,0.0
334.11,33.82,35.37,33.36,33.24,8637.13,6360.83,6928.66,0.0,0.0
334.17,33.83,35.37,33.36,33.24,8636.48,6361.64,6929.1,0.0,0.0
334.26,33.82,35.37,33.36,33.24,8637.45,6360.42,6929.54,0.0,0.0
334.38,33.82,35.38,33.36,33.24,8637.45,6359.19,6929.54,0.0,0.0
334.57,33.84,35.37,33.36,33.25,8633.9,6360.42,6929.1,0.0,0.0
334.64,33.84,35.38,33.37,33.25,8634.87,6358.79,6926.04,0.0,0.0
334.73,33.84,35.38,33.36,33.25,8633.9,6358.38,6929.54,0.0,0.0
334.78,33.86,35.38,33.36,33.25,8634.22,6359.6,6929.97,0.0,0.0
334.86,33.84,35.38,33.36,33.26,8635.19,6357.97,6929.54,0.0,0.0
334.96,33.86,35.38,33.36,33.26,8634.22,6358.79,6928.66,0.0,0.0
335.1,33.84,35.38,33.36,33.26,8635.51,6358.38,6929.1,0.0,0.0
335.17,33.84,35.39,33.36,33.27,8633.58,6356.34,6929.1,0.0,0.0
335.27,33.86,35.38,33.36,33.27,8633.25,6357.97,6929.1,0.0,0.0
335.41,33.84,35.39,33.36,33.27,8634.87,6357.16,6929.1,0.0,0.0
335.47,33.86,35.38,33.36,33.27,8632.93,6357.56,6929.1,0.0,0.0
335.6,33.86,35.39,33.36,33.28,8632.93,6356.34,6928.23,0.0,0.0
335.72,33.88,35.39,33.36,33.28,8630.03,6356.34,6929.54,0.0,0.0
335.77,33.88,35.39,33.36,33.28,8630.35,6356.75,6929.1,0.0,0.0
335.9,33.88,35.39,33.37,33.28,8630.67,6356.75,6927.35,0.0,0.0
335.97,33.9,35.39,33.37,33.29,8629.06,6356.34,6926.48,0.0,0.0
336.1,33.88,35.39,33.37,33.29,8631.64,6356.34,6926.92,0.0,0.0
336.2,33.87,35.39,33.37,33.29,8631.0,6356.34,6926.92,0.0,0.0
336.3,33.9,35.39,33.37,33.3,8629.06,6356.34,6925.61,0.0,0.0
336.36,33.91,35.39,33.37,33.3,8627.77,6356.34,6925.61,0.0,0.0
336.47,33.91,35.39,33.38,33.3,8627.12,6356.34,6924.73,0.0,0.0
336.58,33.91,35.39,33.38,33.3,8627.12,6356.34,6924.3,0.0,0.0
336.71,33.89,35.39,33.38,33.31,8629.7,6356.34,6924.3,0.0,0.0
336.78,33.92,35.39,33.38,33.31,8625.51,6356.34,6923.42,0.0,0.0
336.87,33.92,35.39,33.38,33.31,8626.8,6356.34,6924.73,0.0,0.0
336.97,33.92,35.39,33.37,33.31,8625.51,6356.34,6925.61,0.0,0.0
337.16,33.93,35.39,33.38,33.32,8626.16,6355.93,6923.86,0.0,0.0
337.21,33.92,35.39,33.38,33.32,8625.51,6356.34,6922.99,0.0,0.0
337.29,33.96,35.39,33.38,33.32,8624.22,6356.34,6923.42,0.0,0.0
337.38,33.92,35.39,33.38,33.32,8625.51,6355.12,6923.42,0.0,0.0
337.5,33.93,35.39,33.38,33.33,8625.83,6355.93,6922.99,0.0,0.0
337.57,33.93,35.39,33.38,33.33,8625.19,6355.52,6923.42,0.0,0.0
337.7,33.93,35.39,33.38,33.33,8624.87,6355.12,6922.99,0.0,0.0
337.78,33.93,35.39,33.38,33.33,8625.19,6354.71,6922.11,0.0,0.0
337.87,33.95,35.4,33.38,33.34,8623.9,6354.3,6922.99,0.0,0.0
337.98,33.93,35.4,33.39,33.34,8625.19,6353.89,6921.24,0.0,0.0
338.08,33.93,35.41,33.38,33.34,8625.19,6351.45,6922.11,0.0,0.0
338.19,33.95,35.41,33.39,33.34,8623.9,6349.41,6919.49,0.0,0.0
338.27,33.93,35.41,33.4,33.35,8625.19,6349.82,6918.62,0.0,0.0
338.37,33.96,35.41,33.42,33.35,8623.57,6349.82,6911.64,0.0,0.0
338.51,33.95,35.41,33.42,33.35,8623.9,6350.63,6910.33,0.0,0.0
338.57,33.96,35.42,33.44,33.35,8623.25,6347.38,6905.97,0.0,0.0
338.67,33.96,35.43,33.45,33.36,8623.57,6346.56,6903.8,0.0,0.0
338.78,33.96,35.43,33.45,33.36,8623.25,6346.56,6902.49,0.0,0.0
338.89,33.95,35.44,33.45,33.36,8622.93,6343.71,6901.62,0.0,0.0
338.97,33.97,35.43,33.45,33.36,8622.61,6344.12,6902.92,0.0,0.0
339.08,33.95,35.43,33.45,33.37,8623.9,6344.12,6901.62,0.0,0.0
339.18,33.97,35.42,33.45,33.37,8621.96,6346.97,6903.8,0.0,0.0
339.29,33.97,35.44,33.46,33.37,8621.96,6342.08,6900.75,0.0,0.0
339.42,33.97,35.44,33.46,33.37,8621.0,6342.49,6900.31,0.0,0.0
339.51,33.97,35.45,33.47,33.38,8621.64,6341.27,6898.13,0.0,0.0
339.59,33.97,35.45,33.46,33.38,8621.0,6340.05,6898.57,0.0,0.0
339.7,33.97,35.44,33.47,33.38,8621.0,6341.68,6896.83,0.0,0.0
339.79,33.95,35.44,33.47,33.38,8622.28,6341.68,6896.83,0.0,0.0
339.89,33.99,35.46,33.47,33.39,8619.7,6338.01,6895.96,0.0,0.0
339.99,33.99,35.46,33.47,33.39,8620.35,6337.2,6895.96,0.0,0.0
340.14,33.98,35.46,33.47,33.39,8619.06,6336.79,6895.96,0.0,0.0
340.22,33.99,35.46,33.47,33.39,8619.7,6337.61,6895.52,0.0,0.0
340.36,33.97,35.47,33.47,33.4,8620.03,6334.76,6895.52,0.0,0.0
340.41,33.99,35.46,33.47,33.4,8620.35,6336.79,6895.52,0.0,0.0
340.54,33.99,35.47,33.48,33.4,8620.35,6335.17,6895.09,0.0,0.0
340.59,33.99,35.48,33.48,33.4,8619.38,6331.91,6894.65,0.0,0.0
340.71,34.02,35.48,33.47,33.41,8615.51,6332.32,6895.52,0.0,0.0
340.8,34.01,35.48,33.48,33.41,8616.8,6331.91,6895.09,0.0,0.0
340.91,33.98,35.48,33.47,33.41,8619.06,6331.1,6895.52,0.0,0.0
340.97,34.0,35.48,33.48,33.41,8618.41,6331.91,6894.65,0.0,0.0
341.1,34.01,35.48,33.48,33.42,8617.45,6332.32,6895.09,0.0,0.0
341.19,34.01,35.48,33.48,33.42,8617.77,6331.1,6895.09,0.0,0.0
341.36,34.0,35.48,33.48,33.42,8618.41,6331.1,6894.65,0.0,0.0
341.41,33.98,35.49,33.48,33.42,8619.06,6329.88,6894.22,0.0,0.0
341.49,34.0,35.49,33.48,33.43,8618.41,6330.29,6894.65,0.0,0.0
341.57,34.04,35.49,33.48,33.43,8615.83,6330.29,6894.22,0.0,0.0
341.68,34.01,35.49,33.49,33.43,8618.74,6329.88,6890.3,0.0,0.0
341.78,34.01,35.49,33.49,33.43,8618.09,6329.88,6891.17,0.0,0.0
341.92,34.0,35.49,33.5,33.44,8618.41,6329.88,6887.69,0.0,0.0
341.97,34.01,35.49,33.5,33.44,8616.8,6330.29,6887.26,0.0,0.0
342.08,34.04,35.49,33.5,33.44,8615.83,6330.29,6886.82,0.0,0.0
342.2,34.04,35.49,33.52,33.44,8615.83,6329.88,6883.35,0.0,0.0
342.35,34.01,35.49,33.52,33.45,8618.09,6329.88,6881.61,0.0,0.0
342.41,34.01,35.49,33.52,33.45,8616.48,6329.07,6882.48,0.0,0.0
342.47,34.01,35.49,33.54,33.45,8617.45,6329.48,6877.26,0.0,0.0
342.59,34.02,35.49,33.52,33.45,8615.51,6328.66,6881.17,0.0,0.0
342.67,34.0,35.5,33.53,33.45,8618.41,6327.04,6878.13,0.0,0.0
342.79,34.02,35.5,33.54,33.46,8615.51,6327.44,6876.83,0.0,0.0
342.99,34.01,35.5,33.54,33.46,8617.77,6327.04,6875.53,0.0,0.0
343.06,34.02,35.5,33.54,33.46,8617.12,6327.04,6875.96,0.0,0.0
343.09,34.04,35.5,33.54,33.46,8614.87,6327.04,6874.66,0.0,0.0
343.33,34.04,35.51,33.54,33.47,8613.58,6323.38,6874.66,0.0,0.0
343.43,34.04,35.52,33.56,33.47,8614.87,6320.95,6871.19,0.0,0.0
343.44,34.04,35.52,33.56,33.47,8613.58,6321.76,6871.19,0.0,0.0
343.53,34.08,35.53,33.56,33.47,8610.35,6317.29,6870.32,0.0,0.0
343.69,34.04,35.53,33.56,33.48,8614.87,6318.11,6870.32,0.0,0.0
343.77,34.05,35.54,33.56,33.48,8612.93,6316.89,6869.88,0.0,0.0
343.77,34.05,35.55,33.57,33.48,8612.93,6314.05,6868.58,0.0,0.0
344.04,34.06,35.55,33.57,33.48,8612.28,6312.83,6868.58,0.0,0.0
344.05,34.06,35.56,33.57,33.48,8612.28,6311.62,6867.72,0.0,0.0
344.2,34.06,35.57,33.57,33.49,8611.96,6308.37,6867.72,0.0,0.0
344.3,34.06,35.57,33.57,33.49,8610.99,6306.75,6866.85,0.0,0.0
344.34,34.09,35.57,33.57,33.49,8610.03,6307.56,6867.72,0.0,0.0
344.42,34.05,35.58,33.57,33.49,8612.93,6305.94,6867.72,0.0,0.0
344.47,34.06,35.58,33.57,33.5,8610.99,6305.94,6866.41,0.0,0.0
344.59,34.08,35.58,33.57,33.5,8610.35,6305.54,6867.28,0.0,0.0
344.67,34.1,35.58,33.57,33.5,8608.42,6304.32,6866.85,0.0,0.0
344.82,34.08,35.58,33.57,33.5,8609.38,6305.13,6866.85,0.0,0.0
344.87,34.1,35.58,33.57,33.51,8609.06,6304.72,6866.41,0.0,0.0
345.04,34.08,35.58,33.57,33.51,8609.38,6305.54,6866.85,0.0,0.0
345.08,34.09,35.58,33.58,33.51,8609.7,6304.32,6863.81,0.0,0.0
345.19,34.1,35.58,33.58,33.51,8606.48,6304.32,6865.11,0.0,0.0
345.27,34.1,35.58,33.58,33.52,8609.06,6304.32,6862.94,0.0,0.0
345.4,34.1,35.58,33.59,33.52,8607.12,6304.72,6860.34,0.0,0.0
345.47,34.1,35.58,33.59,33.52,8606.48,6304.72,6861.64,0.0,0.0
345.61,34.1,35.58,33.59,33.52,8607.77,6304.32,6861.64,0.0,0.0
345.78,34.1,35.58,33.6,33.53,8607.77,6304.32,6859.04,0.0,0.0
345.82,34.12,35.58,33.6,33.53,8606.16,6303.91,6858.61,0.0,0.0
345.88,34.11,35.58,33.6,33.53,8607.45,6304.32,6858.61,0.0,0.0
345.97,34.11,35.58,33.6,33.53,8606.8,6303.91,6859.04,0.0,0.0
346.09,34.1,35.58,33.61,33.54,8606.48,6303.91,6854.71,0.0,0.0
346.18,34.11,35.58,33.61,33.54,8607.45,6304.32,6856.01,0.0,0.0
346.3,34.1,35.58,33.62,33.54,8607.12,6304.32,6853.85,0.0,0.0
346.38,34.1,35.58,33.62,33.54,8607.77,6303.91,6852.98,0.0,0.0
346.51,34.1,35.59,33.62,33.54,8606.48,6301.89,6851.25,0.0,0.0
346.57,34.13,35.58,33.63,33.55,8604.87,6304.32,6850.38,0.0,0.0
346.69,34.13,35.59,33.63,33.55,8605.51,6302.29,6849.52,0.0,0.0
346.79,34.15,35.59,33.64,33.55,8603.9,6301.89,6847.79,0.0,0.0
346.89,34.13,35.59,33.64,33.55,8603.58,6301.89,6847.35,0.0,0.0
346.99,34.15,35.59,33.64,33.56,8603.9,6301.89,6846.49,0.0,0.0
347.1,34.12,35.59,33.65,33.56,8606.16,6301.48,6844.32,0.0,0.0
347.18,34.15,35.6,33.65,33.56,8603.9,6301.08,6844.76,0.0,0.0
347.27,34.14,35.6,33.65,33.56,8602.61,6300.27,6843.46,0.0,0.0
347.37,34.15,35.6,33.65,33.57,8603.9,6301.08,6843.03,0.0,0.0
347.48,34.13,35.61,33.65,33.57,8603.58,6297.44,6843.46,0.0,0.0
347.57,34.13,35.6,33.66,33.57,8604.22,6298.65,6842.16,0.0,0.0
347.76,34.15,35.6,33.66,33.57,8602.93,6298.65,6842.16,0.0,0.0
347.84,34.13,35.61,33.66,33.57,8603.26,6298.25,6840.86,0.0,0.0
347.89,34.14,35.6,33.65,33.58,8602.61,6299.46,6843.03,0.0,0.0
347.97,34.15,35.61,33.66,33.58,8602.93,6297.84,6840.43,0.0,0.0
348.08,34.16,35.6,33.66,33.58,8601.32,6298.65,6839.57,0.0,0.0
348.18,34.14,35.62,33.66,33.58,8602.61,6294.2,6839.57,0.0,0.0
348.31,34.15,35.61,33.67,33.59,8601.97,6297.03,6839.14,0.0,0.0
348.37,34.16,35.62,33.66,33.59,8601.32,6295.01,6840.0,0.0,0.0
348.47,34.16,35.62,33.66,33.59,8601.0,6295.82,6840.0,0.0,0.0
348.6,34.15,35.62,33.66,33.59,8601.97,6294.6,6840.0,0.0,0.0
348.69,34.16,35.62,33.66,33.59,8601.0,6293.39,6839.57,0.0,0.0
348.81,34.16,35.63,33.66,33.6,8601.32,6291.77,6839.57,0.0,0.0
348.89,34.18,35.62,33.66,33.6,8600.03,6293.39,6839.57,0.0,0.0
348.98,34.18,35.63,33.66,33.6,8600.35,6291.77,6839.57,0.0,0.0
349.08,34.19,35.63,33.67,33.6,8598.74,6291.37,6838.27,0.0,0.0
349.2,34.16,35.64,33.66,33.61,8600.68,6290.15,6839.57,0.0,0.0
349.34,34.18,35.63,33.67,33.61,8599.38,6292.18,6838.7,0.0,0.0
349.39,34.18,35.64,33.66,33.61,8599.06,6290.15,6839.57,0.0,0.0
349.47,34.18,35.64,33.66,33.61,8599.38,6288.94,6839.57,0.0,0.0
349.6,34.18,35.63,33.67,33.61,8598.1,6290.96,6836.97,0.0,0.0
349.68,34.18,35.64,33.67,33.62,8598.1,6288.54,6837.84,0.0,0.0
349.85,34.18,35.64,33.67,33.62,8600.03,6289.34,6837.41,0.0,0.0
349.93,34.18,35.65,33.67,33.62,8598.1,6286.92,6838.27,0.0,0.0
350.0,34.18,35.65,33.67,33.62,8599.38,6286.92,6838.27,0.0,0.0
350.1,34.2,35.65,33.67,33.63,8598.42,6286.11,6837.84,0.0,0.0
350.18,34.19,35.64,33.67,33.63,8598.74,6288.54,6838.7,0.0,0.0
350.28,34.2,35.64,33.67,33.63,8598.42,6288.54,6837.84,0.0,0.0
350.39,34.19,35.64,33.67,33.63,8597.13,6289.34,6836.97,0.0,0.0
350.52,34.2,35.65,33.67,33.63,8596.48,6286.92,6837.41,0.0,0.0
350.57,34.2,35.64,33.67,33.64,8597.45,6288.13,6839.14,0.0,0.0
350.79,34.2,35.64,33.67,33.64,8596.48,6290.15,6837.84,0.0,0.0
350.92,34.2,35.65,33.67,33.64,8598.42,6287.73,6836.54,0.0,0.0
350.97,34.2,35.65,33.67,33.64,8597.77,6286.51,6836.97,0.0,0.0
351.09,34.19,35.65,33.68,33.64,8597.13,6286.51,6835.68,0.0,0.0
351.15,34.18,35.65,33.67,33.65,8598.1,6286.11,6836.97,0.0,0.0
351.26,34.2,35.65,33.68,33.65,8596.48,6286.11,6835.25,0.0,0.0
351.36,34.18,35.66,33.69,33.65,8598.1,6284.49,6833.09,0.0,0.0
351.47,34.18,35.65,33.67,33.65,8599.06,6285.71,6836.54,0.0,0.0
351.57,34.2,35.65,33.68,33.66,8598.42,6286.92,6833.95,0.0,0.0
351.64,34.2,35.66,33.68,33.66,8598.42,6284.9,6834.81,0.0,0.0
351.84,34.22,35.65,33.69,33.66,8596.16,6285.71,6830.93,0.0,0.0
351.89,34.19,35.66,33.69,33.66,8597.13,6284.9,6832.22,0.0,0.0
351.97,34.22,35.66,33.69,33.66,8596.16,6283.69,6831.79,0.0,0.0
352.06,34.2,35.66,33.7,33.67,8596.81,6285.3,6830.49,0.0,0.0
352.17,34.23,35.67,33.7,33.67,8594.55,6281.67,6829.63,0.0,0.0
352.26,34.2,35.66,33.7,33.67,8597.45,6284.49,6828.33,0.0,0.0
352.3,34.2,35.67,33.7,33.67,8596.48,6282.47,6829.63,0.0,0.0
352.42,34.23,35.67,33.7,33.67,8594.23,6282.07,6827.9,0.0,0.0
352.48,34.23,35.67,33.7,33.68,8594.87,6281.67,6827.9,0.0,0.0
352.59,34.23,35.66,33.71,33.68,8594.23,6282.88,6827.47,0.0,0.0
352.67,34.2,35.67,33.72,33.68,8595.84,6281.26,6823.59,0.0,0.0
352.82,34.23,35.68,33.72,33.68,8594.87,6279.24,6822.29,0.0,0.0
352.94,34.25,35.68,33.74,33.68,8592.62,6279.65,6818.84,0.0,0.0
353.01,34.2,35.67,33.72,33.69,8595.84,6280.86,6822.29,0.0,0.0
353.08,34.23,35.67,33.72,33.69,8594.87,6280.05,6822.72,0.0,0.0
353.18,34.24,35.68,33.73,33.69,8593.26,6279.65,6819.7,0.0,0.0
353.35,34.25,35.68,33.73,33.69,8591.33,6279.24,6820.14,0.0,0.0
353.39,34.27,35.68,33.75,33.69,8590.68,6278.43,6815.82,0.0,0.0
353.5,34.22,35.68,33.75,33.7,8595.19,6278.84,6814.96,0.0,0.0
353.59,34.25,35.68,33.74,33.7,8592.62,6278.03,6817.98,0.0,0.0
353.69,34.27,35.68,33.74,33.7,8592.29,6278.43,6816.26,0.0,0.0
353.8,34.27,35.68,33.76,33.7,8592.29,6278.43,6812.81,0.0,0.0
353.88,34.27,35.68,33.75,33.7,8590.68,6278.43,6813.24,0.0,0.0
354.04,34.25,35.68,33.75,33.71,8592.62,6278.03,6813.24,0.0,0.0
354.08,34.27,35.68,33.75,33.71,8591.0,6277.63,6813.24,0.0,0.0
354.18,34.27,35.68,33.76,33.71,8591.0,6278.43,6812.38,0.0,0.0
354.35,34.26,35.69,33.76,33.71,8591.65,6277.22,6812.38,0.0,0.0
354.4,34.25,35.69,33.76,33.71,8591.97,6277.22,6811.95,0.0,0.0
354.49,34.27,35.69,33.76,33.72,8590.68,6275.2,6812.38,0.0,0.0
354.59,34.3,35.69,33.76,33.72,8588.42,6276.01,6812.38,0.0,0.0
354.69,34.28,35.7,33.76,33.72,8588.75,6273.99,6811.51,0.0,0.0
354.78,34.26,35.7,33.76,33.72,8591.65,6273.19,6812.38,0.0,0.0
354.91,34.27,35.72,33.76,33.72,8589.71,6269.15,6812.38,0.0,0.0
354.98,34.27,35.72,33.76,33.73,8590.68,6267.94,6811.51,0.0,0.0
355.08,34.29,35.72,33.76,33.73,8588.1,6267.14,6811.95,0.0,0.0
355.18,34.3,35.73,33.76,33.73,8587.13,6265.12,6811.51,0.0,0.0
355.28,34.28,35.74,33.77,33.73,8589.39,6263.91,6809.36,0.0,0.0
355.4,34.28,35.74,33.78,33.73,8588.75,6261.89,6806.78,0.0,0.0
355.48,34.28,35.75,33.78,33.74,8587.78,6260.69,6805.05,0.0,0.0
355.59,34.3,35.75,33.79,33.74,8587.46,6260.69,6802.04,0.0,0.0
355.69,34.29,35.75,33.79,33.74,8588.1,6261.09,6802.04,0.0,0.0
355.89,34.3,35.76,33.8,33.74,8587.13,6257.87,6799.46,0.0,0.0
355.95,34.3,35.76,33.8,33.74,8586.49,6258.67,6799.03,0.0,0.0
356.04,34.3,35.77,33.81,33.75,8587.13,6255.05,6797.31,0.0,0.0
356.09,34.31,35.76,33.81,33.75,8586.81,6257.46,6798.17,0.0,0.0
356.24,34.32,35.77,33.82,33.75,8583.91,6255.45,6793.87,0.0,0.0
356.28,34.33,35.76,33.82,33.75,8584.23,6256.25,6793.44,0.0,0.0
356.43,34.31,35.77,33.83,33.75,8585.52,6254.24,6792.58,0.0,0.0
356.48,34.31,35.77,33.83,33.76,8586.17,6254.64,6790.86,0.0,0.0
356.58,34.31,35.78,33.84,33.76,8585.52,6252.63,6789.14,0.0,0.0
356.69,34.33,35.78,33.85,33.76,8584.23,6253.03,6786.56,0.0,0.0
356.79,34.34,35.78,33.84,33.76,8582.94,6253.03,6787.42,0.0,0.0
356.9,34.32,35.78,33.85,33.76,8583.91,6253.03,6785.7,0.0,0.0
357.05,34.34,35.78,33.85,33.77,8582.3,6251.83,6786.56,0.0,0.0
357.11,34.34,35.78,33.85,33.77,8582.94,6252.63,6786.13,0.0,0.0
357.19,34.34,35.78,33.85,33.77,8581.98,6251.83,6784.84,0.0,0.0
357.29,34.34,35.78,33.85,33.77,8581.65,6252.23,6784.41,0.0,0.0
357.38,34.34,35.78,33.85,33.77,8581.98,6251.42,6785.27,0.0,0.0
357.48,34.34,35.78,33.85,33.78,8581.65,6251.02,6784.84,0.0,0.0
357.61,34.34,35.79,33.85,33.78,8581.65,6249.41,6784.41,0.0,0.0
357.68,34.34,35.8,33.85,33.78,8581.98,6248.2,6784.84,0.0,0.0
357.8,34.36,35.79,33.85,33.78,8580.36,6249.81,6784.41,0.0,0.0
357.91,34.36,35.81,33.85,33.78,8580.69,6245.39,6784.84,0.0,0.0
358.02,34.36,35.81,33.86,33.79,8580.69,6244.18,6783.98,0.0,0.0
358.09,34.37,35.82,33.85,33.79,8580.04,6242.17,6784.41,0.0,0.0
358.22,34.37,35.82,33.85,33.79,8579.72,6240.97,6784.41,0.0,0.0
358.29,34.36,35.82,33.85,33.79,8580.69,6242.17,6784.41,0.0,0.0
358.41,34.36,35.82,33.85,33.79,8581.01,6240.56,6784.41,0.0,0.0
358.48,34.37,35.82,33.85,33.8,8579.72,6240.56,6784.41,0.0,0.0
358.58,34.38,35.84,33.85,33.8,8577.46,6237.75,6784.84,0.0,0.0
358.68,34.38,35.82,33.85,33.8,8578.43,6240.97,6784.84,0.0,0.0
358.78,34.39,35.82,33.86,33.8,8578.11,6241.37,6783.56,0.0,0.0
358.91,34.39,35.82,33.85,33.8,8577.79,6242.17,6784.84,0.0,0.0
359.0,34.4,35.84,33.85,33.81,8577.14,6236.55,6784.84,0.0,0.0
359.08,34.39,35.83,33.85,33.81,8578.75,6238.56,6784.84,0.0,0.0
359.18,34.4,35.83,33.85,33.81,8575.85,6239.36,6784.84,0.0,0.0
359.29,34.4,35.83,33.85,33.81,8577.14,6238.96,6784.41,0.0,0.0
359.39,34.39,35.82,33.85,33.82,8577.79,6240.56,6784.84,0.0,0.0
359.5,34.38,35.83,33.85,33.82,8577.46,6238.56,6784.41,0.0,0.0
359.59,34.42,35.83,33.85,33.82,8575.53,6239.76,6784.41,0.0,0.0
359.69,34.38,35.83,33.85,33.82,8578.43,6239.36,6784.41,0.0,0.0
359.79,34.4,35.83,33.85,33.82,8575.85,6238.96,6784.41,0.0,0.0
359.93,34.39,35.83,33.85,33.83,8577.79,6240.16,6784.41,0.0,0.0
360.07,34.42,35.83,33.86,33.83,8575.53,6238.96,6783.98,0.0,0.0
360.09,34.4,35.83,33.86,33.83,8576.5,6238.56,6783.98,0.0,0.0
360.2,34.42,35.83,33.85,33.83,8573.92,6239.76,6784.41,0.0,0.0
360.3,34.4,35.84,33.85,33.83,8575.85,6237.75,6784.84,0.0,0.0
360.42,34.44,35.83,33.86,33.84,8571.66,6238.15,6783.56,0.0,0.0
360.51,34.44,35.84,33.85,33.84,8572.31,6236.14,6784.41,0.0,0.0
360.59,34.42,35.85,33.86,33.84,8574.56,6234.54,6783.98,0.0,0.0
360.7,34.42,35.85,33.85,33.84,8574.24,6234.14,6784.84,0.0,0.0
360.81,34.44,35.86,33.86,33.84,8572.31,6232.13,6782.27,0.0,0.0
360.94,34.45,35.85,33.86,33.85,8571.02,6232.93,6781.41,0.0,0.0
360.99,34.47,35.85,33.87,33.85,8568.76,6233.73,6780.55,0.0,0.0
361.1,34.45,35.86,33.87,33.85,8570.37,6230.92,6778.83,0.0,0.0
361.2,34.47,35.87,33.88,33.85,8569.09,6229.32,6777.97,0.0,0.0
361.3,34.47,35.86,33.89,33.85,8568.44,6230.12,6773.26,0.0,0.0
361.39,34.49,35.87,33.9,33.86,8569.73,6229.32,6770.68,0.0,0.0
361.53,34.51,35.87,33.9,33.86,8565.86,6228.92,6769.82,0.0,0.0
361.6,34.49,35.87,33.9,33.86,8568.12,6228.92,6771.11,0.0,0.0
361.69,34.49,35.87,33.92,33.86,8566.19,6228.11,6765.11,0.0,0.0
361.79,34.51,35.87,33.91,33.86,8566.51,6228.52,6767.25,0.0,0.0
361.89,34.49,35.87,33.92,33.87,8567.15,6227.31,6764.68,0.0,0.0
361.99,34.51,35.87,33.92,33.87,8565.86,6227.31,6765.97,0.0,0.0
362.12,34.5,35.88,33.93,33.87,8565.54,6226.91,6762.11,0.0,0.0
362.2,34.51,35.87,33.93,33.87,8565.86,6227.31,6762.11,0.0,0.0
362.29,34.53,35.88,33.94,33.87,8564.9,6226.51,6760.4,0.0,0.0
362.46,34.5,35.88,33.95,33.88,8565.54,6226.11,6757.83,0.0,0.0
362.52,34.51,35.88,33.94,33.88,8565.86,6226.51,6759.11,0.0,0.0
362.61,34.51,35.88,33.94,33.88,8565.86,6226.51,6758.69,0.0,0.0
362.69,34.51,35.88,33.94,33.88,8565.86,6226.11,6758.26,0.0,0.0
362.8,34.52,35.88,33.94,33.88,8564.57,6224.9,6758.26,0.0,0.0
362.9,34.51,35.88,33.95,33.89,8565.86,6225.31,6757.83,0.0,0.0
363.01,34.53,35.88,33.95,33.89,8564.25,6224.9,6757.83,0.0,0.0
363.09,34.5,35.89,33.95,33.89,8565.54,6224.1,6757.83,0.0,0.0
363.19,34.53,35.89,33.95,33.89,8564.25,6223.7,6757.4,0.0,0.0
363.29,34.53,35.9,33.95,33.89,8564.25,6221.7,6757.4,0.0,0.0
363.4,34.52,35.9,33.95,33.89,8563.93,6220.09,6757.4,0.0,0.0
363.49,34.52,35.9,33.95,33.9,8565.22,6219.69,6756.97,0.0,0.0
363.6,34.53,35.91,33.95,33.9,8563.29,6217.29,6756.97,0.0,0.0
363.69,34.54,35.92,33.95,33.9,8563.61,6216.48,6756.97,0.0,0.0
363.82,34.53,35.91,33.95,33.9,8563.29,6216.89,6756.97,0.0,0.0
363.89,34.52,35.92,33.95,33.9,8563.93,6216.48,6756.97,0.0,0.0
364.01,34.53,35.94,33.95,33.91,8564.25,6210.48,6756.55,0.0,0.0
364.09,34.54,35.94,33.95,33.91,8562.96,6210.88,6756.55,0.0,0.0
364.21,34.53,35.94,33.95,33.91,8563.29,6210.88,6756.97,0.0,0.0
364.32,34.52,35.95,33.95,33.91,8564.57,6208.87,6756.55,0.0,0.0
364.4,34.54,35.94,33.95,33.91,8562.96,6209.68,6756.12,0.0,0.0
364.59,34.52,35.95,33.95,33.92,8563.93,6207.67,6756.12,0.0,0.0
364.64,34.54,35.94,33.95,33.92,8562.64,6210.48,6756.55,0.0,0.0
364.71,34.53,35.95,33.95,33.92,8563.29,6206.87,6756.55,0.0,0.0
364.8,34.55,35.95,33.95,33.92,8561.35,6208.87,6756.55,0.0,0.0
364.95,34.54,35.95,33.95,33.92,8562.64,6207.67,6756.12,0.0,0.0
365.03,34.55,35.95,33.95,33.93,8562.0,6207.67,6756.12,0.0,0.0
365.14,34.54,35.96,33.95,33.93,8563.61,6204.87,6756.55,0.0,0.0
365.21,34.55,35.96,33.95,33.93,8561.35,6204.07,6756.97,0.0,0.0
365.29,34.55,35.96,33.95,33.93,8562.32,6205.27,6756.97,0.0,0.0
365.39,34.55,35.97,33.95,33.93,8562.0,6202.47,6757.4,0.0,0.0
365.49,34.55,35.97,33.95,33.94,8560.38,6202.47,6757.4,0.0,0.0
365.61,34.54,35.97,33.95,33.94,8561.67,6202.47,6757.4,0.0,0.0
365.69,34.55,35.97,33.95,33.94,8560.38,6203.27,6756.55,0.0,0.0
365.79,34.56,35.97,33.95,33.94,8560.71,6202.07,6756.12,0.0,0.0
365.9,34.55,35.97,33.95,33.94,8561.03,6202.47,6756.97,0.0,0.0
366.04,34.54,35.97,33.95,33.95,8561.67,6202.07,6756.55,0.0,0.0
366.12,34.55,35.97,33.95,33.95,8561.35,6202.07,6755.69,0.0,0.0
366.24,34.56,35.97,33.96,33.95,8560.71,6201.27,6754.83,0.0,0.0
366.29,34.56,35.97,33.97,33.95,8560.71,6201.27,6752.27,0.0,0.0
366.47,34.55,35.97,33.97,33.95,8560.38,6201.27,6751.84,0.0,0.0
366.48,34.55,35.97,33.96,33.96,8561.03,6201.27,6753.12,0.0,0.0
366.66,34.55,35.97,33.98,33.96,8561.35,6201.27,6747.56,0.0,0.0
366.72,34.58,35.97,33.99,33.96,8559.74,6201.27,6745.0,0.0,0.0
366.81,34.56,35.98,33.99,33.96,8560.71,6200.47,6745.85,0.0,0.0
366.9,34.56,35.98,34.01,33.96,8560.06,6198.87,6739.01,0.0,0.0
366.99,34.55,35.98,34.01,33.97,8561.03,6199.27,6739.01,0.0,0.0
367.09,34.56,35.99,34.02,33.97,8560.06,6198.07,6736.02,0.0,0.0
367.26,34.56,35.98,34.02,33.97,8560.71,6199.67,6735.6,0.0,0.0
367.3,34.56,35.99,34.03,33.97,8560.71,6197.67,6734.74,0.0,0.0
367.4,34.55,36.0,34.03,33.97,8560.38,6193.68,6735.17,0.0,0.0
367.52,34.57,35.99,34.03,33.98,8558.77,6196.07,6732.61,0.0,0.0
367.6,34.58,36.01,34.04,33.98,8559.09,6192.48,6732.18,0.0,0.0
367.71,34.56,36.0,34.04,33.98,8559.42,6193.28,6732.18,0.0,0.0
367.79,34.59,36.02,34.04,33.98,8558.45,6190.48,6730.05,0.0,0.0
367.92,34.56,36.02,34.04,33.98,8560.06,6188.48,6730.05,0.0,0.0
367.99,34.55,36.03,34.04,33.99,8560.38,6187.68,6730.05,0.0,0.0
368.1,34.59,36.04,34.04,33.99,8557.81,6182.89,6730.48,0.0,0.0
368.21,34.59,36.04,34.04,33.99,8557.81,6183.69,6730.05,0.0,0.0
368.29,34.56,36.04,34.04,33.99,8559.42,6184.09,6729.62,0.0,0.0
368.4,34.59,36.06,34.04,33.99,8557.16,6180.1,6729.62,0.0,0.0
368.5,34.56,36.05,34.04,34.0,8559.42,6180.5,6729.62,0.0,0.0
368.59,34.58,36.06,34.04,34.0,8558.13,6179.3,6729.62,0.0,0.0
368.74,34.6,36.06,34.04,34.0,8557.49,6178.51,6729.62,0.0,0.0
368.79,34.59,36.06,34.05,34.0,8557.81,6178.11,6727.92,0.0,0.0
368.96,34.61,36.07,34.05,34.0,8555.87,6177.31,6729.2,0.0,0.0
369.01,34.59,36.07,34.05,34.01,8557.16,6175.71,6729.2,0.0,0.0
369.1,34.62,36.07,34.05,34.01,8553.62,6175.71,6727.49,0.0,0.0
369.25,34.61,36.07,34.06,34.01,8554.91,6176.11,6726.21,0.0,0.0
369.29,34.61,36.07,34.06,34.01,8554.91,6175.71,6724.93,0.0,0.0
369.42,34.62,36.07,34.07,34.01,8554.26,6175.71,6723.23,0.0,0.0
369.5,34.63,36.07,34.06,34.02,8553.94,6175.32,6724.93,0.0,0.0
369.6,34.65,36.07,34.08,34.02,8551.04,6175.32,6720.67,0.0,0.0
369.7,34.63,36.08,34.09,34.02,8552.98,6174.92,6715.98,0.0,0.0
369.81,34.67,36.08,34.1,34.02,8550.08,6174.52,6714.7,0.0,0.0
369.9,34.65,36.07,34.09,34.02,8549.75,6175.32,6715.56,0.0,0.0
370.02,34.67,36.08,34.11,34.03,8550.72,6174.92,6710.87,0.0,0.0
370.1,34.65,36.08,34.11,34.03,8551.04,6172.53,6710.87,0.0,0.0
370.2,34.67,36.1,34.11,34.03,8548.14,6169.34,6710.45,0.0,0.0
370.31,34.66,36.1,34.12,34.03,8550.4,6167.35,6707.89,0.0,0.0
370.41,34.68,36.11,34.11,34.04,8548.46,6166.15,6710.45,0.0,0.0
370.51,34.69,36.12,34.12,34.04,8546.85,6162.57,6707.47,0.0,0.0
370.6,34.67,36.12,34.13,34.04,8548.14,6162.57,6706.19,0.0,0.0
370.73,34.68,36.13,34.12,34.04,8548.46,6160.18,6707.47,0.0,0.0
370.85,34.69,36.13,34.13,34.04,8546.53,6159.78,6704.06,0.0,0.0
370.92,34.69,36.13,34.14,34.05,8546.53,6159.78,6703.64,0.0,0.0
371.0,34.71,36.14,34.13,34.05,8544.6,6157.39,6704.49,0.0,0.0
371.11,34.71,36.15,34.14,34.05,8545.24,6155.01,6703.21,0.0,0.0
371.2,34.71,36.15,34.14,34.05,8544.92,6155.41,6703.64,0.0,0.0
371.3,34.73,36.15,34.14,34.05,8542.99,6156.2,6701.94,0.0,0.0
371.39,34.71,36.16,34.14,34.06,8544.92,6154.21,6702.36,0.0,0.0
371.49,34.73,36.16,34.14,34.06,8543.63,6152.22,6703.21,0.0,0.0
371.66,34.72,36.16,34.14,34.06,8543.31,6153.42,6702.79,0.0,0.0
371.75,34.73,36.16,34.14,34.06,8542.34,6154.21,6702.36,0.0,0.0
371.82,34.73,36.17,34.14,34.06,8542.99,6151.43,6701.94,0.0,0.0
371.9,34.73,36.16,34.14,34.07,8542.99,6152.22,6703.21,0.0,0.0
371.99,34.75,36.16,34.14,34.07,8541.38,6151.83,6702.36,0.0,0.0
372.16,34.72,36.17,34.14,34.07,8542.67,6151.43,6701.94,0.0,0.0
372.21,34.73,36.17,34.14,34.07,8542.34,6150.63,6702.79,0.0,0.0
372.32,34.77,36.17,34.14,34.08,8540.09,6151.03,6703.21,0.0,0.0
372.49,34.73,36.16,34.14,34.08,8542.34,6151.83,6702.79,0.0,0.0
372.57,34.76,36.17,34.14,34.08,8540.73,6151.03,6702.36,0.0,0.0
372.66,34.76,36.17,34.14,34.08,8540.73,6151.03,6702.36,0.0,0.0
372.71,34.75,36.17,34.14,34.08,8541.38,6151.43,6703.21,0.0,0.0
372.8,34.76,36.17,34.14,34.09,8540.73,6150.63,6702.36,0.0,0.0
372.96,34.75,36.16,34.14,34.09,8541.06,6151.83,6702.79,0.0,0.0
373.06,34.75,36.17,34.14,34.09,8542.02,6150.63,6702.79,0.0,0.0
373.09,34.76,36.17,34.14,34.09,8540.41,6150.63,6702.79,0.0,0.0
373.19,34.75,36.17,34.14,34.1,8541.38,6151.03,6702.36,0.0,0.0
373.34,34.75,36.17,34.14,34.1,8542.02,6150.63,6702.79,0.0,0.0
373.43,34.76,36.17,34.14,34.1,8539.77,6151.03,6701.51,0.0,0.0
373.51,34.76,36.17,34.14,34.1,8540.73,6151.03,6701.94,0.0,0.0
373.64,34.75,36.17,34.14,34.1,8541.38,6150.24,6702.36,0.0,0.0
373.7,34.75,36.17,34.14,34.11,8541.06,6150.63,6702.79,0.0,0.0
373.82,34.75,36.17,34.14,34.11,8541.06,6150.63,6702.79,0.0,0.0
373.91,34.75,36.17,34.14,34.11,8541.7,6150.24,6702.36,0.0,0.0
374.01,34.75,36.17,34.14,34.11,8541.06,6150.24,6701.94,0.0,0.0
374.11,34.75,36.17,34.14,34.11,8541.06,6150.24,6701.51,0.0,0.0
374.2,34.75,36.17,34.14,34.12,8541.06,6150.24,6702.79,0.0,0.0
374.31,34.77,36.17,34.14,34.12,8538.8,6149.84,6701.94,0.0,0.0
374.4,34.76,36.17,34.14,34.12,8540.41,6150.24,6702.36,0.0,0.0
374.5,34.75,36.17,34.14,34.12,8541.06,6149.44,6701.94,0.0,0.0
374.6,34.76,36.17,34.14,34.13,8540.41,6149.84,6701.51,0.0,0.0
374.7,34.75,36.17,34.15,34.13,8541.06,6150.24,6700.66,0.0,0.0
374.8,34.77,36.17,34.15,34.13,8539.45,6150.24,6699.39,0.0,0.0
374.98,34.75,36.17,34.15,34.13,8541.38,6150.24,6698.11,0.0,0.0
375.08,34.77,36.17,34.16,34.13,8539.45,6150.24,6695.56,0.0,0.0
375.15,34.75,36.17,34.16,34.14,8541.38,6150.24,6697.26,0.0,0.0
375.21,34.76,36.17,34.16,34.14,8539.77,6150.24,6695.99,0.0,0.0
375.33,34.75,36.17,34.17,34.14,8541.06,6149.84,6693.86,0.0,0.0
375.42,34.77,36.17,34.18,34.14,8540.09,6150.24,6690.04,0.0,0.0
375.5,34.76,36.17,34.18,34.14,8539.77,6150.24,6691.31,0.0,0.0
375.61,34.77,36.17,34.18,34.15,8539.45,6149.44,6690.46,0.0,0.0
375.69,34.77,36.17,34.17,34.15,8538.8,6149.44,6692.59,0.0,0.0
375.84,34.78,36.18,34.19,34.15,8538.16,6149.05,6687.49,0.0,0.0
375.94,34.77,36.17,34.2,34.15,8538.48,6150.24,6684.52,0.0,0.0
376.03,34.77,36.18,34.2,34.15,8539.45,6149.05,6685.37,0.0,0.0
376.11,34.76,36.18,34.2,34.16,8539.12,6148.25,6686.22,0.0,0.0
376.22,34.76,36.18,34.2,34.16,8539.12,6148.25,6684.52,0.0,0.0
376.3,34.79,36.19,34.21,34.16,8537.84,6146.26,6681.97,0.0,0.0
376.41,34.8,36.18,34.22,34.16,8536.87,6147.46,6680.28,0.0,0.0
376.5,34.8,36.19,34.22,34.16,8537.19,6145.47,6679.85,0.0,0.0
376.61,34.77,36.18,34.22,34.16,8538.8,6147.06,6679.85,0.0,0.0
376.71,34.78,36.18,34.22,34.17,8537.51,6148.25,6679.01,0.0,0.0
376.8,34.79,36.19,34.22,34.17,8537.84,6145.07,6680.28,0.0,0.0
376.9,34.8,36.19,34.23,34.17,8537.19,6145.07,6676.89,0.0,0.0
377.0,34.8,36.19,34.23,34.17,8536.87,6144.68,6676.46,0.0,0.0
377.11,34.81,36.2,34.23,34.17,8535.9,6142.29,6676.89,0.0,0.0
377.2,34.79,36.2,34.23,34.18,8537.84,6142.69,6676.46,0.0,0.0
377.3,34.8,36.2,34.24,34.18,8537.19,6141.9,6674.77,0.0,0.0
377.42,34.78,36.21,34.24,34.18,8537.51,6141.1,6675.19,0.0,0.0
377.57,34.77,36.21,34.23,34.18,8539.45,6139.91,6676.04,0.0,0.0
377.6,34.78,36.21,34.23,34.18,8537.51,6140.7,6675.61,0.0,0.0
377.72,34.81,36.21,34.23,34.19,8535.26,6140.31,6675.61,0.0,0.0
377.81,34.8,36.21,34.24,34.19,8536.87,6139.91,6675.19,0.0,0.0
377.94,34.81,36.22,34.24,34.19,8535.26,6138.72,6675.19,0.0,0.0
378.01,34.8,36.22,34.24,34.19,8536.87,6138.72,6675.19,0.0,0.0
378.12,34.79,36.22,34.24,34.19,8536.55,6137.53,6674.77,0.0,0.0
378.2,34.81,36.23,34.24,34.19,8535.9,6134.36,6674.77,0.0,0.0
378.34,34.81,36.23,34.24,34.2,8535.9,6133.96,6673.92,0.0,0.0
378.41,34.79,36.23,34.24,34.2,8536.55,6134.36,6674.34,0.0,0.0
378.51,34.77,36.22,34.24,34.2,8538.48,6137.13,6673.92,0.0,0.0
378.61,34.8,36.24,34.24,34.2,8536.23,6133.56,6674.34,0.0,0.0
378.7,34.82,36.24,34.24,34.2,8534.29,6132.77,6673.07,0.0,0.0
378.81,34.81,36.24,34.24,34.21,8534.94,6132.37,6673.92,0.0,0.0
378.92,34.8,36.25,34.24,34.21,8535.58,6129.6,6673.07,0.0,0.0
379.01,34.8,36.24,34.24,34.21,8535.58,6131.98,6672.65,0.0,0.0
379.11,34.8,36.25,34.25,34.21,8535.58,6129.99,6672.22,0.0,0.0
379.24,34.82,36.25,34.25,34.21,8534.61,6129.99,6672.22,0.0,0.0
379.3,34.81,36.25,34.25,34.22,8535.9,6128.8,6671.8,0.0,0.0
379.41,34.82,36.25,34.25,34.22,8533.01,6128.8,6671.8,0.0,0.0
379.5,34.8,36.25,34.25,34.22,8535.58,6129.2,6670.11,0.0,0.0
379.62,34.82,36.26,34.25,34.22,8533.97,6128.41,6670.95,0.0,0.0
379.7,34.85,36.26,34.25,34.22,8531.72,6127.62,6670.11,0.0,0.0
379.88,34.81,36.26,34.25,34.22,8535.26,6126.82,6670.11,0.0,0.0
380.03,34.8,36.26,34.26,34.23,8536.23,6127.22,6668.83,0.0,0.0
380.09,34.81,36.26,34.26,34.23,8534.94,6126.82,6668.41,0.0,0.0
380.19,34.84,36.27,34.27,34.23,8532.04,6125.63,6665.02,0.0,0.0
380.22,34.84,36.26,34.26,34.23,8531.39,6126.43,6666.72,0.0,0.0
380.3,34.86,36.26,34.27,34.23,8530.75,6126.43,6665.45,0.0,0.0
380.4,34.85,36.27,34.27,34.24,8532.36,6125.24,6665.45,0.0,0.0
380.5,34.84,36.27,34.28,34.24,8533.33,6124.45,6662.48,0.0,0.0
380.63,34.88,36.27,34.27,34.24,8529.14,6124.84,6664.18,0.0,0.0
380.7,34.86,36.27,34.27,34.24,8530.11,6124.84,6664.18,0.0,0.0
380.8,34.88,36.27,34.27,34.24,8528.5,6124.84,6664.18,0.0,0.0
380.9,34.85,36.27,34.28,34.25,8531.72,6125.24,6662.91,0.0,0.0
381.02,34.86,36.27,34.28,34.25,8529.46,6125.24,6662.91,0.0,0.0
381.11,34.88,36.27,34.28,34.25,8528.17,6124.84,6661.64,0.0,0.0
381.25,34.89,36.27,34.28,34.25,8528.82,6124.84,6663.33,0.0,0.0
381.36,34.9,36.27,34.28,34.25,8526.56,6124.84,6662.91,0.0,0.0
381.41,34.9,36.27,34.28,34.25,8526.24,6125.24,6662.06,0.0,0.0
381.51,34.9,36.27,34.29,34.26,8526.24,6125.24,6660.37,0.0,0.0
381.6,34.91,36.27,34.29,34.26,8525.6,6125.24,6660.79,0.0,0.0
381.71,34.91,36.27,34.29,34.26,8525.6,6124.45,6659.1,0.0,0.0
381.8,34.93,36.27,34.3,34.26,8524.31,6124.84,6657.83,0.0,0.0
381.9,34.91,36.27,34.3,34.26,8525.6,6124.45,6656.56,0.0,0.0
382.01,34.91,36.27,34.29,34.27,8525.6,6124.84,6660.79,0.0,0.0
382.11,34.91,36.27,34.3,34.27,8523.99,6124.84,6656.14,0.0,0.0
382.22,34.92,36.27,34.3,34.27,8523.67,6124.45,6657.83,0.0,0.0
382.32,34.91,36.27,34.31,34.27,8523.99,6124.45,6655.29,0.0,0.0
382.42,34.91,36.27,34.31,34.27,8524.63,6124.84,6654.45,0.0,0.0
382.51,34.93,36.28,34.3,34.27,8523.35,6122.86,6656.98,0.0,0.0
382.62,34.93,36.28,34.31,34.28,8522.06,6122.46,6655.29,0.0,0.0
382.7,34.93,36.28,34.31,34.28,8522.06,6122.46,6654.87,0.0,0.0
382.81,34.93,36.28,34.31,34.28,8523.35,6123.26,6654.87,0.0,0.0
382.9,34.93,36.28,34.31,34.28,8522.38,6121.28,6652.76,0.0,0.0
383.0,34.93,36.29,34.32,34.28,8522.38,6118.51,6651.06,0.0,0.0
383.1,34.93,36.3,34.32,34.29,8522.06,6116.92,6650.22,0.0,0.0
383.2,34.94,36.29,34.32,34.29,8521.41,6118.51,6650.64,0.0,0.0
383.31,34.94,36.31,34.33,34.29,8521.41,6115.34,6649.37,0.0,0.0
383.45,34.94,36.3,34.33,34.29,8521.73,6116.13,6649.37,0.0,0.0
383.5,34.94,36.3,34.33,34.29,8521.41,6115.73,6648.53,0.0,0.0
383.64,34.94,36.3,34.32,34.29,8521.73,6116.53,6650.22,0.0,0.0
383.71,34.94,36.31,34.33,34.3,8521.41,6114.55,6648.95,0.0,0.0
383.82,34.94,36.32,34.33,34.3,8521.41,6112.57,6648.53,0.0,0.0
383.9,34.94,36.32,34.33,34.3,8521.41,6112.96,6648.53,0.0,0.0
384.06,34.96,36.31,34.33,34.3,8519.8,6114.55,6648.11,0.0,0.0
384.11,34.97,36.31,34.33,34.3,8519.48,6114.55,6648.53,0.0,0.0
384.2,34.95,36.32,34.33,34.3,8520.77,6110.99,6648.53,0.0,0.0
384.33,34.95,36.32,34.33,34.31,8521.09,6111.78,6648.11,0.0,0.0
384.41,34.95,36.33,34.33,34.31,8520.12,6109.01,6648.11,0.0,0.0
384.52,34.96,36.32,34.33,34.31,8519.8,6112.57,6648.11,0.0,0.0
384.6,34.96,36.32,34.33,34.31,8520.45,6112.57,6648.11,0.0,0.0
384.71,34.96,36.32,34.33,34.31,8519.8,6110.59,6647.68,0.0,0.0
384.8,34.98,36.32,34.33,34.32,8518.84,6110.59,6647.68,0.0,0.0
384.91,34.97,36.32,34.33,34.32,8519.16,6111.78,6648.11,0.0,0.0
385.02,34.95,36.33,34.33,34.32,8520.12,6108.22,6647.26,0.0,0.0
385.12,34.97,36.34,34.33,34.32,8519.48,6107.43,6647.26,0.0,0.0
385.2,34.96,36.33,34.34,34.32,8519.8,6109.41,6646.84,0.0,0.0
385.31,34.97,36.33,34.34,34.32,8519.48,6110.2,6646.84,0.0,0.0
385.42,34.96,36.34,34.33,34.33,8519.8,6106.64,6647.26,0.0,0.0
385.52,34.97,36.34,34.33,34.33,8519.16,6107.03,6647.26,0.0,0.0
385.63,34.98,36.34,34.34,34.33,8518.84,6107.82,6645.15,0.0,0.0
385.71,35.01,36.34,34.34,34.33,8516.91,6107.03,6646.84,0.0,0.0
385.81,34.98,36.33,34.34,34.33,8518.19,6108.61,6646.84,0.0,0.0
385.94,34.99,36.35,34.34,34.33,8517.23,6104.66,6645.15,0.0,0.0
386.04,35.01,36.34,34.34,34.34,8516.91,6107.03,6646.0,0.0,0.0
386.1,34.98,36.34,34.34,34.34,8517.55,6106.24,6645.57,0.0,0.0
386.21,34.98,36.34,34.34,34.34,8518.84,6107.03,6644.73,0.0,0.0
386.33,34.98,36.34,34.35,34.34,8518.19,6105.45,6643.46,0.0,0.0
386.43,35.01,36.35,34.35,34.34,8515.94,6104.27,6642.19,0.0,0.0
386.59,35.03,36.35,34.35,34.34,8514.33,6103.87,6642.62,0.0,0.0
386.67,35.01,36.36,34.35,34.35,8516.91,6102.29,6641.77,0.0,0.0
386.71,35.01,36.36,34.35,34.35,8516.58,6101.11,6643.88,0.0,0.0
386.81,34.98,36.36,34.35,34.35,8517.55,6101.11,6643.04,0.0,0.0
386.9,35.0,36.36,34.36,34.35,8514.97,6101.9,6640.93,0.0,0.0
387.01,35.02,36.36,34.36,34.35,8513.69,6101.11,6639.24,0.0,0.0
387.11,35.0,36.37,34.37,34.36,8514.97,6099.92,6637.55,0.0,0.0
387.2,35.02,36.37,34.36,34.36,8514.65,6099.92,6639.24,0.0,0.0
387.31,35.05,36.37,34.36,34.36,8512.72,6099.53,6638.82,0.0,0.0
387.42,35.02,36.37,34.37,34.36,8513.04,6099.92,6637.13,0.0,0.0
387.51,35.05,36.37,34.36,34.36,8512.08,6099.13,6638.4,0.0,0.0
387.65,35.02,36.37,34.37,34.36,8514.01,6099.13,6637.97,0.0,0.0
387.7,35.02,36.37,34.37,34.37,8513.36,6099.13,6635.86,0.0,0.0
387.81,35.02,36.37,34.38,34.37,8513.04,6098.74,6633.33,0.0,0.0
387.91,35.02,36.37,34.38,34.37,8514.01,6098.34,6633.75,0.0,0.0
388.02,35.02,36.37,34.37,34.37,8513.36,6098.74,6637.97,0.0,0.0
388.11,35.05,36.37,34.37,34.37,8512.72,6097.95,6636.29,0.0,0.0
388.22,35.05,36.38,34.36,34.37,8512.4,6096.76,6639.24,0.0,0.0
388.3,35.05,36.37,34.38,34.38,8511.75,6097.95,6634.18,0.0,0.0
388.41,35.05,36.38,34.36,34.38,8512.08,6097.16,6638.4,0.0,0.0
388.6,35.05,36.38,34.37,34.38,8512.08,6095.97,6635.86,0.0,0.0
388.64,35.06,36.39,34.39,34.38,8511.43,6094.79,6632.49,0.0,0.0
388.72,35.07,36.39,34.38,34.38,8509.82,6094.0,6633.75,0.0,0.0
388.81,35.06,36.39,34.37,34.38,8510.79,6094.0,6636.29,0.0,0.0
388.92,35.05,36.39,34.38,34.39,8512.72,6094.39,6634.6,0.0,0.0
389.0,35.05,36.4,34.38,34.39,8511.11,6092.03,6635.02,0.0,0.0
389.17,35.07,36.4,34.39,34.39,8508.86,6091.63,6631.65,0.0,0.0
389.22,35.06,36.39,34.39,34.39,8510.79,6092.81,6631.65,0.0,0.0
389.31,35.07,36.4,34.38,34.39,8508.86,6092.42,6635.02,0.0,0.0
389.41,35.07,36.4,34.38,34.39,8508.86,6091.24,6632.91,0.0,0.0
389.5,35.1,36.41,34.39,34.4,8506.92,6089.66,6630.8,0.0,0.0
389.61,35.09,36.41,34.39,34.4,8507.89,6089.66,6630.8,0.0,0.0
389.74,35.1,36.4,34.39,34.4,8506.28,6090.84,6629.96,0.0,0.0
389.82,35.09,36.41,34.39,34.4,8507.57,6088.08,6632.49,0.0,0.0
389.91,35.08,36.42,34.41,34.4,8508.54,6086.11,6626.59,0.0,0.0
390.01,35.08,36.42,34.41,34.4,8508.21,6086.11,6626.59,0.0,0.0
390.12,35.1,36.42,34.4,34.41,8507.25,6086.5,6628.27,0.0,0.0
390.21,35.11,36.42,34.41,34.41,8505.64,6085.32,6624.9,0.0,0.0
390.33,35.09,36.42,34.4,34.41,8506.6,6086.5,6627.43,0.0,0.0
390.41,35.1,36.43,34.42,34.41,8506.92,6083.35,6622.38,0.0,0.0
390.51,35.1,36.42,34.42,34.41,8506.92,6085.32,6624.06,0.0,0.0
390.62,35.11,36.43,34.42,34.41,8504.67,6082.96,6624.06,0.0,0.0
390.74,35.11,36.44,34.42,34.42,8504.67,6080.99,6623.64,0.0,0.0
390.85,35.12,36.44,34.42,34.42,8504.35,6082.17,6621.95,0.0,0.0
390.9,35.14,36.45,34.42,34.42,8502.42,6079.41,6623.64,0.0,0.0
391.03,35.12,36.44,34.42,34.42,8503.39,6082.17,6621.95,0.0,0.0
391.11,35.12,36.44,34.42,34.42,8505.0,6080.2,6622.38,0.0,0.0
391.27,35.14,36.44,34.42,34.42,8502.1,6080.99,6623.64,0.0,0.0
391.32,35.12,36.44,34.42,34.43,8503.71,6079.8,6621.53,0.0,0.0
391.42,35.11,36.45,34.43,34.43,8504.67,6077.44,6621.11,0.0,0.0
391.51,35.11,36.45,34.43,34.43,8504.67,6078.62,6621.11,0.0,0.0
391.61,35.12,36.44,34.43,34.43,8504.03,6080.59,6621.11,0.0,0.0
391.72,35.12,36.46,34.43,34.43,8504.03,6076.65,6620.69,0.0,0.0
391.81,35.11,36.46,34.42,34.44,8505.96,6077.05,6621.53,0.0,0.0
391.92,35.12,36.46,34.43,34.44,8503.39,6077.05,6620.27,0.0,0.0
392.03,35.12,36.46,34.43,34.44,8505.0,6076.26,6621.11,0.0,0.0
392.11,35.12,36.46,34.43,34.44,8505.0,6074.68,6621.11,0.0,0.0
392.22,35.14,36.46,34.43,34.44,8502.1,6075.08,6620.27,0.0,0.0
392.34,35.14,36.46,34.43,34.44,8502.42,6074.68,6619.85,0.0,0.0
392.41,35.12,36.46,34.43,34.45,8503.39,6075.08,6619.43,0.0,0.0
392.51,35.12,36.46,34.43,34.45,8503.39,6074.68,6619.01,0.0,0.0
392.61,35.14,36.47,34.44,34.45,8502.42,6074.29,6618.59,0.0,0.0
392.72,35.12,36.47,34.44,34.45,8503.39,6074.29,6616.9,0.0,0.0
392.89,35.12,36.47,34.45,34.45,8503.71,6074.29,6615.22,0.0,0.0
392.92,35.14,36.47,34.45,34.45,8502.1,6074.29,6614.38,0.0,0.0
393.02,35.14,36.47,34.47,34.46,8503.06,6074.29,6608.49,0.0,0.0
393.14,35.14,36.47,34.47,34.46,8502.42,6073.9,6608.49,0.0,0.0
393.21,35.13,36.47,34.47,34.46,8502.74,6073.5,6607.65,0.0,0.0
393.34,35.15,36.47,34.48,34.46,8500.81,6072.72,6605.55,0.0,0.0
393.41,35.14,36.47,34.49,34.46,8502.1,6073.5,6603.45,0.0,0.0
393.52,35.14,36.47,34.49,34.46,8501.45,6072.72,6603.02,0.0,0.0
393.63,35.14,36.47,34.5,34.47,8501.45,6072.72,6601.76,0.0,0.0
393.76,35.16,36.47,34.5,34.47,8500.17,6073.5,6600.92,0.0,0.0
393.81,35.14,36.47,34.5,34.47,8502.1,6073.9,6600.5,0.0,0.0
393.92,35.16,36.47,34.51,34.47,8500.17,6073.5,6597.56,0.0,0.0
394.02,35.14,36.48,34.51,34.47,8502.1,6070.75,6598.4,0.0,0.0
394.14,35.15,36.49,34.51,34.47,8500.81,6069.17,6596.3,0.0,0.0
394.25,35.14,36.49,34.51,34.48,8502.42,6069.17,6597.98,0.0,0.0
394.3,35.15,36.49,34.52,34.48,8501.13,6067.99,6595.88,0.0,0.0
394.46,35.15,36.5,34.52,34.48,8501.78,6066.81,6595.46,0.0,0.0
394.61,35.15,36.5,34.52,34.48,8501.13,6065.63,6594.63,0.0,0.0
394.66,35.15,36.5,34.52,34.48,8500.81,6065.24,6594.21,0.0,0.0
394.74,35.16,36.51,34.52,34.48,8500.49,6062.09,6594.63,0.0,0.0
394.87,35.16,36.5,34.52,34.49,8500.49,6065.63,6594.21,0.0,0.0
394.92,35.16,36.51,34.52,34.49,8500.49,6064.06,6594.21,0.0,0.0
395.02,35.16,36.52,34.52,34.49,8500.49,6060.92,6593.79,0.0,0.0
395.13,35.18,36.53,34.52,34.49,8497.91,6058.17,6594.21,0.0,0.0
395.23,35.17,36.53,34.52,34.49,8499.2,6058.95,6593.79,0.0,0.0
395.31,35.17,36.53,34.52,34.49,8499.2,6057.38,6593.79,0.0,0.0
395.4,35.16,36.53,34.52,34.5,8500.49,6056.99,6594.21,0.0,0.0
395.52,35.18,36.54,34.53,34.5,8499.84,6056.59,6593.37,0.0,0.0
395.67,35.17,36.53,34.52,34.5,8499.2,6058.56,6594.21,0.0,0.0
395.73,35.18,36.53,34.53,34.5,8498.24,6057.77,6592.53,0.0,0.0
395.82,35.17,36.54,34.54,34.5,8499.2,6056.2,6588.75,0.0,0.0
395.92,35.17,36.54,34.54,34.5,8499.2,6056.59,6590.43,0.0,0.0
396.01,35.16,36.53,34.54,34.51,8500.17,6056.99,6588.75,0.0,0.0
396.11,35.16,36.53,34.55,34.51,8500.17,6058.56,6586.23,0.0,0.0
396.21,35.18,36.54,34.55,34.51,8498.56,6056.59,6585.81,0.0,0.0
396.37,35.18,36.53,34.56,34.51,8498.24,6058.56,6584.14,0.0,0.0
396.41,35.18,36.53,34.55,34.51,8497.91,6057.77,6585.4,0.0,0.0
396.51,35.19,36.53,34.56,34.51,8497.59,6056.99,6583.3,0.0,0.0
396.68,35.2,36.53,34.57,34.52,8497.27,6058.17,6582.04,0.0,0.0
396.76,35.2,36.53,34.56,34.52,8497.27,6057.38,6582.46,0.0,0.0
396.81,35.16,36.54,34.56,34.52,8500.49,6056.59,6583.3,0.0,0.0
396.92,35.2,36.54,34.57,34.52,8497.27,6055.42,6581.62,0.0,0.0
397.03,35.18,36.54,34.57,34.52,8498.88,6056.59,6579.53,0.0,0.0
397.17,35.2,36.54,34.58,34.53,8497.27,6056.59,6579.11,0.0,0.0
397.22,35.19,36.54,34.58,34.53,8497.59,6056.2,6578.27,0.0,0.0
397.33,35.18,36.55,34.57,34.53,8497.91,6054.24,6580.37,0.0,0.0
397.41,35.19,36.55,34.58,34.53,8496.95,6052.67,6577.43,0.0,0.0
397.54,35.23,36.54,34.58,34.53,8494.37,6054.63,6578.69,0.0,0.0
397.69,35.2,36.55,34.58,34.53,8495.66,6053.84,6577.01,0.0,0.0
397.74,35.23,36.55,34.57,34.54,8494.37,6052.27,6581.62,0.0,0.0
397.83,35.23,36.55,34.58,34.54,8494.37,6053.45,6578.69,0.0,0.0
397.92,35.2,36.55,34.59,34.54,8495.66,6053.84,6575.76,0.0,0.0
398.01,35.22,36.55,34.59,34.54,8493.41,6052.67,6575.76,0.0,0.0
398.12,35.2,36.56,34.58,34.54,8495.34,6050.7,6577.43,0.0,0.0
398.25,35.24,36.56,34.6,34.54,8492.77,6049.92,6573.66,0.0,0.0
398.35,35.2,36.56,34.6,34.55,8496.31,6050.31,6571.15,0.0,0.0
398.41,35.22,36.56,34.6,34.55,8495.02,6050.7,6572.83,0.0,0.0
398.52,35.22,36.56,34.59,34.55,8494.05,6049.53,6574.08,0.0,0.0
398.63,35.23,36.56,34.61,34.55,8493.73,6049.92,6569.48,0.0,0.0
398.74,35.25,36.56,34.61,34.55,8491.16,6049.92,6569.48,0.0,0.0
398.81,35.24,36.57,34.6,34.55,8492.77,6049.13,6571.99,0.0,0.0
398.93,35.24,36.57,34.6,34.56,8493.09,6049.13,6571.57,0.0,0.0
399.01,35.23,36.57,34.61,34.56,8494.37,6048.74,6570.73,0.0,0.0
399.13,35.24,36.57,34.61,34.56,8493.09,6049.13,6570.32,0.0,0.0
399.21,35.24,36.57,34.61,34.56,8492.77,6048.74,6569.06,0.0,0.0
399.32,35.24,36.57,34.61,34.56,8491.8,6048.74,6569.48,0.0,0.0
399.41,35.27,36.57,34.62,34.56,8490.19,6048.74,6567.39,0.0,0.0
399.53,35.25,36.57,34.61,34.56,8490.51,6046.78,6568.64,0.0,0.0
399.73,35.28,36.57,34.62,34.57,8489.55,6047.17,6567.39,0.0,0.0
399.73,35.31,36.57,34.62,34.57,8486.65,6046.78,6567.39,0.0,0.0
399.9,35.25,36.58,34.62,34.57,8490.51,6046.39,6567.39,0.0,0.0
400.01,35.28,36.58,34.62,34.57,8487.94,6045.6,6567.81,0.0,0.0
400.07,35.28,36.59,34.62,34.57,8488.9,6044.03,6566.97,0.0,0.0
400.12,35.28,36.6,34.62,34.57,8487.94,6040.5,6567.81,0.0,0.0
400.25,35.31,36.6,34.62,34.58,8486.33,6041.29,6567.39,0.0,0.0
400.32,35.28,36.61,34.62,34.58,8487.94,6038.94,6567.39,0.0,0.0
400.45,35.28,36.61,34.62,34.58,8488.9,6037.37,6567.81,0.0,0.0
400.51,35.32,36.62,34.62,34.58,8485.36,6035.02,6567.39,0.0,0.0
400.62,35.29,36.63,34.62,34.58,8488.26,6033.84,6566.55,0.0,0.0
400.89,35.31,36.62,34.62,34.58,8485.04,6035.8,6566.55,0.0,0.0
400.9,35.31,36.63,34.64,34.59,8485.69,6031.88,6562.37,0.0,0.0
401.02,35.31,36.63,34.63,34.59,8486.33,6032.28,6564.88,0.0,0.0
401.08,35.29,36.64,34.64,34.59,8487.62,6031.1,6561.53,0.0,0.0
401.13,35.32,36.64,34.63,34.59,8486.01,6029.54,6563.2,0.0,0.0
401.21,35.33,36.64,34.64,34.59,8483.76,6031.1,6560.28,0.0,0.0
401.32,35.31,36.65,34.65,34.59,8485.69,6027.97,6559.44,0.0,0.0
401.42,35.31,36.65,34.66,34.6,8484.08,6026.4,6556.1,0.0,0.0
401.53,35.31,36.66,34.66,34.6,8485.69,6025.62,6555.68,0.0,0.0
401.65,35.31,36.65,34.66,34.6,8486.33,6026.8,6556.93,0.0,0.0
401.77,35.31,36.66,34.67,34.6,8484.08,6026.01,6553.59,0.0,0.0
401.89,35.32,36.66,34.66,34.6,8484.72,6024.84,6555.26,0.0,0.0
401.94,35.31,36.65,34.68,34.6,8484.08,6026.4,6549.83,0.0,0.0
402.03,35.33,36.66,34.68,34.61,8482.79,6024.84,6549.0,0.0,0.0
402.2,35.32,36.66,34.69,34.61,8485.36,6024.84,6546.49,0.0,0.0
402.35,35.32,36.66,34.69,34.61,8484.72,6024.84,6546.08,0.0,0.0
402.45,35.35,36.66,34.69,34.61,8483.43,6024.06,6546.91,0.0,0.0
402.5,35.35,36.66,34.7,34.61,8481.5,6024.45,6545.24,0.0,0.0
402.55,35.35,36.67,34.69,34.61,8481.5,6023.67,6546.91,0.0,0.0
402.63,35.35,36.67,34.69,34.62,8483.43,6023.67,6546.08,0.0,0.0
402.74,35.32,36.67,34.7,34.62,8484.72,6023.67,6544.41,0.0,0.0
402.87,35.35,36.67,34.71,34.62,8481.5,6022.49,6542.32,0.0,0.0
402.94,35.33,36.67,34.71,34.62,8482.79,6022.88,6543.16,0.0,0.0
403.02,35.34,36.67,34.71,34.62,8481.83,6022.1,6542.32,0.0,0.0
403.12,35.33,36.67,34.71,34.63,8483.11,6022.49,6541.91,0.0,0.0
403.22,35.34,36.67,34.71,34.63,8482.47,6023.67,6541.91,0.0,0.0
403.32,35.34,36.68,34.71,34.63,8482.15,6020.93,6541.07,0.0,0.0
403.44,35.34,36.67,34.71,34.63,8482.47,6023.27,6540.65,0.0,0.0
403.52,35.35,36.67,34.71,34.63,8481.5,6021.71,6540.65,0.0,0.0
403.62,35.37,36.68,34.71,34.63,8480.22,6020.54,6541.07,0.0,0.0
403.72,35.36,36.68,34.71,34.64,8481.18,6020.14,6540.65,0.0,0.0
403.82,35.34,36.69,34.71,34.64,8482.15,6017.8,6540.65,0.0,0.0
403.93,35.35,36.68,34.71,34.64,8481.5,6018.97,6540.65,0.0,0.0
404.07,35.34,36.69,34.71,34.64,8482.15,6016.63,6540.65,0.0,0.0
404.13,35.34,36.7,34.72,34.64,8481.83,6015.06,6540.24,0.0,0.0
404.27,35.36,36.7,34.72,34.64,8480.86,6014.67,6540.24,0.0,0.0
404.32,35.37,36.71,34.72,34.65,8480.54,6013.11,6539.82,0.0,0.0
404.42,35.37,36.71,34.73,34.65,8480.54,6013.5,6537.32,0.0,0.0
404.55,35.37,36.72,34.72,34.65,8480.54,6009.98,6538.57,0.0,0.0
404.65,35.37,36.72,34.72,34.65,8480.22,6009.98,6537.74,0.0,0.0
404.71,35.37,36.72,34.72,34.65,8480.54,6010.77,6538.99,0.0,0.0
404.82,35.36,36.73,34.73,34.65,8480.86,6007.64,6536.07,0.0,0.0
404.92,35.39,36.73,34.74,34.66,8479.25,6006.86,6534.82,0.0,0.0
405.09,35.37,36.73,34.73,34.66,8480.54,6007.25,6535.24,0.0,0.0
405.17,35.39,36.73,34.74,34.66,8478.29,6006.47,6533.98,0.0,0.0
405.23,35.39,36.74,34.74,34.66,8479.25,6005.3,6534.82,0.0,0.0
405.33,35.39,36.75,34.75,34.66,8479.25,6002.96,6530.65,0.0,0.0
405.45,35.37,36.74,34.75,34.67,8479.57,6003.74,6531.07,0.0,0.0
405.52,35.39,36.75,34.76,34.67,8479.25,6002.57,6528.99,0.0,0.0
405.67,35.37,36.75,34.76,34.67,8479.89,6001.79,6527.74,0.0,0.0
405.72,35.37,36.75,34.75,34.67,8478.93,6002.57,6530.24,0.0,0.0
405.84,35.41,36.75,34.77,34.67,8476.36,6001.79,6524.82,0.0,0.0
405.92,35.37,36.76,34.75,34.67,8479.57,6000.23,6529.4,0.0,0.0
406.05,35.37,36.76,34.77,34.68,8478.61,5999.84,6524.82,0.0,0.0
406.19,35.37,36.76,34.77,34.68,8479.57,5999.84,6523.99,0.0,0.0
406.23,35.39,36.76,34.77,34.68,8477.96,5999.45,6526.07,0.0,0.0
406.32,35.4,36.76,34.77,34.68,8476.03,5999.06,6524.41,0.0,0.0
406.42,35.37,36.76,34.77,34.68,8478.93,5999.06,6525.24,0.0,0.0
406.54,35.4,36.76,34.78,34.69,8477.64,5999.06,6523.16,0.0,0.0
406.63,35.41,36.76,34.78,34.69,8476.68,5998.67,6522.74,0.0,0.0
406.74,35.4,36.76,34.78,34.69,8477.0,5998.67,6521.49,0.0,0.0
406.85,35.41,36.76,34.77,34.69,8476.68,5998.67,6524.41,0.0,0.0
406.94,35.4,36.76,34.79,34.69,8477.0,5999.06,6520.25,0.0,0.0
407.02,35.42,36.76,34.78,34.69,8475.07,5998.67,6521.91,0.0,0.0
407.12,35.41,36.77,34.79,34.7,8476.68,5997.89,6519.0,0.0,0.0
407.25,35.42,36.77,34.79,34.7,8474.75,5997.5,6519.41,0.0,0.0
407.32,35.42,36.77,34.79,34.7,8474.75,5997.5,6520.66,0.0,0.0
407.43,35.44,36.77,34.78,34.7,8473.46,5996.72,6521.08,0.0,0.0
407.52,35.42,36.77,34.79,34.7,8474.75,5997.11,6520.66,0.0,0.0
407.64,35.46,36.77,34.78,34.71,8471.21,5996.72,6521.08,0.0,0.0
407.75,35.42,36.78,34.8,34.71,8474.43,5993.99,6517.75,0.0,0.0
407.88,35.42,36.79,34.8,34.71,8475.07,5993.6,6518.17,0.0,0.0
407.93,35.42,36.78,34.79,34.71,8474.75,5995.16,6519.0,0.0,0.0
408.06,35.42,36.79,34.79,34.71,8475.39,5993.21,6519.0,0.0,0.0
408.12,35.44,36.8,34.8,34.71,8473.14,5990.87,6516.09,0.0,0.0
408.22,35.42,36.8,34.8,34.72,8474.75,5989.31,6516.09,0.0,0.0
408.35,35.44,36.8,34.81,34.72,8473.78,5989.7,6514.84,0.0,0.0
408.47,35.46,36.81,34.8,34.72,8471.21,5987.37,6516.09,0.0,0.0
408.53,35.44,36.82,34.8,34.72,8473.14,5985.81,6515.67,0.0,0.0
408.65,35.45,36.83,34.81,34.72,8472.5,5981.92,6514.84,0.0,0.0
408.72,35.45,36.83,34.81,34.72,8471.85,5982.31,6515.26,0.0,0.0
408.82,35.45,36.83,34.81,34.73,8471.85,5982.31,6514.42,0.0,0.0
408.93,35.45,36.84,34.81,34.73,8472.5,5980.36,6514.42,0.0,0.0
409.03,35.45,36.84,34.81,34.73,8472.17,5979.58,6514.01,0.0,0.0
409.12,35.47,36.85,34.81,34.73,8470.56,5977.64,6514.01,0.0,0.0
409.23,35.47,36.84,34.81,34.73,8470.56,5980.36,6514.01,0.0,0.0
409.34,35.44,36.85,34.81,34.74,8472.82,5977.64,6514.42,0.0,0.0
409.42,35.48,36.85,34.81,34.74,8469.28,5976.86,6514.01,0.0,0.0
409.56,35.48,36.86,34.81,34.74,8470.25,5975.3,6513.59,0.0,0.0
409.66,35.51,36.86,34.81,34.74,8467.35,5975.3,6513.59,0.0,0.0
409.74,35.48,36.86,34.81,34.74,8468.31,5974.92,6514.42,0.0,0.0
409.82,35.47,36.86,34.81,34.74,8470.89,5975.3,6512.76,0.0,0.0
409.94,35.49,36.86,34.82,34.75,8467.99,5975.69,6511.93,0.0,0.0
410.03,35.5,36.86,34.81,34.75,8466.7,5975.3,6512.76,0.0,0.0
410.14,35.47,36.86,34.83,34.75,8469.92,5974.53,6509.85,0.0,0.0
410.25,35.48,36.86,34.83,34.75,8468.31,5974.53,6508.61,0.0,0.0
410.37,35.49,36.87,34.83,34.75,8468.64,5973.36,6509.02,0.0,0.0
410.42,35.48,36.86,34.83,34.76,8469.28,5974.53,6509.02,0.0,0.0
410.53,35.5,36.87,34.85,34.76,8467.67,5973.36,6502.79,0.0,0.0
410.62,35.48,36.86,34.84,34.76,8469.6,5973.75,6504.45,0.0,0.0
410.74,35.48,36.86,34.87,34.76,8469.28,5974.14,6497.81,0.0,0.0
410.84,35.49,36.86,34.86,34.76,8468.64,5973.75,6499.06,0.0,0.0
410.95,35.51,36.86,34.88,34.77,8467.03,5974.14,6494.08,0.0,0.0
411.03,35.49,36.87,34.87,34.77,8468.96,5973.36,6496.16,0.0,0.0
411.16,35.47,36.87,34.88,34.77,8469.92,5972.97,6494.5,0.0,0.0
411.23,35.48,36.87,34.88,34.77,8469.6,5973.36,6495.74,0.0,0.0
411.34,35.48,36.86,34.88,34.77,8468.31,5973.75,6493.67,0.0,0.0
411.44,35.47,36.87,34.89,34.78,8470.89,5972.97,6491.18,0.0,0.0
411.54,35.5,36.87,34.88,34.78,8466.7,5972.97,6494.5,0.0,0.0
411.71,35.51,36.87,34.89,34.78,8467.03,5972.97,6491.18,0.0,0.0
411.74,35.51,36.87,34.89,34.78,8467.03,5971.42,6492.42,0.0,0.0
411.87,35.48,36.86,34.89,34.78,8469.6,5974.14,6491.18,0.0,0.0
411.94,35.49,36.87,34.9,34.78,8468.96,5971.81,6489.52,0.0,0.0
412.02,35.48,36.87,34.9,34.79,8470.25,5973.36,6488.28,0.0,0.0
412.18,35.49,36.86,34.9,34.79,8468.96,5973.75,6490.35,0.0,0.0
412.23,35.5,36.87,34.9,34.79,8466.7,5973.36,6489.11,0.0,0.0
412.35,35.49,36.87,34.9,34.79,8467.99,5973.36,6489.94,0.0,0.0
412.44,35.51,36.86,34.89,34.79,8467.03,5974.14,6490.76,0.0,0.0
412.52,35.5,36.86,34.9,34.8,8466.7,5973.75,6489.52,0.0,0.0
412.66,35.51,36.86,34.9,34.8,8466.38,5974.14,6488.28,0.0,0.0
412.73,35.53,36.86,34.89,34.8,8464.13,5973.75,6491.18,0.0,0.0
412.86,35.49,36.86,34.9,34.8,8468.64,5974.14,6490.35,0.0,0.0
412.93,35.53,36.86,34.89,34.8,8464.13,5974.53,6491.18,0.0,0.0
413.05,35.51,36.87,34.9,34.8,8465.42,5973.36,6490.35,0.0,0.0
413.12,35.52,36.86,34.9,34.81,8464.45,5974.14,6489.11,0.0,0.0
413.25,35.52,36.86,34.9,34.81,8465.1,5973.75,6489.52,0.0,0.0
413.42,35.52,36.86,34.9,34.81,8464.78,5974.14,6489.52,0.0,0.0
413.44,35.52,36.86,34.9,34.81,8465.1,5974.14,6488.28,0.0,0.0
413.55,35.55,36.86,34.91,34.81,8463.81,5974.14,6487.86,0.0,0.0
413.66,35.51,36.86,34.91,34.81,8466.38,5974.92,6487.86,0.0,0.0
413.73,35.54,36.86,34.9,34.82,8463.17,5974.14,6488.28,0.0,0.0
413.84,35.54,36.86,34.91,34.82,8463.17,5973.75,6487.04,0.0,0.0
413.93,35.52,36.86,34.91,34.82,8464.45,5974.14,6487.86,0.0,0.0
414.02,35.54,36.86,34.91,34.82,8463.49,5973.75,6487.45,0.0,0.0
414.13,35.56,36.86,34.91,34.82,8461.56,5974.14,6487.86,0.0,0.0
414.3,35.55,36.86,34.91,34.83,8462.85,5974.53,6487.04,0.0,0.0
414.34,35.57,36.86,34.91,34.83,8461.88,5974.14,6487.04,0.0,0.0
414.45,35.55,36.86,34.91,34.83,8462.85,5973.75,6487.45,0.0,0.0
414.53,35.57,36.86,34.91,34.83,8461.88,5974.53,6487.86,0.0,0.0
414.65,35.56,36.87,34.91,34.83,8461.24,5973.36,6487.04,0.0,0.0
414.75,35.56,36.86,34.91,34.83,8461.56,5974.14,6487.45,0.0,0.0
414.83,35.57,36.87,34.91,34.83,8461.88,5972.97,6487.86,0.0,0.0
414.92,35.56,36.86,34.91,34.84,8461.56,5974.14,6487.45,0.0,0.0
415.09,35.57,36.87,34.91,34.84,8460.6,5973.36,6486.21,0.0,0.0
415.12,35.56,36.87,34.91,34.84,8461.24,5972.97,6486.21,0.0,0.0
415.27,35.58,36.87,34.91,34.84,8459.63,5973.36,6485.79,0.0,0.0
415.33,35.58,36.87,34.91,34.84,8459.31,5972.97,6485.79,0.0,0.0
415.46,35.57,36.86,34.91,34.84,8460.27,5974.14,6485.38,0.0,0.0
415.54,35.56,36.87,34.92,34.85,8459.95,5973.36,6484.14,0.0,0.0
415.65,35.57,36.87,34.92,34.85,8460.27,5972.58,6482.48,0.0,0.0
415.74,35.57,36.87,34.93,34.85,8460.27,5971.42,6480.82,0.0,0.0
415.83,35.59,36.88,34.94,34.85,8458.99,5970.64,6479.17,0.0,0.0
415.93,35.56,36.89,34.95,34.85,8459.95,5967.53,6475.44,0.0,0.0
416.04,35.56,36.88,34.96,34.85,8459.95,5969.86,6472.13,0.0,0.0
416.14,35.58,36.89,34.96,34.86,8459.31,5966.75,6473.79,0.0,0.0
416.24,35.61,36.88,34.97,34.86,8458.34,5968.7,6469.24,0.0,0.0
416.34,35.56,36.89,34.97,34.86,8459.95,5967.14,6469.24,0.0,0.0
416.46,35.6,36.91,34.97,34.86,8458.66,5962.48,6468.83,0.0,0.0
416.59,35.58,36.9,34.97,34.86,8459.63,5964.04,6470.07,0.0,0.0
416.69,35.59,36.9,34.98,34.86,8458.99,5964.81,6467.59,0.0,0.0
416.76,35.58,36.91,34.97,34.86,8459.31,5961.32,6468.83,0.0,0.0
416.85,35.58,36.91,34.98,34.87,8459.31,5961.32,6466.35,0.0,0.0
417.0,35.61,36.91,34.99,34.87,8458.34,5962.1,6464.69,0.0,0.0
417.08,35.6,36.93,34.99,34.87,8458.02,5956.66,6464.28,0.0,0.0
417.13,35.61,36.91,35.0,34.87,8458.34,5962.1,6462.22,0.0,0.0
417.24,35.6,36.93,34.99,34.87,8458.02,5956.27,6463.45,0.0,0.0
417.36,35.6,36.93,35.0,34.87,8458.02,5957.83,6462.22,0.0,0.0
417.45,35.6,36.93,35.0,34.88,8457.7,5957.44,6461.39,0.0,0.0
417.54,35.6,36.93,34.99,34.88,8457.7,5958.21,6464.28,0.0,0.0
417.65,35.59,36.93,35.0,34.88,8458.99,5956.66,6462.22,0.0,0.0
417.74,35.6,36.95,35.0,34.88,8458.02,5953.56,6463.04,0.0,0.0
417.84,35.61,36.94,35.0,34.88,8458.34,5954.72,6461.8,0.0,0.0
417.95,35.6,36.94,34.99,34.88,8458.02,5954.34,6465.11,0.0,0.0
418.04,35.6,36.95,34.99,34.88,8457.06,5953.56,6464.28,0.0,0.0
418.15,35.59,36.95,34.99,34.89,8458.99,5952.78,6463.45,0.0,0.0
418.29,35.6,36.95,35.0,34.89,8458.02,5951.62,6462.22,0.0,0.0
418.36,35.61,36.95,35.0,34.89,8458.34,5952.78,6462.22,0.0,0.0
418.45,35.61,36.96,35.0,34.89,8458.34,5950.85,6462.22,0.0,0.0
418.53,35.6,36.96,35.0,34.89,8457.38,5950.85,6461.8,0.0,0.0
418.64,35.6,36.95,35.0,34.89,8457.06,5951.23,6460.98,0.0,0.0
418.76,35.61,36.96,35.0,34.9,8458.34,5949.3,6462.63,0.0,0.0
418.86,35.6,36.96,35.0,34.9,8457.38,5950.85,6462.63,0.0,0.0
418.95,35.6,36.96,35.0,34.9,8458.66,5949.68,6462.63,0.0,0.0
419.04,35.6,36.96,35.0,34.9,8457.38,5950.46,6462.63,0.0,0.0
419.13,35.6,36.96,35.0,34.9,8458.66,5949.68,6462.22,0.0,0.0
419.25,35.58,36.96,35.0,34.9,8459.31,5949.68,6461.39,0.0,0.0
419.36,35.6,36.97,35.0,34.91,8458.02,5948.52,6461.8,0.0,0.0
419.44,35.6,36.96,35.0,34.91,8457.7,5948.91,6461.39,0.0,0.0
419.55,35.59,36.97,35.0,34.91,8458.99,5948.52,6460.56,0.0,0.0
419.64,35.58,36.97,35.0,34.91,8459.31,5947.36,6460.98,0.0,0.0
419.75,35.61,36.97,35.0,34.91,8456.41,5947.36,6460.98,0.0,0.0
419.9,35.6,36.97,35.0,34.91,8457.38,5948.13,6461.39,0.0,0.0
419.99,35.6,36.97,35.0,34.92,8457.06,5946.58,6460.98,0.0,0.0
420.04,35.59,36.97,35.0,34.92,8458.99,5946.2,6460.98,0.0,0.0
420.14,35.6,36.97,35.01,34.92,8457.7,5946.2,6460.15,0.0,0.0
420.3,35.6,36.98,35.01,34.92,8457.06,5945.03,6458.91,0.0,0.0
420.41,35.6,36.99,35.01,34.92,8457.38,5943.1,6460.15,0.0,0.0
420.44,35.6,36.98,35.01,34.92,8457.06,5944.26,6459.74,0.0,0.0
420.54,35.6,36.99,35.01,34.93,8458.02,5943.1,6458.91,0.0,0.0
420.63,35.6,36.99,35.02,34.93,8458.66,5942.32,6456.43,0.0,0.0
420.74,35.6,37.0,35.03,34.93,8456.09,5939.61,6454.37,0.0,0.0
420.85,35.6,36.99,35.02,34.93,8458.02,5942.32,6457.26,0.0,0.0
420.95,35.61,37.0,35.02,34.93,8456.41,5940.0,6455.2,0.0,0.0
421.05,35.61,37.0,35.02,34.93,8456.41,5940.77,6456.02,0.0,0.0
421.2,35.6,37.0,35.02,34.94,8458.66,5939.23,6455.61,0.0,0.0
421.24,35.61,37.0,35.03,34.94,8458.34,5939.61,6453.55,0.0,0.0
421.34,35.6,37.0,35.03,34.94,8457.38,5938.84,6452.72,0.0,0.0
421.45,35.6,37.0,35.04,34.94,8458.66,5940.0,6451.07,0.0,0.0
421.55,35.6,37.01,35.04,34.94,8458.02,5936.52,6449.83,0.0,0.0
421.64,35.61,37.01,35.05,34.94,8458.34,5937.29,6449.42,0.0,0.0
421.72,35.6,37.02,35.05,34.94,8458.02,5935.74,6448.6,0.0,0.0
421.85,35.6,37.03,35.05,34.95,8457.7,5933.04,6447.77,0.0,0.0
421.97,35.61,37.03,35.04,34.95,8458.34,5933.42,6450.66,0.0,0.0
422.04,35.61,37.04,35.05,34.95,8456.74,5929.17,6446.95,0.0,0.0
422.18,35.6,37.03,35.06,34.95,8457.7,5932.26,6444.06,0.0,0.0
422.25,35.61,37.04,35.05,34.95,8458.34,5929.56,6447.36,0.0,0.0
422.33,35.6,37.04,35.06,34.95,8458.02,5930.72,6446.53,0.0,0.0
422.47,35.6,37.04,35.06,34.96,8457.7,5928.78,6445.3,0.0,0.0
422.54,35.6,37.05,35.07,34.96,8457.7,5927.62,6441.59,0.0,0.0
422.63,35.6,37.04,35.06,34.96,8458.66,5928.78,6446.12,0.0,0.0
422.74,35.59,37.06,35.06,34.96,8458.99,5926.08,6445.3,0.0,0.0
422.84,35.61,37.05,35.07,34.96,8458.34,5926.85,6443.24,0.0,0.0
422.95,35.6,37.05,35.06,34.96,8457.38,5928.01,6444.89,0.0,0.0
423.04,35.6,37.05,35.07,34.97,8457.7,5926.46,6442.83,0.0,0.0
423.14,35.6,37.06,35.07,34.97,8458.02,5926.08,6442.83,0.0,0.0
423.24,35.61,37.06,35.06,34.97,8456.74,5925.69,6444.06,0.0,0.0
423.36,35.61,37.06,35.06,34.97,8456.74,5925.69,6444.47,0.0,0.0
423.53,35.61,37.06,35.07,34.97,8456.74,5925.3,6441.59,0.0,0.0
423.57,35.6,37.06,35.06,34.97,8457.38,5925.69,6444.06,0.0,0.0
423.65,35.61,37.06,35.07,34.98,8458.34,5924.92,6443.24,0.0,0.0
423.76,35.6,37.06,35.07,34.98,8457.7,5924.53,6442.41,0.0,0.0
423.83,35.6,37.06,35.06,34.98,8457.7,5924.92,6444.89,0.0,0.0
423.95,35.6,37.06,35.07,34.98,8457.06,5924.92,6442.83,0.0,0.0
424.03,35.6,37.06,35.07,34.98,8457.7,5924.92,6443.24,0.0,0.0
424.15,35.61,37.06,35.08,34.98,8455.45,5924.53,6441.18,0.0,0.0
424.24,35.6,37.06,35.08,34.99,8456.09,5924.53,6440.77,0.0,0.0
424.35,35.61,37.06,35.07,34.99,8456.41,5924.53,6442.83,0.0,0.0
424.49,35.61,37.06,35.08,34.99,8456.41,5924.92,6439.12,0.0,0.0
424.58,35.63,37.06,35.07,34.99,8454.81,5924.53,6442.83,0.0,0.0
424.64,35.6,37.06,35.07,34.99,8457.38,5924.53,6442.0,0.0,0.0
424.75,35.61,37.06,35.06,35.0,8455.77,5924.92,6444.47,0.0,0.0
424.84,35.61,37.06,35.07,35.0,8456.74,5924.53,6442.83,0.0,0.0
424.94,35.61,37.06,35.07,35.0,8456.41,5924.53,6441.59,0.0,0.0
425.04,35.6,37.06,35.07,35.0,8457.06,5924.53,6442.83,0.0,0.0
425.14,35.61,37.06,35.07,35.0,8456.74,5924.92,6441.59,0.0,0.0
425.24,35.6,37.06,35.08,35.0,8457.06,5924.53,6440.77,0.0,0.0
425.38,35.61,37.06,35.08,35.0,8455.45,5924.53,6439.53,0.0,0.0
425.44,35.61,37.06,35.08,35.01,8455.77,5924.53,6441.18,0.0,0.0
425.54,35.65,37.06,35.08,35.01,8453.2,5924.53,6439.12,0.0,0.0
425.64,35.6,37.06,35.08,35.01,8457.38,5924.14,6441.18,0.0,0.0
425.77,35.61,37.06,35.08,35.01,8455.77,5924.53,6439.94,0.0,0.0
425.84,35.61,37.06,35.08,35.01,8455.77,5924.53,6439.94,0.0,0.0
425.94,35.61,37.06,35.08,35.01,8455.77,5924.53,6439.12,0.0,0.0
426.07,35.64,37.06,35.08,35.02,8453.84,5924.53,6439.12,0.0,0.0
426.15,35.63,37.06,35.09,35.02,8454.48,5924.53,6437.88,0.0,0.0
426.35,35.65,37.06,35.1,35.02,8453.52,5924.53,6435.82,0.0,0.0
426.4,35.64,37.06,35.09,35.02,8453.84,5924.53,6437.47,0.0,0.0
426.48,35.66,37.06,35.09,35.02,8451.91,5924.14,6437.06,0.0,0.0
426.54,35.64,37.06,35.09,35.02,8453.84,5924.53,6436.23,0.0,0.0
426.64,35.65,37.06,35.09,35.03,8454.16,5924.53,6437.47,0.0,0.0
426.75,35.65,37.07,35.09,35.03,8453.2,5923.76,6437.06,0.0,0.0
426.85,35.64,37.07,35.09,35.03,8453.84,5923.76,6436.65,0.0,0.0
426.94,35.65,37.06,35.09,35.03,8453.2,5924.14,6436.65,0.0,0.0
427.04,35.65,37.07,35.09,35.03,8453.52,5923.76,6436.23,0.0,0.0
427.14,35.64,37.08,35.1,35.03,8453.84,5921.06,6434.59,0.0,0.0
427.24,35.65,37.07,35.1,35.03,8453.52,5923.76,6434.59,0.0,0.0
427.35,35.65,37.07,35.1,35.04,8454.16,5923.37,6434.18,0.0,0.0
427.44,35.66,37.08,35.1,35.04,8451.91,5920.28,6434.18,0.0,0.0
427.56,35.63,37.07,35.1,35.04,8454.48,5923.76,6434.59,0.0,0.0
427.64,35.65,37.08,35.1,35.04,8454.16,5921.06,6434.59,0.0,0.0
427.74,35.65,37.08,35.1,35.04,8453.2,5919.9,6434.59,0.0,0.0
427.86,35.66,37.08,35.1,35.04,8451.59,5919.9,6434.59,0.0,0.0
427.95,35.63,37.09,35.1,35.04,8454.48,5916.42,6434.18,0.0,0.0
428.05,35.64,37.08,35.1,35.05,8453.84,5919.9,6434.18,0.0,0.0
428.14,35.66,37.11,35.1,35.05,8452.56,5913.34,6433.77,0.0,0.0
428.24,35.69,37.11,35.11,35.05,8450.3,5912.18,6432.12,0.0,0.0
428.36,35.64,37.11,35.11,35.05,8453.84,5913.72,6431.3,0.0,0.0
428.45,35.66,37.11,35.12,35.05,8450.95,5912.56,6430.06,0.0,0.0
428.58,35.69,37.12,35.13,35.05,8450.3,5910.25,6425.13,0.0,0.0
428.65,35.66,37.12,35.13,35.06,8451.27,5909.86,6425.95,0.0,0.0
428.75,35.66,37.14,35.14,35.06,8450.95,5906.01,6424.3,0.0,0.0
428.84,35.66,37.14,35.14,35.06,8451.91,5905.24,6423.07,0.0,0.0
428.94,35.69,37.14,35.16,35.06,8449.02,5904.47,6419.37,0.0,0.0
429.05,35.68,37.14,35.16,35.06,8449.98,5905.24,6418.96,0.0,0.0
429.13,35.66,37.15,35.17,35.06,8450.63,5902.16,6416.5,0.0,0.0
429.26,35.66,37.15,35.17,35.06,8450.63,5902.93,6415.26,0.0,0.0
429.35,35.66,37.15,35.17,35.07,8450.63,5902.54,6416.5,0.0,0.0
429.45,35.66,37.15,35.18,35.07,8451.27,5902.93,6411.57,0.0,0.0
429.55,35.7,37.15,35.18,35.07,8448.05,5902.16,6412.8,0.0,0.0
429.68,35.69,37.15,35.18,35.07,8449.02,5902.93,6411.98,0.0,0.0
429.75,35.71,37.15,35.18,35.07,8447.09,5902.54,6413.21,0.0,0.0
429.84,35.69,37.15,35.19,35.07,8449.66,5902.16,6411.16,0.0,0.0
429.94,35.71,37.15,35.19,35.08,8446.77,5903.7,6410.34,0.0,0.0
430.05,35.66,37.15,35.19,35.08,8451.91,5901.77,6409.52,0.0,0.0
430.15,35.66,37.15,35.19,35.08,8450.63,5902.54,6410.34,0.0,0.0
430.27,35.7,37.15,35.19,35.08,8448.05,5902.54,6409.52,0.0,0.0
430.39,35.69,37.16,35.19,35.08,8449.66,5901.38,6409.52,0.0,0.0
430.45,35.7,37.15,35.19,35.08,8448.7,5902.16,6408.7,0.0,0.0
430.6,35.71,37.15,35.19,35.09,8447.09,5901.77,6409.11,0.0,0.0
430.65,35.69,37.16,35.19,35.09,8449.34,5900.23,6410.34,0.0,0.0
430.76,35.68,37.14,35.19,35.09,8449.98,5904.08,6409.11,0.0,0.0
430.87,35.7,37.15,35.19,35.09,8448.37,5901.77,6409.93,0.0,0.0
431.01,35.71,37.15,35.19,35.09,8447.09,5903.31,6408.7,0.0,0.0
431.13,35.69,37.15,35.19,35.09,8449.66,5902.54,6408.7,0.0,0.0
431.15,35.69,37.16,35.19,35.09,8449.66,5901.38,6408.7,0.0,0.0
431.31,35.66,37.15,35.19,35.1,8450.95,5901.77,6408.7,0.0,0.0
431.36,35.71,37.16,35.19,35.1,8447.09,5900.23,6408.7,0.0,0.0
431.51,35.69,37.16,35.19,35.1,8449.02,5901.38,6408.7,0.0,0.0
431.6,35.7,37.16,35.19,35.1,8448.7,5901.38,6408.7,0.0,0.0
431.7,35.71,37.16,35.19,35.1,8446.77,5900.23,6408.7,0.0,0.0
431.81,35.7,37.16,35.19,35.1,8447.73,5899.84,6408.7,0.0,0.0
431.94,35.7,37.16,35.2,35.11,8447.73,5899.84,6407.46,0.0,0.0
432.01,35.7,37.16,35.19,35.11,8448.05,5900.61,6408.7,0.0,0.0
432.15,35.71,37.16,35.2,35.11,8445.8,5899.84,6408.29,0.0,0.0
432.29,35.71,37.16,35.19,35.11,8445.8,5900.23,6408.7,0.0,0.0
432.36,35.7,37.16,35.2,35.11,8447.73,5899.46,6407.88,0.0,0.0
432.45,35.7,37.16,35.2,35.11,8448.05,5899.46,6407.88,0.0,0.0
432.52,35.7,37.16,35.2,35.11,8448.7,5900.61,6408.29,0.0,0.0
432.65,35.71,37.16,35.2,35.12,8446.77,5899.84,6407.88,0.0,0.0
432.7,35.71,37.16,35.2,35.12,8445.8,5899.84,6407.88,0.0,0.0
432.75,35.74,37.16,35.2,35.12,8444.84,5899.84,6407.46,0.0,0.0
432.84,35.71,37.16,35.2,35.12,8447.41,5900.23,6407.46,0.0,0.0
432.95,35.72,37.16,35.2,35.12,8446.12,5899.84,6406.23,0.0,0.0
433.05,35.72,37.16,35.21,35.12,8445.16,5899.84,6405.82,0.0,0.0
433.19,35.75,37.16,35.21,35.13,8442.59,5899.84,6405.41,0.0,0.0
433.25,35.75,37.16,35.21,35.13,8443.23,5899.46,6404.18,0.0,0.0
433.35,35.75,37.16,35.22,35.13,8443.23,5899.46,6402.54,0.0,0.0
433.47,35.74,37.16,35.21,35.13,8443.55,5899.46,6403.36,0.0,0.0
433.57,35.77,37.16,35.22,35.13,8442.27,5899.46,6402.13,0.0,0.0
433.67,35.74,37.16,35.23,35.13,8443.55,5899.84,6400.08,0.0,0.0
433.75,35.75,37.16,35.24,35.13,8442.59,5899.07,6397.21,0.0,0.0
433.88,35.75,37.17,35.25,35.14,8443.23,5898.3,6393.94,0.0,0.0
433.94,35.78,37.17,35.24,35.14,8440.34,5898.69,6397.62,0.0,0.0
434.05,35.75,37.17,35.25,35.14,8442.91,5898.3,6392.71,0.0,0.0
434.16,35.74,37.18,35.26,35.14,8443.55,5895.61,6392.3,0.0,0.0
434.25,35.78,37.17,35.26,35.14,8441.3,5896.76,6392.3,0.0,0.0
434.35,35.78,37.19,35.26,35.14,8440.66,5893.3,6390.25,0.0,0.0
434.46,35.77,37.19,35.27,35.14,8441.95,5892.14,6389.02,0.0,0.0
434.55,35.81,37.19,35.27,35.15,8439.05,5891.76,6389.43,0.0,0.0
434.66,35.78,37.2,35.28,35.15,8440.66,5889.84,6386.98,0.0,0.0
434.75,35.81,37.21,35.28,35.15,8439.05,5888.68,6384.52,0.0,0.0
434.85,35.78,37.2,35.27,35.15,8440.98,5889.45,6387.39,0.0,0.0
434.96,35.78,37.21,35.28,35.15,8440.66,5888.3,6386.98,0.0,0.0
435.05,35.79,37.22,35.28,35.15,8439.37,5884.45,6386.57,0.0,0.0
435.15,35.81,37.22,35.28,35.15,8439.05,5884.84,6386.16,0.0,0.0
435.26,35.81,37.22,35.29,35.16,8438.41,5884.45,6383.7,0.0,0.0
435.35,35.78,37.22,35.29,35.16,8440.02,5884.45,6383.29,0.0,0.0
435.45,35.79,37.24,35.29,35.16,8439.37,5881.38,6383.7,0.0,0.0
435.56,35.79,37.23,35.29,35.16,8439.37,5882.53,6383.29,0.0,0.0
435.66,35.79,37.24,35.29,35.16,8439.7,5880.61,6383.29,0.0,0.0
435.76,35.78,37.24,35.29,35.16,8440.02,5880.23,6382.89,0.0,0.0
435.85,35.79,37.24,35.29,35.16,8439.37,5881.38,6383.29,0.0,0.0
435.95,35.81,37.25,35.29,35.17,8438.41,5878.69,6382.07,0.0,0.0
436.06,35.81,37.25,35.29,35.17,8437.77,5877.54,6382.89,0.0,0.0
436.15,35.81,37.26,35.29,35.17,8438.09,5876.39,6382.48,0.0,0.0
436.3,35.81,37.26,35.29,35.17,8438.41,5876.77,6382.48,0.0,0.0
436.35,35.81,37.25,35.29,35.17,8438.09,5877.54,6382.48,0.0,0.0
436.46,35.83,37.26,35.3,35.17,8435.84,5876.77,6381.25,0.0,0.0
436.56,35.82,37.26,35.29,35.17,8436.8,5876.77,6382.48,0.0,0.0
436.65,35.82,37.26,35.29,35.18,8437.12,5875.23,6382.89,0.0,0.0
436.79,35.83,37.26,35.29,35.18,8435.52,5875.62,6382.48,0.0,0.0
436.9,35.83,37.26,35.29,35.18,8436.16,5875.62,6382.07,0.0,0.0
436.95,35.83,37.26,35.3,35.18,8436.48,5875.23,6381.25,0.0,0.0
437.09,35.83,37.26,35.29,35.18,8436.48,5875.23,6382.07,0.0,0.0
437.17,35.83,37.26,35.29,35.18,8435.52,5876.0,6381.66,0.0,0.0
437.29,35.83,37.26,35.29,35.19,8435.19,5875.62,6381.66,0.0,0.0
437.36,35.84,37.26,35.3,35.19,8434.23,5875.23,6381.25,0.0,0.0
437.47,35.83,37.26,35.3,35.19,8435.19,5874.85,6380.43,0.0,0.0
437.55,35.84,37.26,35.3,35.19,8434.23,5874.85,6380.84,0.0,0.0
437.7,35.83,37.26,35.3,35.19,8435.19,5875.23,6380.43,0.0,0.0
437.75,35.84,37.26,35.3,35.19,8434.23,5874.47,6380.84,0.0,0.0
437.86,35.86,37.26,35.29,35.2,8432.62,5874.85,6381.66,0.0,0.0
437.96,35.88,37.26,35.3,35.2,8431.02,5874.47,6380.43,0.0,0.0
438.07,35.86,37.27,35.3,35.2,8431.66,5874.08,6380.84,0.0,0.0
438.15,35.86,37.26,35.29,35.2,8432.62,5874.47,6381.66,0.0,0.0
438.32,35.86,37.27,35.3,35.2,8432.94,5872.55,6379.61,0.0,0.0
438.41,35.86,37.27,35.3,35.2,8432.94,5874.08,6380.84,0.0,0.0
438.45,35.88,37.27,35.3,35.2,8431.02,5872.55,6381.25,0.0,0.0
438.55,35.9,37.28,35.3,35.21,8429.09,5871.01,6380.02,0.0,0.0
438.68,35.88,37.27,35.3,35.21,8430.05,5872.16,6380.84,0.0,0.0
438.79,35.91,37.28,35.3,35.21,8428.77,5871.39,6380.84,0.0,0.0
438.88,35.92,37.29,35.3,35.21,8427.8,5867.18,6379.2,0.0,0.0
438.96,35.9,37.29,35.3,35.21,8429.09,5868.33,6380.84,0.0,0.0
439.06,35.9,37.31,35.3,35.21,8429.41,5864.49,6379.2,0.0,0.0
439.15,35.93,37.3,35.31,35.21,8427.16,5866.41,6378.39,0.0,0.0
439.27,35.91,37.3,35.3,35.22,8427.48,5865.64,6380.84,0.0,0.0
439.39,35.9,37.3,35.3,35.22,8428.44,5866.02,6380.02,0.0,0.0
439.49,35.91,37.31,35.3,35.22,8428.12,5863.72,6380.84,0.0,0.0
439.55,35.93,37.32,35.3,35.22,8426.19,5859.89,6380.02,0.0,0.0
439.68,35.93,37.33,35.31,35.22,8425.87,5858.74,6377.57,0.0,0.0
439.77,35.94,37.32,35.32,35.22,8425.23,5859.89,6375.93,0.0,0.0
439.94,35.94,37.34,35.31,35.23,8425.55,5856.06,6376.34,0.0,0.0
439.97,35.91,37.33,35.31,35.23,8428.12,5857.59,6378.8,0.0,0.0
440.09,35.95,37.34,35.32,35.23,8424.27,5856.06,6375.53,0.0,0.0
440.17,35.93,37.35,35.33,35.23,8426.19,5854.53,6371.44,0.0,0.0
440.26,35.94,37.35,35.34,35.23,8425.23,5853.0,6370.62,0.0,0.0
440.37,35.93,37.35,35.34,35.23,8425.87,5854.14,6368.17,0.0,0.0
440.45,35.93,37.34,35.34,35.23,8426.19,5855.29,6368.99,0.0,0.0
440.56,35.93,37.35,35.36,35.24,8427.16,5853.76,6363.68,0.0,0.0
440.65,35.95,37.35,35.36,35.24,8424.27,5854.53,6364.5,0.0,0.0
440.75,35.94,37.36,35.36,35.24,8424.91,5850.7,6363.27,0.0,0.0
440.86,35.94,37.35,35.36,35.24,8424.91,5853.0,6364.5,0.0,0.0
440.95,35.94,37.35,35.37,35.24,8424.91,5853.0,6362.05,0.0,0.0
441.12,35.95,37.36,35.37,35.24,8424.59,5851.85,6362.46,0.0,0.0
441.2,35.94,37.36,35.37,35.25,8424.91,5851.47,6361.64,0.0,0.0
441.28,35.95,37.36,35.37,35.25,8424.27,5850.7,6362.46,0.0,0.0
441.41,35.95,37.36,35.38,35.25,8423.94,5851.08,6359.19,0.0,0.0
441.46,35.94,37.36,35.38,35.25,8424.91,5850.7,6357.56,0.0,0.0
441.57,35.96,37.37,35.38,35.25,8422.66,5849.17,6359.19,0.0,0.0
441.65,35.94,37.36,35.38,35.25,8425.55,5850.32,6357.56,0.0,0.0
441.77,35.96,37.37,35.38,35.26,8422.98,5849.55,6358.79,0.0,0.0
441.85,35.98,37.36,35.38,35.26,8421.69,5850.32,6357.97,0.0,0.0
441.96,35.99,37.37,35.38,35.26,8421.05,5849.55,6357.56,0.0,0.0
442.06,35.96,37.37,35.39,35.26,8422.66,5849.93,6357.16,0.0,0.0
442.15,36.0,37.37,35.39,35.26,8420.09,5849.55,6357.16,0.0,0.0
442.25,35.99,37.37,35.39,35.26,8421.05,5849.93,6356.75,0.0,0.0
442.38,36.0,37.36,35.39,35.27,8420.09,5850.7,6357.16,0.0,0.0
442.47,36.0,37.37,35.39,35.27,8419.77,5849.93,6357.16,0.0,0.0
442.57,35.99,37.37,35.39,35.27,8420.73,5847.64,6355.93,0.0,0.0
442.66,35.99,37.37,35.39,35.27,8420.73,5848.79,6356.34,0.0,0.0
442.75,35.99,37.37,35.39,35.27,8420.73,5848.4,6356.75,0.0,0.0
442.86,36.0,37.38,35.39,35.27,8419.45,5846.11,6356.34,0.0,0.0
442.97,36.03,37.38,35.39,35.28,8418.16,5846.87,6356.34,0.0,0.0
443.05,35.99,37.38,35.39,35.28,8420.41,5847.26,6356.75,0.0,0.0
443.16,36.0,37.38,35.39,35.28,8420.09,5845.34,6356.34,0.0,0.0
443.25,36.01,37.39,35.39,35.28,8419.12,5844.58,6355.93,0.0,0.0
443.35,36.02,37.39,35.39,35.28,8418.48,5843.81,6356.34,0.0,0.0
443.46,36.0,37.39,35.39,35.28,8419.77,5843.43,6356.34,0.0,0.0
443.55,36.0,37.4,35.39,35.29,8419.77,5842.28,6356.34,0.0,0.0
443.74,36.03,37.4,35.39,35.29,8418.16,5840.37,6355.93,0.0,0.0
443.75,36.01,37.4,35.39,35.29,8419.12,5841.14,6355.93,0.0,0.0
443.85,36.01,37.4,35.39,35.29,8419.12,5841.9,6355.93,0.0,0.0
443.96,36.02,37.41,35.39,35.29,8417.52,5839.99,6356.34,0.0,0.0
444.06,36.03,37.4,35.39,35.29,8417.2,5841.14,6355.93,0.0,0.0
444.18,36.01,37.4,35.39,35.3,8419.12,5840.37,6355.93,0.0,0.0
444.26,36.03,37.41,35.39,35.3,8418.16,5838.46,6356.34,0.0,0.0
444.37,36.03,37.42,35.39,35.3,8416.55,5837.7,6356.34,0.0,0.0
444.45,36.02,37.42,35.39,35.3,8416.87,5837.32,6356.34,0.0,0.0
444.59,36.02,37.42,35.39,35.3,8418.48,5837.7,6356.34,0.0,0.0
444.65,36.02,37.42,35.39,35.3,8417.52,5836.93,6356.34,0.0,0.0
444.77,36.01,37.42,35.39,35.3,8417.84,5836.55,6355.93,0.0,0.0
444.87,36.03,37.42,35.39,35.31,8418.16,5837.32,6356.34,0.0,0.0
444.96,36.02,37.43,35.39,35.31,8417.52,5834.64,6356.34,0.0,0.0
445.06,36.02,37.42,35.39,35.31,8418.8,5836.17,6355.52,0.0,0.0
445.15,36.04,37.42,35.39,35.31,8416.23,5835.41,6355.93,0.0,0.0
445.27,36.03,37.43,35.39,35.31,8417.2,5835.02,6355.93,0.0,0.0
445.43,36.01,37.42,35.39,35.31,8417.84,5835.79,6354.71,0.0,0.0
445.48,36.04,37.43,35.4,35.32,8416.23,5835.02,6354.3,0.0,0.0
445.56,36.03,37.43,35.4,35.32,8417.2,5833.88,6353.49,0.0,0.0
445.66,36.02,37.43,35.39,35.32,8417.52,5833.88,6355.12,0.0,0.0
445.77,36.03,37.44,35.4,35.32,8417.2,5832.73,6353.49,0.0,0.0
445.86,36.03,37.44,35.41,35.32,8416.55,5832.35,6350.63,0.0,0.0
445.97,36.03,37.43,35.41,35.32,8417.2,5833.88,6349.41,0.0,0.0
446.05,36.03,37.44,35.42,35.33,8416.55,5831.59,6348.19,0.0,0.0
446.17,36.01,37.43,35.42,35.33,8417.84,5833.5,6347.78,0.0,0.0
446.26,36.03,37.43,35.43,35.33,8417.2,5833.5,6346.56,0.0,0.0
446.42,36.02,37.43,35.42,35.33,8416.87,5833.5,6347.38,0.0,0.0
446.5,36.04,37.44,35.43,35.33,8416.23,5832.73,6344.12,0.0,0.0
446.6,36.01,37.43,35.44,35.33,8417.84,5833.11,6343.3,0.0,0.0
446.66,36.04,37.44,35.43,35.34,8416.23,5831.97,6344.93,0.0,0.0
446.77,36.03,37.42,35.44,35.34,8417.2,5836.17,6342.9,0.0,0.0
446.92,36.04,37.43,35.44,35.34,8416.23,5833.5,6343.3,0.0,0.0
446.95,36.02,37.43,35.44,35.34,8416.87,5833.5,6341.68,0.0,0.0
447.05,36.02,37.43,35.44,35.34,8416.87,5834.26,6342.9,0.0,0.0
447.16,36.03,37.43,35.44,35.34,8416.55,5834.26,6342.9,0.0,0.0
447.27,36.03,37.42,35.44,35.35,8416.55,5836.55,6342.49,0.0,0.0
447.38,36.01,37.43,35.43,35.35,8417.84,5834.64,6345.34,0.0,0.0
447.5,36.02,37.44,35.43,35.35,8417.52,5832.35,6344.53,0.0,0.0
447.55,36.02,37.42,35.44,35.35,8417.52,5835.41,6343.71,0.0,0.0
447.66,36.04,37.42,35.43,35.35,8415.91,5836.17,6345.34,0.0,0.0
447.77,36.02,37.42,35.43,35.35,8418.48,5837.32,6344.93,0.0,0.0
447.87,36.02,37.42,35.43,35.35,8417.52,5837.32,6344.53,0.0,0.0
448.02,36.03,37.42,35.43,35.36,8416.55,5836.93,6344.53,0.0,0.0
448.06,36.03,37.42,35.42,35.36,8418.16,5836.93,6347.38,0.0,0.0
448.17,36.03,37.42,35.42,35.36,8418.16,5837.7,6349.0,0.0,0.0
448.26,36.03,37.42,35.44,35.36,8418.16,5836.17,6343.71,0.0,0.0
448.38,36.02,37.42,35.44,35.36,8417.52,5836.17,6342.08,0.0,0.0
448.47,36.03,37.42,35.44,35.36,8418.16,5836.55,6343.3,0.0,0.0
448.59,36.02,37.43,35.44,35.36,8417.52,5835.02,6342.49,0.0,0.0
448.67,36.02,37.42,35.45,35.37,8418.48,5836.55,6339.64,0.0,0.0
448.76,36.03,37.42,35.45,35.37,8416.55,5837.32,6339.64,0.0,0.0
448.86,36.03,37.44,35.46,35.37,8417.2,5831.59,6336.79,0.0,0.0
448.96,36.02,37.43,35.46,35.37,8416.87,5833.5,6337.2,0.0,0.0
449.06,36.02,37.43,35.46,35.37,8418.8,5833.5,6336.79,0.0,0.0
449.17,36.02,37.43,35.47,35.37,8417.52,5833.5,6335.17,0.0,0.0
449.26,36.03,37.43,35.47,35.37,8417.2,5833.5,6335.57,0.0,0.0
449.39,36.02,37.44,35.47,35.38,8417.52,5832.73,6334.76,0.0,0.0
449.46,36.02,37.44,35.48,35.38,8417.52,5832.73,6333.13,0.0,0.0
449.63,36.03,37.44,35.47,35.38,8418.16,5831.97,6333.54,0.0,0.0
449.66,36.02,37.44,35.47,35.38,8418.8,5832.73,6333.54,0.0,0.0
449.76,36.03,37.44,35.48,35.38,8418.16,5832.73,6332.32,0.0,0.0
449.89,36.03,37.44,35.48,35.38,8417.2,5831.97,6331.1,0.0,0.0
449.96,36.01,37.44,35.48,35.38,8417.84,5832.35,6333.13,0.0,0.0
450.1,36.02,37.44,35.49,35.39,8416.87,5831.97,6329.88,0.0,0.0
450.17,36.01,37.44,35.48,35.39,8417.84,5831.2,6331.51,0.0,0.0
450.3,36.02,37.45,35.49,35.39,8418.48,5830.06,6330.29,0.0,0.0
450.37,36.03,37.43,35.49,35.39,8418.16,5833.11,6329.88,0.0,0.0
450.52,36.02,37.45,35.48,35.39,8418.8,5828.53,6331.51,0.0,0.0
450.56,36.02,37.45,35.49,35.39,8418.48,5829.3,6329.88,0.0,0.0
450.67,36.01,37.45,35.48,35.39,8417.84,5829.3,6330.69,0.0,0.0
450.76,36.03,37.45,35.48,35.4,8417.2,5828.53,6330.69,0.0,0.0
450.88,36.01,37.45,35.49,35.4,8419.12,5828.15,6329.88,0.0,0.0
450.96,36.01,37.45,35.49,35.4,8417.84,5828.53,6329.88,0.0,0.0
451.1,36.02,37.45,35.49,35.4,8416.87,5829.3,6330.29,0.0,0.0
451.19,36.01,37.46,35.48,35.4,8417.84,5827.77,6330.69,0.0,0.0
451.26,36.01,37.45,35.49,35.4,8419.12,5828.53,6329.48,0.0,0.0
451.36,36.02,37.45,35.49,35.4,8417.52,5828.91,6329.07,0.0,0.0
451.47,36.03,37.45,35.49,35.4,8417.2,5828.15,6329.48,0.0,0.0
451.59,36.03,37.46,35.49,35.41,8418.16,5827.01,6328.66,0.0,0.0
451.69,36.02,37.46,35.49,35.41,8417.52,5825.86,6328.26,0.0,0.0
451.79,36.01,37.46,35.5,35.41,8419.12,5826.62,6325.82,0.0,0.0
451.91,36.01,37.46,35.5,35.41,8419.12,5827.77,6325.82,0.0,0.0
451.96,36.01,37.46,35.51,35.41,8417.84,5827.01,6324.19,0.0,0.0
452.07,36.02,37.46,35.52,35.41,8417.52,5826.62,6320.54,0.0,0.0
452.16,36.03,37.46,35.52,35.41,8418.16,5826.62,6320.95,0.0,0.0
452.26,36.02,37.46,35.54,35.42,8418.8,5826.24,6314.86,0.0,0.0
452.36,36.01,37.46,35.55,35.42,8419.12,5826.24,6314.05,0.0,0.0
452.48,36.02,37.46,35.55,35.42,8417.52,5826.24,6312.83,0.0,0.0
452.65,36.02,37.46,35.57,35.42,8418.8,5826.24,6308.37,0.0,0.0
452.72,36.02,37.47,35.56,35.42,8418.48,5825.48,6309.99,0.0,0.0
452.77,36.03,37.47,35.56,35.42,8418.16,5825.1,6310.8,0.0,0.0
452.88,36.03,37.47,35.57,35.42,8418.16,5824.33,6307.97,0.0,0.0
452.96,36.03,37.47,35.56,35.42,8416.55,5824.33,6310.4,0.0,0.0
453.09,36.03,37.47,35.56,35.43,8418.16,5824.72,6309.59,0.0,0.0
453.17,36.02,37.47,35.57,35.43,8417.52,5823.95,6307.97,0.0,0.0
453.26,36.02,37.47,35.57,35.43,8418.48,5823.19,6308.37,0.0,0.0
453.37,36.02,37.48,35.58,35.43,8418.48,5821.28,6306.35,0.0,0.0
453.46,36.01,37.49,35.57,35.43,8417.84,5820.14,6308.37,0.0,0.0
453.57,36.03,37.48,35.58,35.43,8418.16,5821.66,6305.54,0.0,0.0
453.67,36.03,37.49,35.58,35.43,8417.2,5819.38,6306.35,0.0,0.0
453.79,36.02,37.51,35.57,35.44,8418.8,5814.04,6306.75,0.0,0.0
453.87,36.03,37.49,35.58,35.44,8418.16,5819.38,6304.72,0.0,0.0
453.98,36.02,37.49,35.58,35.44,8418.8,5818.61,6305.94,0.0,0.0
454.09,36.01,37.5,35.58,35.44,8417.84,5817.09,6306.35,0.0,0.0
454.17,36.03,37.49,35.58,35.44,8418.16,5818.61,6304.72,0.0,0.0
454.27,36.02,37.5,35.58,35.44,8418.8,5817.47,6305.54,0.0,0.0
454.37,36.02,37.5,35.58,35.44,8418.8,5817.85,6305.54,0.0,0.0
454.61,36.0,37.5,35.57,35.44,8419.77,5815.95,6306.75,0.0,0.0
454.67,36.01,37.51,35.58,35.45,8419.12,5814.8,6305.94,0.0,0.0
454.67,36.02,37.51,35.58,35.45,8418.8,5814.8,6305.13,0.0,0.0
454.77,36.02,37.51,35.58,35.45,8418.48,5814.8,6304.72,0.0,0.0
454.87,36.0,37.52,35.58,35.45,8419.77,5812.52,6303.91,0.0,0.0
454.97,36.02,37.52,35.58,35.45,8418.8,5812.52,6305.13,0.0,0.0
455.08,36.0,37.52,35.58,35.45,8419.45,5811.76,6304.32,0.0,0.0
455.16,36.03,37.53,35.58,35.45,8418.16,5808.71,6304.72,0.0,0.0
455.29,36.0,37.53,35.58,35.46,8419.45,5809.47,6304.32,0.0,0.0
455.36,36.02,37.53,35.58,35.46,8417.52,5809.09,6303.91,0.0,0.0
455.5,36.02,37.55,35.59,35.46,8418.8,5805.28,6303.51,0.0,0.0
455.59,36.0,37.55,35.59,35.46,8420.09,5804.52,6303.51,0.0,0.0
455.78,36.02,37.54,35.59,35.46,8418.8,5808.33,6303.51,0.0,0.0
455.84,36.01,37.54,35.58,35.46,8419.12,5808.33,6304.32,0.0,0.0
455.91,36.03,37.55,35.58,35.46,8418.16,5806.05,6304.32,0.0,0.0
455.97,36.02,37.55,35.58,35.46,8418.48,5805.28,6303.91,0.0,0.0
456.07,36.02,37.55,35.59,35.47,8418.8,5804.14,6303.51,0.0,0.0
456.18,36.0,37.55,35.59,35.47,8419.45,5804.52,6302.7,0.0,0.0
456.27,36.01,37.55,35.59,35.47,8417.84,5804.52,6303.51,0.0,0.0
456.38,36.02,37.56,35.58,35.47,8416.87,5803.76,6303.91,0.0,0.0
456.47,36.03,37.56,35.59,35.47,8417.2,5803.38,6302.7,0.0,0.0
456.57,36.02,37.55,35.59,35.47,8417.52,5804.14,6303.51,0.0,0.0
456.68,36.02,37.56,35.59,35.47,8418.48,5803.38,6303.1,0.0,0.0
456.79,36.02,37.56,35.59,35.48,8418.48,5802.62,6303.1,0.0,0.0
456.87,36.01,37.56,35.58,35.48,8417.84,5802.24,6303.91,0.0,0.0
456.97,36.02,37.56,35.59,35.48,8418.48,5803.0,6303.1,0.0,0.0
457.09,36.01,37.56,35.59,35.48,8417.84,5801.86,6303.1,0.0,0.0
457.19,36.03,37.56,35.59,35.48,8418.16,5802.24,6303.1,0.0,0.0
457.31,36.03,37.56,35.59,35.48,8418.16,5801.48,6302.7,0.0,0.0
457.39,36.02,37.56,35.6,35.48,8416.87,5801.86,6300.27,0.0,0.0
457.47,36.02,37.56,35.6,35.49,8416.87,5801.48,6300.67,0.0,0.0
457.57,36.02,37.56,35.59,35.49,8418.48,5801.86,6301.89,0.0,0.0
457.75,36.01,37.56,35.59,35.49,8417.84,5801.48,6301.89,0.0,0.0
457.78,36.03,37.56,35.6,35.49,8418.16,5801.86,6299.86,0.0,0.0
457.87,36.02,37.56,35.59,35.49,8418.48,5801.48,6301.48,0.0,0.0
457.99,36.03,37.56,35.6,35.49,8418.16,5801.86,6300.27,0.0,0.0
458.07,36.02,37.56,35.59,35.49,8417.52,5801.86,6301.89,0.0,0.0
458.18,36.02,37.57,35.61,35.5,8416.87,5800.34,6297.03,0.0,0.0
458.31,36.02,37.56,35.6,35.5,8416.87,5801.48,6300.67,0.0,0.0
458.39,36.03,37.57,35.6,35.5,8416.55,5801.1,6298.65,0.0,0.0
458.47,36.04,37.57,35.6,35.5,8416.23,5800.34,6298.65,0.0,0.0
458.59,36.02,37.57,35.6,35.5,8418.48,5801.1,6299.06,0.0,0.0
458.67,36.02,37.57,35.61,35.5,8417.52,5799.58,6297.03,0.0,0.0
458.79,36.03,37.57,35.6,35.5,8417.2,5800.34,6298.65,0.0,0.0
458.87,36.03,37.57,35.61,35.51,8416.55,5799.96,6297.84,0.0,0.0
458.99,36.02,37.57,35.61,35.51,8417.52,5800.72,6296.22,0.0,0.0
459.07,36.02,37.57,35.62,35.51,8417.52,5800.34,6295.41,0.0,0.0
459.2,36.03,37.57,35.62,35.51,8418.16,5799.2,6295.82,0.0,0.0
459.27,36.02,37.57,35.61,35.51,8416.87,5799.96,6296.22,0.0,0.0
459.38,36.05,37.58,35.62,35.51,8415.27,5797.3,6294.6,0.0,0.0
459.47,36.02,37.57,35.62,35.51,8417.52,5799.2,6293.79,0.0,0.0
459.61,36.02,37.58,35.63,35.51,8416.87,5798.44,6291.37,0.0,0.0
459.67,36.02,37.58,35.63,35.52,8417.52,5796.92,6291.77,0.0,0.0
459.77,36.02,37.59,35.63,35.52,8416.87,5795.02,6291.37,0.0,0.0
459.88,36.06,37.59,35.64,35.52,8414.62,5795.02,6290.56,0.0,0.0
460.0,36.04,37.59,35.63,35.52,8415.91,5795.02,6290.96,0.0,0.0
460.07,36.03,37.59,35.63,35.52,8415.59,5795.02,6291.77,0.0,0.0
460.17,36.04,37.6,35.64,35.52,8416.23,5792.36,6289.34,0.0,0.0
460.27,36.05,37.61,35.65,35.52,8414.95,5791.6,6287.32,0.0,0.0
460.38,36.04,37.61,35.65,35.53,8416.23,5791.6,6286.92,0.0,0.0
460.47,36.05,37.61,35.65,35.53,8415.27,5789.32,6287.32,0.0,0.0
460.6,36.05,37.63,35.66,35.53,8415.27,5786.66,6285.3,0.0,0.0
460.67,36.07,37.63,35.66,35.53,8412.05,5784.76,6285.3,0.0,0.0
460.77,36.06,37.63,35.67,35.53,8414.62,5784.76,6281.26,0.0,0.0
460.88,36.06,37.64,35.67,35.53,8413.98,5783.62,6282.07,0.0,0.0
460.97,36.07,37.62,35.67,35.53,8412.38,5787.04,6280.45,0.0,0.0
461.09,36.08,37.64,35.67,35.53,8412.7,5782.86,6281.67,0.0,0.0
461.17,36.03,37.64,35.67,35.54,8415.59,5782.11,6280.86,0.0,0.0
461.33,36.07,37.64,35.68,35.54,8413.66,5783.24,6279.24,0.0,0.0
461.38,36.07,37.64,35.68,35.54,8412.38,5782.48,6278.84,0.0,0.0
461.47,36.08,37.64,35.68,35.54,8411.41,5784.0,6279.24,0.0,0.0
461.59,36.07,37.65,35.68,35.54,8412.05,5781.73,6278.84,0.0,0.0
461.73,36.08,37.65,35.68,35.54,8411.73,5779.83,6278.84,0.0,0.0
461.83,36.09,37.65,35.68,35.54,8411.09,5781.35,6278.43,0.0,0.0
461.93,36.07,37.66,35.68,35.55,8413.02,5779.45,6278.03,0.0,0.0
461.97,36.08,37.65,35.68,35.55,8411.73,5780.59,6278.43,0.0,0.0
462.07,36.1,37.65,35.68,35.55,8410.45,5779.83,6278.84,0.0,0.0
462.17,36.08,37.66,35.68,35.55,8411.41,5778.31,6278.43,0.0,0.0
462.34,36.12,37.65,35.68,35.55,8408.84,5779.83,6278.03,0.0,0.0
462.37,36.12,37.66,35.68,35.55,8407.56,5777.55,6278.43,0.0,0.0
462.48,36.11,37.66,35.68,35.56,8408.52,5777.93,6277.63,0.0,0.0
462.57,36.1,37.66,35.68,35.56,8409.16,5777.55,6278.43,0.0,0.0
462.69,36.11,37.66,35.68,35.56,8409.81,5777.93,6278.43,0.0,0.0
462.77,36.11,37.66,35.69,35.56,8409.48,5777.55,6277.22,0.0,0.0
462.89,36.14,37.66,35.69,35.56,8405.95,5777.55,6276.82,0.0,0.0
462.97,36.14,37.67,35.68,35.56,8405.95,5776.8,6278.03,0.0,0.0
463.08,36.14,37.66,35.68,35.56,8407.24,5777.55,6278.03,0.0,0.0
463.17,36.14,37.67,35.69,35.57,8405.63,5777.17,6277.22,0.0,0.0
463.28,36.14,37.67,35.69,35.57,8405.31,5777.17,6276.82,0.0,0.0
463.37,36.14,37.67,35.69,35.57,8406.59,5776.42,6276.82,0.0,0.0
463.5,36.16,37.67,35.69,35.57,8404.66,5777.17,6276.42,0.0,0.0
463.58,36.17,37.67,35.69,35.57,8402.74,5776.42,6276.42,0.0,0.0
463.67,36.15,37.67,35.69,35.57,8404.34,5776.8,6275.2,0.0,0.0
463.82,36.16,37.67,35.69,35.57,8404.02,5776.8,6276.01,0.0,0.0
463.87,36.17,37.67,35.7,35.58,8403.06,5777.17,6274.4,0.0,0.0
463.98,36.18,37.67,35.7,35.58,8403.38,5775.28,6274.4,0.0,0.0
464.13,36.17,37.67,35.69,35.58,8403.06,5775.66,6276.82,0.0,0.0
464.19,36.18,37.67,35.69,35.58,8402.42,5776.42,6274.8,0.0,0.0
464.27,36.18,37.67,35.7,35.58,8401.77,5774.9,6274.4,0.0,0.0
464.37,36.16,37.67,35.69,35.58,8403.7,5774.9,6276.42,0.0,0.0
464.47,36.19,37.67,35.7,35.58,8401.45,5775.66,6273.99,0.0,0.0
464.6,36.18,37.68,35.7,35.59,8401.77,5774.52,6274.4,0.0,0.0
464.67,36.18,37.67,35.71,35.59,8402.42,5776.04,6270.77,0.0,0.0
464.77,36.17,37.67,35.71,35.59,8403.06,5775.28,6270.36,0.0,0.0
464.88,36.18,37.67,35.71,35.59,8403.38,5776.04,6270.36,0.0,0.0
465.05,36.18,37.67,35.71,35.59,8401.77,5776.42,6270.36,0.0,0.0
465.07,36.23,37.67,35.72,35.59,8397.92,5775.28,6267.14,0.0,0.0
465.19,36.2,37.67,35.72,35.59,8399.85,5774.9,6268.35,0.0,0.0
465.37,36.19,37.68,35.73,35.6,8401.13,5774.52,6266.33,0.0,0.0
465.41,36.18,37.67,35.74,35.6,8402.09,5775.28,6263.91,0.0,0.0
465.49,36.19,37.68,35.75,35.6,8400.81,5774.52,6261.09,0.0,0.0
465.63,36.22,37.67,35.74,35.6,8399.2,5776.04,6263.91,0.0,0.0
465.67,36.22,37.68,35.74,35.6,8399.2,5773.76,6261.49,0.0,0.0
465.77,36.2,37.67,35.76,35.6,8400.49,5776.42,6258.67,0.0,0.0
465.96,36.23,37.67,35.75,35.6,8398.24,5774.9,6259.88,0.0,0.0
466.0,36.2,37.68,35.76,35.6,8399.85,5773.76,6257.06,0.0,0.0
466.08,36.22,37.67,35.76,35.61,8398.56,5775.28,6258.27,0.0,0.0
466.21,36.23,37.67,35.75,35.61,8397.6,5774.9,6259.48,0.0,0.0
466.28,36.22,37.67,35.76,35.61,8399.2,5775.66,6257.06,0.0,0.0
466.38,36.23,37.68,35.75,35.61,8396.63,5774.52,6260.28,0.0,0.0
466.5,36.22,37.67,35.77,35.61,8398.56,5776.04,6255.85,0.0,0.0
466.59,36.23,37.68,35.77,35.61,8397.92,5774.14,6255.85,0.0,0.0
466.67,36.25,37.67,35.76,35.61,8396.31,5775.28,6257.06,0.0,0.0
466.78,36.24,37.67,35.76,35.62,8397.28,5774.9,6257.06,0.0,0.0
466.87,36.23,37.67,35.77,35.62,8397.92,5776.04,6255.85,0.0,0.0
466.99,36.23,37.67,35.76,35.62,8397.6,5776.42,6257.87,0.0,0.0
467.07,36.24,37.67,35.77,35.62,8396.96,5776.42,6255.45,0.0,0.0
467.18,36.26,37.67,35.76,35.62,8395.03,5775.66,6257.06,0.0,0.0
467.27,36.25,37.67,35.76,35.62,8396.31,5775.28,6256.66,0.0,0.0
467.37,36.24,37.68,35.76,35.62,8396.96,5774.52,6257.46,0.0,0.0
467.53,36.25,37.68,35.75,35.62,8395.35,5774.14,6259.48,0.0,0.0
467.64,36.23,37.68,35.77,35.63,8396.63,5774.14,6255.85,0.0,0.0
467.7,36.26,37.67,35.76,35.63,8395.03,5775.28,6257.87,0.0,0.0
467.84,36.25,37.68,35.76,35.63,8395.99,5773.01,6258.27,0.0,0.0
467.89,36.27,37.67,35.77,35.63,8394.06,5774.9,6255.45,0.0,0.0
467.99,36.28,37.68,35.77,35.63,8393.42,5773.01,6255.45,0.0,0.0
468.12,36.26,37.67,35.76,35.63,8395.67,5774.9,6257.87,0.0,0.0
468.23,36.27,37.68,35.77,35.63,8393.74,5773.76,6255.85,0.0,0.0
468.27,36.26,37.68,35.76,35.63,8395.03,5773.38,6257.06,0.0,0.0
468.39,36.26,37.68,35.76,35.64,8395.03,5774.14,6257.06,0.0,0.0
468.49,36.27,37.68,35.77,35.64,8393.74,5773.01,6254.64,0.0,0.0
468.59,36.26,37.68,35.77,35.64,8395.03,5774.14,6255.45,0.0,0.0
468.67,36.3,37.68,35.77,35.64,8392.14,5773.38,6255.05,0.0,0.0
468.77,36.27,37.67,35.78,35.64,8394.06,5776.04,6253.03,0.0,0.0
468.9,36.3,37.67,35.77,35.64,8391.82,5775.28,6255.85,0.0,0.0
469.0,36.3,37.67,35.76,35.64,8391.82,5774.9,6256.25,0.0,0.0
469.11,36.3,37.67,35.77,35.64,8392.14,5776.04,6255.45,0.0,0.0
469.19,36.31,37.68,35.77,35.65,8390.53,5773.01,6255.45,0.0,0.0
469.28,36.31,37.67,35.77,35.65,8390.53,5775.28,6255.05,0.0,0.0
469.39,36.3,37.67,35.76,35.65,8391.5,5775.66,6256.25,0.0,0.0
469.51,36.3,37.68,35.77,35.65,8390.85,5774.52,6255.05,0.0,0.0
469.62,36.3,37.68,35.77,35.65,8392.14,5774.52,6255.05,0.0,0.0
469.69,36.31,37.67,35.76,35.65,8391.17,5775.28,6257.46,0.0,0.0
469.77,36.33,37.67,35.76,35.65,8389.25,5776.04,6257.06,0.0,0.0
469.9,36.31,37.68,35.77,35.65,8391.17,5773.76,6255.85,0.0,0.0
469.98,36.32,37.68,35.77,35.65,8388.61,5774.14,6254.24,0.0,0.0
470.12,36.33,37.68,35.77,35.66,8388.28,5773.38,6254.24,0.0,0.0
470.18,36.33,37.67,35.77,35.66,8388.92,5775.28,6254.24,0.0,0.0
470.3,36.36,37.69,35.77,35.66,8386.03,5772.25,6255.05,0.0,0.0
470.38,36.33,37.69,35.77,35.66,8388.28,5770.35,6254.64,0.0,0.0
470.49,36.32,37.68,35.77,35.66,8389.89,5773.76,6255.45,0.0,0.0
470.65,36.36,37.69,35.77,35.66,8385.71,5772.25,6255.05,0.0,0.0
470.7,36.32,37.68,35.77,35.66,8389.57,5772.63,6254.24,0.0,0.0
470.78,36.33,37.69,35.78,35.66,8388.28,5770.35,6253.44,0.0,0.0
470.88,36.36,37.69,35.77,35.66,8385.71,5772.25,6253.84,0.0,0.0
470.98,36.36,37.7,35.78,35.67,8386.35,5769.6,6253.03,0.0,0.0
471.08,36.32,37.7,35.78,35.67,8389.57,5769.97,6253.44,0.0,0.0
471.21,36.38,37.7,35.78,35.67,8384.11,5769.22,6252.23,0.0,0.0
471.28,36.35,37.71,35.78,35.67,8386.68,5766.56,6252.63,0.0,0.0
471.38,36.36,37.72,35.78,35.67,8385.71,5763.91,6252.23,0.0,0.0
471.54,36.36,37.72,35.78,35.67,8386.03,5763.91,6252.63,0.0,0.0
471.59,36.38,37.72,35.78,35.67,8384.75,5764.67,6253.03,0.0,0.0
471.68,36.36,37.73,35.78,35.67,8385.39,5762.4,6252.63,0.0,0.0
471.84,36.35,37.73,35.78,35.67,8387.0,5761.27,6252.23,0.0,0.0
471.9,36.38,37.72,35.78,35.68,8384.43,5763.54,6252.23,0.0,0.0
472.15,36.38,37.73,35.78,35.68,8384.75,5760.51,6252.23,0.0,0.0
472.25,36.38,37.74,35.78,35.68,8384.75,5759.75,6251.42,0.0,0.0
472.39,36.39,37.73,35.78,35.68,8382.5,5760.51,6252.63,0.0,0.0
472.54,36.38,37.74,35.78,35.68,8384.43,5758.62,6252.63,0.0,0.0
472.66,36.38,37.75,35.78,35.68,8384.75,5756.73,6251.83,0.0,0.0
472.72,36.36,37.75,35.78,35.68,8386.03,5755.97,6251.83,0.0,0.0
472.86,36.36,37.76,35.78,35.68,8385.39,5755.21,6251.42,0.0,0.0
472.98,36.4,37.75,35.79,35.68,8382.82,5756.73,6250.62,0.0,0.0
473.11,36.39,37.75,35.79,35.69,8383.79,5755.97,6250.22,0.0,0.0
473.18,36.4,37.76,35.79,35.69,8382.82,5755.21,6249.81,0.0,0.0
473.27,36.4,37.76,35.79,35.69,8381.54,5753.7,6249.81,0.0,0.0
473.32,36.39,37.76,35.8,35.69,8383.79,5755.21,6247.0,0.0,0.0
473.42,36.41,37.76,35.8,35.69,8381.22,5753.32,6247.8,0.0,0.0
473.48,36.42,37.76,35.81,35.69,8380.9,5753.32,6245.39,0.0,0.0
473.55,36.39,37.76,35.81,35.69,8381.86,5753.32,6245.39,0.0,0.0
473.55,36.43,37.77,35.82,35.69,8380.25,5752.57,6242.17,0.0,0.0
473.61,36.41,37.77,35.82,35.7,8381.22,5752.19,6242.17,0.0,0.0
473.72,36.39,37.76,35.82,35.7,8382.18,5753.32,6242.57,0.0,0.0
473.79,36.43,37.77,35.81,35.7,8378.65,5751.43,6244.18,0.0,0.0
473.91,36.4,37.78,35.82,35.7,8382.82,5750.68,6241.37,0.0,0.0
473.99,36.43,37.78,35.83,35.7,8380.25,5749.92,6239.36,0.0,0.0
474.12,36.42,37.78,35.84,35.7,8380.9,5749.92,6237.75,0.0,0.0
474.18,36.42,37.78,35.84,35.7,8380.9,5748.79,6235.74,0.0,0.0
474.35,36.4,37.79,35.85,35.7,8381.54,5748.03,6234.14,0.0,0.0
474.39,36.43,37.79,35.85,35.71,8380.25,5746.52,6234.54,0.0,0.0
474.48,36.43,37.8,35.85,35.71,8379.61,5744.63,6234.54,0.0,0.0
474.6,36.43,37.81,35.86,35.71,8380.25,5741.61,6230.92,0.0,0.0
474.68,36.42,37.8,35.86,35.71,8380.58,5743.88,6231.33,0.0,0.0
474.85,36.43,37.82,35.85,35.71,8379.61,5740.86,6233.73,0.0,0.0
474.95,36.42,37.81,35.84,35.71,8380.9,5743.12,6235.34,0.0,0.0
475.01,36.42,37.81,35.87,35.71,8379.93,5741.99,6229.32,0.0,0.0
475.09,36.44,37.82,35.87,35.71,8378.97,5739.73,6229.72,0.0,0.0
475.18,36.42,37.82,35.86,35.72,8379.93,5738.97,6232.13,0.0,0.0
475.28,36.44,37.82,35.86,35.72,8378.33,5738.97,6231.73,0.0,0.0
475.4,36.43,37.82,35.86,35.72,8379.61,5739.73,6230.92,0.0,0.0
475.48,36.44,37.83,35.86,35.72,8378.97,5738.22,6230.52,0.0,0.0
475.62,36.43,37.84,35.87,35.72,8378.65,5735.58,6229.72,0.0,0.0
475.68,36.43,37.83,35.87,35.72,8379.61,5738.22,6227.71,0.0,0.0
475.78,36.41,37.83,35.87,35.72,8381.22,5738.59,6228.52,0.0,0.0
475.89,36.43,37.83,35.87,35.73,8379.61,5737.46,6227.31,0.0,0.0
475.98,36.43,37.83,35.87,35.73,8378.65,5737.46,6228.11,0.0,0.0
476.17,36.43,37.84,35.87,35.73,8379.29,5735.2,6228.52,0.0,0.0
476.19,36.44,37.84,35.87,35.73,8378.97,5735.2,6228.92,0.0,0.0
476.3,36.44,37.84,35.87,35.73,8378.33,5735.58,6229.32,0.0,0.0
476.39,36.43,37.83,35.87,35.73,8379.61,5736.71,6229.72,0.0,0.0
476.48,36.43,37.83,35.87,35.73,8378.65,5737.08,6229.72,0.0,0.0
476.67,36.44,37.84,35.87,35.74,8377.69,5734.82,6227.71,0.0,0.0
476.7,36.44,37.84,35.87,35.74,8378.01,5734.82,6228.92,0.0,0.0
476.78,36.44,37.84,35.87,35.74,8378.01,5735.2,6227.31,0.0,0.0
476.88,36.46,37.84,35.87,35.74,8377.36,5734.44,6228.92,0.0,0.0
477.04,36.44,37.85,35.88,35.74,8378.01,5733.69,6226.91,0.0,0.0
477.12,36.44,37.85,35.87,35.74,8378.33,5733.31,6228.11,0.0,0.0
477.2,36.46,37.84,35.87,35.74,8377.36,5736.33,6228.11,0.0,0.0
477.28,36.46,37.84,35.87,35.74,8377.36,5736.33,6229.32,0.0,0.0
477.44,36.46,37.84,35.87,35.75,8377.36,5735.2,6229.32,0.0,0.0
477.49,36.44,37.85,35.87,35.75,8377.69,5732.56,6228.92,0.0,0.0
477.59,36.44,37.84,35.87,35.75,8378.97,5735.2,6229.72,0.0,0.0
477.68,36.47,37.84,35.87,35.75,8376.4,5735.58,6228.52,0.0,0.0
477.8,36.46,37.84,35.87,35.75,8377.04,5734.44,6227.31,0.0,0.0
477.9,36.46,37.85,35.87,35.75,8376.72,5734.07,6228.92,0.0,0.0
477.99,36.46,37.84,35.87,35.75,8376.72,5735.2,6229.32,0.0,0.0
478.09,36.46,37.85,35.88,35.76,8377.36,5731.8,6226.91,0.0,0.0
478.2,36.47,37.85,35.87,35.76,8375.44,5732.94,6228.92,0.0,0.0
478.28,36.47,37.85,35.87,35.76,8376.4,5732.94,6228.11,0.0,0.0
478.41,36.47,37.85,35.87,35.76,8375.76,5733.69,6228.11,0.0,0.0
478.49,36.47,37.85,35.87,35.76,8376.4,5732.56,6227.31,0.0,0.0
478.6,36.47,37.85,35.87,35.76,8375.76,5734.07,6227.31,0.0,0.0
478.71,36.46,37.85,35.87,35.76,8376.72,5733.69,6227.71,0.0,0.0
478.82,36.46,37.85,35.87,35.76,8377.36,5732.94,6228.52,0.0,0.0
478.91,36.47,37.85,35.87,35.77,8376.4,5732.18,6227.31,0.0,0.0
478.98,36.46,37.86,35.87,35.77,8377.36,5729.92,6227.31,0.0,0.0
479.09,36.47,37.86,35.88,35.77,8375.44,5731.43,6226.91,0.0,0.0
479.19,36.44,37.86,35.88,35.77,8377.69,5731.05,6226.91,0.0,0.0
479.32,36.46,37.86,35.88,35.77,8376.72,5729.92,6225.71,0.0,0.0
479.38,36.46,37.86,35.88,35.77,8377.04,5730.3,6225.71,0.0,0.0
479.49,36.46,37.86,35.88,35.77,8376.72,5731.43,6226.11,0.0,0.0
479.59,36.44,37.86,35.88,35.78,8377.69,5729.92,6226.51,0.0,0.0
479.7,36.46,37.86,35.88,35.78,8377.04,5729.92,6226.91,0.0,0.0
479.8,36.46,37.87,35.88,35.78,8376.72,5729.17,6226.51,0.0,0.0
479.9,36.47,37.86,35.88,35.78,8376.4,5729.54,6226.51,0.0,0.0
479.98,36.46,37.86,35.88,35.78,8377.04,5729.92,6226.91,0.0,0.0
480.14,36.46,37.86,35.88,35.78,8376.72,5729.92,6225.31,0.0,0.0
480.2,36.46,37.87,35.88,35.78,8376.72,5729.17,6226.91,0.0,0.0
480.34,36.47,37.86,35.88,35.78,8375.76,5729.92,6226.91,0.0,0.0
480.39,36.47,37.86,35.88,35.79,8376.4,5729.54,6225.71,0.0,0.0
480.49,36.46,37.87,35.88,35.79,8377.04,5729.17,6226.11,0.0,0.0
480.61,36.46,37.86,35.88,35.79,8376.72,5730.3,6226.11,0.0,0.0
480.69,36.44,37.87,35.88,35.79,8377.69,5729.17,6226.51,0.0,0.0
480.81,36.46,37.87,35.88,35.79,8376.72,5729.17,6225.31,0.0,0.0
480.9,36.44,37.87,35.88,35.79,8378.33,5728.79,6225.71,0.0,0.0
481.01,36.44,37.87,35.89,35.79,8378.97,5728.41,6224.5,0.0,0.0
481.1,36.44,37.87,35.88,35.79,8378.01,5728.41,6226.11,0.0,0.0
481.2,36.44,37.87,35.89,35.8,8377.69,5727.66,6224.1,0.0,0.0
481.37,36.46,37.87,35.89,35.8,8377.04,5728.79,6222.5,0.0,0.0
481.4,36.43,37.87,35.89,35.8,8378.65,5728.79,6222.5,0.0,0.0
481.49,36.46,37.87,35.89,35.8,8377.36,5727.66,6222.9,0.0,0.0
481.63,36.44,37.88,35.9,35.8,8377.69,5725.4,6221.7,0.0,0.0
481.72,36.44,37.88,35.9,35.8,8378.33,5726.15,6220.09,0.0,0.0
481.83,36.44,37.88,35.9,35.8,8377.69,5726.15,6220.49,0.0,0.0
481.89,36.44,37.88,35.91,35.8,8378.01,5725.4,6216.89,0.0,0.0
481.99,36.44,37.88,35.92,35.81,8378.01,5725.78,6216.48,0.0,0.0
482.09,36.46,37.89,35.93,35.81,8377.36,5722.76,6212.88,0.0,0.0
482.2,36.47,37.91,35.93,35.81,8376.4,5719.75,6212.08,0.0,0.0
482.35,36.47,37.89,35.94,35.81,8376.4,5722.39,6209.68,0.0,0.0
482.42,36.47,37.91,35.94,35.81,8376.4,5717.49,6210.88,0.0,0.0
482.52,36.44,37.9,35.94,35.81,8378.33,5720.5,6209.28,0.0,0.0
482.59,36.43,37.91,35.94,35.81,8378.65,5717.87,6210.08,0.0,0.0
482.69,36.44,37.93,35.95,35.81,8377.69,5713.73,6208.47,0.0,0.0
482.8,36.46,37.94,35.95,35.81,8377.36,5712.6,6208.47,0.0,0.0
482.89,36.46,37.92,35.96,35.82,8377.36,5715.61,6204.47,0.0,0.0
482.99,36.44,37.94,35.96,35.82,8378.33,5711.85,6204.47,0.0,0.0
483.1,36.44,37.94,35.96,35.82,8378.33,5711.1,6205.67,0.0,0.0
483.19,36.43,37.94,35.96,35.82,8378.65,5712.23,6204.07,0.0,0.0
483.31,36.46,37.94,35.97,35.82,8377.04,5711.47,6202.87,0.0,0.0
483.39,36.43,37.94,35.97,35.82,8378.65,5710.35,6201.67,0.0,0.0
483.49,36.44,37.94,35.97,35.82,8378.01,5711.1,6203.67,0.0,0.0
483.6,36.47,37.93,35.97,35.83,8376.4,5713.35,6202.47,0.0,0.0
483.69,36.42,37.94,35.97,35.83,8380.58,5711.85,6201.67,0.0,0.0
483.79,36.44,37.95,35.97,35.83,8377.69,5708.84,6202.47,0.0,0.0
483.92,36.44,37.93,35.97,35.83,8378.33,5712.98,6202.07,0.0,0.0
484.04,36.44,37.95,35.97,35.83,8377.69,5709.22,6201.67,0.0,0.0
484.09,36.44,37.95,35.97,35.83,8377.69,5708.09,6201.27,0.0,0.0
484.23,36.44,37.94,35.97,35.83,8378.33,5710.35,6201.67,0.0,0.0
484.29,36.44,37.93,35.97,35.83,8378.97,5712.98,6201.27,0.0,0.0
484.4,36.42,37.95,35.97,35.84,8379.93,5709.97,6202.87,0.0,0.0
484.49,36.43,37.95,35.97,35.84,8378.65,5708.47,6201.67,0.0,0.0
484.59,36.44,37.95,35.98,35.84,8378.01,5709.97,6200.87,0.0,0.0
484.69,36.44,37.94,35.97,35.84,8378.33,5710.72,6201.67,0.0,0.0
484.81,36.43,37.94,35.97,35.84,8379.29,5712.6,6201.67,0.0,0.0
484.89,36.43,37.94,35.97,35.84,8380.25,5711.1,6201.27,0.0,0.0
485.06,36.43,37.94,35.97,35.84,8379.61,5711.1,6201.67,0.0,0.0
485.14,36.44,37.93,35.97,35.85,8378.97,5713.35,6202.87,0.0,0.0
485.23,36.42,37.93,35.97,35.85,8379.93,5714.48,6202.47,0.0,0.0
485.29,36.43,37.92,35.97,35.85,8379.29,5715.61,6202.87,0.0,0.0
485.52,36.43,37.93,35.97,35.85,8379.29,5712.98,6201.27,0.0,0.0
485.53,36.42,37.92,35.97,35.85,8380.9,5716.74,6202.87,0.0,0.0
485.6,36.44,37.91,35.97,35.85,8378.33,5718.62,6203.67,0.0,0.0
485.75,36.43,37.9,35.97,35.85,8379.61,5720.13,6203.67,0.0,0.0
485.79,36.42,37.9,35.97,35.85,8380.58,5721.26,6202.87,0.0,0.0
485.89,36.43,37.9,35.97,35.86,8380.25,5720.13,6203.67,0.0,0.0
485.99,36.42,37.9,35.97,35.86,8380.9,5721.63,6203.27,0.0,0.0
486.12,36.43,37.91,35.97,35.86,8380.25,5719.37,6203.67,0.0,0.0
486.22,36.42,37.9,35.96,35.86,8379.93,5721.26,6205.67,0.0,0.0
486.32,36.43,37.9,35.97,35.86,8380.25,5721.26,6202.47,0.0,0.0
486.46,36.43,37.91,35.96,35.86,8380.25,5719.0,6204.07,0.0,0.0
486.5,36.41,37.91,35.96,35.86,8381.22,5717.87,6204.47,0.0,0.0
486.67,36.4,37.9,35.96,35.86,8382.82,5721.63,6204.07,0.0,0.0
486.7,36.41,37.89,35.95,35.87,8381.22,5723.52,6206.87,0.0,0.0
486.8,36.39,37.89,35.96,35.87,8383.47,5723.89,6204.47,0.0,0.0
486.91,36.42,37.9,35.96,35.87,8380.58,5722.01,6204.87,0.0,0.0
487.01,36.43,37.89,35.97,35.87,8379.61,5724.27,6202.87,0.0,0.0
487.09,36.42,37.9,35.96,35.87,8379.93,5722.01,6204.47,0.0,0.0
487.2,36.44,37.9,35.96,35.87,8378.97,5720.5,6205.67,0.0,0.0
487.3,36.42,37.89,35.95,35.87,8379.93,5722.76,6206.47,0.0,0.0
487.39,36.43,37.9,35.96,35.87,8379.29,5721.63,6204.47,0.0,0.0
487.52,36.43,37.9,35.96,35.87,8379.29,5721.26,6204.07,0.0,0.0
487.62,36.42,37.9,35.96,35.88,8380.58,5721.26,6204.07,0.0,0.0
487.71,36.43,37.9,35.96,35.88,8379.61,5720.5,6204.47,0.0,0.0
487.81,36.43,37.9,35.96,35.88,8380.25,5720.13,6204.07,0.0,0.0
487.9,36.43,37.91,35.97,35.88,8379.29,5719.75,6203.67,0.0,0.0
488.01,36.43,37.9,35.97,35.88,8379.29,5720.13,6202.47,0.0,0.0
488.09,36.46,37.91,35.97,35.88,8377.04,5717.49,6201.67,0.0,0.0
488.21,36.39,37.91,35.97,35.88,8382.5,5717.87,6202.07,0.0,0.0
488.29,36.44,37.92,35.97,35.88,8378.97,5715.61,6202.47,0.0,0.0
488.45,36.44,37.92,35.97,35.88,8378.97,5715.61,6202.07,0.0,0.0
488.49,36.44,37.92,35.97,35.88,8378.97,5716.74,6201.67,0.0,0.0
488.62,36.43,37.92,35.97,35.88,8379.29,5715.99,6201.67,0.0,0.0
488.7,36.43,37.91,35.97,35.89,8379.61,5717.87,6201.27,0.0,0.0
488.8,36.42,37.94,35.97,35.89,8379.93,5712.23,6201.27,0.0,0.0
488.91,36.41,37.93,35.97,35.89,8381.22,5714.11,6201.67,0.0,0.0
489.03,36.42,37.93,35.97,35.89,8380.58,5713.35,6202.07,0.0,0.0
489.12,36.42,37.93,35.97,35.89,8380.9,5714.48,6202.07,0.0,0.0
489.2,36.42,37.93,35.97,35.89,8379.93,5714.11,6202.47,0.0,0.0
489.3,36.4,37.94,35.97,35.89,8381.54,5710.35,6202.07,0.0,0.0
489.39,36.4,37.93,35.97,35.89,8381.54,5713.73,6201.67,0.0,0.0
489.53,36.4,37.94,35.97,35.89,8381.54,5711.1,6201.67,0.0,0.0
489.59,36.39,37.94,35.97,35.9,8381.86,5712.6,6202.07,0.0,0.0
489.69,36.42,37.94,35.97,35.9,8380.9,5712.23,6202.47,0.0,0.0
489.81,36.44,37.95,35.97,35.9,8378.97,5709.59,6201.67,0.0,0.0
489.92,36.4,37.95,35.97,35.9,8381.54,5708.84,6201.27,0.0,0.0
490.01,36.39,37.94,35.97,35.9,8382.18,5710.72,6202.47,0.0,0.0
490.1,36.39,37.95,35.97,35.9,8382.5,5708.47,6201.27,0.0,0.0
490.19,36.38,37.94,35.97,35.9,8384.43,5710.35,6201.67,0.0,0.0
490.31,36.39,37.95,35.97,35.9,8382.5,5708.47,6201.27,0.0,0.0
490.4,36.39,37.93,35.97,35.9,8382.18,5714.11,6201.27,0.0,0.0
490.55,36.39,37.95,35.97,35.9,8383.47,5708.47,6201.67,0.0,0.0
490.58,36.38,37.95,35.97,35.91,8385.07,5708.84,6201.67,0.0,0.0
490.77,36.39,37.94,35.97,35.91,8381.86,5710.35,6202.87,0.0,0.0
490.8,36.39,37.94,35.97,35.91,8381.86,5711.1,6202.07,0.0,0.0
490.92,36.36,37.95,35.97,35.91,8385.39,5709.59,6202.47,0.0,0.0
491.0,36.39,37.93,35.97,35.91,8383.79,5713.35,6201.27,0.0,0.0
491.11,36.35,37.94,35.97,35.91,8387.0,5711.47,6202.47,0.0,0.0
491.19,36.39,37.94,35.97,35.91,8383.79,5710.35,6202.87,0.0,0.0
491.3,36.38,37.94,35.97,35.91,8384.75,5710.35,6201.27,0.0,0.0
491.41,36.36,37.94,35.97,35.91,8385.39,5712.23,6201.27,0.0,0.0
491.49,36.39,37.95,35.97,35.91,8383.14,5709.22,6201.67,0.0,0.0
491.6,36.38,37.95,35.98,35.92,8385.07,5709.97,6200.87,0.0,0.0
491.72,36.38,37.94,35.98,35.92,8384.75,5711.85,6200.47,0.0,0.0
491.8,36.36,37.95,35.97,35.92,8385.39,5709.97,6201.27,0.0,0.0
491.91,36.38,37.95,35.97,35.92,8384.11,5709.22,6202.07,0.0,0.0
492.0,36.36,37.94,35.97,35.92,8385.39,5712.23,6201.27,0.0,0.0
492.14,36.34,37.93,35.97,35.92,8387.32,5712.98,6201.27,0.0,0.0
492.2,36.38,37.94,35.98,35.92,8385.07,5711.47,6200.87,0.0,0.0
492.29,36.38,37.94,35.97,35.92,8385.07,5711.1,6201.27,0.0,0.0
492.4,36.39,37.94,35.97,35.92,8383.14,5711.47,6201.27,0.0,0.0
492.5,36.38,37.95,35.97,35.92,8384.75,5709.97,6201.27,0.0,0.0
492.63,36.38,37.94,35.98,35.93,8385.07,5712.6,6200.87,0.0,0.0
492.69,36.36,37.95,35.98,35.93,8385.39,5709.59,6200.07,0.0,0.0
492.81,36.4,37.93,35.98,35.93,8382.82,5714.11,6200.87,0.0,0.0
492.9,36.4,37.94,35.97,35.93,8382.82,5710.72,6201.27,0.0,0.0
493.0,36.39,37.93,35.98,35.93,8383.79,5713.35,6200.47,0.0,0.0
493.15,36.38,37.94,35.98,35.93,8384.11,5711.85,6200.07,0.0,0.0
493.2,36.39,37.94,35.98,35.93,8383.47,5711.47,6200.07,0.0,0.0
493.31,36.39,37.94,35.98,35.93,8382.5,5711.47,6200.47,0.0,0.0
493.39,36.39,37.94,35.98,35.93,8383.47,5710.72,6199.27,0.0,0.0
493.51,36.39,37.94,35.98,35.93,8381.86,5712.23,6200.07,0.0,0.0
493.6,36.38,37.93,35.98,35.94,8384.11,5713.35,6199.67,0.0,0.0
493.71,36.39,37.94,35.98,35.94,8382.5,5710.35,6200.07,0.0,0.0
493.81,36.39,37.94,35.98,35.94,8382.18,5710.72,6200.07,0.0,0.0
493.9,36.39,37.94,35.98,35.94,8381.86,5710.35,6199.27,0.0,0.0
494.0,36.39,37.95,35.98,35.94,8382.18,5709.59,6199.27,0.0,0.0
494.1,36.39,37.95,35.99,35.94,8382.5,5709.22,6198.47,0.0,0.0
494.21,36.43,37.95,35.99,35.94,8380.25,5709.97,6197.67,0.0,0.0
494.35,36.4,37.95,35.98,35.94,8381.54,5709.59,6199.67,0.0,0.0
494.39,36.43,37.93,35.98,35.94,8380.25,5714.86,6199.27,0.0,0.0
494.5,36.4,37.95,35.98,35.94,8381.54,5708.84,6198.87,0.0,0.0
494.65,36.42,37.95,35.99,35.94,8380.9,5709.22,6198.47,0.0,0.0
494.72,36.43,37.95,35.98,35.95,8378.65,5708.47,6198.87,0.0,0.0
494.81,36.42,37.95,35.99,35.95,8379.93,5708.47,6197.27,0.0,0.0
494.91,36.44,37.96,35.98,35.95,8378.97,5706.96,6198.87,0.0,0.0
495.0,36.43,37.95,35.98,35.95,8378.65,5708.09,6199.27,0.0,0.0
495.09,36.44,37.96,35.99,35.95,8378.33,5706.21,6196.87,0.0,0.0
495.22,36.44,37.96,35.99,35.95,8378.01,5706.96,6197.27,0.0,0.0
495.31,36.46,37.96,35.99,35.95,8377.04,5706.21,6197.67,0.0,0.0
495.41,36.47,37.96,35.99,35.95,8376.08,5706.96,6196.47,0.0,0.0
495.49,36.44,37.97,36.0,35.95,8377.69,5705.46,6195.67,0.0,0.0
495.64,36.46,37.96,36.0,35.95,8377.36,5705.84,6194.48,0.0,0.0
495.72,36.47,37.96,36.01,35.95,8376.4,5706.59,6192.48,0.0,0.0
495.81,36.47,37.96,36.02,35.95,8375.44,5706.59,6190.08,0.0,0.0
495.93,36.47,37.97,36.02,35.96,8376.08,5705.46,6190.08,0.0,0.0
495.99,36.47,37.96,36.01,35.96,8376.08,5706.21,6191.28,0.0,0.0
496.1,36.49,37.96,36.01,35.96,8374.15,5706.96,6191.68,0.0,0.0
496.19,36.47,37.96,36.01,35.96,8375.44,5705.84,6191.28,0.0,0.0
496.3,36.47,37.96,36.02,35.96,8375.76,5706.59,6188.88,0.0,0.0
496.4,36.47,37.96,36.02,35.96,8376.08,5705.84,6190.08,0.0,0.0
496.5,36.49,37.96,36.02,35.96,8374.15,5705.84,6188.88,0.0,0.0
496.6,36.48,37.96,36.02,35.96,8374.79,5705.84,6188.08,0.0,0.0
496.75,36.48,37.96,36.02,35.96,8374.47,5706.59,6188.08,0.0,0.0
496.84,36.47,37.96,36.02,35.96,8375.44,5706.96,6188.88,0.0,0.0
496.91,36.49,37.96,36.04,35.96,8373.19,5705.84,6185.29,0.0,0.0
497.01,36.51,37.96,36.02,35.97,8373.83,5705.84,6188.48,0.0,0.0
497.1,36.47,37.97,36.04,35.97,8376.08,5705.08,6184.49,0.0,0.0
497.21,36.48,37.97,36.03,35.97,8374.79,5705.46,6186.89,0.0,0.0
497.3,36.49,37.96,36.04,35.97,8374.15,5706.59,6185.29,0.0,0.0
497.41,36.47,37.97,36.05,35.97,8376.08,5705.08,6180.9,0.0,0.0
497.51,36.51,37.97,36.04,35.97,8372.23,5705.46,6184.49,0.0,0.0
497.59,36.49,37.97,36.06,35.97,8374.15,5705.08,6180.1,0.0,0.0
497.74,36.52,37.97,36.05,35.97,8371.26,5705.08,6181.7,0.0,0.0
497.8,36.51,37.97,36.05,35.97,8371.58,5705.46,6182.1,0.0,0.0
497.9,36.49,37.97,36.06,35.97,8373.51,5705.08,6178.9,0.0,0.0
498.01,36.51,37.97,36.06,35.97,8372.87,5704.71,6179.3,0.0,0.0
498.11,36.49,37.97,36.06,35.97,8373.19,5705.08,6179.3,0.0,0.0
498.2,36.49,37.97,36.07,35.98,8373.19,5705.08,6176.91,0.0,0.0
498.4,36.51,37.97,36.06,35.98,8372.23,5704.71,6178.9,0.0,0.0
498.45,36.51,37.97,36.06,35.98,8372.87,5705.08,6178.51,0.0,0.0
498.5,36.53,37.97,36.07,35.98,8370.62,5704.71,6176.91,0.0,0.0
498.6,36.53,37.97,36.07,35.98,8370.62,5704.71,6177.31,0.0,0.0
498.79,36.49,37.97,36.07,35.98,8373.19,5704.71,6176.11,0.0,0.0
498.81,36.5,37.97,36.07,35.98,8371.91,5705.46,6176.11,0.0,0.0
498.9,36.51,37.97,36.07,35.98,8372.87,5704.33,6176.11,0.0,0.0
499.03,36.49,37.97,36.07,35.98,8373.19,5704.71,6175.71,0.0,0.0
499.1,36.5,37.97,36.07,35.98,8372.55,5704.71,6176.51,0.0,0.0
499.21,36.5,37.97,36.07,35.98,8372.55,5704.71,6175.71,0.0,0.0
499.34,36.49,37.97,36.07,35.98,8373.51,5704.33,6175.71,0.0,0.0
499.42,36.5,37.97,36.07,35.99,8371.91,5704.71,6175.32,0.0,0.0
499.5,36.51,37.97,36.07,35.99,8372.87,5704.33,6175.71,0.0,0.0
499.6,36.54,37.97,36.07,35.99,8370.94,5703.96,6175.71,0.0,0.0
499.72,36.53,37.97,36.07,35.99,8370.62,5703.96,6175.71,0.0,0.0
499.8,36.5,37.98,36.07,35.99,8371.91,5702.83,6175.32,0.0,0.0
499.92,36.51,37.97,36.07,35.99,8372.87,5703.58,6175.32,0.0,0.0
500.0,36.52,37.97,36.07,35.99,8370.3,5703.58,6175.71,0.0,0.0
500.11,36.5,37.97,36.07,35.99,8371.91,5703.96,6175.71,0.0,0.0
500.24,36.5,37.97,36.07,35.99,8372.55,5703.58,6175.71,0.0,0.0
500.32,36.53,37.97,36.07,35.99,8370.62,5703.58,6175.71,0.0,0.0
500.41,36.5,37.98,36.07,35.99,8371.91,5702.45,6175.32,0.0,0.0
500.53,36.5,37.98,36.07,35.99,8372.55,5702.83,6175.32,0.0,0.0
500.6,36.53,37.97,36.07,35.99,8369.98,5703.21,6175.32,0.0,0.0
500.71,36.5,37.98,36.08,36.0,8372.55,5702.45,6173.72,0.0,0.0
500.84,36.5,37.98,36.08,36.0,8371.91,5702.08,6174.92,0.0,0.0
500.92,36.5,37.98,36.08,36.0,8372.55,5701.33,6173.72,0.0,0.0
501.0,36.5,37.98,36.08,36.0,8372.55,5700.95,6173.32,0.0,0.0
501.11,36.5,37.98,36.08,36.0,8371.91,5701.33,6174.92,0.0,0.0
501.21,36.54,37.99,36.07,36.0,8370.94,5700.58,6175.32,0.0,0.0
501.31,36.52,38.0,36.07,36.0,8371.26,5698.33,6175.32,0.0,0.0
501.4,36.54,38.0,36.08,36.0,8370.94,5696.45,6174.52,0.0,0.0
501.52,36.49,38.01,36.08,36.0,8374.15,5695.7,6174.52,0.0,0.0
501.62,36.5,38.0,36.08,36.0,8371.91,5696.82,6174.12,0.0,0.0
501.7,36.52,38.01,36.08,36.0,8371.26,5693.82,6174.52,0.0,0.0
501.87,36.54,38.01,36.07,36.0,8370.94,5695.32,6175.32,0.0,0.0
501.9,36.53,38.02,36.08,36.0,8369.98,5693.07,6174.12,0.0,0.0
502.02,36.51,38.02,36.08,36.01,8371.58,5691.95,6173.72,0.0,0.0
502.1,36.49,38.02,36.08,36.01,8373.19,5691.95,6174.52,0.0,0.0
502.23,36.52,38.01,36.08,36.01,8371.26,5695.7,6174.12,0.0,0.0
502.36,36.52,38.01,36.08,36.01,8370.3,5693.82,6174.52,0.0,0.0
502.47,36.51,38.01,36.08,36.01,8372.87,5694.57,6174.92,0.0,0.0
502.55,36.5,38.01,36.08,36.01,8371.91,5694.2,6174.12,0.0,0.0
502.6,36.52,38.01,36.08,36.01,8371.26,5695.32,6173.72,0.0,0.0
502.73,36.53,38.02,36.08,36.01,8370.62,5693.45,6172.92,0.0,0.0
502.85,36.5,38.01,36.08,36.01,8371.91,5695.7,6173.32,0.0,0.0
502.92,36.53,38.01,36.08,36.01,8370.62,5694.2,6174.92,0.0,0.0
503.02,36.52,38.01,36.08,36.01,8371.26,5694.57,6173.32,0.0,0.0
503.12,36.5,38.03,36.07,36.01,8371.91,5691.2,6175.32,0.0,0.0
503.22,36.54,38.0,36.08,36.02,8370.94,5697.2,6174.52,0.0,0.0
503.31,36.54,38.0,36.08,36.02,8369.66,5696.07,6174.12,0.0,0.0
503.42,36.52,38.02,36.08,36.02,8371.26,5693.45,6173.72,0.0,0.0
503.52,36.53,38.01,36.08,36.02,8369.98,5695.7,6174.92,0.0,0.0
503.67,36.54,38.01,36.07,36.02,8369.34,5694.95,6175.71,0.0,0.0
503.7,36.51,38.02,36.08,36.02,8371.58,5693.45,6174.12,0.0,0.0
503.82,36.51,38.01,36.08,36.02,8372.23,5693.82,6173.72,0.0,0.0
503.91,36.52,38.01,36.08,36.02,8371.26,5695.7,6174.12,0.0,0.0
504.0,36.58,38.0,36.08,36.02,8366.45,5696.07,6173.32,0.0,0.0
504.11,36.54,38.01,36.08,36.02,8369.34,5695.7,6173.72,0.0,0.0
504.2,36.52,38.0,36.09,36.02,8370.3,5696.45,6172.13,0.0,0.0
504.31,36.53,38.01,36.08,36.02,8369.98,5695.7,6172.92,0.0,0.0
504.42,36.51,38.01,36.08,36.03,8371.58,5695.7,6172.53,0.0,0.0
504.52,36.53,38.0,36.08,36.03,8370.62,5696.07,6173.72,0.0,0.0
504.62,36.54,38.0,36.08,36.03,8369.66,5696.07,6172.53,0.0,0.0
504.72,36.54,38.0,36.09,36.03,8370.94,5697.57,6172.13,0.0,0.0
504.84,36.54,38.0,36.08,36.03,8369.66,5697.57,6172.53,0.0,0.0
504.98,36.55,38.0,36.08,36.03,8368.05,5696.82,6172.92,0.0,0.0
505.07,36.52,38.0,36.08,36.03,8370.3,5696.07,6172.53,0.0,0.0
505.13,36.54,38.0,36.08,36.03,8370.94,5696.45,6173.32,0.0,0.0
505.22,36.55,38.0,36.08,36.03,8368.05,5697.57,6172.53,0.0,0.0
505.36,36.57,38.0,36.08,36.03,8367.09,5696.45,6173.32,0.0,0.0
505.43,36.55,38.0,36.08,36.03,8368.37,5696.07,6173.32,0.0,0.0
505.52,36.53,38.01,36.09,36.03,8369.98,5694.57,6171.73,0.0,0.0
505.66,36.54,38.0,36.08,36.03,8368.7,5696.07,6173.32,0.0,0.0
505.7,36.54,38.01,36.08,36.04,8369.34,5694.2,6172.53,0.0,0.0
505.89,36.53,38.02,36.08,36.04,8370.62,5692.7,6173.72,0.0,0.0
505.95,36.55,38.01,36.08,36.04,8368.05,5694.95,6173.32,0.0,0.0
506.02,36.54,38.01,36.09,36.04,8369.34,5694.57,6171.33,0.0,0.0
506.12,36.54,38.03,36.09,36.04,8369.66,5690.82,6171.33,0.0,0.0
506.29,36.54,38.01,36.09,36.04,8369.02,5693.82,6170.53,0.0,0.0
506.37,36.55,38.01,36.09,36.04,8368.37,5693.82,6172.13,0.0,0.0
506.42,36.56,38.03,36.09,36.04,8367.41,5688.95,6170.93,0.0,0.0
506.51,36.56,38.03,36.1,36.04,8367.41,5690.82,6167.74,0.0,0.0
506.62,36.53,38.03,36.1,36.04,8370.62,5691.2,6168.54,0.0,0.0
506.79,36.55,38.03,36.09,36.04,8368.05,5691.2,6171.33,0.0,0.0
506.88,36.58,38.03,36.1,36.04,8366.45,5689.32,6168.14,0.0,0.0
506.96,36.54,38.04,36.1,36.04,8369.02,5688.2,6168.54,0.0,0.0
507.06,36.58,38.03,36.1,36.04,8365.81,5688.95,6169.34,0.0,0.0
507.14,36.59,38.03,36.11,36.05,8365.48,5691.2,6166.55,0.0,0.0
507.29,36.56,38.03,36.1,36.05,8367.41,5690.07,6169.34,0.0,0.0
507.32,36.59,38.03,36.11,36.05,8363.88,5688.95,6166.55,0.0,0.0
507.48,36.58,38.03,36.11,36.05,8365.81,5689.32,6166.55,0.0,0.0
507.57,36.58,38.04,36.11,36.05,8365.81,5686.7,6166.95,0.0,0.0
507.63,36.61,38.04,36.11,36.05,8363.24,5686.7,6166.95,0.0,0.0
507.73,36.59,38.03,36.11,36.05,8364.52,5690.07,6164.96,0.0,0.0
507.82,36.57,38.04,36.11,36.05,8366.77,5688.57,6166.15,0.0,0.0
507.98,36.59,38.04,36.11,36.05,8364.52,5686.7,6166.15,0.0,0.0
508.02,36.6,38.04,36.11,36.05,8364.84,5687.07,6165.35,0.0,0.0
508.11,36.59,38.05,36.1,36.05,8363.88,5686.32,6167.35,0.0,0.0
508.22,36.59,38.05,36.1,36.05,8365.48,5685.95,6167.35,0.0,0.0
508.34,36.59,38.06,36.12,36.05,8364.52,5684.07,6163.76,0.0,0.0
508.42,36.62,38.06,36.12,36.05,8361.63,5684.07,6163.36,0.0,0.0
508.55,36.62,38.06,36.11,36.06,8361.63,5683.7,6164.96,0.0,0.0
508.61,36.6,38.06,36.12,36.06,8364.84,5683.7,6162.57,0.0,0.0
508.73,36.61,38.06,36.12,36.06,8363.56,5682.95,6162.57,0.0,0.0
508.82,36.61,38.06,36.14,36.06,8362.6,5683.7,6159.38,0.0,0.0
508.92,36.61,38.05,36.13,36.06,8363.56,5684.45,6161.77,0.0,0.0
509.01,36.62,38.06,36.14,36.06,8361.95,5682.58,6159.38,0.0,0.0
509.13,36.6,38.06,36.13,36.06,8362.91,5682.95,6160.58,0.0,0.0
509.21,36.59,38.06,36.14,36.06,8364.52,5682.58,6158.19,0.0,0.0
509.44,36.58,38.06,36.14,36.06,8365.81,5683.32,6157.39,0.0,0.0
509.52,36.6,38.06,36.16,36.06,8364.2,5682.95,6154.21,0.0,0.0
509.53,36.59,38.07,36.15,36.06,8363.88,5681.83,6156.6,0.0,0.0
509.65,36.59,38.06,36.16,36.06,8364.52,5682.2,6153.82,0.0,0.0
509.74,36.59,38.07,36.15,36.07,8365.16,5681.83,6155.8,0.0,0.0
509.84,36.6,38.06,36.15,36.07,8364.84,5683.7,6155.01,0.0,0.0
509.95,36.59,38.07,36.16,36.07,8364.52,5681.08,6152.62,0.0,0.0
510.02,36.61,38.07,36.15,36.07,8363.24,5681.45,6155.8,0.0,0.0
510.13,36.61,38.07,36.16,36.07,8362.6,5680.7,6153.42,0.0,0.0
510.25,36.61,38.07,36.16,36.07,8363.24,5681.08,6152.62,0.0,0.0
510.36,36.59,38.07,36.17,36.07,8364.52,5680.7,6150.24,0.0,0.0
510.45,36.58,38.07,36.17,36.07,8366.45,5681.83,6151.03,0.0,0.0
510.55,36.61,38.07,36.16,36.07,8363.24,5681.45,6152.22,0.0,0.0
510.65,36.6,38.07,36.17,36.07,8362.91,5680.7,6150.63,0.0,0.0
510.73,36.6,38.07,36.17,36.07,8364.2,5681.08,6150.63,0.0,0.0
510.83,36.61,38.07,36.17,36.07,8363.56,5680.7,6150.24,0.0,0.0
510.94,36.6,38.07,36.17,36.07,8364.2,5680.33,6150.24,0.0,0.0
511.02,36.59,38.07,36.17,36.08,8363.88,5681.08,6150.24,0.0,0.0
511.13,36.6,38.07,36.17,36.08,8364.2,5680.33,6150.24,0.0,0.0
511.25,36.61,38.07,36.17,36.08,8363.56,5680.7,6150.24,0.0,0.0
511.4,36.62,38.07,36.17,36.08,8361.95,5680.7,6150.24,0.0,0.0
511.43,36.59,38.07,36.17,36.08,8363.88,5680.33,6149.84,0.0,0.0
511.54,36.6,38.07,36.17,36.08,8364.2,5680.7,6149.84,0.0,0.0
511.65,36.62,38.07,36.17,36.08,8361.63,5680.7,6150.24,0.0,0.0
511.73,36.59,38.07,36.17,36.08,8363.88,5679.58,6149.84,0.0,0.0
511.84,36.61,38.07,36.17,36.08,8363.24,5681.08,6150.24,0.0,0.0
511.95,36.61,38.07,36.17,36.08,8362.6,5680.33,6149.84,0.0,0.0
512.11,36.59,38.07,36.17,36.08,8364.52,5679.95,6150.24,0.0,0.0
512.15,36.6,38.07,36.17,36.08,8362.91,5679.95,6149.84,0.0,0.0
512.26,36.63,38.07,36.17,36.08,8360.67,5679.95,6149.84,0.0,0.0
512.32,36.62,38.08,36.17,36.09,8361.63,5678.08,6150.24,0.0,0.0
512.44,36.63,38.09,36.17,36.09,8360.35,5676.58,6150.24,0.0,0.0
512.54,36.62,38.08,36.17,36.09,8361.31,5678.08,6149.44,0.0,0.0
512.62,36.64,38.09,36.17,36.09,8360.03,5676.58,6149.84,0.0,0.0
512.74,36.62,38.09,36.17,36.09,8361.95,5676.21,6149.84,0.0,0.0
512.84,36.63,38.09,36.18,36.09,8360.99,5675.46,6149.05,0.0,0.0
512.99,36.64,38.09,36.17,36.09,8359.39,5675.09,6149.44,0.0,0.0
513.04,36.63,38.1,36.17,36.09,8360.35,5673.59,6149.44,0.0,0.0
513.14,36.67,38.1,36.17,36.09,8358.1,5673.59,6149.84,0.0,0.0
513.21,36.63,38.1,36.17,36.09,8360.67,5673.59,6149.84,0.0,0.0
513.31,36.63,38.11,36.17,36.09,8360.67,5670.97,6150.24,0.0,0.0
513.42,36.63,38.12,36.17,36.09,8360.35,5669.85,6149.84,0.0,0.0
513.56,36.66,38.12,36.17,36.09,8358.74,5669.85,6149.84,0.0,0.0
513.67,36.63,38.12,36.17,36.1,8360.67,5667.98,6150.24,0.0,0.0
513.72,36.67,38.12,36.17,36.1,8359.07,5668.35,6150.24,0.0,0.0
513.84,36.67,38.12,36.17,36.1,8359.07,5669.1,6149.84,0.0,0.0
513.93,36.67,38.12,36.17,36.1,8357.46,5669.85,6150.24,0.0,0.0
514.05,36.67,38.12,36.17,36.1,8357.14,5668.73,6149.84,0.0,0.0
514.14,36.66,38.12,36.17,36.1,8358.42,5669.47,6149.84,0.0,0.0
514.24,36.66,38.13,36.17,36.1,8358.74,5667.23,6149.84,0.0,0.0
514.31,36.67,38.13,36.17,36.1,8357.14,5667.6,6150.24,0.0,0.0
514.45,36.66,38.12,36.17,36.1,8357.78,5668.35,6149.84,0.0,0.0
514.55,36.68,38.13,36.18,36.1,8356.5,5665.74,6149.05,0.0,0.0
514.65,36.67,38.12,36.17,36.1,8358.1,5667.98,6149.44,0.0,0.0
514.79,36.7,38.13,36.17,36.1,8354.57,5666.86,6150.24,0.0,0.0
514.82,36.67,38.13,36.17,36.11,8357.46,5665.36,6149.84,0.0,0.0
514.96,36.68,38.14,36.18,36.11,8356.5,5664.99,6149.05,0.0,0.0
515.07,36.67,38.13,36.18,36.11,8357.14,5665.74,6147.85,0.0,0.0
515.11,36.7,38.14,36.17,36.11,8355.21,5664.99,6149.84,0.0,0.0
515.25,36.67,38.14,36.17,36.11,8356.82,5663.12,6149.84,0.0,0.0
515.36,36.68,38.14,36.18,36.11,8356.5,5664.99,6148.65,0.0,0.0
515.43,36.69,38.14,36.18,36.11,8355.86,5664.99,6148.65,0.0,0.0
515.52,36.68,38.14,36.18,36.11,8356.5,5663.87,6147.06,0.0,0.0
515.64,36.68,38.14,36.19,36.11,8356.5,5663.12,6145.87,0.0,0.0
515.75,36.69,38.14,36.19,36.11,8355.86,5663.49,6146.26,0.0,0.0
515.85,36.69,38.14,36.18,36.11,8355.53,5664.61,6147.06,0.0,0.0
515.95,36.67,38.15,36.19,36.11,8357.14,5662.0,6145.47,0.0,0.0
516.03,36.68,38.15,36.19,36.12,8356.5,5662.0,6145.47,0.0,0.0
516.13,36.7,38.14,36.19,36.12,8356.18,5663.12,6144.28,0.0,0.0
516.24,36.69,38.14,36.19,36.12,8355.53,5664.61,6144.28,0.0,0.0
516.35,36.69,38.14,36.19,36.12,8355.86,5663.87,6145.87,0.0,0.0
516.41,36.69,38.14,36.2,36.12,8355.53,5663.49,6142.69,0.0,0.0
516.52,36.71,38.14,36.21,36.12,8354.89,5663.87,6141.1,0.0,0.0
516.65,36.69,38.14,36.2,36.12,8355.86,5664.61,6141.9,0.0,0.0
516.73,36.7,38.14,36.2,36.12,8354.57,5664.61,6143.09,0.0,0.0
516.82,36.7,38.14,36.2,36.12,8355.21,5663.87,6142.29,0.0,0.0
516.94,36.7,38.15,36.2,36.12,8355.21,5662.37,6141.5,0.0,0.0
517.06,36.7,38.14,36.2,36.12,8355.21,5663.12,6141.5,0.0,0.0
517.16,36.72,38.13,36.21,36.13,8352.32,5666.11,6140.7,0.0,0.0
517.24,36.69,38.14,36.2,36.13,8355.86,5664.24,6141.5,0.0,0.0
517.35,36.7,38.15,36.21,36.13,8354.25,5662.75,6139.91,0.0,0.0
517.44,36.71,38.13,36.2,36.13,8354.89,5666.48,6141.9,0.0,0.0
517.55,36.71,38.14,36.2,36.13,8353.29,5663.87,6141.9,0.0,0.0
517.65,36.71,38.14,36.19,36.13,8354.89,5663.49,6144.68,0.0,0.0
517.75,36.69,38.14,36.2,36.13,8355.86,5664.99,6143.09,0.0,0.0
517.86,36.69,38.15,36.2,36.13,8355.53,5662.37,6141.5,0.0,0.0
517.96,36.69,38.14,36.2,36.13,8355.53,5663.49,6143.09,0.0,0.0
518.05,36.72,38.14,36.21,36.13,8352.64,5664.99,6139.91,0.0,0.0
518.15,36.71,38.15,36.2,36.13,8353.93,5662.75,6143.88,0.0,0.0
518.25,36.71,38.14,36.2,36.13,8352.97,5663.87,6143.48,0.0,0.0
518.32,36.74,38.15,36.2,36.14,8351.36,5662.75,6142.29,0.0,0.0
518.42,36.71,38.14,36.2,36.14,8352.97,5664.24,6143.88,0.0,0.0
518.56,36.71,38.15,36.2,36.14,8353.29,5660.88,6143.48,0.0,0.0
518.67,36.72,38.15,36.2,36.14,8352.32,5662.37,6143.88,0.0,0.0
518.77,36.74,38.15,36.19,36.14,8351.04,5662.75,6145.47,0.0,0.0
518.85,36.72,38.15,36.19,36.14,8352.0,5662.0,6145.87,0.0,0.0
518.95,36.72,38.13,36.18,36.14,8352.0,5666.48,6148.25,0.0,0.0
519.01,36.73,38.14,36.19,36.14,8351.68,5663.49,6146.26,0.0,0.0
519.12,36.71,38.15,36.18,36.14,8352.97,5662.75,6148.25,0.0,0.0
519.25,36.73,38.14,36.18,36.14,8351.68,5664.61,6147.46,0.0,0.0
519.36,36.72,38.14,36.18,36.14,8352.32,5663.12,6148.25,0.0,0.0
519.42,36.72,38.14,36.17,36.14,8352.64,5664.24,6149.84,0.0,0.0
519.53,36.72,38.13,36.18,36.14,8352.0,5667.23,6148.65,0.0,0.0
519.66,36.71,38.13,36.17,36.15,8352.97,5666.48,6149.44,0.0,0.0
519.75,36.72,38.14,36.18,36.15,8352.0,5664.61,6149.05,0.0,0.0
519.83,36.74,38.13,36.17,36.15,8351.04,5667.6,6149.84,0.0,0.0
519.94,36.72,38.14,36.17,36.15,8352.32,5664.99,6149.44,0.0,0.0
520.07,36.71,38.14,36.17,36.15,8353.29,5664.99,6149.84,0.0,0.0
520.15,36.72,38.13,36.18,36.15,8352.32,5665.74,6149.05,0.0,0.0
520.25,36.72,38.13,36.17,36.15,8352.0,5666.11,6149.84,0.0,0.0
520.36,36.71,38.13,36.17,36.15,8353.61,5666.48,6150.24,0.0,0.0
520.45,36.74,38.12,36.17,36.15,8350.4,5669.85,6149.44,0.0,0.0
520.53,36.73,38.13,36.17,36.15,8351.68,5666.48,6150.63,0.0,0.0
520.63,36.73,38.12,36.17,36.15,8351.68,5668.73,6151.43,0.0,0.0
520.76,36.72,38.12,36.17,36.15,8352.32,5668.35,6151.43,0.0,0.0
520.87,36.74,38.12,36.17,36.15,8351.36,5669.47,6151.03,0.0,0.0
520.92,36.71,38.11,36.16,36.16,8353.61,5670.22,6153.42,0.0,0.0
521.04,36.73,38.1,36.16,36.16,8351.68,5672.47,6153.02,0.0,0.0
521.19,36.69,38.11,36.16,36.16,8355.86,5672.09,6153.02,0.0,0.0
521.22,36.72,38.1,36.16,36.16,8352.32,5672.47,6153.42,0.0,0.0
521.33,36.73,38.1,36.16,36.16,8351.68,5673.22,6153.42,0.0,0.0
521.46,36.7,38.11,36.15,36.16,8354.25,5672.09,6156.2,0.0,0.0
521.57,36.7,38.1,36.15,36.16,8355.21,5674.71,6156.6,0.0,0.0
521.65,36.7,38.1,36.15,36.16,8354.57,5674.34,6155.8,0.0,0.0
521.75,36.72,38.08,36.15,36.16,8352.64,5678.46,6156.2,0.0,0.0
521.85,36.7,38.08,36.14,36.16,8354.57,5678.46,6158.19,0.0,0.0
521.93,36.7,38.09,36.13,36.16,8354.57,5676.58,6161.37,0.0,0.0
522.03,36.7,38.08,36.14,36.16,8355.21,5678.46,6158.99,0.0,0.0
522.17,36.71,38.08,36.13,36.16,8354.89,5677.71,6159.78,0.0,0.0
522.27,36.71,38.07,36.13,36.16,8353.93,5679.58,6160.58,0.0,0.0
522.35,36.7,38.07,36.14,36.16,8355.21,5679.58,6158.19,0.0,0.0
522.46,36.71,38.07,36.13,36.16,8354.89,5680.33,6160.18,0.0,0.0
522.52,36.7,38.07,36.12,36.16,8355.21,5680.7,6162.97,0.0,0.0
522.62,36.69,38.07,36.13,36.17,8355.53,5680.7,6160.58,0.0,0.0
522.73,36.7,38.07,36.13,36.17,8354.57,5680.33,6160.18,0.0,0.0
522.86,36.69,38.07,36.12,36.17,8355.53,5680.7,6164.16,0.0,0.0
522.94,36.7,38.07,36.11,36.17,8354.57,5680.7,6166.15,0.0,0.0
523.05,36.67,38.07,36.12,36.17,8356.82,5680.7,6164.16,0.0,0.0
523.13,36.7,38.07,36.11,36.17,8355.21,5680.7,6165.75,0.0,0.0
523.24,36.69,38.07,36.12,36.17,8355.86,5680.33,6162.97,0.0,0.0
523.32,36.7,38.07,36.12,36.17,8356.18,5680.33,6164.56,0.0,0.0
523.42,36.7,38.07,36.12,36.17,8356.18,5680.33,6162.97,0.0,0.0
523.54,36.7,38.07,36.13,36.17,8356.18,5679.95,6161.77,0.0,0.0
523.64,36.69,38.07,36.12,36.17,8355.86,5679.95,6162.17,0.0,0.0
523.75,36.67,38.07,36.12,36.17,8357.14,5680.33,6162.97,0.0,0.0
523.83,36.69,38.07,36.13,36.17,8355.53,5679.58,6159.78,0.0,0.0
523.96,36.67,38.07,36.13,36.17,8356.82,5680.33,6160.58,0.0,0.0
524.05,36.66,38.08,36.14,36.17,8357.78,5678.83,6158.59,0.0,0.0
524.13,36.67,38.08,36.14,36.17,8356.82,5678.83,6157.79,0.0,0.0
524.23,36.67,38.08,36.14,36.17,8358.1,5679.2,6158.99,0.0,0.0
524.37,36.67,38.08,36.14,36.17,8357.46,5678.83,6157.0,0.0,0.0
524.49,36.67,38.08,36.14,36.17,8357.46,5679.2,6157.39,0.0,0.0
524.52,36.7,38.07,36.14,36.17,8356.18,5679.95,6157.0,0.0,0.0
524.66,36.67,38.07,36.15,36.17,8357.14,5679.95,6156.6,0.0,0.0
524.74,36.67,38.08,36.15,36.17,8357.14,5678.08,6156.2,0.0,0.0
524.84,36.68,38.08,36.15,36.17,8356.5,5678.46,6155.41,0.0,0.0
524.94,36.67,38.08,36.15,36.17,8357.46,5678.46,6155.41,0.0,0.0
525.04,36.64,38.07,36.15,36.17,8360.03,5679.58,6156.2,0.0,0.0
525.16,36.68,38.08,36.15,36.17,8356.5,5678.46,6154.61,0.0,0.0
525.22,36.66,38.08,36.14,36.18,8358.42,5679.2,6157.39,0.0,0.0
525.36,36.66,38.08,36.16,36.18,8357.78,5679.2,6153.42,0.0,0.0
525.47,36.67,38.07,36.16,36.18,8357.46,5679.58,6153.42,0.0,0.0
525.53,36.66,38.08,36.15,36.18,8359.71,5679.2,6155.01,0.0,0.0
525.66,36.67,38.08,36.15,36.18,8357.14,5678.08,6155.01,0.0,0.0
525.77,36.67,38.09,36.16,36.18,8357.14,5676.96,6153.82,0.0,0.0
525.86,36.66,38.08,36.14,36.18,8358.42,5677.71,6157.39,0.0,0.0
525.95,36.67,38.08,36.16,36.18,8357.46,5678.46,6153.42,0.0,0.0
526.06,36.66,38.08,36.15,36.18,8358.42,5678.08,6155.41,0.0,0.0
526.16,36.67,38.08,36.15,36.18,8356.82,5677.71,6155.41,0.0,0.0
526.23,36.67,38.08,36.16,36.18,8356.82,5678.08,6154.21,0.0,0.0
526.36,36.66,38.09,36.14,36.18,8357.78,5676.58,6157.0,0.0,0.0
526.46,36.67,38.08,36.16,36.18,8357.14,5678.46,6153.42,0.0,0.0
526.56,36.67,38.08,36.15,36.18,8357.14,5678.83,6155.8,0.0,0.0
526.64,36.67,38.08,36.15,36.18,8356.82,5677.71,6156.6,0.0,0.0
526.75,36.69,38.08,36.16,36.18,8355.86,5678.08,6153.82,0.0,0.0
526.88,36.7,38.08,36.15,36.18,8356.18,5678.83,6156.2,0.0,0.0
526.92,36.68,38.08,36.15,36.18,8356.5,5678.08,6155.41,0.0,0.0
527.04,36.7,38.08,36.15,36.18,8356.18,5677.33,6156.2,0.0,0.0
527.17,36.67,38.08,36.16,36.18,8356.82,5678.08,6153.82,0.0,0.0
527.25,36.7,38.08,36.15,36.18,8356.18,5678.83,6155.8,0.0,0.0
527.32,36.7,38.08,36.14,36.18,8356.18,5677.33,6158.19,0.0,0.0
527.46,36.67,38.08,36.14,36.18,8357.14,5679.2,6157.39,0.0,0.0
527.56,36.67,38.08,36.15,36.18,8358.1,5679.2,6154.61,0.0,0.0
527.63,36.68,38.07,36.15,36.18,8356.5,5679.58,6155.41,0.0,0.0
527.73,36.67,38.07,36.15,36.18,8356.82,5679.58,6156.6,0.0,0.0
527.87,36.69,38.08,36.15,36.18,8355.86,5679.2,6155.01,0.0,0.0
527.97,36.69,38.07,36.15,36.19,8355.86,5680.33,6155.01,0.0,0.0
528.04,36.69,38.08,36.14,36.19,8355.53,5679.2,6158.19,0.0,0.0
528.16,36.67,38.08,36.14,36.19,8357.14,5679.2,6157.79,0.0,0.0
528.25,36.7,38.07,36.14,36.19,8356.18,5679.95,6157.39,0.0,0.0
528.33,36.7,38.07,36.15,36.19,8356.18,5680.33,6155.8,0.0,0.0
528.44,36.69,38.07,36.14,36.19,8355.53,5680.33,6159.38,0.0,0.0
528.57,36.67,38.07,36.13,36.19,8357.14,5679.58,6159.78,0.0,0.0
528.67,36.67,38.07,36.12,36.19,8357.14,5679.95,6162.57,0.0,0.0
528.76,36.68,38.07,36.13,36.19,8356.5,5681.08,6160.58,0.0,0.0
528.86,36.7,38.07,36.13,36.19,8356.18,5680.7,6161.37,0.0,0.0
528.95,36.7,38.07,36.13,36.19,8355.21,5681.08,6160.18,0.0,0.0
529.06,36.69,38.07,36.13,36.19,8355.53,5680.33,6160.58,0.0,0.0
529.16,36.69,38.07,36.13,36.19,8355.86,5681.08,6160.58,0.0,0.0
529.27,36.7,38.07,36.13,36.19,8355.21,5680.33,6161.77,0.0,0.0
529.35,36.71,38.07,36.13,36.19,8353.93,5681.08,6160.98,0.0,0.0
529.46,36.71,38.07,36.13,36.19,8354.89,5681.08,6160.58,0.0,0.0
529.52,36.7,38.07,36.14,36.19,8354.57,5681.08,6158.99,0.0,0.0
529.65,36.71,38.07,36.15,36.19,8354.89,5680.33,6156.2,0.0,0.0
529.76,36.7,38.07,36.14,36.19,8354.57,5680.7,6158.19,0.0,0.0
529.87,36.71,38.07,36.13,36.19,8353.29,5681.08,6160.98,0.0,0.0
529.95,36.71,38.07,36.15,36.19,8353.93,5680.7,6156.2,0.0,0.0
530.08,36.71,38.07,36.13,36.19,8353.29,5680.33,6159.78,0.0,0.0
530.17,36.71,38.07,36.14,36.19,8354.89,5681.08,6157.0,0.0,0.0
530.26,36.72,38.07,36.15,36.19,8352.64,5680.33,6155.01,0.0,0.0
530.35,36.71,38.07,36.15,36.19,8353.29,5681.08,6155.41,0.0,0.0
530.43,36.7,38.07,36.14,36.19,8354.57,5680.33,6158.19,0.0,0.0
530.54,36.71,38.07,36.14,36.19,8353.61,5680.33,6157.0,0.0,0.0
530.65,36.72,38.07,36.15,36.19,8352.0,5679.95,6156.2,0.0,0.0
530.78,36.7,38.08,36.14,36.19,8355.21,5678.83,6157.0,0.0,0.0
530.87,36.73,38.08,36.15,36.19,8351.68,5678.83,6155.8,0.0,0.0
530.96,36.72,38.07,36.15,36.19,8352.64,5679.95,6156.2,0.0,0.0
531.07,36.71,38.08,36.15,36.19,8353.61,5678.46,6155.41,0.0,0.0
531.21,36.71,38.08,36.15,36.19,8353.61,5678.46,6156.6,0.0,0.0
531.25,36.71,38.07,36.14,36.19,8352.97,5679.58,6157.0,0.0,0.0
531.35,36.73,38.08,36.15,36.2,8351.68,5678.08,6156.2,0.0,0.0
531.45,36.73,38.09,36.16,36.2,8351.68,5676.21,6152.62,0.0,0.0
531.58,36.72,38.09,36.16,36.2,8352.32,5676.96,6153.82,0.0,0.0
531.67,36.72,38.08,36.15,36.2,8352.64,5677.33,6156.2,0.0,0.0
531.78,36.74,38.1,36.16,36.2,8351.04,5674.71,6153.42,0.0,0.0
531.88,36.76,38.1,36.16,36.2,8349.76,5673.59,6153.02,0.0,0.0
531.96,36.73,38.1,36.15,36.2,8351.68,5673.22,6156.6,0.0,0.0
532.07,36.74,38.12,36.15,36.2,8350.72,5668.73,6156.2,0.0,0.0
532.15,36.76,38.13,36.15,36.2,8349.43,5666.86,6154.61,0.0,0.0
532.25,36.74,38.12,36.15,36.2,8350.72,5669.85,6154.61,0.0,0.0
532.36,36.77,38.12,36.16,36.2,8347.51,5669.1,6154.21,0.0,0.0
532.45,36.77,38.12,36.16,36.2,8347.51,5667.98,6153.82,0.0,0.0
532.54,36.79,38.13,36.16,36.2,8347.19,5666.48,6152.22,0.0,0.0
532.65,36.8,38.14,36.17,36.2,8345.91,5664.24,6151.43,0.0,0.0
532.77,36.8,38.14,36.16,36.2,8345.91,5664.99,6153.02,0.0,0.0
532.88,36.78,38.13,36.17,36.2,8347.83,5665.36,6150.24,0.0,0.0
532.95,36.8,38.15,36.17,36.2,8345.26,5662.37,6150.63,0.0,0.0
533.06,36.79,38.14,36.17,36.2,8347.19,5663.12,6151.43,0.0,0.0
533.15,36.82,38.15,36.17,36.2,8343.66,5662.0,6149.84,0.0,0.0
533.3,36.82,38.14,36.17,36.2,8344.62,5663.12,6150.24,0.0,0.0
533.34,36.82,38.14,36.17,36.2,8344.62,5663.49,6150.24,0.0,0.0
533.47,36.8,38.16,36.17,36.2,8345.91,5660.13,6150.63,0.0,0.0
533.58,36.85,38.15,36.17,36.2,8341.73,5661.25,6150.24,0.0,0.0
533.66,36.82,38.14,36.17,36.2,8344.3,5663.87,6151.03,0.0,0.0
533.78,36.85,38.15,36.17,36.2,8341.73,5660.88,6149.84,0.0,0.0
533.87,36.83,38.15,36.17,36.2,8343.34,5662.37,6149.84,0.0,0.0
533.95,36.84,38.15,36.17,36.2,8341.41,5661.62,6150.24,0.0,0.0
534.06,36.85,38.15,36.17,36.21,8342.05,5662.75,6149.84,0.0,0.0
534.16,36.85,38.14,36.17,36.21,8340.77,5663.12,6150.24,0.0,0.0
534.22,36.86,38.15,36.17,36.21,8339.81,5661.25,6150.24,0.0,0.0
534.35,36.83,38.15,36.17,36.21,8343.34,5662.75,6150.24,0.0,0.0
534.47,36.85,38.14,36.17,36.21,8341.73,5663.49,6150.24,0.0,0.0
534.57,36.83,38.15,36.17,36.21,8342.37,5661.25,6151.03,0.0,0.0
534.65,36.84,38.14,36.17,36.21,8341.09,5663.87,6151.43,0.0,0.0
534.76,36.86,38.14,36.17,36.21,8340.13,5664.24,6150.24,0.0,0.0
534.89,36.82,38.14,36.17,36.21,8343.98,5663.49,6150.63,0.0,0.0
534.97,36.85,38.14,36.17,36.21,8340.77,5664.61,6151.03,0.0,0.0
535.05,36.85,38.14,36.17,36.21,8342.05,5664.24,6151.03,0.0,0.0
535.18,36.84,38.14,36.16,36.21,8341.41,5663.87,6151.83,0.0,0.0
535.29,36.85,38.14,36.16,36.21,8340.77,5664.61,6151.83,0.0,0.0
535.35,36.86,38.13,36.17,36.21,8339.49,5666.11,6150.63,0.0,0.0
535.47,36.85,38.13,36.17,36.21,8340.77,5666.11,6150.63,0.0,0.0
535.57,36.85,38.14,36.17,36.21,8340.77,5663.49,6150.24,0.0,0.0
535.64,36.86,38.15,36.16,36.21,8340.13,5662.75,6152.22,0.0,0.0
535.75,36.84,38.14,36.17,36.21,8341.09,5663.49,6151.43,0.0,0.0
535.85,36.84,38.14,36.17,36.21,8341.41,5663.12,6151.03,0.0,0.0
535.99,36.86,38.15,36.17,36.21,8339.49,5662.75,6150.63,0.0,0.0
536.03,36.84,38.14,36.16,36.21,8341.09,5664.24,6151.83,0.0,0.0
536.17,36.82,38.15,36.17,36.22,8343.02,5662.75,6150.63,0.0,0.0
536.28,36.87,38.14,36.16,36.22,8338.84,5663.12,6151.83,0.0,0.0
536.35,36.86,38.14,36.17,36.22,8339.81,5663.49,6151.03,0.0,0.0
536.45,36.86,38.15,36.16,36.22,8340.13,5661.25,6152.22,0.0,0.0
536.6,36.84,38.15,36.17,36.22,8341.41,5661.62,6150.24,0.0,0.0
536.7,36.85,38.16,36.17,36.22,8341.73,5660.13,6150.63,0.0,0.0
536.78,36.87,38.15,36.17,36.22,8338.53,5661.62,6150.24,0.0,0.0
536.87,36.85,38.16,36.17,36.22,8341.73,5660.13,6149.84,0.0,0.0
536.99,36.86,38.15,36.17,36.22,8339.81,5661.25,6149.44,0.0,0.0
537.04,36.86,38.16,36.17,36.22,8340.45,5660.13,6150.24,0.0,0.0
537.18,36.87,38.16,36.17,36.22,8339.17,5660.5,6149.84,0.0,0.0
537.28,36.87,38.16,36.17,36.22,8338.84,5660.13,6149.44,0.0,0.0
537.34,36.88,38.16,36.17,36.22,8338.2,5659.01,6150.24,0.0,0.0
537.46,36.86,38.15,36.17,36.22,8340.13,5661.62,6150.24,0.0,0.0
537.55,36.87,38.16,36.17,36.22,8338.84,5660.13,6150.24,0.0,0.0
537.68,36.87,38.16,36.17,36.22,8338.53,5660.13,6149.84,0.0,0.0
537.75,36.9,38.17,36.18,36.22,8336.92,5658.26,6149.05,0.0,0.0
537.88,36.87,38.16,36.17,36.22,8337.88,5659.38,6150.24,0.0,0.0
537.99,36.87,38.16,36.17,36.22,8337.88,5658.64,6149.44,0.0,0.0
538.06,36.88,38.17,36.18,36.22,8338.2,5657.89,6148.65,0.0,0.0
538.17,36.9,38.17,36.18,36.22,8336.92,5657.52,6147.46,0.0,0.0
538.27,36.9,38.17,36.19,36.22,8336.92,5657.89,6145.87,0.0,0.0
538.35,36.9,38.17,36.18,36.23,8336.92,5657.52,6146.66,0.0,0.0
538.46,36.9,38.17,36.19,36.23,8337.56,5657.14,6145.87,0.0,0.0
538.55,36.91,38.17,36.19,36.23,8336.28,5657.14,6145.07,0.0,0.0
538.67,36.9,38.17,36.2,36.23,8336.92,5657.14,6143.09,0.0,0.0
538.74,36.9,38.17,36.21,36.23,8336.92,5656.77,6140.31,0.0,0.0
538.87,36.9,38.17,36.21,36.23,8336.92,5656.02,6141.1,0.0,0.0
538.99,36.9,38.18,36.21,36.23,8337.24,5655.65,6140.31,0.0,0.0
539.05,36.9,38.17,36.21,36.23,8337.24,5656.4,6140.31,0.0,0.0
539.16,36.91,38.18,36.22,36.23,8335.32,5655.28,6138.72,0.0,0.0
539.27,36.9,38.17,36.22,36.23,8336.6,5656.02,6138.32,0.0,0.0
539.35,36.91,38.18,36.23,36.23,8336.28,5654.16,6134.75,0.0,0.0
539.45,36.91,38.18,36.24,36.23,8335.32,5653.78,6132.37,0.0,0.0
539.59,36.92,38.19,36.24,36.23,8334.67,5652.66,6133.17,0.0,0.0
539.67,36.92,38.19,36.24,36.23,8335.0,5653.41,6131.18,0.0,0.0
539.74,36.91,38.18,36.24,36.23,8335.96,5653.78,6131.58,0.0,0.0
539.88,36.92,38.2,36.25,36.23,8335.0,5651.17,6129.6,0.0,0.0
539.99,36.91,38.19,36.24,36.23,8335.96,5651.92,6132.37,0.0,0.0
540.07,36.92,38.19,36.25,36.23,8335.0,5651.92,6130.79,0.0,0.0
540.16,36.92,38.19,36.26,36.23,8335.0,5652.66,6126.82,0.0,0.0
540.29,36.91,38.2,36.25,36.23,8335.96,5649.31,6129.2,0.0,0.0
540.36,36.91,38.2,36.26,36.24,8335.32,5651.17,6127.22,0.0,0.0
540.47,36.91,38.21,36.26,36.24,8335.32,5647.44,6126.43,0.0,0.0
540.56,36.91,38.21,36.25,36.24,8335.64,5647.81,6128.8,0.0,0.0
540.64,36.92,38.2,36.26,36.24,8334.67,5650.42,6127.22,0.0,0.0
540.75,36.91,38.2,36.26,36.24,8335.32,5648.93,6127.62,0.0,0.0
540.86,36.95,38.21,36.26,36.24,8333.07,5647.07,6127.62,0.0,0.0
540.93,36.92,38.21,36.26,36.24,8335.0,5647.07,6127.62,0.0,0.0
541.05,36.91,38.21,36.26,36.24,8335.64,5648.19,6127.62,0.0,0.0
541.15,36.92,38.2,36.26,36.24,8334.35,5649.68,6127.62,0.0,0.0
541.26,36.92,38.2,36.26,36.24,8335.0,5648.93,6128.01,0.0,0.0
541.37,36.92,38.21,36.26,36.24,8334.03,5646.69,6127.22,0.0,0.0
541.49,36.93,38.2,36.26,36.24,8333.71,5649.68,6126.03,0.0,0.0
541.6,36.92,38.2,36.26,36.24,8334.67,5650.8,6126.82,0.0,0.0
541.64,36.91,38.2,36.26,36.24,8335.32,5650.8,6126.43,0.0,0.0
541.78,36.91,38.2,36.26,36.24,8335.64,5650.42,6126.43,0.0,0.0
541.89,36.92,38.2,36.26,36.24,8334.67,5650.8,6127.62,0.0,0.0
541.96,36.92,38.19,36.26,36.24,8334.35,5653.04,6127.62,0.0,0.0
542.06,36.92,38.19,36.26,36.24,8334.67,5651.92,6126.03,0.0,0.0
542.15,36.92,38.19,36.26,36.25,8334.03,5652.29,6126.43,0.0,0.0
542.28,36.92,38.18,36.26,36.25,8335.0,5655.28,6127.62,0.0,0.0
542.35,36.92,38.18,36.26,36.25,8335.0,5654.53,6127.22,0.0,0.0
542.46,36.92,38.17,36.27,36.25,8334.67,5656.4,6125.63,0.0,0.0
542.55,36.91,38.18,36.25,36.25,8335.32,5654.9,6128.8,0.0,0.0
542.66,36.92,38.18,36.26,36.25,8334.67,5654.9,6128.01,0.0,0.0
542.76,36.92,38.18,36.25,36.25,8335.0,5654.53,6128.8,0.0,0.0
542.87,36.92,38.17,36.25,36.25,8335.0,5656.4,6130.39,0.0,0.0
542.97,36.91,38.17,36.25,36.25,8336.28,5656.4,6129.99,0.0,0.0
543.05,36.91,38.17,36.25,36.25,8335.32,5656.77,6129.6,0.0,0.0
543.16,36.91,38.17,36.25,36.25,8335.64,5656.4,6130.79,0.0,0.0
543.27,36.91,38.17,36.25,36.25,8335.96,5656.4,6130.39,0.0,0.0
543.36,36.91,38.17,36.24,36.25,8335.32,5657.14,6131.98,0.0,0.0
543.44,36.92,38.17,36.25,36.25,8335.0,5657.14,6129.6,0.0,0.0
543.55,36.91,38.17,36.23,36.25,8335.32,5657.14,6134.36,0.0,0.0
543.67,36.91,38.17,36.24,36.25,8336.28,5656.4,6131.98,0.0,0.0
543.76,36.93,38.17,36.24,36.25,8333.71,5657.14,6133.17,0.0,0.0
543.84,36.92,38.17,36.23,36.25,8334.67,5656.77,6135.55,0.0,0.0
543.95,36.91,38.17,36.23,36.25,8335.96,5656.4,6133.96,0.0,0.0
544.09,36.91,38.17,36.22,36.25,8336.28,5656.77,6137.93,0.0,0.0
544.16,36.91,38.17,36.22,36.25,8335.32,5656.77,6136.74,0.0,0.0
544.27,36.92,38.17,36.22,36.26,8335.0,5656.77,6137.93,0.0,0.0
544.37,36.91,38.17,36.22,36.26,8335.64,5656.4,6138.32,0.0,0.0
544.48,36.91,38.17,36.22,36.26,8335.32,5656.4,6137.93,0.0,0.0
544.56,36.91,38.17,36.22,36.26,8335.96,5656.77,6138.32,0.0,0.0
544.67,36.91,38.17,36.22,36.26,8335.96,5656.4,6136.74,0.0,0.0
544.76,36.91,38.18,36.22,36.26,8335.96,5654.16,6137.93,0.0,0.0
544.87,36.91,38.18,36.21,36.26,8335.96,5655.28,6139.12,0.0,0.0
544.95,36.92,38.18,36.23,36.26,8334.03,5654.53,6135.55,0.0,0.0
545.09,36.92,38.18,36.23,36.26,8335.0,5654.16,6135.15,0.0,0.0
545.19,36.91,38.18,36.22,36.26,8335.32,5654.9,6137.13,0.0,0.0
545.26,36.92,38.18,36.22,36.26,8335.0,5654.16,6136.34,0.0,0.0
545.37,36.92,38.19,36.24,36.26,8335.0,5653.04,6132.77,0.0,0.0
545.47,36.92,38.19,36.23,36.26,8335.0,5652.66,6134.75,0.0,0.0
545.59,36.91,38.19,36.24,36.26,8335.32,5653.41,6131.58,0.0,0.0
545.66,36.91,38.19,36.24,36.26,8335.96,5652.66,6132.37,0.0,0.0
545.79,36.91,38.21,36.24,36.26,8336.28,5648.19,6131.18,0.0,0.0
545.88,36.91,38.21,36.26,36.26,8335.96,5647.81,6128.01,0.0,0.0
545.96,36.91,38.22,36.25,36.26,8335.96,5645.58,6129.99,0.0,0.0
546.07,36.92,38.21,36.24,36.26,8334.67,5647.07,6131.58,0.0,0.0
546.15,36.92,38.21,36.25,36.26,8335.0,5647.44,6129.2,0.0,0.0
546.26,36.9,38.22,36.26,36.26,8336.6,5645.58,6128.01,0.0,0.0
546.37,36.91,38.22,36.26,36.26,8335.32,5645.2,6128.01,0.0,0.0
546.45,36.91,38.23,36.26,36.26,8335.96,5642.97,6127.22,0.0,0.0
546.57,36.92,38.23,36.26,36.26,8334.35,5642.97,6127.62,0.0,0.0
546.68,36.92,38.23,36.27,36.26,8335.0,5643.34,6125.63,0.0,0.0
546.75,36.91,38.24,36.26,36.27,8335.64,5641.1,6126.03,0.0,0.0
546.86,36.92,38.24,36.26,36.27,8334.35,5640.73,6126.43,0.0,0.0
546.97,36.92,38.24,36.26,36.27,8335.0,5639.99,6126.43,0.0,0.0
547.05,36.91,38.24,36.26,36.27,8336.28,5639.99,6126.43,0.0,0.0
547.16,36.91,38.24,36.26,36.27,8335.96,5639.61,6128.01,0.0,0.0
547.29,36.91,38.25,36.26,36.27,8335.64,5638.5,6126.03,0.0,0.0
547.4,36.91,38.25,36.26,36.27,8335.64,5638.5,6127.62,0.0,0.0
547.47,36.91,38.25,36.26,36.27,8335.64,5638.5,6126.82,0.0,0.0
547.57,36.91,38.26,36.26,36.27,8336.28,5637.01,6128.41,0.0,0.0
547.73,36.92,38.25,36.26,36.27,8334.67,5637.38,6128.41,0.0,0.0
547.76,36.9,38.25,36.26,36.27,8337.24,5637.38,6126.43,0.0,0.0
547.87,36.91,38.25,36.27,36.27,8335.96,5637.38,6125.24,0.0,0.0
547.98,36.91,38.26,36.26,36.27,8335.32,5635.52,6126.43,0.0,0.0
548.05,36.9,38.27,36.26,36.27,8337.24,5634.4,6126.82,0.0,0.0
548.15,36.91,38.26,36.26,36.27,8335.96,5637.01,6126.43,0.0,0.0
548.26,36.91,38.26,36.26,36.27,8335.96,5635.52,6126.43,0.0,0.0
548.42,36.9,38.26,36.27,36.27,8336.6,5635.14,6125.63,0.0,0.0
548.46,36.91,38.26,36.26,36.27,8335.32,5636.26,6126.43,0.0,0.0
548.59,36.92,38.27,36.27,36.28,8335.0,5634.4,6125.24,0.0,0.0
548.7,36.9,38.26,36.27,36.28,8336.6,5635.14,6125.24,0.0,0.0
548.76,36.92,38.27,36.27,36.28,8335.0,5634.4,6124.84,0.0,0.0
548.88,36.91,38.26,36.26,36.28,8335.32,5635.52,6126.03,0.0,0.0
548.98,36.91,38.26,36.27,36.28,8336.28,5635.14,6124.84,0.0,0.0
549.05,36.91,38.26,36.27,36.28,8335.96,5636.63,6125.63,0.0,0.0
549.17,36.91,38.26,36.27,36.28,8336.28,5635.14,6125.24,0.0,0.0
549.28,36.91,38.26,36.27,36.28,8335.64,5635.14,6124.84,0.0,0.0
549.38,36.91,38.26,36.26,36.28,8335.32,5635.52,6126.43,0.0,0.0
549.47,36.92,38.27,36.26,36.28,8334.03,5634.4,6126.03,0.0,0.0
549.55,36.91,38.27,36.26,36.28,8335.32,5633.28,6126.43,0.0,0.0
549.68,36.9,38.26,36.26,36.28,8336.6,5635.14,6126.82,0.0,0.0
549.77,36.91,38.27,36.26,36.28,8335.96,5634.03,6126.03,0.0,0.0
549.9,36.91,38.27,36.26,36.28,8335.96,5634.03,6126.82,0.0,0.0
549.97,36.91,38.27,36.27,36.28,8335.64,5634.03,6125.24,0.0,0.0
550.07,36.91,38.27,36.27,36.28,8335.64,5633.65,6125.63,0.0,0.0
550.17,36.92,38.27,36.27,36.29,8335.0,5633.28,6125.24,0.0,0.0
550.25,36.92,38.27,36.27,36.29,8334.35,5634.77,6125.24,0.0,0.0
550.37,36.91,38.27,36.27,36.29,8335.32,5633.28,6125.63,0.0,0.0
550.48,36.95,38.27,36.27,36.29,8333.07,5633.28,6125.24,0.0,0.0
550.58,36.92,38.27,36.26,36.29,8335.0,5632.54,6126.03,0.0,0.0
550.68,36.92,38.27,36.27,36.29,8335.0,5633.28,6125.24,0.0,0.0
550.77,36.91,38.27,36.27,36.29,8335.96,5633.28,6124.45,0.0,0.0
550.86,36.92,38.27,36.27,36.29,8335.0,5633.65,6125.24,0.0,0.0
550.99,36.92,38.27,36.27,36.29,8334.67,5632.54,6124.84,0.0,0.0
551.07,36.93,38.27,36.27,36.29,8333.71,5632.54,6124.05,0.0,0.0
551.18,36.92,38.28,36.27,36.29,8334.03,5632.17,6124.05,0.0,0.0
551.26,36.92,38.27,36.27,36.29,8335.0,5632.91,6124.45,0.0,0.0
551.39,36.92,38.28,36.27,36.29,8334.67,5631.79,6124.45,0.0,0.0
551.48,36.95,38.28,36.27,36.29,8333.07,5631.79,6124.05,0.0,0.0
551.61,36.92,38.27,36.27,36.29,8334.67,5632.91,6123.65,0.0,0.0
551.7,36.95,38.27,36.27,36.29,8333.07,5632.54,6124.05,0.0,0.0
551.75,36.92,38.28,36.27,36.3,8334.35,5631.05,6124.05,0.0,0.0
551.89,36.95,38.28,36.28,36.3,8333.07,5630.68,6122.46,0.0,0.0
552.0,36.94,38.29,36.28,36.3,8333.39,5629.19,6123.26,0.0,0.0
552.05,36.96,38.29,36.28,36.3,8331.79,5629.56,6122.07,0.0,0.0
552.2,36.95,38.28,36.28,36.3,8332.75,5631.05,6122.46,0.0,0.0
552.3,36.95,38.29,36.29,36.3,8333.07,5629.19,6120.49,0.0,0.0
552.36,36.95,38.3,36.29,36.3,8333.07,5627.7,6118.51,0.0,0.0
552.47,36.95,38.3,36.3,36.3,8332.43,5627.33,6116.13,0.0,0.0
552.59,36.96,38.31,36.3,36.3,8331.47,5623.98,6116.13,0.0,0.0
552.67,36.96,38.32,36.32,36.3,8331.79,5622.87,6112.96,0.0,0.0
552.77,36.96,38.31,36.32,36.3,8331.79,5623.61,6112.57,0.0,0.0
552.9,36.95,38.3,36.32,36.3,8332.11,5625.84,6112.96,0.0,0.0
552.97,36.96,38.31,36.33,36.3,8331.79,5623.98,6108.22,0.0,0.0
553.08,36.98,38.31,36.33,36.3,8329.54,5623.24,6108.22,0.0,0.0
553.18,36.95,38.3,36.34,36.3,8332.11,5626.21,6107.03,0.0,0.0
553.25,36.95,38.32,36.34,36.3,8332.11,5621.01,6105.85,0.0,0.0
553.36,36.97,38.33,36.35,36.31,8330.5,5619.52,6104.27,0.0,0.0
553.45,36.97,38.32,36.35,36.31,8329.86,5621.01,6103.87,0.0,0.0
553.55,37.0,38.33,36.36,36.31,8327.62,5619.52,6102.69,0.0,0.0
553.66,36.97,38.32,36.35,36.31,8329.86,5622.12,6104.27,0.0,0.0
553.76,36.97,38.33,36.35,36.31,8329.86,5619.89,6103.48,0.0,0.0
553.84,36.98,38.34,36.36,36.31,8327.94,5617.66,6101.9,0.0,0.0
553.95,36.97,38.34,36.36,36.31,8330.5,5618.41,6101.9,0.0,0.0
554.09,36.97,38.34,36.36,36.31,8329.86,5616.18,6101.5,0.0,0.0
554.17,36.99,38.35,36.36,36.31,8329.22,5614.69,6101.9,0.0,0.0
554.28,36.99,38.34,36.36,36.31,8328.58,5616.55,6102.29,0.0,0.0
554.4,36.97,38.35,36.36,36.31,8330.18,5615.81,6101.5,0.0,0.0
554.51,36.99,38.34,36.37,36.31,8328.9,5618.04,6099.92,0.0,0.0
554.55,37.01,38.34,36.36,36.31,8326.65,5617.66,6100.32,0.0,0.0
554.69,36.97,38.34,36.37,36.31,8330.18,5616.18,6099.92,0.0,0.0
554.81,36.97,38.35,36.36,36.32,8330.18,5614.69,6101.9,0.0,0.0
554.84,37.01,38.35,36.36,36.32,8327.3,5614.69,6101.11,0.0,0.0
554.99,36.98,38.35,36.36,36.32,8327.94,5615.06,6100.71,0.0,0.0
555.06,36.99,38.34,36.36,36.32,8328.58,5616.55,6100.32,0.0,0.0
555.17,36.97,38.35,36.37,36.32,8329.86,5614.32,6099.92,0.0,0.0
555.3,36.98,38.36,36.37,36.32,8328.26,5613.58,6099.13,0.0,0.0
555.39,36.97,38.35,36.37,36.32,8330.18,5615.06,6099.92,0.0,0.0
555.47,36.97,38.35,36.37,36.32,8329.86,5615.43,6099.92,0.0,0.0
555.58,36.97,38.36,36.37,36.32,8329.86,5613.58,6099.53,0.0,0.0
555.67,36.99,38.36,36.37,36.32,8328.58,5612.84,6099.53,0.0,0.0
555.83,36.97,38.36,36.37,36.32,8329.86,5612.84,6099.53,0.0,0.0
555.86,36.97,38.36,36.37,36.32,8329.86,5611.72,6099.13,0.0,0.0
555.97,36.99,38.37,36.37,36.32,8328.9,5611.35,6098.74,0.0,0.0
556.1,37.0,38.37,36.37,36.33,8327.62,5610.24,6098.74,0.0,0.0
556.16,36.98,38.37,36.37,36.33,8327.94,5609.87,6099.13,0.0,0.0
556.27,36.99,38.37,36.37,36.33,8328.9,5609.49,6098.74,0.0,0.0
556.35,36.99,38.37,36.37,36.33,8328.58,5609.87,6098.74,0.0,0.0
556.46,36.97,38.37,36.37,36.33,8330.5,5609.87,6097.95,0.0,0.0
556.57,36.97,38.37,36.37,36.33,8330.18,5609.87,6099.13,0.0,0.0
556.71,36.97,38.38,36.37,36.33,8330.18,5609.12,6098.34,0.0,0.0
556.76,36.98,38.38,36.37,36.33,8329.54,5608.75,6097.95,0.0,0.0
556.91,36.96,38.38,36.38,36.33,8331.15,5608.75,6096.76,0.0,0.0
556.95,36.97,38.38,36.37,36.33,8329.86,5609.12,6098.34,0.0,0.0
557.07,36.95,38.38,36.38,36.33,8332.11,5608.38,6097.16,0.0,0.0
557.17,36.95,38.38,36.37,36.33,8332.11,5608.75,6097.95,0.0,0.0
557.32,36.96,38.38,36.38,36.34,8331.47,5608.75,6095.18,0.0,0.0
557.36,36.95,38.38,36.39,36.34,8332.43,5608.01,6094.39,0.0,0.0
557.5,36.95,38.38,36.39,36.34,8332.43,5608.01,6094.39,0.0,0.0
557.61,36.97,38.38,36.38,36.34,8330.5,5607.64,6095.18,0.0,0.0
557.69,36.96,38.38,36.38,36.34,8331.15,5609.12,6096.37,0.0,0.0
557.8,36.95,38.38,36.39,36.34,8333.07,5608.75,6093.21,0.0,0.0
557.91,36.96,38.39,36.4,36.34,8331.15,5606.53,6092.03,0.0,0.0
557.98,36.95,38.38,36.4,36.34,8332.11,5607.64,6090.45,0.0,0.0
558.09,36.96,38.38,36.39,36.34,8330.82,5607.27,6092.81,0.0,0.0
558.22,36.96,38.38,36.41,36.34,8331.79,5608.38,6088.08,0.0,0.0
558.28,36.96,38.38,36.41,36.34,8331.47,5607.27,6088.08,0.0,0.0
558.41,36.97,38.39,36.42,36.34,8330.18,5605.04,6085.72,0.0,0.0
558.51,36.95,38.39,36.42,36.34,8332.75,5605.78,6085.32,0.0,0.0
558.58,36.97,38.4,36.42,36.35,8330.18,5604.3,6084.93,0.0,0.0
558.69,36.96,38.39,36.43,36.35,8330.82,5604.67,6084.14,0.0,0.0
558.81,36.95,38.39,36.43,36.35,8333.07,5605.41,6082.96,0.0,0.0
558.88,36.95,38.4,36.44,36.35,8332.11,5603.93,6080.99,0.0,0.0
559.0,36.94,38.39,36.44,36.35,8333.39,5605.41,6081.38,0.0,0.0
559.11,36.93,38.39,36.44,36.35,8333.71,5606.53,6080.59,0.0,0.0
559.19,36.95,38.38,36.45,36.35,8332.43,5607.64,6079.41,0.0,0.0
559.29,36.95,38.38,36.45,36.35,8332.11,5607.27,6079.02,0.0,0.0
559.37,36.96,38.38,36.43,36.35,8331.47,5607.64,6083.35,0.0,0.0
559.48,36.96,38.38,36.43,36.35,8331.79,5608.01,6083.35,0.0,0.0
559.59,36.97,38.38,36.43,36.35,8330.18,5607.27,6082.96,0.0,0.0
559.7,36.95,38.38,36.42,36.35,8332.11,5608.38,6085.32,0.0,0.0
559.76,36.96,38.38,36.4,36.36,8331.47,5608.38,6090.05,0.0,0.0
559.88,36.96,38.38,36.4,36.36,8331.79,5609.12,6090.45,0.0,0.0
560.0,36.96,38.38,36.4,36.36,8331.79,5608.38,6091.63,0.0,0.0
560.06,36.92,38.37,36.4,36.36,8335.0,5609.49,6092.03,0.0,0.0
560.17,36.95,38.38,36.4,36.36,8332.43,5607.64,6092.03,0.0,0.0
560.3,36.96,38.38,36.4,36.36,8331.15,5608.75,6090.84,0.0,0.0
560.38,36.95,38.38,36.39,36.36,8332.75,5608.75,6093.6,0.0,0.0
560.48,36.95,38.37,36.39,36.36,8332.11,5609.49,6094.0,0.0,0.0
560.59,36.97,38.37,36.38,36.36,8330.18,5609.49,6096.37,0.0,0.0
560.67,36.95,38.37,36.38,36.36,8333.07,5610.98,6095.58,0.0,0.0
560.79,36.96,38.37,36.38,36.36,8331.47,5609.87,6097.55,0.0,0.0
560.89,36.96,38.37,36.37,36.36,8331.15,5610.24,6098.34,0.0,0.0
560.96,36.95,38.37,36.38,36.36,8332.43,5609.87,6097.16,0.0,0.0
561.08,36.96,38.37,36.37,36.37,8331.15,5609.87,6099.13,0.0,0.0
561.17,36.95,38.37,36.37,36.37,8332.75,5609.87,6098.74,0.0,0.0
561.25,36.95,38.37,36.37,36.37,8332.75,5610.98,6098.34,0.0,0.0
561.37,36.94,38.37,36.37,36.37,8333.39,5609.87,6099.53,0.0,0.0
561.52,36.94,38.37,36.37,36.37,8333.39,5609.87,6099.53,0.0,0.0
561.55,36.96,38.37,36.37,36.37,8330.82,5609.49,6099.13,0.0,0.0
561.66,36.96,38.37,36.37,36.37,8330.82,5610.24,6099.53,0.0,0.0
561.8,36.96,38.37,36.37,36.37,8330.82,5609.49,6098.74,0.0,0.0
561.88,36.96,38.37,36.37,36.37,8331.15,5609.87,6099.53,0.0,0.0
561.99,36.95,38.37,36.37,36.37,8332.43,5609.87,6099.13,0.0,0.0
562.1,36.98,38.38,36.37,36.37,8329.54,5609.12,6098.74,0.0,0.0
562.2,36.96,38.38,36.37,36.37,8330.82,5609.12,6098.74,0.0,0.0
562.28,36.97,38.37,36.37,36.37,8330.5,5609.49,6098.34,0.0,0.0
562.39,36.99,38.38,36.37,36.37,8329.22,5608.75,6098.34,0.0,0.0
562.48,36.97,38.38,36.37,36.37,8330.18,5608.38,6099.53,0.0,0.0
562.56,36.95,38.38,36.37,36.38,8332.75,5608.38,6099.13,0.0,0.0
562.68,36.97,38.38,36.37,36.38,8330.18,5609.12,6099.13,0.0,0.0
562.78,36.95,38.38,36.37,36.38,8332.43,5608.01,6099.53,0.0,0.0
562.92,36.98,38.38,36.37,36.38,8329.54,5608.01,6099.92,0.0,0.0
563.0,36.95,38.39,36.37,36.38,8332.75,5606.16,6099.13,0.0,0.0
563.11,36.98,38.38,36.37,36.38,8329.54,5606.9,6099.13,0.0,0.0
563.19,36.96,38.39,36.37,36.38,8331.47,5605.78,6099.53,0.0,0.0
563.26,36.95,38.39,36.37,36.38,8332.11,5606.53,6098.34,0.0,0.0
563.41,36.96,38.39,36.37,36.38,8330.82,5606.53,6099.13,0.0,0.0
563.47,36.97,38.39,36.37,36.38,8329.86,5605.41,6098.74,0.0,0.0
563.57,36.96,38.4,36.37,36.38,8331.47,5603.93,6098.74,0.0,0.0
563.68,36.96,38.4,36.38,36.38,8330.82,5603.56,6096.76,0.0,0.0
563.79,36.96,38.4,36.38,36.38,8331.15,5604.3,6095.97,0.0,0.0
563.85,36.96,38.39,36.37,36.38,8331.79,5606.53,6099.13,0.0,0.0
563.98,36.95,38.38,36.37,36.38,8332.75,5606.9,6098.74,0.0,0.0
564.07,36.96,38.38,36.37,36.38,8331.15,5608.75,6098.34,0.0,0.0
564.15,36.95,38.38,36.37,36.39,8332.75,5608.38,6098.74,0.0,0.0
564.31,36.94,38.38,36.37,36.39,8333.39,5609.12,6098.34,0.0,0.0
564.36,36.95,38.38,36.37,36.39,8332.75,5608.75,6098.34,0.0,0.0
564.48,36.95,38.38,36.37,36.39,8333.07,5608.01,6099.13,0.0,0.0
564.72,36.95,38.38,36.38,36.39,8332.11,5608.38,6097.55,0.0,0.0
564.72,36.95,38.38,36.37,36.39,8333.07,5609.12,6099.13,0.0,0.0
564.85,36.95,38.38,36.37,36.39,8333.07,5609.12,6098.74,0.0,0.0
564.95,36.92,38.38,36.37,36.39,8334.35,5608.75,6098.74,0.0,0.0
565.0,36.96,38.38,36.37,36.39,8331.15,5608.75,6099.13,0.0,0.0
565.09,36.92,38.38,36.37,36.39,8334.67,5609.12,6099.13,0.0,0.0
565.22,36.92,38.38,36.37,36.39,8334.03,5608.75,6099.53,0.0,0.0
565.37,36.94,38.38,36.37,36.39,8333.39,5608.38,6099.53,0.0,0.0
565.49,36.92,38.38,36.37,36.39,8334.35,5608.75,6099.13,0.0,0.0
565.5,36.92,38.37,36.37,36.39,8334.67,5609.49,6099.13,0.0,0.0
565.77,36.93,38.38,36.37,36.39,8333.71,5609.12,6099.13,0.0,0.0
565.83,36.92,38.38,36.37,36.4,8334.67,5608.01,6098.74,0.0,0.0
565.89,36.92,38.37,36.37,36.4,8334.03,5609.49,6098.74,0.0,0.0
565.94,36.92,38.38,36.37,36.4,8334.03,5608.75,6099.13,0.0,0.0
565.99,36.93,38.38,36.37,36.4,8333.71,5608.75,6099.53,0.0,0.0
566.09,36.95,38.38,36.37,36.4,8332.11,5608.75,6099.13,0.0,0.0
566.16,36.93,38.38,36.37,36.4,8333.71,5609.12,6099.13,0.0,0.0
566.29,36.95,38.38,36.37,36.4,8332.43,5608.75,6099.13,0.0,0.0
566.38,36.95,38.38,36.37,36.4,8333.07,5608.75,6098.74,0.0,0.0
566.49,36.95,38.38,36.37,36.4,8332.11,5608.75,6098.74,0.0,0.0
566.58,36.92,38.38,36.37,36.4,8334.03,5606.9,6099.13,0.0,0.0
566.68,36.92,38.39,36.37,36.4,8334.35,5606.16,6098.74,0.0,0.0
566.8,36.95,38.39,36.37,36.4,8333.07,5605.78,6099.13,0.0,0.0
566.87,36.94,38.4,36.37,36.4,8333.39,5604.3,6099.13,0.0,0.0
566.99,36.95,38.41,36.37,36.4,8333.07,5602.08,6097.95,0.0,0.0
567.1,36.95,38.41,36.37,36.4,8332.43,5601.33,6099.13,0.0,0.0
567.17,36.93,38.41,36.37,36.4,8333.71,5600.96,6098.34,0.0,0.0
567.3,36.96,38.42,36.37,36.4,8330.82,5599.85,6099.13,0.0,0.0
567.39,36.95,38.41,36.37,36.4,8332.11,5600.59,6099.13,0.0,0.0
567.51,36.94,38.42,36.37,36.4,8333.39,5597.63,6099.53,0.0,0.0
567.59,36.93,38.43,36.37,36.41,8333.71,5596.52,6098.74,0.0,0.0
567.68,36.95,38.43,36.37,36.41,8332.11,5597.26,6097.95,0.0,0.0
567.79,36.97,38.43,36.37,36.41,8330.18,5595.78,6098.74,0.0,0.0
567.9,36.96,38.43,36.37,36.41,8331.15,5596.52,6098.34,0.0,0.0
567.97,36.95,38.42,36.37,36.41,8332.11,5598.37,6099.53,0.0,0.0
568.09,36.96,38.43,36.37,36.41,8330.82,5596.52,6098.74,0.0,0.0
568.2,36.96,38.44,36.37,36.41,8331.47,5593.18,6098.74,0.0,0.0
568.28,36.99,38.44,36.37,36.41,8328.9,5593.18,6099.13,0.0,0.0
568.39,37.0,38.44,36.37,36.41,8327.62,5593.55,6098.74,0.0,0.0
568.47,36.99,38.44,36.38,36.41,8329.22,5593.18,6096.76,0.0,0.0
568.57,37.01,38.44,36.38,36.41,8326.65,5593.18,6097.55,0.0,0.0
568.69,37.01,38.45,36.39,36.41,8326.33,5590.96,6094.0,0.0,0.0
568.76,37.01,38.45,36.4,36.41,8327.3,5592.81,6090.45,0.0,0.0
568.87,36.98,38.44,36.42,36.41,8327.94,5593.18,6086.5,0.0,0.0
568.99,36.99,38.44,36.43,36.41,8329.22,5594.29,6082.96,0.0,0.0
569.06,36.98,38.44,36.44,36.42,8328.26,5593.18,6080.59,0.0,0.0
569.17,36.98,38.44,36.45,36.42,8327.94,5593.18,6078.62,0.0,0.0
569.28,36.99,38.44,36.46,36.42,8328.58,5593.18,6076.65,0.0,0.0
569.39,37.01,38.44,36.46,36.42,8326.33,5595.03,6077.05,0.0,0.0
569.45,36.98,38.44,36.46,36.42,8328.26,5594.29,6075.47,0.0,0.0
569.61,36.99,38.43,36.47,36.42,8328.58,5597.26,6074.29,0.0,0.0
569.72,37.01,38.44,36.47,36.42,8326.33,5593.18,6074.29,0.0,0.0
569.8,36.98,38.43,36.46,36.42,8327.94,5595.41,6075.08,0.0,0.0
569.9,37.01,38.45,36.47,36.42,8326.33,5592.81,6074.29,0.0,0.0
570.02,37.03,38.45,36.47,36.42,8324.73,5592.07,6074.29,0.0,0.0
570.08,37.01,38.45,36.47,36.42,8326.65,5591.33,6074.29,0.0,0.0
570.2,37.05,38.46,36.47,36.42,8323.45,5590.22,6074.29,0.0,0.0
570.32,36.99,38.45,36.47,36.42,8328.58,5590.96,6074.29,0.0,0.0
570.43,36.98,38.46,36.47,36.42,8327.94,5589.85,6074.29,0.0,0.0
570.48,37.01,38.46,36.47,36.43,8327.3,5588.74,6074.29,0.0,0.0
570.59,37.01,38.46,36.47,36.43,8326.33,5588.74,6074.29,0.0,0.0
570.67,37.05,38.47,36.47,36.43,8324.09,5586.89,6074.29,0.0,0.0
570.78,37.02,38.47,36.47,36.43,8326.01,5587.63,6073.9,0.0,0.0
570.87,37.05,38.47,36.47,36.43,8323.77,5586.89,6073.9,0.0,0.0
571.02,37.06,38.47,36.47,36.43,8322.8,5587.63,6074.29,0.0,0.0
571.09,37.05,38.47,36.47,36.43,8323.13,5586.15,6073.9,0.0,0.0
571.2,37.03,38.47,36.47,36.43,8324.73,5586.15,6073.9,0.0,0.0
571.32,37.07,38.48,36.47,36.43,8322.48,5585.78,6073.9,0.0,0.0
571.4,37.06,38.48,36.47,36.43,8321.52,5585.78,6073.9,0.0,0.0
571.52,37.05,38.48,36.47,36.43,8323.13,5585.78,6074.29,0.0,0.0
571.62,37.07,38.48,36.47,36.43,8322.48,5585.78,6073.9,0.0,0.0
571.7,37.06,38.48,36.47,36.43,8322.8,5585.78,6074.29,0.0,0.0
571.81,37.06,38.48,36.47,36.43,8322.16,5585.78,6073.9,0.0,0.0
571.88,37.09,38.48,36.47,36.44,8319.92,5585.78,6074.29,0.0,0.0
571.99,37.06,38.48,36.47,36.44,8321.52,5585.78,6073.5,0.0,0.0
572.1,37.06,38.48,36.47,36.44,8322.16,5585.78,6073.5,0.0,0.0
572.18,37.05,38.48,36.47,36.44,8323.45,5585.78,6073.5,0.0,0.0
572.29,37.06,38.48,36.47,36.44,8321.84,5585.78,6073.9,0.0,0.0
572.4,37.06,38.48,36.47,36.44,8322.16,5585.78,6073.5,0.0,0.0
572.47,37.07,38.48,36.47,36.44,8321.2,5585.78,6073.11,0.0,0.0
572.58,37.08,38.48,36.47,36.44,8320.56,5585.78,6073.5,0.0,0.0
572.66,37.07,38.48,36.47,36.44,8320.88,5585.78,6074.29,0.0,0.0
572.77,37.07,38.48,36.47,36.44,8322.48,5585.78,6073.9,0.0,0.0
572.89,37.1,38.48,36.47,36.44,8318.95,5585.78,6073.11,0.0,0.0
572.96,37.11,38.48,36.47,36.44,8317.99,5585.41,6073.5,0.0,0.0
573.07,37.09,38.48,36.48,36.44,8319.92,5585.78,6071.93,0.0,0.0
573.18,37.1,38.48,36.47,36.45,8318.31,5585.78,6072.72,0.0,0.0
573.29,37.11,38.48,36.48,36.45,8317.99,5585.04,6070.35,0.0,0.0
573.43,37.1,38.48,36.49,36.45,8318.95,5585.41,6068.39,0.0,0.0
573.46,37.1,38.48,36.49,36.45,8318.31,5585.41,6067.99,0.0,0.0
573.59,37.13,38.48,36.51,36.45,8317.03,5585.41,6062.88,0.0,0.0
573.71,37.13,38.48,36.53,36.45,8317.03,5585.78,6058.95,0.0,0.0
573.76,37.12,38.48,36.54,36.45,8317.67,5583.93,6056.59,0.0,0.0
573.87,37.13,38.48,36.54,36.45,8317.03,5585.04,6054.63,0.0,0.0
574.0,37.13,38.48,36.55,36.45,8317.03,5585.41,6052.27,0.0,0.0
574.11,37.12,38.48,36.56,36.45,8317.35,5583.93,6051.49,0.0,0.0
574.18,37.12,38.48,36.56,36.45,8316.71,5584.3,6049.53,0.0,0.0
574.29,37.13,38.48,36.57,36.45,8316.07,5584.67,6049.13,0.0,0.0
574.39,37.13,38.49,36.57,36.45,8317.03,5583.19,6049.13,0.0,0.0
574.48,37.14,38.49,36.57,36.45,8315.43,5582.08,6049.13,0.0,0.0
574.61,37.13,38.49,36.57,36.46,8316.07,5582.82,6049.13,0.0,0.0
574.71,37.13,38.5,36.57,36.46,8316.39,5579.12,6049.13,0.0,0.0
574.8,37.13,38.5,36.57,36.46,8316.07,5580.23,6049.13,0.0,0.0
574.9,37.14,38.51,36.57,36.46,8315.43,5578.01,6049.13,0.0,0.0
574.97,37.13,38.51,36.57,36.46,8315.75,5577.27,6049.13,0.0,0.0
575.09,37.13,38.52,36.57,36.46,8315.75,5575.43,6049.13,0.0,0.0
575.21,37.12,38.52,36.57,36.46,8316.71,5576.17,6049.13,0.0,0.0
575.31,37.13,38.53,36.57,36.46,8315.75,5573.21,6048.74,0.0,0.0
575.39,37.14,38.53,36.57,36.46,8315.43,5573.95,6049.13,0.0,0.0
575.5,37.14,38.53,36.57,36.46,8315.43,5572.47,6049.13,0.0,0.0
575.61,37.14,38.54,36.57,36.46,8315.43,5570.63,6049.13,0.0,0.0
575.67,37.14,38.54,36.57,36.46,8314.79,5570.99,6049.13,0.0,0.0
575.8,37.13,38.54,36.57,36.46,8315.11,5570.26,6049.13,0.0,0.0
575.9,37.15,38.56,36.57,36.46,8314.46,5567.3,6048.74,0.0,0.0
575.96,37.15,38.55,36.57,36.47,8314.14,5567.67,6048.35,0.0,0.0
576.1,37.13,38.56,36.57,36.47,8315.11,5566.2,6049.13,0.0,0.0
576.21,37.15,38.56,36.57,36.47,8314.46,5567.3,6048.74,0.0,0.0
576.32,37.13,38.55,36.57,36.47,8315.11,5568.04,6048.74,0.0,0.0
576.39,37.14,38.56,36.57,36.47,8315.43,5565.46,6048.74,0.0,0.0
576.5,37.15,38.56,36.57,36.47,8314.46,5566.2,6049.13,0.0,0.0
576.6,37.14,38.56,36.57,36.47,8314.79,5565.46,6049.13,0.0,0.0
576.68,37.13,38.55,36.57,36.47,8315.11,5568.04,6049.13,0.0,0.0
576.82,37.13,38.55,36.57,36.47,8315.11,5569.52,6048.74,0.0,0.0
576.93,37.13,38.54,36.57,36.47,8315.11,5570.26,6048.74,0.0,0.0
576.97,37.14,38.55,36.57,36.47,8315.43,5568.04,6049.13,0.0,0.0
577.08,37.15,38.55,36.57,36.48,8314.14,5569.15,6049.13,0.0,0.0
577.21,37.13,38.55,36.57,36.48,8315.11,5567.67,6048.74,0.0,0.0
577.33,37.15,38.54,36.57,36.48,8313.5,5571.73,6048.74,0.0,0.0
577.41,37.13,38.54,36.57,36.48,8315.11,5570.99,6048.74,0.0,0.0
577.5,37.15,38.54,36.57,36.48,8313.82,5570.63,6048.74,0.0,0.0
577.62,37.17,38.53,36.57,36.48,8312.86,5573.58,6048.74,0.0,0.0
577.71,37.13,38.53,36.57,36.48,8315.11,5572.84,6048.74,0.0,0.0
577.83,37.15,38.53,36.57,36.48,8313.5,5573.21,6048.74,0.0,0.0
577.87,37.14,38.51,36.57,36.48,8314.79,5577.27,6048.74,0.0,0.0
578.03,37.15,38.52,36.57,36.48,8314.46,5574.69,6048.74,0.0,0.0
578.07,37.15,38.53,36.57,36.48,8314.46,5573.21,6049.13,0.0,0.0
578.2,37.15,38.53,36.57,36.49,8314.46,5573.95,6049.13,0.0,0.0
578.31,37.15,38.53,36.57,36.49,8314.46,5573.95,6048.35,0.0,0.0
578.4,37.15,38.52,36.57,36.49,8314.14,5574.69,6049.13,0.0,0.0
578.52,37.15,38.52,36.57,36.49,8314.14,5575.06,6048.74,0.0,0.0
578.63,37.13,38.52,36.57,36.49,8315.11,5574.69,6049.13,0.0,0.0
578.67,37.15,38.54,36.57,36.49,8314.14,5570.99,6048.74,0.0,0.0
578.79,37.14,38.55,36.57,36.49,8314.79,5569.52,6048.35,0.0,0.0
578.87,37.15,38.55,36.57,36.49,8313.5,5568.04,6048.35,0.0,0.0
579.0,37.17,38.56,36.57,36.49,8312.86,5565.83,6049.13,0.0,0.0
579.11,37.15,38.56,36.57,36.49,8314.14,5565.46,6048.74,0.0,0.0
579.2,37.15,38.57,36.57,36.49,8313.82,5564.35,6048.74,0.0,0.0
579.31,37.14,38.57,36.57,36.49,8315.43,5563.61,6049.13,0.0,0.0
579.45,37.13,38.57,36.57,36.49,8315.75,5563.61,6048.74,0.0,0.0
579.5,37.13,38.57,36.57,36.49,8315.11,5563.24,6049.13,0.0,0.0
579.6,37.15,38.58,36.57,36.5,8314.46,5562.51,6048.74,0.0,0.0
579.68,37.15,38.57,36.57,36.5,8313.82,5562.87,6048.74,0.0,0.0
579.8,37.15,38.58,36.57,36.5,8313.82,5562.51,6049.13,0.0,0.0
579.94,37.15,38.58,36.57,36.5,8313.82,5562.51,6049.13,0.0,0.0
579.98,37.15,38.58,36.57,36.5,8314.14,5562.14,6048.74,0.0,0.0
580.09,37.15,38.58,36.57,36.5,8314.46,5562.14,6049.13,0.0,0.0
580.2,37.15,38.58,36.57,36.5,8314.46,5562.14,6048.74,0.0,0.0
580.26,37.15,38.58,36.57,36.5,8314.14,5562.14,6049.13,0.0,0.0
580.39,37.15,38.58,36.57,36.5,8314.46,5562.14,6048.74,0.0,0.0
580.51,37.15,38.58,36.57,36.5,8313.18,5562.14,6048.74,0.0,0.0
580.62,37.15,38.58,36.57,36.5,8314.14,5562.14,6049.13,0.0,0.0
580.68,37.15,38.58,36.57,36.5,8314.14,5562.14,6049.13,0.0,0.0
580.79,37.15,38.58,36.57,36.51,8314.46,5562.14,6047.96,0.0,0.0
580.89,37.14,38.58,36.57,36.51,8314.79,5562.14,6048.74,0.0,0.0
581.02,37.15,38.58,36.57,36.51,8314.14,5562.14,6048.35,0.0,0.0
581.09,37.15,38.58,36.57,36.51,8313.5,5562.14,6049.13,0.0,0.0
581.19,37.15,38.58,36.57,36.51,8314.46,5562.14,6049.13,0.0,0.0
581.33,37.14,38.58,36.57,36.51,8314.79,5562.14,6048.35,0.0,0.0
581.4,37.15,38.58,36.57,36.51,8313.5,5562.14,6048.35,0.0,0.0
581.51,37.14,38.58,36.57,36.51,8314.79,5562.14,6048.35,0.0,0.0
581.62,37.14,38.58,36.57,36.51,8314.79,5562.14,6049.13,0.0,0.0
581.73,37.15,38.58,36.57,36.51,8314.46,5562.14,6048.74,0.0,0.0
581.81,37.15,38.58,36.57,36.51,8314.14,5562.14,6048.74,0.0,0.0
581.93,37.15,38.58,36.57,36.52,8314.46,5562.14,6047.96,0.0,0.0
581.97,37.15,38.58,36.57,36.52,8314.46,5562.14,6047.17,0.0,0.0
582.08,37.13,38.58,36.57,36.52,8315.11,5562.14,6047.17,0.0,0.0
582.22,37.15,38.58,36.58,36.52,8314.14,5562.14,6046.39,0.0,0.0
582.31,37.13,38.58,36.58,36.52,8315.11,5562.14,6046.39,0.0,0.0
582.4,37.13,38.58,36.58,36.52,8315.11,5562.14,6044.43,0.0,0.0
582.52,37.14,38.58,36.58,36.52,8314.79,5562.14,6045.21,0.0,0.0
582.6,37.15,38.58,36.59,36.52,8314.46,5562.14,6043.25,0.0,0.0
582.71,37.14,38.58,36.59,36.52,8314.79,5562.14,6044.03,0.0,0.0
582.81,37.14,38.58,36.6,36.52,8314.79,5562.14,6040.9,0.0,0.0
582.9,37.14,38.58,36.6,36.52,8314.79,5561.77,6039.72,0.0,0.0
583.01,37.13,38.58,36.61,36.52,8315.11,5561.4,6038.54,0.0,0.0
583.12,37.15,38.58,36.62,36.52,8314.14,5562.14,6036.19,0.0,0.0
583.2,37.15,38.58,36.62,36.53,8314.14,5562.14,6035.02,0.0,0.0
583.31,37.13,38.58,36.62,36.53,8315.11,5562.14,6036.19,0.0,0.0
583.4,37.13,38.58,36.63,36.53,8315.11,5562.14,6031.49,0.0,0.0
583.5,37.14,38.58,36.64,36.53,8314.79,5562.14,6029.54,0.0,0.0
583.59,37.15,38.58,36.65,36.53,8314.46,5561.77,6028.36,0.0,0.0
583.69,37.13,38.58,36.65,36.53,8315.75,5561.03,6026.4,0.0,0.0
583.79,37.14,38.58,36.66,36.53,8314.79,5561.77,6025.62,0.0,0.0
583.9,37.14,38.58,36.66,36.53,8314.79,5561.4,6024.45,0.0,0.0
584.01,37.14,38.58,36.66,36.53,8315.43,5562.14,6024.45,0.0,0.0
584.12,37.15,38.58,36.66,36.53,8314.14,5562.14,6024.06,0.0,0.0
584.23,37.13,38.58,36.66,36.53,8316.07,5562.14,6024.45,0.0,0.0
584.3,37.15,38.58,36.66,36.53,8314.46,5561.77,6024.06,0.0,0.0
584.4,37.13,38.58,36.66,36.53,8315.75,5562.14,6024.06,0.0,0.0
584.52,37.13,38.58,36.66,36.54,8315.75,5562.14,6024.06,0.0,0.0
584.59,37.15,38.58,36.66,36.54,8313.5,5561.4,6024.45,0.0,0.0
584.7,37.13,38.58,36.66,36.54,8315.75,5561.03,6024.06,0.0,0.0
584.8,37.13,38.58,36.66,36.54,8315.11,5561.4,6024.06,0.0,0.0
584.92,37.14,38.58,36.66,36.54,8315.43,5561.77,6024.45,0.0,0.0
585.0,37.13,38.58,36.67,36.54,8315.75,5561.4,6023.67,0.0,0.0
585.1,37.13,38.58,36.66,36.54,8315.11,5561.77,6024.06,0.0,0.0
585.18,37.14,38.58,36.67,36.54,8314.79,5561.4,6023.67,0.0,0.0
585.29,37.13,38.58,36.67,36.54,8315.11,5561.4,6023.27,0.0,0.0
585.43,37.14,38.58,36.66,36.54,8314.79,5562.14,6024.06,0.0,0.0
585.54,37.13,38.58,36.67,36.54,8315.75,5561.77,6023.67,0.0,0.0
585.61,37.13,38.58,36.66,36.54,8317.03,5561.4,6024.06,0.0,0.0
585.72,37.13,38.58,36.67,36.54,8316.07,5561.77,6023.67,0.0,0.0
585.8,37.13,38.58,36.67,36.54,8316.07,5562.14,6023.67,0.0,0.0
585.87,37.13,38.58,36.66,36.55,8316.07,5562.14,6024.06,0.0,0.0
586.02,37.13,38.58,36.66,36.55,8316.39,5561.77,6024.06,0.0,0.0
586.13,37.13,38.58,36.66,36.55,8316.07,5561.4,6024.06,0.0,0.0
586.21,37.13,38.58,36.67,36.55,8315.75,5561.4,6023.67,0.0,0.0
586.32,37.13,38.58,36.67,36.55,8316.39,5561.77,6023.67,0.0,0.0
586.41,37.12,38.58,36.66,36.55,8316.71,5561.77,6024.06,0.0,0.0
586.5,37.13,38.58,36.67,36.55,8316.07,5561.4,6023.67,0.0,0.0
586.6,37.13,38.58,36.66,36.55,8316.39,5561.77,6024.06,0.0,0.0
586.71,37.14,38.58,36.66,36.55,8315.43,5562.14,6024.06,0.0,0.0
586.79,37.14,38.58,36.66,36.55,8314.79,5561.4,6024.06,0.0,0.0
586.9,37.12,38.58,36.66,36.55,8316.71,5562.14,6024.06,0.0,0.0
586.99,37.13,38.58,36.67,36.55,8317.03,5561.77,6023.67,0.0,0.0
587.07,37.13,38.58,36.67,36.55,8316.39,5561.77,6023.67,0.0,0.0
587.2,37.13,38.58,36.66,36.55,8316.39,5562.14,6024.06,0.0,0.0
587.3,37.13,38.58,36.66,36.56,8316.07,5561.77,6024.06,0.0,0.0
587.41,37.13,38.58,36.66,36.56,8316.07,5562.14,6024.06,0.0,0.0
587.49,37.13,38.58,36.66,36.56,8316.07,5562.14,6024.06,0.0,0.0
587.6,37.12,38.58,36.66,36.56,8316.71,5562.14,6024.06,0.0,0.0
587.71,37.13,38.58,36.66,36.56,8316.07,5562.14,6024.06,0.0,0.0
587.77,37.13,38.58,36.66,36.56,8316.07,5562.14,6024.06,0.0,0.0
587.91,37.12,38.58,36.66,36.56,8317.67,5562.14,6024.45,0.0,0.0
588.01,37.14,38.58,36.67,36.56,8315.43,5561.77,6023.27,0.0,0.0
588.11,37.12,38.58,36.67,36.56,8317.35,5562.14,6023.67,0.0,0.0
588.19,37.13,38.58,36.66,36.56,8317.03,5562.14,6024.06,0.0,0.0
588.31,37.12,38.58,36.67,36.56,8317.35,5562.14,6023.27,0.0,0.0
588.4,37.12,38.58,36.66,36.56,8316.71,5562.14,6024.06,0.0,0.0
588.48,37.13,38.58,36.66,36.56,8317.03,5562.14,6024.06,0.0,0.0
588.57,37.1,38.58,36.66,36.56,8318.31,5562.14,6024.06,0.0,0.0
588.7,37.13,38.58,36.67,36.56,8316.39,5561.77,6023.67,0.0,0.0
588.81,37.12,38.58,36.66,36.56,8317.35,5562.14,6024.06,0.0,0.0
588.87,37.12,38.58,36.66,36.57,8316.71,5562.14,6024.06,0.0,0.0
588.97,37.12,38.58,36.66,36.57,8317.35,5562.14,6024.06,0.0,0.0
589.11,37.13,38.58,36.67,36.57,8316.07,5562.14,6023.67,0.0,0.0
589.22,37.12,38.58,36.66,36.57,8317.35,5562.14,6024.06,0.0,0.0
589.3,37.11,38.58,36.66,36.57,8317.99,5562.14,6024.06,0.0,0.0
589.4,37.13,38.58,36.66,36.57,8315.75,5562.14,6024.06,0.0,0.0
589.48,37.12,38.58,36.66,36.57,8316.71,5562.14,6024.06,0.0,0.0
589.57,37.11,38.58,36.67,36.57,8317.99,5562.14,6023.67,0.0,0.0
589.68,37.12,38.58,36.66,36.57,8317.67,5562.14,6024.06,0.0,0.0
589.82,37.12,38.58,36.66,36.57,8316.71,5561.77,6024.06,0.0,0.0
589.92,37.13,38.58,36.66,36.57,8316.07,5562.14,6024.06,0.0,0.0
590.0,37.12,38.58,36.67,36.57,8317.67,5562.14,6023.67,0.0,0.0
590.12,37.13,38.58,36.66,36.57,8316.39,5562.14,6024.06,0.0,0.0
590.22,37.13,38.58,36.66,36.57,8315.75,5562.14,6024.06,0.0,0.0
590.33,37.13,38.58,36.66,36.57,8316.39,5562.14,6024.06,0.0,0.0
590.41,37.12,38.58,36.67,36.57,8317.35,5562.14,6023.67,0.0,0.0
590.5,37.13,38.58,36.66,36.57,8316.39,5561.77,6024.06,0.0,0.0
590.6,37.14,38.58,36.66,36.58,8315.43,5561.77,6024.06,0.0,0.0
590.7,37.13,38.58,36.66,36.58,8317.03,5561.03,6024.06,0.0,0.0
590.8,37.14,38.58,36.67,36.58,8315.43,5561.4,6023.67,0.0,0.0
590.9,37.14,38.58,36.66,36.58,8315.43,5561.03,6024.06,0.0,0.0
591.02,37.13,38.58,36.67,36.58,8316.39,5561.03,6023.67,0.0,0.0
591.13,37.13,38.58,36.67,36.58,8315.75,5562.14,6023.67,0.0,0.0
591.2,37.13,38.58,36.67,36.58,8316.39,5561.4,6023.67,0.0,0.0
591.3,37.13,38.58,36.66,36.58,8315.11,5561.77,6024.06,0.0,0.0
591.39,37.14,38.58,36.66,36.58,8315.43,5561.4,6024.06,0.0,0.0
591.48,37.14,38.58,36.66,36.58,8314.79,5561.4,6024.06,0.0,0.0
591.59,37.14,38.58,36.66,36.58,8315.43,5562.14,6024.06,0.0,0.0
591.71,37.15,38.58,36.66,36.58,8314.46,5561.77,6024.06,0.0,0.0
591.84,37.13,38.58,36.66,36.58,8316.07,5561.77,6024.06,0.0,0.0
591.92,37.13,38.58,36.67,36.58,8315.75,5562.14,6023.67,0.0,0.0
592.03,37.15,38.58,36.66,36.58,8313.5,5561.4,6024.06,0.0,0.0
592.08,37.13,38.58,36.66,36.58,8316.07,5561.4,6024.06,0.0,0.0
592.19,37.13,38.58,36.66,36.58,8315.11,5562.14,6024.84,0.0,0.0
592.31,37.15,38.58,36.66,36.58,8314.46,5561.4,6024.06,0.0,0.0
592.4,37.15,38.58,36.66,36.58,8314.46,5562.14,6024.06,0.0,0.0
592.5,37.14,38.58,36.66,36.59,8314.79,5562.14,6024.06,0.0,0.0
592.61,37.13,38.58,36.67,36.59,8315.11,5562.14,6023.67,0.0,0.0
592.7,37.15,38.58,36.66,36.59,8314.14,5562.14,6024.06,0.0,0.0
592.79,37.15,38.58,36.66,36.59,8314.46,5561.77,6024.06,0.0,0.0
592.91,37.15,38.58,36.67,36.59,8313.82,5562.14,6023.67,0.0,0.0
593.02,37.14,38.58,36.66,36.59,8314.79,5562.14,6024.06,0.0,0.0
593.12,37.17,38.58,36.66,36.59,8312.86,5562.14,6024.06,0.0,0.0
593.22,37.15,38.58,36.66,36.59,8313.5,5562.14,6024.06,0.0,0.0
593.31,37.15,38.58,36.66,36.59,8313.82,5562.14,6024.06,0.0,0.0
593.4,37.15,38.58,36.66,36.59,8313.82,5562.14,6024.06,0.0,0.0
593.55,37.15,38.58,36.66,36.59,8314.46,5562.14,6024.45,0.0,0.0
593.61,37.15,38.58,36.66,36.59,8313.5,5562.14,6024.06,0.0,0.0
593.71,37.17,38.58,36.67,36.59,8312.86,5562.14,6023.67,0.0,0.0
593.81,37.15,38.58,36.67,36.59,8313.5,5562.14,6023.67,0.0,0.0
593.9,37.14,38.58,36.67,36.59,8314.79,5562.14,6023.67,0.0,0.0
594.0,37.15,38.58,36.66,36.59,8313.5,5562.14,6024.06,0.0,0.0
594.11,37.15,38.58,36.66,36.59,8314.46,5562.14,6024.06,0.0,0.0
594.21,37.17,38.58,36.66,36.59,8312.86,5562.14,6024.06,0.0,0.0
594.34,37.15,38.58,36.66,36.59,8313.18,5562.14,6024.06,0.0,0.0
594.39,37.15,38.58,36.66,36.59,8313.18,5562.14,6024.06,0.0,0.0
594.51,37.15,38.58,36.66,36.6,8313.5,5562.14,6024.06,0.0,0.0
594.62,37.15,38.58,36.66,36.6,8313.18,5562.14,6024.06,0.0,0.0
594.7,37.17,38.58,36.66,36.6,8311.9,5562.14,6024.06,0.0,0.0
594.84,37.17,38.58,36.66,36.6,8311.9,5562.14,6024.06,0.0,0.0
594.9,37.15,38.58,36.66,36.6,8313.82,5562.14,6024.06,0.0,0.0
594.98,37.15,38.58,36.66,36.6,8313.5,5562.14,6024.06,0.0,0.0
595.11,37.15,38.58,36.66,36.6,8313.18,5562.14,6024.06,0.0,0.0
595.22,37.15,38.58,36.67,36.6,8314.14,5562.14,6023.67,0.0,0.0
595.33,37.17,38.58,36.66,36.6,8311.9,5562.14,6024.06,0.0,0.0
595.4,37.19,38.58,36.66,36.6,8311.26,5562.14,6024.06,0.0,0.0
595.52,37.17,38.58,36.67,36.6,8312.54,5562.14,6023.67,0.0,0.0
595.61,37.15,38.58,36.67,36.6,8313.18,5562.14,6023.27,0.0,0.0
595.71,37.15,38.58,36.67,36.6,8313.5,5562.14,6023.67,0.0,0.0
595.78,37.17,38.58,36.66,36.6,8312.22,5562.14,6024.06,0.0,0.0
595.89,37.15,38.58,36.66,36.6,8313.5,5562.14,6024.06,0.0,0.0
596.02,37.15,38.58,36.67,36.6,8313.82,5562.14,6023.67,0.0,0.0
596.14,37.15,38.58,36.67,36.6,8313.5,5562.14,6023.67,0.0,0.0
596.21,37.17,38.58,36.66,36.6,8312.54,5562.14,6024.06,0.0,0.0
596.32,37.17,38.58,36.67,36.6,8312.22,5562.14,6023.27,0.0,0.0
596.44,37.17,38.58,36.66,36.6,8312.54,5562.14,6024.06,0.0,0.0
596.51,37.17,38.58,36.67,36.6,8311.9,5562.14,6023.67,0.0,0.0
596.62,37.15,38.58,36.67,36.6,8314.14,5562.14,6023.67,0.0,0.0
596.7,37.17,38.58,36.67,36.61,8312.22,5562.14,6023.67,0.0,0.0
596.8,37.15,38.58,36.66,36.61,8313.18,5562.14,6024.06,0.0,0.0
596.9,37.15,38.58,36.67,36.61,8313.5,5562.14,6023.67,0.0,0.0
597.03,37.15,38.58,36.66,36.61,8313.5,5561.77,6024.06,0.0,0.0
597.11,37.19,38.58,36.67,36.61,8310.62,5561.77,6023.67,0.0,0.0
597.24,37.15,38.58,36.66,36.61,8314.14,5561.77,6024.06,0.0,0.0
597.33,37.17,38.58,36.66,36.61,8312.86,5562.14,6024.06,0.0,0.0
597.41,37.15,38.58,36.66,36.61,8313.18,5561.77,6024.06,0.0,0.0
597.51,37.17,38.58,36.66,36.61,8312.54,5562.14,6024.06,0.0,0.0
597.61,37.17,38.58,36.66,36.61,8312.86,5561.77,6024.06,0.0,0.0
597.72,37.15,38.58,36.67,36.61,8313.5,5562.14,6023.27,0.0,0.0
597.83,37.19,38.58,36.66,36.61,8311.26,5562.14,6024.06,0.0,0.0
597.9,37.19,38.58,36.66,36.61,8310.94,5561.77,6024.06,0.0,0.0
598.01,37.17,38.58,36.67,36.61,8311.58,5562.14,6023.67,0.0,0.0
598.08,37.17,38.58,36.67,36.61,8312.54,5562.14,6023.67,0.0,0.0
598.21,37.17,38.58,36.66,36.61,8312.54,5561.77,6024.06,0.0,0.0
598.28,37.19,38.58,36.66,36.61,8310.62,5562.14,6024.06,0.0,0.0
598.4,37.23,38.58,36.66,36.61,8306.45,5561.4,6024.06,0.0,0.0
598.54,37.19,38.58,36.67,36.61,8310.3,5561.77,6023.67,0.0,0.0
598.62,37.17,38.58,36.67,36.61,8311.9,5561.77,6023.67,0.0,0.0
598.7,37.19,38.58,36.66,36.61,8311.26,5561.77,6024.06,0.0,0.0
598.84,37.17,38.58,36.67,36.61,8311.9,5562.14,6023.67,0.0,0.0
598.9,37.21,38.58,36.67,36.61,8309.01,5562.14,6023.67,0.0,0.0
599.01,37.19,38.58,36.67,36.61,8310.94,5561.77,6023.67,0.0,0.0
599.11,37.21,38.58,36.67,36.61,8309.33,5562.14,6023.67,0.0,0.0
599.22,37.21,38.58,36.67,36.62,8309.33,5561.77,6023.67,0.0,0.0
599.3,37.22,38.58,36.66,36.62,8308.05,5561.77,6024.06,0.0,0.0
599.41,37.22,38.58,36.66,36.62,8308.05,5561.77,6024.06,0.0,0.0
599.51,37.22,38.59,36.67,36.62,8307.41,5560.29,6023.67,0.0,0.0
599.59,37.22,38.58,36.67,36.62,8307.73,5561.77,6023.67,0.0,0.0
599.69,37.21,38.58,36.67,36.62,8309.01,5561.03,6023.67,0.0,0.0
599.82,37.21,38.58,36.66,36.62,8308.37,5560.66,6024.06,0.0,0.0
599.92,37.21,38.58,36.67,36.62,8308.37,5561.77,6023.67,0.0,0.0
599.99,37.22,38.59,36.66,36.62,8307.41,5559.56,6024.06,0.0,0.0
600.09,37.19,38.59,36.67,36.62,8310.94,5559.19,6023.67,0.0,0.0
600.22,37.22,38.6,36.66,36.62,8307.41,5557.71,6024.06,0.0,0.0
600.33,37.25,38.6,36.67,36.62,8304.85,5556.61,6023.67,0.0,0.0
600.46,37.23,38.6,36.67,36.62,8306.77,5556.98,6023.67,0.0,0.0
600.52,37.23,38.61,36.67,36.62,8306.77,5554.4,6023.67,0.0,0.0
600.64,37.25,38.61,36.66,36.62,8304.85,5553.66,6024.06,0.0,0.0
600.71,37.23,38.64,36.66,36.62,8306.45,5548.87,6024.06,0.0,0.0
600.83,37.23,38.64,36.67,36.62,8307.09,5547.77,6023.67,0.0,0.0
600.92,37.23,38.66,36.66,36.62,8306.45,5543.35,6024.06,0.0,0.0
601.04,37.22,38.66,36.67,36.62,8307.73,5542.98,6023.67,0.0,0.0
601.11,37.25,38.66,36.66,36.62,8304.85,5542.25,6024.06,0.0,0.0
601.21,37.22,38.67,36.67,36.62,8307.41,5540.04,6023.67,0.0,0.0
601.32,37.26,38.67,36.66,36.62,8304.52,5540.04,6024.06,0.0,0.0
601.42,37.25,38.67,36.67,36.62,8304.85,5540.77,6023.67,0.0,0.0
601.53,37.27,38.67,36.67,36.62,8304.2,5540.04,6023.67,0.0,0.0
601.62,37.27,38.68,36.66,36.62,8302.6,5539.67,6024.06,0.0,0.0
601.7,37.27,38.68,36.67,36.63,8304.2,5539.3,6023.67,0.0,0.0
601.8,37.27,38.67,36.67,36.63,8302.6,5540.41,6023.27,0.0,0.0
601.92,37.27,38.68,36.67,36.63,8303.56,5539.3,6023.67,0.0,0.0
602.0,37.3,38.68,36.67,36.63,8301.32,5539.67,6023.67,0.0,0.0
602.11,37.27,38.68,36.67,36.63,8302.6,5538.93,6023.27,0.0,0.0
602.21,37.27,38.68,36.67,36.63,8303.88,5538.57,6023.27,0.0,0.0
602.31,37.31,38.68,36.66,36.63,8300.03,5539.3,6024.06,0.0,0.0
602.4,37.32,38.67,36.66,36.63,8298.75,5540.04,6024.06,0.0,0.0
602.54,37.32,38.68,36.67,36.63,8299.07,5538.57,6023.27,0.0,0.0
602.61,37.3,38.68,36.67,36.63,8300.68,5538.93,6023.27,0.0,0.0
602.7,37.34,38.68,36.67,36.63,8297.47,5538.93,6022.49,0.0,0.0
602.84,37.31,38.68,36.67,36.63,8300.35,5538.57,6023.67,0.0,0.0
602.94,37.36,38.68,36.67,36.63,8295.87,5538.57,6023.27,0.0,0.0
603.01,37.36,38.68,36.67,36.63,8296.51,5538.57,6023.67,0.0,0.0
603.12,37.34,38.68,36.66,36.63,8297.79,5538.57,6024.06,0.0,0.0
603.24,37.34,38.68,36.67,36.64,8297.79,5538.57,6023.67,0.0,0.0
603.34,37.35,38.68,36.67,36.64,8296.83,5538.57,6022.88,0.0,0.0
603.41,37.34,38.68,36.67,36.64,8297.79,5538.57,6023.67,0.0,0.0
603.52,37.36,38.68,36.67,36.64,8295.55,5538.57,6023.27,0.0,0.0
603.61,37.37,38.68,36.67,36.64,8294.9,5538.57,6023.27,0.0,0.0
603.71,37.33,38.68,36.67,36.64,8297.15,5538.57,6023.27,0.0,0.0
603.85,37.37,38.68,36.67,36.64,8294.9,5538.57,6022.88,0.0,0.0
603.9,37.38,38.68,36.68,36.64,8294.26,5538.57,6020.93,0.0,0.0
604.02,37.36,38.68,36.67,36.64,8295.87,5538.57,6022.1,0.0,0.0
604.11,37.37,38.68,36.68,36.64,8294.9,5538.57,6020.54,0.0,0.0
604.23,37.36,38.68,36.69,36.64,8295.87,5538.57,6017.8,0.0,0.0
604.3,37.36,38.68,36.69,36.64,8295.23,5538.57,6016.63,0.0,0.0
604.4,37.36,38.68,36.7,36.64,8295.55,5538.57,6014.28,0.0,0.0
604.54,37.38,38.68,36.69,36.64,8294.26,5538.57,6017.02,0.0,0.0
604.62,37.37,38.68,36.7,36.64,8294.9,5538.57,6015.06,0.0,0.0
604.71,37.37,38.68,36.7,36.65,8294.58,5538.57,6016.24,0.0,0.0
604.81,37.37,38.68,36.7,36.65,8294.58,5538.57,6013.89,0.0,0.0
604.93,37.36,38.68,36.71,36.65,8295.23,5538.57,6013.5,0.0,0.0
605.05,37.37,38.68,36.71,36.65,8294.58,5538.57,6012.72,0.0,0.0
605.09,37.37,38.68,36.72,36.65,8294.58,5538.57,6009.98,0.0,0.0
605.19,37.37,38.68,36.73,36.65,8294.9,5538.93,6007.25,0.0,0.0
605.3,37.37,38.68,36.74,36.65,8294.58,5538.57,6006.08,0.0,0.0
605.4,37.37,38.68,36.74,36.65,8294.9,5538.57,6004.52,0.0,0.0
605.52,37.38,38.68,36.75,36.65,8294.26,5538.57,6003.35,0.0,0.0
605.62,37.37,38.68,36.76,36.65,8293.62,5538.57,5999.45,0.0,0.0
605.7,37.38,38.68,36.75,36.65,8294.26,5538.57,6001.79,0.0,0.0
605.79,37.38,38.68,36.76,36.65,8293.94,5538.57,5999.45,0.0,0.0
605.9,37.37,38.68,36.76,36.65,8294.58,5538.57,5999.84,0.0,0.0
606.02,37.37,38.68,36.76,36.65,8294.9,5538.57,5999.06,0.0,0.0
606.11,37.38,38.68,36.76,36.65,8293.94,5538.93,5999.06,0.0,0.0
606.21,37.37,38.68,36.76,36.65,8294.9,5538.57,5999.06,0.0,0.0
606.32,37.37,38.68,36.76,36.66,8293.62,5538.57,5999.06,0.0,0.0
606.39,37.37,38.68,36.76,36.66,8294.9,5538.57,5999.06,0.0,0.0
606.53,37.37,38.68,36.76,36.66,8294.58,5538.57,5999.06,0.0,0.0
606.65,37.39,38.68,36.76,36.66,8292.98,5538.57,5999.06,0.0,0.0
606.7,37.38,38.68,36.76,36.66,8294.26,5538.57,5999.06,0.0,0.0
606.83,37.39,38.68,36.76,36.66,8292.98,5538.57,5998.67,0.0,0.0
606.92,37.37,38.68,36.76,36.66,8294.9,5538.57,5999.06,0.0,0.0
607.02,37.37,38.68,36.76,36.66,8294.58,5538.57,5998.67,0.0,0.0
607.09,37.39,38.68,36.76,36.66,8292.98,5538.57,5998.67,0.0,0.0
607.23,37.37,38.68,36.76,36.66,8293.62,5538.57,5998.67,0.0,0.0
607.32,37.38,38.68,36.76,36.66,8294.26,5538.57,5999.06,0.0,0.0
607.42,37.37,38.68,36.76,36.66,8294.58,5538.57,5998.67,0.0,0.0
607.5,37.38,38.68,36.76,36.66,8294.26,5538.57,5999.06,0.0,0.0
607.62,37.39,38.68,36.76,36.66,8292.98,5538.57,5999.06,0.0,0.0
607.72,37.38,38.68,36.76,36.66,8293.94,5538.57,5998.67,0.0,0.0
607.82,37.37,38.68,36.76,36.66,8294.9,5538.57,5998.67,0.0,0.0
607.9,37.37,38.68,36.76,36.66,8294.9,5538.57,5998.67,0.0,0.0
608.02,37.39,38.68,36.76,36.67,8292.66,5538.57,5999.06,0.0,0.0
608.12,37.37,38.68,36.76,36.67,8294.58,5538.57,5998.67,0.0,0.0
608.24,37.38,38.68,36.76,36.67,8293.94,5538.57,5999.06,0.0,0.0
608.33,37.37,38.68,36.76,36.67,8294.9,5538.57,5999.06,0.0,0.0
608.39,37.37,38.68,36.76,36.67,8294.9,5538.57,5998.67,0.0,0.0
608.52,37.37,38.68,36.76,36.67,8294.58,5538.2,5999.06,0.0,0.0
608.61,37.37,38.68,36.76,36.67,8294.58,5538.2,5999.06,0.0,0.0
608.74,37.38,38.68,36.76,36.67,8294.26,5538.57,5998.67,0.0,0.0
608.83,37.38,38.68,36.76,36.67,8293.94,5538.57,5999.06,0.0,0.0
608.91,37.39,38.68,36.76,36.67,8293.3,5538.57,5998.67,0.0,0.0
609.02,37.37,38.68,36.76,36.67,8294.58,5538.57,5998.67,0.0,0.0
609.12,37.38,38.68,36.76,36.67,8294.26,5538.57,5999.06,0.0,0.0
609.22,37.38,38.68,36.76,36.67,8294.26,5538.2,5999.06,0.0,0.0
609.31,37.38,38.69,36.76,36.67,8294.26,5537.46,5998.67,0.0,0.0
609.44,37.37,38.68,36.76,36.67,8294.9,5538.2,5998.67,0.0,0.0
609.5,37.37,38.69,36.76,36.67,8293.62,5537.46,5999.06,0.0,0.0
609.61,37.38,38.68,36.76,36.67,8294.26,5537.83,5999.06,0.0,0.0
609.71,37.37,38.69,36.76,36.67,8294.9,5537.46,5998.67,0.0,0.0
609.82,37.37,38.69,36.76,36.68,8294.58,5536.73,5998.67,0.0,0.0
609.92,37.37,38.69,36.76,36.68,8294.9,5535.99,5998.67,0.0,0.0
610.05,37.37,38.7,36.76,36.68,8294.9,5533.42,5999.06,0.0,0.0
610.11,37.37,38.71,36.76,36.68,8294.9,5532.32,5998.67,0.0,0.0
610.22,37.38,38.71,36.76,36.68,8293.94,5531.58,5999.06,0.0,0.0
610.32,37.37,38.71,36.77,36.68,8294.9,5531.58,5998.28,0.0,0.0
610.44,37.37,38.71,36.77,36.68,8294.58,5530.85,5998.28,0.0,0.0
610.54,37.38,38.74,36.76,36.68,8293.94,5526.07,5998.67,0.0,0.0
610.61,37.37,38.73,36.77,36.68,8294.9,5527.18,5996.33,0.0,0.0
610.75,37.37,38.74,36.77,36.68,8294.9,5525.34,5998.28,0.0,0.0
610.83,37.38,38.73,36.76,36.68,8294.26,5526.81,5998.67,0.0,0.0
610.91,37.37,38.73,36.76,36.68,8294.9,5527.18,5998.67,0.0,0.0
611.02,37.37,38.74,36.77,36.68,8293.62,5526.07,5998.28,0.0,0.0
611.11,37.37,38.74,36.77,36.68,8294.9,5524.24,5997.89,0.0,0.0
611.25,37.37,38.74,36.76,36.68,8294.9,5525.34,5998.67,0.0,0.0
611.32,37.36,38.75,36.77,36.68,8295.23,5523.14,5997.5,0.0,0.0
611.41,37.38,38.76,36.77,36.68,8294.26,5520.94,5998.28,0.0,0.0
611.54,37.38,38.76,36.77,36.68,8294.26,5520.2,5998.28,0.0,0.0
611.65,37.36,38.77,36.77,36.69,8295.55,5518.74,5997.89,0.0,0.0
611.72,37.36,38.77,36.77,36.69,8295.23,5518.74,5997.89,0.0,0.0
611.83,37.36,38.76,36.77,36.69,8295.23,5519.84,5996.72,0.0,0.0
611.91,37.36,38.77,36.78,36.69,8295.55,5519.1,5995.94,0.0,0.0
612.0,37.38,38.77,36.78,36.69,8294.26,5518.74,5995.55,0.0,0.0
612.13,37.36,38.78,36.77,36.69,8295.55,5516.9,5996.33,0.0,0.0
612.23,37.36,38.77,36.77,36.69,8295.23,5518.37,5996.33,0.0,0.0
612.32,37.36,38.78,36.78,36.69,8295.55,5516.9,5994.77,0.0,0.0
612.45,37.37,38.78,36.78,36.69,8294.9,5516.54,5994.77,0.0,0.0
612.51,37.33,38.78,36.78,36.69,8297.15,5516.9,5995.16,0.0,0.0
612.63,37.38,38.78,36.78,36.69,8293.94,5516.54,5995.55,0.0,0.0
612.72,37.36,38.78,36.78,36.69,8295.55,5516.17,5995.94,0.0,0.0
612.83,37.36,38.78,36.78,36.69,8295.23,5515.8,5995.55,0.0,0.0
612.93,37.33,38.78,36.79,36.69,8297.15,5515.8,5992.43,0.0,0.0
613.02,37.38,38.78,36.79,36.7,8294.26,5515.07,5991.26,0.0,0.0
613.11,37.35,38.78,36.8,36.7,8296.19,5515.43,5989.7,0.0,0.0
613.24,37.37,38.78,36.81,36.7,8294.9,5515.07,5986.98,0.0,0.0
613.31,37.36,38.78,36.82,36.7,8295.87,5515.43,5983.86,0.0,0.0
613.42,37.37,38.78,36.83,36.7,8294.9,5515.07,5982.7,0.0,0.0
613.54,37.37,38.78,36.85,36.7,8294.9,5515.43,5978.42,0.0,0.0
613.63,37.36,38.78,36.84,36.7,8295.55,5515.07,5978.8,0.0,0.0
613.7,37.36,38.78,36.85,36.7,8295.23,5515.07,5976.47,0.0,0.0
613.82,37.36,38.78,36.86,36.7,8295.23,5515.07,5975.69,0.0,0.0
613.92,37.36,38.78,36.86,36.7,8295.55,5515.07,5975.69,0.0,0.0
614.01,37.36,38.78,36.86,36.7,8295.87,5515.07,5974.14,0.0,0.0
614.09,37.36,38.78,36.86,36.7,8295.87,5515.07,5974.92,0.0,0.0
614.2,37.36,38.78,36.86,36.7,8295.55,5515.07,5974.14,0.0,0.0
614.33,37.36,38.78,36.86,36.71,8295.23,5515.07,5974.14,0.0,0.0
614.42,37.37,38.78,36.86,36.71,8294.58,5515.07,5974.14,0.0,0.0
614.5,37.36,38.78,36.86,36.71,8295.55,5515.07,5973.75,0.0,0.0
614.64,37.37,38.78,36.86,36.71,8294.58,5515.07,5974.53,0.0,0.0
614.74,37.37,38.78,36.86,36.71,8294.9,5515.07,5973.75,0.0,0.0
614.85,37.36,38.78,36.86,36.71,8295.23,5515.07,5973.75,0.0,0.0
614.92,37.37,38.78,36.86,36.71,8294.9,5515.07,5974.14,0.0,0.0
615.03,37.37,38.78,36.86,36.71,8294.9,5515.07,5974.14,0.0,0.0
615.14,37.38,38.78,36.86,36.71,8293.94,5514.7,5974.14,0.0,0.0
615.22,37.36,38.78,36.86,36.71,8295.87,5514.7,5973.75,0.0,0.0
615.34,37.36,38.79,36.86,36.71,8295.23,5514.34,5974.14,0.0,0.0
615.43,37.38,38.78,36.86,36.71,8294.26,5514.7,5974.14,0.0,0.0
615.51,37.37,38.78,36.86,36.71,8294.58,5515.07,5974.14,0.0,0.0
615.62,37.36,38.78,36.87,36.72,8295.55,5515.07,5973.36,0.0,0.0
615.72,37.36,38.79,36.86,36.72,8295.23,5514.34,5973.75,0.0,0.0
615.84,37.37,38.79,36.86,36.72,8294.9,5514.34,5974.14,0.0,0.0
615.92,37.37,38.79,36.86,36.72,8294.58,5513.97,5974.14,0.0,0.0
616.02,37.37,38.79,36.86,36.72,8294.9,5513.6,5973.75,0.0,0.0
616.12,37.38,38.79,36.86,36.72,8294.26,5512.87,5974.14,0.0,0.0
616.24,37.39,38.8,36.86,36.72,8293.3,5511.77,5974.14,0.0,0.0
616.34,37.38,38.81,36.86,36.72,8294.26,5508.84,5973.75,0.0,0.0
616.44,37.36,38.82,36.86,36.72,8295.23,5507.37,5973.75,0.0,0.0
616.53,37.37,38.83,36.86,36.72,8294.9,5504.44,5973.75,0.0,0.0
616.63,37.38,38.83,36.86,36.72,8293.94,5503.71,5973.75,0.0,0.0
616.74,37.37,38.85,36.86,36.72,8294.58,5500.78,5973.75,0.0,0.0
616.84,37.38,38.85,36.86,36.72,8293.94,5498.95,5974.14,0.0,0.0
616.91,37.37,38.86,36.86,36.73,8294.58,5498.59,5974.14,0.0,0.0
617.02,37.38,38.86,36.86,36.73,8294.26,5497.13,5974.14,0.0,0.0
617.1,37.38,38.87,36.86,36.73,8294.26,5496.03,5973.75,0.0,0.0
617.25,37.38,38.87,36.86,36.73,8293.94,5494.2,5973.75,0.0,0.0
617.32,37.38,38.88,36.86,36.73,8294.26,5493.1,5973.75,0.0,0.0
617.42,37.37,38.88,36.86,36.73,8294.9,5492.37,5973.75,0.0,0.0
617.53,37.39,38.88,36.86,36.73,8293.3,5492.01,5973.75,0.0,0.0
617.64,37.38,38.89,36.86,36.73,8294.26,5491.64,5974.14,0.0,0.0
617.74,37.38,38.89,36.86,36.73,8293.94,5491.64,5973.75,0.0,0.0
617.84,37.37,38.89,36.86,36.73,8293.62,5491.64,5973.75,0.0,0.0
617.94,37.37,38.89,36.86,36.73,8293.62,5491.64,5973.75,0.0,0.0
618.0,37.37,38.89,36.86,36.73,8294.58,5491.64,5974.14,0.0,0.0
618.12,37.37,38.89,36.87,36.74,8293.62,5491.64,5973.36,0.0,0.0
618.22,37.38,38.89,36.87,36.74,8294.26,5491.64,5972.97,0.0,0.0
618.33,37.37,38.89,36.86,36.74,8294.58,5491.64,5973.75,0.0,0.0
618.46,37.38,38.89,36.86,36.74,8293.94,5491.64,5973.75,0.0,0.0
618.52,37.38,38.89,36.86,36.74,8293.94,5491.64,5973.75,0.0,0.0
618.64,37.37,38.89,36.86,36.74,8293.62,5491.64,5973.75,0.0,0.0
618.74,37.38,38.89,36.86,36.74,8294.26,5491.64,5973.75,0.0,0.0
618.81,37.39,38.89,36.87,36.74,8292.98,5491.64,5973.36,0.0,0.0
618.94,37.4,38.89,36.87,36.74,8292.34,5491.64,5972.97,0.0,0.0
619.06,37.39,38.89,36.87,36.74,8293.3,5491.64,5971.81,0.0,0.0
619.12,37.4,38.89,36.88,36.75,8292.34,5491.64,5970.25,0.0,0.0
619.22,37.37,38.89,36.88,36.75,8293.62,5491.64,5969.86,0.0,0.0
619.35,37.39,38.89,36.89,36.75,8293.3,5491.64,5966.37,0.0,0.0
619.46,37.39,38.89,36.9,36.75,8293.3,5491.64,5965.98,0.0,0.0
619.52,37.38,38.89,36.91,36.75,8294.26,5491.64,5961.32,0.0,0.0
619.62,37.39,38.89,36.91,36.75,8292.98,5491.64,5962.1,0.0,0.0
619.76,37.39,38.89,36.92,36.75,8293.3,5491.64,5958.6,0.0,0.0
619.82,37.39,38.89,36.92,36.75,8292.66,5491.64,5960.93,0.0,0.0
619.92,37.4,38.89,36.93,36.75,8292.34,5491.64,5956.66,0.0,0.0
620.03,37.4,38.89,36.94,36.75,8291.06,5491.64,5954.34,0.0,0.0
620.13,37.4,38.89,36.94,36.76,8292.34,5491.64,5953.95,0.0,0.0
620.25,37.4,38.89,36.95,36.76,8291.06,5491.64,5953.17,0.0,0.0
620.35,37.4,38.89,36.96,36.76,8291.06,5491.64,5950.46,0.0,0.0
620.41,37.39,38.89,36.95,36.76,8292.66,5491.64,5952.4,0.0,0.0
620.54,37.41,38.89,36.95,36.76,8291.7,5491.64,5952.4,0.0,0.0
620.64,37.41,38.89,36.95,36.76,8291.7,5491.64,5952.4,0.0,0.0
620.7,37.4,38.89,36.95,36.76,8291.38,5491.64,5952.4,0.0,0.0
620.81,37.4,38.89,36.94,36.76,8291.06,5491.64,5954.72,0.0,0.0
620.94,37.41,38.89,36.94,36.76,8290.74,5491.64,5953.95,0.0,0.0
621.02,37.4,38.89,36.95,36.76,8291.06,5491.64,5953.17,0.0,0.0
621.11,37.43,38.89,36.94,36.77,8289.13,5491.64,5954.34,0.0,0.0
621.24,37.4,38.89,36.95,36.77,8291.06,5491.64,5953.56,0.0,0.0
621.34,37.44,38.89,36.95,36.77,8288.49,5491.64,5952.4,0.0,0.0
621.4,37.45,38.89,36.95,36.77,8287.21,5491.64,5952.01,0.0,0.0
621.56,37.45,38.89,36.95,36.77,8288.17,5491.64,5952.78,0.0,0.0
621.63,37.45,38.89,36.96,36.77,8287.53,5491.64,5950.46,0.0,0.0
621.73,37.42,38.89,36.96,36.77,8289.77,5491.64,5950.07,0.0,0.0
621.83,37.44,38.89,36.96,36.77,8289.45,5491.64,5950.46,0.0,0.0
621.93,37.45,38.89,36.96,36.77,8287.85,5491.64,5949.3,0.0,0.0
622.02,37.45,38.89,36.96,36.77,8286.89,5491.64,5949.68,0.0,0.0
622.15,37.45,38.89,36.96,36.77,8286.57,5491.64,5949.3,0.0,0.0
622.23,37.48,38.89,36.96,36.78,8285.61,5491.64,5949.68,0.0,0.0
622.33,37.45,38.89,36.96,36.78,8286.57,5491.64,5949.3,0.0,0.0
622.43,37.45,38.89,36.96,36.78,8287.53,5491.64,5949.3,0.0,0.0
622.56,37.5,38.89,36.96,36.78,8283.68,5491.28,5949.3,0.0,0.0
622.63,37.45,38.89,36.96,36.78,8286.57,5491.64,5949.3,0.0,0.0
622.74,37.48,38.89,36.96,36.78,8285.61,5491.64,5949.3,0.0,0.0
622.83,37.48,38.89,36.96,36.78,8285.29,5491.64,5949.3,0.0,0.0
622.91,37.48,38.89,36.96,36.78,8284.33,5491.64,5949.3,0.0,0.0
623.04,37.5,38.89,36.96,36.78,8282.72,5491.28,5949.3,0.0,0.0
623.13,37.48,38.89,36.96,36.78,8284.33,5491.64,5948.91,0.0,0.0
623.23,37.5,38.89,36.96,36.78,8282.72,5491.64,5949.3,0.0,0.0
623.31,37.5,38.89,36.96,36.78,8283.68,5491.64,5948.91,0.0,0.0
623.44,37.5,38.89,36.96,36.79,8283.36,5491.64,5949.3,0.0,0.0
623.55,37.5,38.89,36.96,36.79,8282.4,5491.64,5949.3,0.0,0.0
623.65,37.52,38.89,36.96,36.79,8281.76,5491.64,5949.3,0.0,0.0
623.72,37.5,38.89,36.96,36.79,8282.4,5491.64,5948.91,0.0,0.0
623.83,37.52,38.89,36.96,36.79,8281.12,5491.64,5948.91,0.0,0.0
623.91,37.53,38.89,36.96,36.79,8280.48,5491.64,5949.3,0.0,0.0
624.06,37.52,38.89,36.96,36.79,8281.12,5491.64,5949.3,0.0,0.0
624.13,37.56,38.89,36.96,36.79,8278.88,5491.64,5948.91,0.0,0.0
624.23,37.55,38.89,36.96,36.79,8278.56,5491.64,5949.3,0.0,0.0
624.33,37.56,38.89,36.96,36.79,8278.88,5491.64,5949.3,0.0,0.0
624.43,37.56,38.89,36.96,36.79,8278.24,5491.28,5949.3,0.0,0.0
624.5,37.53,38.89,36.96,36.79,8280.16,5491.64,5948.91,0.0,0.0
624.63,37.55,38.89,36.97,36.8,8279.2,5491.64,5948.52,0.0,0.0
624.73,37.54,38.89,36.97,36.8,8279.52,5491.64,5948.52,0.0,0.0
624.84,37.55,38.89,36.96,36.8,8278.56,5491.64,5948.91,0.0,0.0
624.92,37.56,38.89,36.96,36.8,8277.91,5491.64,5949.3,0.0,0.0
625.0,37.56,38.89,36.96,36.8,8278.24,5491.28,5948.91,0.0,0.0
625.13,37.58,38.89,36.96,36.8,8276.63,5491.64,5949.3,0.0,0.0
625.24,37.58,38.89,36.96,36.8,8276.63,5491.64,5948.91,0.0,0.0
625.33,37.58,38.89,36.96,36.8,8276.95,5491.64,5949.3,0.0,0.0
625.4,37.57,38.89,36.96,36.8,8277.27,5491.64,5948.91,0.0,0.0
625.54,37.6,38.89,36.96,36.8,8275.67,5491.64,5948.91,0.0,0.0
625.64,37.58,38.89,36.97,36.8,8275.99,5491.64,5948.52,0.0,0.0
625.74,37.56,38.89,36.97,36.8,8277.91,5491.64,5948.52,0.0,0.0
625.83,37.58,38.89,36.96,36.8,8276.95,5491.64,5948.91,0.0,0.0
625.91,37.59,38.89,36.96,36.81,8275.35,5491.64,5948.91,0.0,0.0
626.05,37.58,38.89,36.97,36.81,8275.99,5491.64,5948.13,0.0,0.0
626.14,37.59,38.89,36.96,36.81,8275.35,5491.64,5949.3,0.0,0.0
626.21,37.6,38.89,36.96,36.81,8275.67,5491.64,5948.91,0.0,0.0
626.3,37.6,38.89,36.97,36.81,8275.67,5491.64,5948.52,0.0,0.0
626.43,37.6,38.89,36.96,36.81,8275.67,5491.64,5948.91,0.0,0.0
626.52,37.58,38.89,36.97,36.81,8275.99,5491.64,5948.52,0.0,0.0
626.65,37.6,38.89,36.96,36.81,8274.71,5491.64,5948.91,0.0,0.0
626.73,37.6,38.89,36.97,36.81,8274.71,5491.64,5948.13,0.0,0.0
626.84,37.58,38.89,36.97,36.81,8276.95,5491.64,5947.36,0.0,0.0
626.92,37.6,38.89,36.97,36.81,8275.67,5491.64,5947.36,0.0,0.0
627.0,37.58,38.89,36.97,36.81,8275.99,5491.64,5946.97,0.0,0.0
627.15,37.59,38.89,36.97,36.81,8275.35,5491.64,5947.36,0.0,0.0
627.25,37.61,38.89,36.97,36.81,8274.39,5491.64,5948.52,0.0,0.0
627.35,37.59,38.89,36.97,36.82,8276.31,5491.64,5947.36,0.0,0.0
627.4,37.59,38.89,36.98,36.82,8275.35,5491.64,5945.03,0.0,0.0
627.56,37.59,38.89,36.99,36.82,8275.35,5491.64,5943.48,0.0,0.0
627.62,37.59,38.89,37.0,36.82,8275.35,5491.64,5940.77,0.0,0.0
627.75,37.58,38.89,37.0,36.82,8275.03,5491.64,5940.77,0.0,0.0
627.85,37.61,38.89,37.01,36.82,8274.07,5491.64,5936.52,0.0,0.0
627.91,37.59,38.89,37.01,36.82,8275.35,5491.64,5937.29,0.0,0.0
628.0,37.58,38.89,37.02,36.82,8275.99,5491.64,5935.36,0.0,0.0
628.14,37.58,38.89,37.02,36.82,8276.63,5491.64,5933.81,0.0,0.0
628.24,37.58,38.89,37.02,36.82,8275.03,5491.64,5935.36,0.0,0.0
628.32,37.58,38.89,37.03,36.82,8276.63,5491.64,5933.04,0.0,0.0
628.44,37.56,38.89,37.03,36.82,8278.24,5491.64,5931.88,0.0,0.0
628.54,37.57,38.89,37.03,36.82,8277.27,5491.64,5931.49,0.0,0.0
628.64,37.57,38.89,37.04,36.82,8277.27,5491.64,5929.94,0.0,0.0
628.7,37.59,38.89,37.04,36.82,8276.31,5491.64,5928.78,0.0,0.0
628.83,37.56,38.89,37.04,36.83,8278.24,5491.64,5929.56,0.0,0.0
628.92,37.55,38.89,37.05,36.83,8278.56,5491.64,5928.01,0.0,0.0
629.02,37.58,38.89,37.05,36.83,8276.95,5491.64,5927.24,0.0,0.0
629.12,37.56,38.89,37.06,36.83,8277.91,5491.64,5926.08,0.0,0.0
629.23,37.55,38.89,37.05,36.83,8279.2,5491.64,5926.85,0.0,0.0
629.34,37.55,38.89,37.06,36.83,8279.2,5491.64,5925.3,0.0,0.0
629.44,37.56,38.89,37.06,36.83,8278.24,5491.64,5925.3,0.0,0.0
629.5,37.54,38.89,37.06,36.83,8279.52,5491.64,5924.92,0.0,0.0
629.64,37.56,38.89,37.06,36.83,8278.24,5491.64,5925.3,0.0,0.0
629.74,37.53,38.89,37.06,36.83,8280.16,5491.64,5924.92,0.0,0.0
629.85,37.55,38.89,37.06,36.83,8279.2,5491.64,5924.92,0.0,0.0
629.96,37.56,38.89,37.06,36.83,8278.24,5491.64,5925.3,0.0,0.0
630.02,37.54,38.89,37.06,36.83,8279.52,5491.64,5925.3,0.0,0.0
630.13,37.56,38.89,37.06,36.83,8277.91,5491.64,5924.92,0.0,0.0
630.28,37.54,38.89,37.06,36.83,8279.52,5491.64,5925.69,0.0,0.0
630.31,37.53,38.89,37.06,36.83,8279.84,5491.64,5924.92,0.0,0.0
630.42,37.53,38.89,37.06,36.84,8280.48,5491.64,5924.53,0.0,0.0
630.53,37.57,38.89,37.06,36.84,8277.59,5491.64,5924.53,0.0,0.0
630.67,37.53,38.89,37.06,36.84,8280.48,5491.64,5924.53,0.0,0.0
630.72,37.54,38.89,37.06,36.84,8280.8,5491.64,5924.53,0.0,0.0
630.86,37.5,38.89,37.06,36.84,8282.4,5491.64,5924.53,0.0,0.0
630.96,37.5,38.89,37.06,36.84,8282.4,5491.64,5924.53,0.0,0.0
631.02,37.52,38.89,37.06,36.84,8281.12,5491.28,5924.53,0.0,0.0
631.16,37.52,38.89,37.06,36.84,8281.76,5491.28,5924.53,0.0,0.0
631.24,37.5,38.89,37.06,36.84,8283.04,5491.28,5924.14,0.0,0.0
631.35,37.5,38.89,37.06,36.84,8283.68,5491.28,5924.53,0.0,0.0
631.43,37.5,38.89,37.06,36.84,8283.36,5491.28,5924.53,0.0,0.0
631.54,37.5,38.89,37.06,36.84,8282.72,5491.28,5924.53,0.0,0.0
631.63,37.53,38.89,37.06,36.84,8280.48,5491.28,5924.53,0.0,0.0
631.74,37.5,38.89,37.06,36.84,8283.36,5490.18,5924.53,0.0,0.0
631.82,37.5,38.89,37.06,36.84,8282.72,5490.54,5924.14,0.0,0.0
631.95,37.5,38.89,37.06,36.84,8282.72,5491.28,5924.14,0.0,0.0
632.05,37.5,38.89,37.06,36.84,8282.4,5491.28,5924.14,0.0,0.0
632.14,37.5,38.89,37.06,36.85,8283.68,5490.91,5924.14,0.0,0.0
632.24,37.5,38.89,37.06,36.85,8282.4,5491.28,5924.53,0.0,0.0
632.36,37.5,38.89,37.06,36.85,8282.08,5490.18,5924.14,0.0,0.0
632.42,37.52,38.89,37.06,36.85,8281.12,5491.64,5924.14,0.0,0.0
632.53,37.53,38.89,37.06,36.85,8281.44,5490.18,5924.53,0.0,0.0
632.66,37.5,38.89,37.06,36.85,8283.04,5490.54,5924.53,0.0,0.0
632.75,37.52,38.89,37.06,36.85,8281.76,5490.18,5924.53,0.0,0.0
632.82,37.53,38.89,37.06,36.85,8280.48,5490.54,5924.14,0.0,0.0
632.95,37.54,38.89,37.06,36.85,8280.8,5490.54,5924.53,0.0,0.0
633.06,37.53,38.9,37.06,36.85,8280.16,5488.35,5924.53,0.0,0.0
633.12,37.53,38.91,37.06,36.85,8281.44,5485.43,5924.53,0.0,0.0
633.23,37.55,38.92,37.06,36.85,8279.2,5483.6,5924.53,0.0,0.0
633.37,37.55,38.92,37.06,36.85,8279.2,5483.97,5924.14,0.0,0.0
633.42,37.53,38.92,37.06,36.85,8280.16,5483.24,5924.53,0.0,0.0
633.53,37.56,38.94,37.06,36.85,8277.91,5479.95,5924.53,0.0,0.0
633.64,37.55,38.94,37.06,36.85,8278.56,5478.49,5924.14,0.0,0.0
633.75,37.58,38.95,37.06,36.85,8276.63,5477.77,5924.53,0.0,0.0
633.85,37.56,38.96,37.06,36.85,8278.24,5475.94,5924.53,0.0,0.0
633.91,37.56,38.96,37.06,36.86,8278.24,5475.58,5924.53,0.0,0.0
634.02,37.58,38.96,37.06,36.86,8276.63,5474.85,5924.53,0.0,0.0
634.15,37.56,38.97,37.06,36.86,8277.91,5473.02,5924.14,0.0,0.0
634.26,37.58,38.98,37.06,36.86,8275.99,5470.84,5924.14,0.0,0.0
634.37,37.57,38.98,37.06,36.86,8277.27,5471.2,5924.53,0.0,0.0
634.45,37.57,38.98,37.06,36.86,8277.27,5470.11,5924.14,0.0,0.0
634.58,37.56,38.98,37.06,36.86,8277.91,5469.38,5924.53,0.0,0.0
634.61,37.6,38.99,37.06,36.86,8275.67,5468.65,5924.14,0.0,0.0
634.75,37.58,38.99,37.06,36.86,8276.95,5469.01,5924.14,0.0,0.0
634.86,37.58,38.99,37.07,36.86,8276.63,5468.65,5923.76,0.0,0.0
634.96,37.58,38.99,37.06,36.86,8275.99,5468.29,5924.14,0.0,0.0
635.04,37.58,38.99,37.06,36.86,8275.03,5468.29,5924.14,0.0,0.0
635.15,37.61,38.99,37.06,36.86,8274.07,5468.65,5924.14,0.0,0.0
635.24,37.61,38.99,37.06,36.86,8274.39,5468.29,5924.53,0.0,0.0
635.35,37.6,38.99,37.06,36.87,8275.67,5468.29,5924.14,0.0,0.0
635.45,37.58,38.99,37.06,36.87,8275.03,5468.29,5924.14,0.0,0.0
635.53,37.61,38.99,37.06,36.87,8274.39,5468.29,5924.14,0.0,0.0
635.64,37.61,38.99,37.06,36.87,8274.39,5468.29,5924.14,0.0,0.0
635.77,37.61,38.99,37.06,36.87,8274.39,5468.29,5924.14,0.0,0.0
635.83,37.58,38.99,37.06,36.87,8275.03,5468.29,5924.53,0.0,0.0
635.95,37.61,38.99,37.06,36.87,8274.07,5468.29,5924.53,0.0,0.0
636.06,37.6,38.99,37.06,36.87,8273.75,5468.29,5924.53,0.0,0.0
636.13,37.58,38.99,37.06,36.87,8275.03,5468.29,5924.14,0.0,0.0
636.25,37.6,38.99,37.06,36.87,8274.71,5468.29,5924.14,0.0,0.0
636.35,37.6,38.99,37.06,36.87,8274.71,5468.29,5924.14,0.0,0.0
636.41,37.58,38.99,37.06,36.88,8275.03,5468.29,5924.53,0.0,0.0
636.55,37.6,38.99,37.06,36.88,8273.75,5468.29,5924.14,0.0,0.0
636.66,37.61,38.99,37.06,36.88,8274.39,5468.29,5924.14,0.0,0.0
636.76,37.6,38.99,37.06,36.88,8274.71,5468.29,5924.53,0.0,0.0
636.84,37.61,38.99,37.06,36.88,8274.39,5468.29,5924.14,0.0,0.0
636.95,37.6,38.99,37.06,36.88,8273.75,5468.29,5924.53,0.0,0.0
637.09,37.61,38.99,37.06,36.88,8274.39,5468.29,5924.53,0.0,0.0
637.14,37.6,38.99,37.06,36.88,8274.71,5468.29,5924.14,0.0,0.0
637.25,37.6,38.99,37.06,36.88,8273.75,5468.29,5924.14,0.0,0.0
637.35,37.61,38.99,37.06,36.88,8274.39,5468.29,5924.14,0.0,0.0
637.41,37.61,38.99,37.06,36.88,8273.11,5468.29,5924.14,0.0,0.0
637.55,37.6,38.99,37.06,36.88,8273.75,5467.92,5924.53,0.0,0.0
637.66,37.61,38.99,37.06,36.88,8272.79,5467.92,5924.53,0.0,0.0
637.76,37.61,38.99,37.07,36.89,8274.07,5468.29,5923.37,0.0,0.0
637.82,37.61,38.99,37.06,36.89,8274.07,5468.29,5924.14,0.0,0.0
637.94,37.61,38.99,37.06,36.89,8272.79,5467.92,5924.14,0.0,0.0
638.04,37.61,38.99,37.07,36.89,8274.39,5468.29,5923.37,0.0,0.0
638.16,37.62,38.99,37.07,36.89,8273.43,5467.92,5923.76,0.0,0.0
638.26,37.6,38.99,37.07,36.89,8273.75,5468.29,5923.37,0.0,0.0
638.38,37.61,38.99,37.07,36.89,8273.11,5468.29,5923.37,0.0,0.0
638.49,37.6,38.99,37.06,36.89,8273.75,5467.92,5924.14,0.0,0.0
638.57,37.6,38.99,37.07,36.89,8273.75,5468.29,5923.37,0.0,0.0
638.68,37.62,38.99,37.07,36.89,8273.43,5468.29,5923.37,0.0,0.0
638.72,37.6,38.99,37.07,36.89,8273.75,5467.92,5923.37,0.0,0.0
638.84,37.63,38.99,37.07,36.89,8272.47,5468.29,5922.6,0.0,0.0
638.95,37.61,38.99,37.06,36.89,8272.79,5467.92,5924.14,0.0,0.0
639.01,37.61,38.99,37.07,36.9,8272.79,5467.92,5923.76,0.0,0.0
639.14,37.62,38.99,37.07,36.9,8273.43,5467.92,5923.76,0.0,0.0
639.24,37.61,38.99,37.07,36.9,8272.79,5468.29,5922.6,0.0,0.0
639.34,37.64,38.99,37.07,36.9,8271.51,5468.29,5923.76,0.0,0.0
639.45,37.63,38.99,37.06,36.9,8271.18,5467.92,5924.14,0.0,0.0
639.56,37.63,38.99,37.07,36.9,8272.47,5468.29,5923.76,0.0,0.0
639.66,37.63,38.99,37.06,36.9,8272.47,5467.92,5924.14,0.0,0.0
639.77,37.63,38.99,37.06,36.9,8271.83,5468.29,5924.53,0.0,0.0
639.86,37.61,38.99,37.07,36.9,8272.79,5468.29,5923.37,0.0,0.0
639.96,37.61,38.99,37.07,36.9,8272.79,5468.29,5923.76,0.0,0.0
640.05,37.64,38.99,37.07,36.9,8270.86,5467.92,5923.76,0.0,0.0
640.15,37.61,38.99,37.07,36.9,8273.11,5467.92,5923.76,0.0,0.0
640.27,37.63,38.99,37.07,36.9,8271.18,5468.29,5923.76,0.0,0.0
640.35,37.65,38.99,37.07,36.91,8270.22,5467.92,5923.37,0.0,0.0
640.44,37.65,38.99,37.06,36.91,8270.54,5467.92,5924.53,0.0,0.0
640.56,37.63,38.99,37.07,36.91,8271.18,5468.29,5923.76,0.0,0.0
640.7,37.63,38.99,37.07,36.91,8272.15,5468.29,5923.76,0.0,0.0
640.74,37.64,38.99,37.07,36.91,8271.51,5467.92,5923.76,0.0,0.0
640.85,37.64,38.99,37.06,36.91,8270.86,5467.56,5924.14,0.0,0.0
640.92,37.65,38.99,37.07,36.91,8270.22,5468.29,5923.76,0.0,0.0
641.06,37.68,38.99,37.07,36.91,8267.98,5468.29,5923.37,0.0,0.0
641.18,37.63,38.99,37.07,36.91,8272.15,5468.29,5923.76,0.0,0.0
641.22,37.63,38.99,37.06,36.91,8271.83,5468.29,5924.14,0.0,0.0
641.36,37.67,38.99,37.07,36.91,8268.3,5468.29,5922.99,0.0,0.0
641.45,37.65,38.99,37.07,36.91,8268.94,5468.29,5923.76,0.0,0.0
641.57,37.65,38.99,37.07,36.91,8269.58,5468.29,5923.76,0.0,0.0
641.67,37.68,38.99,37.06,36.91,8267.66,5467.92,5924.53,0.0,0.0
641.76,37.67,38.99,37.06,36.91,8268.62,5468.29,5924.14,0.0,0.0
641.88,37.68,38.99,37.07,36.92,8267.98,5468.29,5922.99,0.0,0.0
641.96,37.67,38.99,37.07,36.92,8268.3,5468.29,5923.37,0.0,0.0
642.09,37.68,38.99,37.07,36.92,8267.66,5468.29,5923.76,0.0,0.0
642.26,37.65,38.99,37.07,36.92,8269.26,5468.29,5923.37,0.0,0.0
642.38,37.69,38.99,37.07,36.92,8267.02,5468.29,5923.37,0.0,0.0
642.38,37.67,38.99,37.07,36.92,8267.34,5468.29,5923.76,0.0,0.0
642.42,37.67,38.99,37.07,36.92,8267.34,5468.29,5923.76,0.0,0.0
642.66,37.67,38.99,37.07,36.92,8268.62,5468.29,5923.76,0.0,0.0
642.75,37.69,38.99,37.07,36.92,8266.7,5468.29,5922.99,0.0,0.0
642.75,37.69,38.99,37.06,36.92,8266.7,5468.29,5924.14,0.0,0.0
642.87,37.71,38.99,37.07,36.92,8265.74,5468.29,5923.37,0.0,0.0
643.04,37.68,38.99,37.06,36.92,8267.66,5468.29,5924.14,0.0,0.0
643.12,37.67,38.99,37.07,36.92,8268.3,5468.29,5923.37,0.0,0.0
643.12,37.67,38.99,37.07,36.92,8267.34,5468.29,5922.99,0.0,0.0
643.24,37.67,38.99,37.06,36.92,8268.62,5468.29,5924.14,0.0,0.0
643.47,37.69,38.99,37.06,36.92,8266.7,5468.29,5924.14,0.0,0.0
643.59,37.71,38.99,37.07,36.93,8265.74,5468.29,5923.76,0.0,0.0
643.67,37.69,38.99,37.07,36.93,8267.02,5468.29,5923.76,0.0,0.0
643.81,37.69,38.99,37.06,36.93,8266.38,5468.29,5924.14,0.0,0.0
643.87,37.69,38.99,37.06,36.93,8266.38,5468.29,5924.14,0.0,0.0
643.9,37.68,38.99,37.07,36.93,8267.66,5468.29,5923.76,0.0,0.0
644.06,37.69,38.99,37.07,36.93,8266.38,5468.29,5923.37,0.0,0.0
644.15,37.7,38.99,37.07,36.93,8266.06,5468.29,5923.76,0.0,0.0
644.25,37.71,38.99,37.06,36.93,8263.81,5468.29,5924.14,0.0,0.0
644.44,37.71,38.99,37.07,36.93,8263.81,5468.29,5923.76,0.0,0.0
644.52,37.72,38.99,37.06,36.93,8264.46,5468.29,5924.14,0.0,0.0
644.63,37.7,38.99,37.06,36.93,8266.06,5468.29,5924.14,0.0,0.0
644.78,37.7,38.99,37.06,36.93,8265.1,5468.29,5924.14,0.0,0.0
644.86,37.74,38.99,37.07,36.93,8262.85,5468.29,5923.76,0.0,0.0
644.92,37.7,38.99,37.06,36.93,8265.42,5468.29,5924.53,0.0,0.0
645.1,37.72,38.99,37.06,36.93,8264.46,5468.29,5924.14,0.0,0.0
645.13,37.7,38.99,37.06,36.93,8265.42,5468.29,5924.53,0.0,0.0
645.27,37.75,38.99,37.07,36.94,8262.21,5468.29,5923.76,0.0,0.0
645.38,37.71,38.99,37.07,36.94,8263.81,5468.29,5923.76,0.0,0.0
645.49,37.75,38.99,37.06,36.94,8262.21,5468.29,5924.14,0.0,0.0
645.58,37.75,38.99,37.06,36.94,8261.57,5468.29,5924.14,0.0,0.0
645.69,37.75,38.99,37.06,36.94,8261.57,5468.29,5924.14,0.0,0.0
645.84,37.74,38.99,37.06,36.94,8262.85,5467.92,5924.53,0.0,0.0
645.86,37.74,38.99,37.06,36.94,8262.85,5468.29,5924.53,0.0,0.0
645.95,37.74,38.99,37.06,36.94,8262.53,5468.29,5924.53,0.0,0.0
646.05,37.72,38.99,37.06,36.94,8263.5,5468.29,5924.14,0.0,0.0
646.24,37.78,38.99,37.06,36.94,8258.69,5468.29,5924.53,0.0,0.0
646.36,37.75,38.99,37.06,36.94,8260.93,5467.92,5924.53,0.0,0.0
646.5,37.78,38.99,37.06,36.94,8260.29,5468.29,5924.14,0.0,0.0
646.65,37.75,38.99,37.07,36.94,8260.61,5468.29,5923.76,0.0,0.0
646.73,37.75,38.99,37.07,36.94,8262.21,5468.29,5923.76,0.0,0.0
646.92,37.76,38.99,37.06,36.94,8261.25,5468.29,5924.14,0.0,0.0
647.01,37.75,38.99,37.06,36.94,8260.93,5468.29,5924.53,0.0,0.0
647.13,37.75,38.99,37.06,36.94,8260.93,5468.29,5924.14,0.0,0.0
647.34,37.78,38.99,37.06,36.94,8259.65,5468.29,5924.53,0.0,0.0
647.42,37.75,38.99,37.06,36.94,8260.93,5468.29,5924.14,0.0,0.0
647.52,37.75,38.99,37.06,36.95,8260.61,5467.92,5924.53,0.0,0.0
647.82,37.76,38.99,37.06,36.95,8259.97,5467.92,5924.14,0.0,0.0
647.92,37.78,38.99,37.06,36.95,8258.37,5467.92,5924.14,0.0,0.0
647.94,37.74,38.99,37.07,36.95,8261.89,5467.92,5923.76,0.0,0.0
648.05,37.75,38.99,37.06,36.95,8260.61,5467.56,5924.53,0.0,0.0
648.11,37.78,38.99,37.06,36.95,8258.69,5467.92,5924.14,0.0,0.0
648.21,37.79,38.99,37.07,36.95,8257.73,5467.92,5923.37,0.0,0.0
648.4,37.79,38.99,37.06,36.95,8257.41,5467.56,5924.14,0.0,0.0
648.48,37.78,38.99,37.07,36.95,8258.37,5467.56,5923.76,0.0,0.0
648.56,37.81,38.99,37.06,36.95,8256.77,5467.92,5924.14,0.0,0.0
648.72,37.78,39.0,37.06,36.95,8258.05,5466.46,5924.14,0.0,0.0
648.81,37.81,38.99,37.06,36.95,8255.48,5467.19,5924.53,0.0,0.0
648.93,37.78,38.99,37.06,36.95,8258.69,5467.56,5924.14,0.0,0.0
649.05,37.8,39.0,37.07,36.95,8256.13,5466.83,5923.76,0.0,0.0
649.08,37.8,38.99,37.06,36.95,8256.13,5467.56,5924.14,0.0,0.0
649.1,37.8,39.01,37.06,36.95,8257.09,5464.64,5924.14,0.0,0.0
649.24,37.79,39.0,37.06,36.95,8257.73,5465.74,5924.53,0.0,0.0
649.35,37.78,39.0,37.06,36.95,8258.69,5466.1,5924.53,0.0,0.0
649.36,37.8,39.0,37.07,36.95,8257.09,5466.1,5923.37,0.0,0.0
649.51,37.81,39.0,37.07,36.96,8256.45,5465.74,5923.37,0.0,0.0
649.66,37.81,39.01,37.07,36.96,8256.45,5463.91,5923.76,0.0,0.0
649.68,37.79,39.0,37.06,36.96,8257.41,5466.1,5924.14,0.0,0.0
649.76,37.82,39.0,37.07,36.96,8255.8,5465.01,5923.76,0.0,0.0
649.87,37.8,39.01,37.07,36.96,8257.09,5464.28,5923.76,0.0,0.0
650.02,37.82,39.01,37.07,36.96,8255.8,5463.91,5923.76,0.0,0.0
650.04,37.82,39.02,37.07,36.96,8255.16,5462.46,5923.76,0.0,0.0
650.15,37.82,39.02,37.06,36.96,8255.16,5461.36,5924.14,0.0,0.0
650.35,37.83,39.02,37.06,36.96,8254.52,5461.0,5924.53,0.0,0.0
650.43,37.82,39.03,37.07,36.96,8254.84,5459.91,5923.76,0.0,0.0
650.54,37.82,39.02,37.07,36.96,8254.84,5460.27,5923.76,0.0,0.0
650.55,37.81,39.04,37.07,36.96,8255.48,5457.36,5923.76,0.0,0.0
650.78,37.82,39.04,37.07,36.96,8255.16,5457.36,5923.76,0.0,0.0
650.81,37.82,39.04,37.06,36.96,8254.84,5457.0,5924.14,0.0,0.0
650.97,37.84,39.04,37.07,36.96,8254.2,5455.91,5923.76,0.0,0.0
651.12,37.84,39.04,37.07,36.96,8254.2,5456.27,5923.37,0.0,0.0
651.17,37.81,39.04,37.06,36.96,8255.48,5457.0,5924.14,0.0,0.0
651.19,37.84,39.04,37.06,36.96,8253.88,5456.27,5924.14,0.0,0.0
651.2,37.84,39.04,37.06,36.96,8253.88,5456.27,5924.14,0.0,0.0
651.22,37.84,39.04,37.07,36.96,8253.88,5456.27,5923.76,0.0,0.0
651.22,37.84,39.05,37.06,36.97,8253.88,5455.18,5924.14,0.0,0.0
651.22,37.82,39.05,37.07,36.97,8254.84,5454.45,5923.76,0.0,0.0
651.23,37.83,39.05,37.07,36.97,8254.52,5454.45,5923.76,0.0,0.0
651.23,37.83,39.05,37.06,36.97,8254.52,5454.45,5924.53,0.0,0.0
651.24,37.85,39.05,37.06,36.97,8252.28,5454.45,5924.14,0.0,0.0
651.42,37.84,39.05,37.07,36.97,8253.24,5454.09,5923.76,0.0,0.0
651.59,37.84,39.07,37.07,36.97,8253.88,5450.81,5922.99,0.0,0.0
651.72,37.85,39.07,37.07,36.97,8252.92,5450.45,5922.99,0.0,0.0
651.92,37.84,39.06,37.07,36.97,8253.24,5451.54,5922.99,0.0,0.0
652.07,37.83,39.07,37.07,36.97,8254.52,5450.45,5923.37,0.0,0.0
652.15,37.84,39.07,37.07,36.97,8253.56,5450.81,5923.76,0.0,0.0
652.25,37.85,39.07,37.07,36.97,8252.92,5449.36,5923.76,0.0,0.0
652.4,37.84,39.08,37.08,36.97,8254.2,5448.27,5920.67,0.0,0.0
652.5,37.85,39.07,37.07,36.97,8252.92,5449.36,5922.6,0.0,0.0
652.67,37.84,39.08,37.07,36.97,8253.56,5448.63,5921.44,0.0,0.0
652.75,37.85,39.08,37.08,36.97,8252.28,5446.82,5920.28,0.0,0.0
652.85,37.84,39.09,37.08,36.98,8253.56,5446.09,5919.9,0.0,0.0
653.01,37.86,39.09,37.09,36.98,8252.6,5445.73,5917.58,0.0,0.0
653.07,37.84,39.09,37.1,36.98,8253.88,5446.45,5914.49,0.0,0.0
653.15,37.84,39.09,37.11,36.98,8254.2,5445.36,5913.72,0.0,0.0
653.27,37.84,39.09,37.12,36.98,8253.24,5445.73,5910.64,0.0,0.0
653.44,37.84,39.09,37.13,36.98,8253.24,5445.73,5906.78,0.0,0.0
653.55,37.84,39.09,37.14,36.98,8254.2,5445.73,5906.39,0.0,0.0
653.7,37.84,39.09,37.15,36.98,8253.88,5445.73,5903.31,0.0,0.0
653.75,37.84,39.09,37.15,36.98,8253.24,5445.36,5902.93,0.0,0.0
653.8,37.85,39.09,37.16,36.98,8252.92,5445.0,5901.38,0.0,0.0
653.91,37.84,39.09,37.16,36.98,8253.56,5445.73,5900.61,0.0,0.0
654.01,37.85,39.09,37.16,36.98,8252.92,5445.0,5899.84,0.0,0.0
654.08,37.83,39.09,37.16,36.98,8254.52,5445.0,5899.84,0.0,0.0
654.15,37.86,39.09,37.16,36.98,8251.32,5445.0,5899.84,0.0,0.0
654.3,37.85,39.09,37.16,36.99,8252.92,5445.0,5899.84,0.0,0.0
654.45,37.85,39.09,37.16,36.99,8252.92,5445.0,5899.84,0.0,0.0
654.57,37.84,39.09,37.16,36.99,8253.56,5445.36,5899.46,0.0,0.0
654.65,37.84,39.09,37.16,36.99,8253.56,5445.0,5899.84,0.0,0.0
654.7,37.84,39.09,37.16,36.99,8253.88,5445.0,5899.84,0.0,0.0
654.79,37.85,39.09,37.16,36.99,8252.28,5445.0,5899.84,0.0,0.0
654.88,37.85,39.09,37.16,36.99,8251.96,5445.0,5899.46,0.0,0.0
655.04,37.86,39.09,37.16,36.99,8252.6,5445.0,5899.84,0.0,0.0
655.14,37.84,39.09,37.16,36.99,8253.24,5445.0,5899.84,0.0,0.0
655.15,37.86,39.09,37.16,36.99,8252.6,5445.0,5899.84,0.0,0.0
655.16,37.85,39.09,37.16,36.99,8252.92,5445.0,5899.84,0.0,0.0
655.17,37.84,39.09,37.16,36.99,8253.24,5445.0,5899.46,0.0,0.0
655.17,37.84,39.09,37.16,36.99,8254.2,5445.0,5899.84,0.0,0.0
655.18,37.84,39.09,37.16,37.0,8253.24,5445.0,5899.84,0.0,0.0
655.24,37.85,39.09,37.16,37.0,8252.92,5445.0,5899.84,0.0,0.0
655.35,37.84,39.09,37.16,37.0,8253.24,5445.0,5899.84,0.0,0.0
655.5,37.84,39.09,37.16,37.0,8254.2,5445.0,5899.46,0.0,0.0
655.6,37.85,39.09,37.16,37.0,8252.28,5445.0,5899.46,0.0,0.0
655.76,37.86,39.09,37.16,37.0,8252.6,5445.0,5899.46,0.0,0.0
655.87,37.84,39.09,37.16,37.0,8253.24,5445.0,5899.46,0.0,0.0
655.88,37.84,39.09,37.16,37.0,8253.56,5445.0,5900.23,0.0,0.0
656.03,37.84,39.09,37.16,37.0,8253.24,5445.0,5899.84,0.0,0.0
656.19,37.84,39.09,37.16,37.0,8253.56,5445.0,5899.84,0.0,0.0
656.27,37.84,39.09,37.16,37.0,8253.56,5445.0,5899.84,0.0,0.0
656.36,37.85,39.09,37.16,37.0,8251.96,5445.0,5899.84,0.0,0.0
656.5,37.85,39.09,37.16,37.0,8252.92,5445.0,5899.84,0.0,0.0
656.5,37.84,39.09,37.16,37.0,8253.24,5445.0,5899.84,0.0,0.0
656.69,37.84,39.09,37.16,37.0,8254.2,5445.0,5899.84,0.0,0.0
656.85,37.84,39.09,37.16,37.01,8253.24,5445.0,5899.84,0.0,0.0
656.94,37.85,39.09,37.16,37.01,8252.92,5445.0,5899.84,0.0,0.0
656.99,37.84,39.09,37.16,37.01,8253.56,5445.0,5899.84,0.0,0.0
657.2,37.84,39.09,37.16,37.01,8253.24,5445.0,5899.84,0.0,0.0
657.2,37.85,39.09,37.16,37.01,8252.92,5445.0,5899.46,0.0,0.0
657.33,37.84,39.09,37.16,37.01,8253.24,5445.0,5899.46,0.0,0.0
657.33,37.84,39.09,37.16,37.01,8253.24,5445.0,5899.84,0.0,0.0
657.45,37.84,39.09,37.16,37.01,8253.56,5445.0,5899.46,0.0,0.0
657.71,37.84,39.09,37.16,37.01,8253.56,5445.0,5899.84,0.0,0.0
657.82,37.84,39.09,37.16,37.01,8253.88,5445.0,5899.84,0.0,0.0
657.96,37.84,39.09,37.16,37.01,8254.2,5445.0,5899.46,0.0,0.0
658.09,37.84,39.09,37.16,37.01,8254.2,5445.0,5899.84,0.0,0.0
658.28,37.84,39.09,37.16,37.01,8253.88,5445.0,5899.07,0.0,0.0
658.3,37.84,39.09,37.16,37.01,8253.88,5445.0,5899.84,0.0,0.0
658.41,37.84,39.09,37.16,37.01,8254.2,5445.0,5899.46,0.0,0.0
658.63,37.84,39.09,37.16,37.01,8253.88,5445.0,5899.84,0.0,0.0
658.74,37.85,39.09,37.16,37.02,8252.92,5445.36,5899.46,0.0,0.0
658.87,37.84,39.09,37.16,37.02,8253.24,5445.0,5899.07,0.0,0.0
659.0,37.84,39.09,37.16,37.02,8253.56,5445.0,5899.84,0.0,0.0
659.18,37.84,39.09,37.16,37.02,8253.24,5445.0,5899.84,0.0,0.0
659.2,37.84,39.09,37.16,37.02,8253.88,5445.0,5899.46,0.0,0.0
659.31,37.84,39.09,37.16,37.02,8253.56,5445.0,5899.84,0.0,0.0
659.51,37.84,39.09,37.16,37.02,8253.56,5445.0,5899.07,0.0,0.0
659.62,37.84,39.09,37.16,37.02,8253.24,5445.0,5899.46,0.0,0.0
659.83,37.84,39.09,37.16,37.02,8254.2,5445.0,5899.46,0.0,0.0
659.91,37.83,39.09,37.16,37.02,8254.52,5445.0,5899.84,0.0,0.0
660.02,37.84,39.09,37.16,37.02,8253.56,5445.73,5899.84,0.0,0.0
660.24,37.83,39.09,37.16,37.02,8254.52,5445.0,5899.84,0.0,0.0
660.42,37.84,39.09,37.16,37.02,8253.88,5445.0,5899.46,0.0,0.0
660.56,37.84,39.09,37.16,37.02,8254.2,5445.36,5899.84,0.0,0.0
660.67,37.85,39.09,37.16,37.02,8252.92,5445.36,5899.84,0.0,0.0
660.82,37.84,39.09,37.16,37.02,8254.2,5445.36,5899.84,0.0,0.0
660.92,37.82,39.09,37.16,37.03,8254.84,5446.09,5899.46,0.0,0.0
661.0,37.84,39.09,37.16,37.03,8254.2,5445.73,5899.46,0.0,0.0
661.14,37.84,39.09,37.16,37.03,8254.2,5446.45,5899.46,0.0,0.0
661.23,37.81,39.08,37.16,37.03,8255.48,5447.18,5899.84,0.0,0.0
661.39,37.84,39.07,37.16,37.03,8253.56,5449.0,5899.46,0.0,0.0
661.47,37.82,39.08,37.16,37.03,8255.16,5448.27,5899.84,0.0,0.0
661.55,37.82,39.07,37.16,37.03,8254.84,5450.45,5899.07,0.0,0.0
661.73,37.84,39.06,37.16,37.03,8254.2,5452.27,5899.46,0.0,0.0
661.81,37.84,39.06,37.16,37.03,8253.88,5453.0,5899.84,0.0,0.0
661.82,37.82,39.05,37.16,37.03,8254.84,5454.09,5899.84,0.0,0.0
661.91,37.83,39.05,37.16,37.03,8254.52,5455.54,5899.84,0.0,0.0
662.05,37.82,39.04,37.16,37.03,8254.84,5457.36,5899.84,0.0,0.0
662.1,37.82,39.03,37.16,37.03,8255.16,5458.09,5899.84,0.0,0.0
662.14,37.82,39.02,37.16,37.03,8255.16,5461.0,5899.46,0.0,0.0
662.15,37.82,39.02,37.16,37.03,8254.84,5461.73,5899.84,0.0,0.0
662.16,37.81,39.01,37.16,37.03,8255.48,5462.82,5899.84,0.0,0.0
662.19,37.82,39.01,37.16,37.03,8255.16,5464.64,5900.23,0.0,0.0
662.19,37.83,39.0,37.16,37.03,8254.52,5465.37,5899.84,0.0,0.0
662.2,37.84,39.0,37.16,37.03,8254.2,5465.01,5899.84,0.0,0.0
662.29,37.84,39.0,37.16,37.03,8254.2,5466.46,5900.23,0.0,0.0
662.34,37.82,38.99,37.16,37.04,8254.84,5467.19,5900.23,0.0,0.0
662.34,37.82,38.99,37.16,37.04,8255.16,5467.56,5901.0,0.0,0.0
662.35,37.84,38.99,37.16,37.04,8254.2,5467.19,5899.84,0.0,0.0
662.35,37.81,38.99,37.16,37.04,8255.48,5467.92,5900.61,0.0,0.0
662.36,37.8,38.99,37.16,37.04,8256.13,5467.92,5900.61,0.0,0.0
662.37,37.82,38.99,37.16,37.04,8254.84,5467.92,5901.0,0.0,0.0
662.45,37.83,38.99,37.15,37.04,8254.52,5468.29,5902.16,0.0,0.0
662.56,37.82,38.99,37.14,37.04,8254.84,5467.92,5904.08,0.0,0.0
662.65,37.81,38.99,37.14,37.04,8255.48,5468.29,5906.01,0.0,0.0
662.74,37.82,38.99,37.14,37.04,8254.84,5467.92,5905.62,0.0,0.0
662.95,37.83,38.99,37.14,37.04,8254.52,5467.92,5906.39,0.0,0.0
663.04,37.83,38.99,37.13,37.04,8254.52,5468.29,5907.94,0.0,0.0
663.04,37.8,38.99,37.12,37.04,8256.13,5468.29,5910.25,0.0,0.0
663.14,37.81,38.99,37.12,37.04,8255.48,5467.56,5909.09,0.0,0.0
663.32,37.82,38.99,37.12,37.04,8255.16,5468.29,5910.25,0.0,0.0
663.34,37.82,38.99,37.13,37.04,8255.8,5468.29,5908.71,0.0,0.0
663.51,37.82,38.99,37.12,37.04,8255.16,5468.29,5911.02,0.0,0.0
663.61,37.82,38.99,37.1,37.04,8255.8,5467.56,5914.11,0.0,0.0
663.77,37.82,38.99,37.1,37.04,8255.8,5468.29,5914.49,0.0,0.0
663.87,37.81,38.99,37.11,37.04,8256.77,5467.92,5913.72,0.0,0.0
664.09,37.8,38.99,37.09,37.04,8257.09,5467.92,5917.97,0.0,0.0
664.16,37.83,38.99,37.08,37.04,8254.52,5467.56,5919.9,0.0,0.0
664.25,37.82,38.99,37.09,37.04,8254.84,5467.92,5918.35,0.0,0.0
664.31,37.81,38.99,37.08,37.04,8256.77,5468.29,5919.9,0.0,0.0
664.4,37.82,38.99,37.08,37.04,8255.16,5468.29,5919.9,0.0,0.0
664.55,37.82,38.99,37.09,37.04,8255.8,5467.92,5917.97,0.0,0.0
664.64,37.81,38.99,37.09,37.04,8256.45,5467.92,5917.19,0.0,0.0
664.76,37.78,38.99,37.09,37.04,8258.37,5468.29,5917.97,0.0,0.0
664.83,37.82,38.99,37.08,37.04,8255.16,5467.92,5919.9,0.0,0.0
664.97,37.81,38.99,37.09,37.04,8256.45,5467.56,5917.19,0.0,0.0
665.07,37.82,38.99,37.09,37.04,8255.8,5467.19,5917.19,0.0,0.0
665.15,37.83,38.99,37.09,37.04,8254.52,5467.19,5917.19,0.0,0.0
665.21,37.8,39.0,37.09,37.04,8257.09,5466.46,5917.58,0.0,0.0
665.34,37.81,38.99,37.11,37.04,8256.45,5467.92,5911.79,0.0,0.0
665.4,37.81,38.99,37.12,37.04,8256.77,5467.19,5909.09,0.0,0.0
665.52,37.8,39.0,37.13,37.04,8256.13,5466.83,5907.94,0.0,0.0
665.57,37.8,39.0,37.14,37.04,8257.09,5466.46,5906.39,0.0,0.0
665.72,37.79,38.99,37.13,37.04,8257.41,5467.92,5907.16,0.0,0.0
665.85,37.8,38.99,37.13,37.04,8257.09,5467.19,5907.16,0.0,0.0
665.92,37.8,39.0,37.14,37.04,8256.13,5466.83,5906.39,0.0,0.0
666.0,37.81,38.99,37.13,37.04,8256.77,5467.19,5908.71,0.0,0.0
666.12,37.78,39.0,37.12,37.04,8259.01,5466.83,5909.48,0.0,0.0
666.29,37.81,39.0,37.12,37.04,8256.77,5466.46,5911.02,0.0,0.0
666.35,37.78,39.0,37.12,37.04,8259.01,5466.46,5909.86,0.0,0.0
666.52,37.78,38.99,37.11,37.04,8260.29,5468.29,5913.34,0.0,0.0
666.63,37.78,38.99,37.1,37.04,8259.33,5467.19,5916.04,0.0,0.0
666.8,37.74,38.99,37.1,37.04,8261.89,5467.19,5914.49,0.0,0.0
666.86,37.78,38.99,37.09,37.04,8260.29,5468.29,5916.81,0.0,0.0
666.93,37.75,38.99,37.08,37.04,8261.57,5467.19,5919.12,0.0,0.0
666.98,37.74,39.0,37.09,37.04,8262.53,5466.83,5918.74,0.0,0.0
667.02,37.76,39.0,37.08,37.04,8261.25,5466.1,5921.06,0.0,0.0
667.05,37.71,39.0,37.08,37.04,8263.81,5465.74,5920.28,0.0,0.0
667.05,37.71,39.0,37.07,37.04,8263.81,5466.46,5921.83,0.0,0.0
667.15,37.75,39.0,37.07,37.04,8260.93,5466.46,5921.44,0.0,0.0
667.24,37.75,38.99,37.07,37.04,8261.57,5467.19,5922.99,0.0,0.0
667.35,37.73,39.0,37.07,37.04,8263.17,5466.83,5922.99,0.0,0.0
667.54,37.7,39.0,37.07,37.04,8265.42,5466.46,5923.37,0.0,0.0
667.72,37.78,39.0,37.07,37.04,8260.29,5466.83,5922.6,0.0,0.0
667.8,37.76,38.99,37.07,37.04,8261.25,5467.19,5923.37,0.0,0.0
667.9,37.72,38.99,37.07,37.04,8264.14,5467.19,5922.99,0.0,0.0
667.98,37.73,38.99,37.06,37.04,8263.17,5467.19,5924.53,0.0,0.0
668.07,37.7,38.99,37.06,37.04,8265.1,5467.19,5924.14,0.0,0.0
668.11,37.76,38.99,37.06,37.04,8261.25,5467.56,5924.14,0.0,0.0
668.2,37.72,39.0,37.07,37.04,8264.46,5465.01,5923.76,0.0,0.0
668.25,37.75,39.0,37.07,37.04,8262.21,5465.74,5923.76,0.0,0.0
668.44,37.74,39.01,37.07,37.04,8261.89,5464.64,5923.76,0.0,0.0
668.49,37.72,39.02,37.06,37.04,8263.5,5461.36,5924.14,0.0,0.0
668.65,37.75,39.01,37.06,37.04,8260.93,5463.91,5924.14,0.0,0.0
668.76,37.72,39.01,37.07,37.04,8264.14,5463.91,5923.37,0.0,0.0
668.85,37.75,39.02,37.07,37.04,8260.93,5462.09,5923.76,0.0,0.0
668.92,37.75,39.02,37.07,37.04,8260.93,5461.0,5923.76,0.0,0.0
669.04,37.74,39.03,37.06,37.04,8262.85,5459.91,5924.14,0.0,0.0
669.1,37.75,39.02,37.07,37.04,8260.93,5461.0,5922.99,0.0,0.0
669.24,37.72,39.02,37.07,37.04,8263.5,5461.36,5923.37,0.0,0.0
669.29,37.75,39.03,37.07,37.04,8262.21,5459.54,5923.76,0.0,0.0
669.49,37.75,39.03,37.07,37.04,8261.57,5458.82,5923.37,0.0,0.0
669.57,37.74,39.05,37.07,37.04,8262.85,5454.81,5923.76,0.0,0.0
669.67,37.75,39.04,37.07,37.04,8260.93,5455.91,5923.76,0.0,0.0
669.72,37.75,39.04,37.08,37.04,8260.61,5456.63,5921.06,0.0,0.0
669.86,37.75,39.04,37.07,37.04,8260.93,5457.72,5922.21,0.0,0.0
669.91,37.78,39.04,37.08,37.05,8258.37,5457.0,5919.51,0.0,0.0
669.97,37.78,39.05,37.1,37.05,8260.29,5455.54,5915.65,0.0,0.0
670.05,37.75,39.05,37.11,37.05,8260.93,5455.18,5912.95,0.0,0.0
670.15,37.74,39.05,37.11,37.05,8262.85,5453.72,5911.41,0.0,0.0
670.3,37.78,39.05,37.13,37.05,8260.29,5454.45,5906.78,0.0,0.0
670.36,37.78,39.05,37.14,37.05,8259.01,5455.54,5905.24,0.0,0.0
670.52,37.79,39.04,37.15,37.05,8257.41,5456.27,5903.7,0.0,0.0
670.59,37.78,39.05,37.15,37.05,8259.65,5454.81,5903.31,0.0,0.0
670.78,37.74,39.05,37.15,37.05,8261.89,5455.18,5902.54,0.0,0.0
670.92,37.78,39.05,37.16,37.05,8259.33,5454.81,5901.0,0.0,0.0
671.03,37.78,39.05,37.16,37.05,8258.37,5455.18,5901.38,0.0,0.0
671.14,37.78,39.05,37.15,37.05,8259.01,5454.09,5902.54,0.0,0.0
671.28,37.78,39.05,37.16,37.05,8259.65,5454.45,5899.84,0.0,0.0
671.3,37.78,39.05,37.16,37.05,8259.01,5454.45,5900.61,0.0,0.0
671.39,37.78,39.05,37.16,37.05,8258.69,5455.18,5900.61,0.0,0.0
671.55,37.78,39.05,37.16,37.05,8259.33,5455.18,5900.61,0.0,0.0
671.64,37.78,39.05,37.16,37.05,8258.05,5454.09,5899.46,0.0,0.0
671.84,37.8,39.05,37.16,37.05,8257.09,5455.18,5899.84,0.0,0.0
671.93,37.79,39.05,37.16,37.05,8257.73,5455.54,5899.84,0.0,0.0
672.05,37.81,39.04,37.16,37.05,8256.45,5455.91,5900.23,0.0,0.0
672.14,37.79,39.03,37.16,37.05,8257.73,5458.09,5900.23,0.0,0.0
672.26,37.8,39.05,37.16,37.05,8257.09,5455.54,5900.23,0.0,0.0
672.34,37.8,39.04,37.16,37.05,8257.09,5457.72,5901.0,0.0,0.0
672.47,37.79,39.03,37.16,37.05,8257.73,5459.18,5901.0,0.0,0.0
672.63,37.79,39.03,37.15,37.05,8257.73,5459.54,5901.77,0.0,0.0
672.71,37.79,39.02,37.15,37.05,8257.41,5460.64,5902.16,0.0,0.0
672.87,37.81,39.02,37.15,37.05,8256.77,5462.09,5902.93,0.0,0.0
672.96,37.81,39.02,37.15,37.05,8256.45,5462.09,5903.31,0.0,0.0
673.12,37.79,39.01,37.14,37.05,8257.73,5463.91,5905.24,0.0,0.0
673.2,37.8,39.01,37.13,37.05,8257.09,5463.91,5906.78,0.0,0.0
673.27,37.81,39.0,37.12,37.05,8256.45,5465.01,5909.09,0.0,0.0
673.4,37.8,39.01,37.13,37.05,8257.09,5464.28,5907.55,0.0,0.0
673.5,37.79,39.0,37.13,37.05,8257.73,5465.01,5908.32,0.0,0.0
673.58,37.82,39.01,37.14,37.05,8255.8,5462.82,5906.39,0.0,0.0
673.64,37.81,39.01,37.13,37.05,8256.45,5464.64,5907.94,0.0,0.0
673.75,37.81,39.01,37.14,37.05,8256.77,5462.82,5906.01,0.0,0.0
673.82,37.8,39.01,37.13,37.05,8256.13,5463.19,5906.78,0.0,0.0
673.99,37.81,39.01,37.15,37.05,8255.48,5463.91,5903.7,0.0,0.0
674.07,37.83,39.02,37.15,37.05,8254.52,5462.46,5902.93,0.0,0.0
674.09,37.82,39.01,37.15,37.05,8255.16,5464.64,5903.31,0.0,0.0
674.17,37.79,39.0,37.15,37.05,8257.73,5465.01,5901.77,0.0,0.0
674.32,37.82,39.01,37.15,37.05,8255.8,5464.28,5901.77,0.0,0.0
674.38,37.81,39.01,37.16,37.05,8255.48,5463.19,5900.61,0.0,0.0
674.47,37.81,39.01,37.16,37.06,8255.48,5464.28,5901.0,0.0,0.0
674.61,37.82,39.0,37.16,37.06,8255.8,5465.01,5900.61,0.0,0.0
674.69,37.81,39.02,37.16,37.06,8255.48,5462.09,5900.61,0.0,0.0
674.8,37.8,39.02,37.16,37.06,8256.13,5462.46,5899.84,0.0,0.0
674.94,37.8,39.02,37.16,37.06,8257.09,5462.46,5900.61,0.0,0.0
675.06,37.81,39.02,37.16,37.06,8256.45,5461.0,5899.84,0.0,0.0
675.15,37.81,39.02,37.16,37.06,8256.77,5460.27,5899.84,0.0,0.0
675.35,37.8,39.03,37.16,37.06,8257.09,5459.91,5899.84,0.0,0.0
675.43,37.81,39.03,37.16,37.06,8256.45,5459.18,5899.84,0.0,0.0
675.5,37.79,39.04,37.16,37.06,8257.73,5457.72,5899.84,0.0,0.0
675.55,37.82,39.03,37.16,37.06,8255.8,5459.18,5899.84,0.0,0.0
675.61,37.78,39.04,37.16,37.06,8258.05,5457.0,5899.46,0.0,0.0
675.69,37.8,39.05,37.16,37.06,8257.09,5454.81,5899.84,0.0,0.0
675.79,37.78,39.05,37.16,37.06,8260.29,5455.18,5899.84,0.0,0.0
675.87,37.78,39.06,37.16,37.06,8260.29,5452.63,5899.84,0.0,0.0
675.95,37.76,39.07,37.16,37.06,8259.97,5451.18,5899.84,0.0,0.0
676.12,37.75,39.07,37.16,37.06,8261.57,5449.72,5899.84,0.0,0.0
676.16,37.76,39.08,37.16,37.06,8259.97,5448.63,5899.84,0.0,0.0
676.16,37.73,39.08,37.16,37.06,8263.17,5446.82,5899.84,0.0,0.0
676.17,37.76,39.08,37.16,37.06,8259.97,5446.82,5899.46,0.0,0.0
676.17,37.78,39.09,37.16,37.06,8259.65,5445.73,5899.84,0.0,0.0
676.26,37.78,39.09,37.16,37.06,8259.65,5446.09,5899.46,0.0,0.0
676.45,37.79,39.09,37.16,37.06,8257.73,5445.36,5899.84,0.0,0.0
676.47,37.78,39.09,37.16,37.06,8259.65,5445.0,5899.84,0.0,0.0
676.63,37.78,39.09,37.16,37.06,8258.69,5445.0,5899.46,0.0,0.0
676.77,37.75,39.09,37.16,37.06,8260.61,5445.0,5899.46,0.0,0.0
676.9,37.75,39.09,37.16,37.06,8260.61,5445.0,5899.46,0.0,0.0
676.99,37.75,39.09,37.16,37.06,8260.61,5445.0,5899.84,0.0,0.0
677.13,37.75,39.09,37.16,37.06,8261.57,5445.0,5899.07,0.0,0.0
677.2,37.78,39.09,37.16,37.06,8260.29,5445.0,5899.46,0.0,0.0
677.29,37.76,39.09,37.16,37.06,8259.97,5445.0,5899.46,0.0,0.0
677.35,37.78,39.09,37.16,37.06,8259.65,5445.0,5899.84,0.0,0.0
677.45,37.76,39.09,37.16,37.06,8259.97,5445.0,5899.46,0.0,0.0
677.53,37.78,39.09,37.16,37.06,8259.65,5445.0,5899.46,0.0,0.0
677.65,37.78,39.09,37.17,37.06,8258.69,5445.0,5898.69,0.0,0.0
677.72,37.78,39.09,37.16,37.06,8258.69,5445.0,5899.07,0.0,0.0
677.86,37.75,39.09,37.16,37.06,8260.93,5445.0,5899.46,0.0,0.0
678.01,37.78,39.09,37.16,37.06,8258.37,5445.0,5899.07,0.0,0.0
678.1,37.78,39.09,37.17,37.06,8258.69,5445.0,5898.69,0.0,0.0
678.21,37.78,39.09,37.16,37.06,8258.37,5445.0,5899.07,0.0,0.0
678.31,37.79,39.09,37.17,37.06,8257.73,5445.0,5898.3,0.0,0.0
678.4,37.78,39.09,37.17,37.07,8259.65,5444.64,5898.69,0.0,0.0
678.56,37.78,39.09,37.17,37.07,8259.65,5445.0,5898.69,0.0,0.0
678.58,37.8,39.09,37.16,37.07,8256.13,5445.0,5899.84,0.0,0.0
678.61,37.79,39.09,37.17,37.07,8257.41,5445.0,5898.3,0.0,0.0
678.72,37.81,39.09,37.16,37.07,8256.45,5445.0,5899.07,0.0,0.0
678.75,37.78,39.09,37.16,37.07,8258.69,5445.0,5899.84,0.0,0.0
678.85,37.81,39.09,37.16,37.07,8256.77,5445.0,5899.46,0.0,0.0
679.05,37.79,39.09,37.16,37.07,8257.73,5445.0,5899.46,0.0,0.0
679.07,37.8,39.09,37.16,37.07,8256.13,5445.0,5899.46,0.0,0.0
679.15,37.82,39.09,37.16,37.07,8255.16,5445.0,5899.84,0.0,0.0
679.26,37.82,39.09,37.16,37.07,8255.8,5445.0,5899.84,0.0,0.0
679.37,37.78,39.09,37.17,37.07,8258.05,5445.0,5898.69,0.0,0.0
679.57,37.82,39.09,37.16,37.07,8255.8,5445.0,5899.46,0.0,0.0
679.71,37.81,39.09,37.16,37.07,8255.48,5445.0,5899.46,0.0,0.0
679.78,37.81,39.09,37.16,37.07,8256.45,5445.0,5899.84,0.0,0.0
679.79,37.8,39.09,37.16,37.07,8256.13,5445.0,5899.46,0.0,0.0
679.93,37.81,39.09,37.16,37.07,8255.48,5445.0,5899.46,0.0,0.0
679.95,37.81,39.09,37.16,37.07,8256.45,5445.0,5899.46,0.0,0.0
680.12,37.8,39.09,37.16,37.07,8256.13,5445.0,5899.46,0.0,0.0
680.18,37.81,39.09,37.16,37.07,8256.77,5445.0,5899.46,0.0,0.0
680.34,37.8,39.09,37.16,37.07,8257.09,5445.0,5899.07,0.0,0.0
680.5,37.79,39.09,37.16,37.07,8257.41,5445.0,5899.84,0.0,0.0
680.57,37.81,39.09,37.16,37.07,8256.77,5445.0,5899.46,0.0,0.0
680.59,37.8,39.09,37.16,37.07,8257.09,5445.0,5899.07,0.0,0.0
680.73,37.81,39.09,37.16,37.07,8255.48,5445.0,5899.46,0.0,0.0
680.78,37.79,39.09,37.17,37.07,8257.73,5445.0,5898.69,0.0,0.0
680.9,37.8,39.09,37.17,37.07,8257.09,5445.0,5898.69,0.0,0.0
680.97,37.81,39.09,37.16,37.08,8256.77,5445.0,5899.46,0.0,0.0
681.06,37.82,39.09,37.16,37.08,8255.8,5445.0,5899.46,0.0,0.0
681.16,37.81,39.09,37.16,37.08,8256.45,5445.0,5899.46,0.0,0.0
681.26,37.8,39.09,37.16,37.08,8257.09,5445.0,5899.46,0.0,0.0
681.36,37.81,39.09,37.17,37.08,8256.77,5445.0,5898.69,0.0,0.0
681.46,37.8,39.09,37.17,37.08,8256.13,5445.0,5898.3,0.0,0.0
681.56,37.8,39.09,37.17,37.08,8256.13,5445.0,5896.76,0.0,0.0
681.75,37.81,39.09,37.17,37.08,8255.48,5445.0,5897.53,0.0,0.0
681.77,37.81,39.09,37.17,37.08,8255.48,5445.0,5898.69,0.0,0.0
681.88,37.82,39.09,37.18,37.08,8254.84,5445.0,5895.61,0.0,0.0
682.0,37.83,39.09,37.18,37.08,8254.52,5445.0,5894.84,0.0,0.0
682.06,37.84,39.09,37.19,37.08,8253.88,5444.64,5894.07,0.0,0.0
682.17,37.82,39.09,37.19,37.08,8255.8,5445.0,5892.53,0.0,0.0
682.29,37.81,39.09,37.19,37.08,8255.48,5445.0,5892.53,0.0,0.0
682.36,37.82,39.09,37.2,37.08,8255.16,5444.64,5890.61,0.0,0.0
682.48,37.81,39.09,37.21,37.08,8255.48,5444.64,5889.07,0.0,0.0
682.58,37.82,39.09,37.2,37.08,8254.84,5445.0,5889.45,0.0,0.0
682.76,37.84,39.09,37.22,37.08,8254.2,5445.0,5885.99,0.0,0.0
682.8,37.84,39.09,37.22,37.08,8254.2,5444.64,5884.45,0.0,0.0
682.87,37.83,39.1,37.23,37.08,8254.52,5444.27,5882.53,0.0,0.0
683.03,37.84,39.1,37.23,37.08,8253.88,5443.91,5882.53,0.0,0.0
683.15,37.84,39.1,37.24,37.08,8253.24,5444.27,5881.38,0.0,0.0
683.16,37.84,39.1,37.24,37.08,8253.24,5443.91,5880.61,0.0,0.0
683.29,37.84,39.1,37.25,37.08,8254.2,5444.27,5877.92,0.0,0.0
683.4,37.84,39.09,37.25,37.08,8253.24,5444.64,5877.54,0.0,0.0
683.51,37.82,39.1,37.26,37.08,8254.84,5444.27,5876.0,0.0,0.0
683.64,37.84,39.1,37.26,37.08,8253.88,5443.91,5875.23,0.0,0.0
683.7,37.85,39.1,37.26,37.08,8252.92,5443.55,5875.62,0.0,0.0
683.79,37.84,39.1,37.26,37.08,8253.24,5442.46,5875.62,0.0,0.0
683.85,37.84,39.11,37.26,37.08,8253.24,5440.28,5875.23,0.0,0.0
683.95,37.85,39.12,37.26,37.08,8252.92,5439.19,5875.23,0.0,0.0
684.05,37.84,39.12,37.26,37.09,8253.88,5438.83,5874.47,0.0,0.0
684.22,37.85,39.14,37.26,37.09,8252.92,5435.2,5874.85,0.0,0.0
684.31,37.84,39.13,37.26,37.09,8253.56,5437.01,5875.23,0.0,0.0
684.38,37.86,39.15,37.26,37.09,8252.6,5431.21,5875.23,0.0,0.0
684.49,37.86,39.16,37.26,37.09,8252.6,5430.85,5875.23,0.0,0.0
684.56,37.84,39.17,37.26,37.09,8253.56,5428.31,5874.47,0.0,0.0
684.68,37.84,39.18,37.26,37.09,8253.24,5426.13,5875.23,0.0,0.0
684.76,37.86,39.18,37.26,37.09,8252.6,5426.5,5875.23,0.0,0.0
684.87,37.85,39.18,37.26,37.09,8252.92,5424.32,5874.85,0.0,0.0
684.95,37.84,39.19,37.26,37.09,8253.24,5422.87,5875.23,0.0,0.0
685.06,37.85,39.19,37.26,37.09,8252.92,5422.51,5875.23,0.0,0.0
685.15,37.85,39.19,37.26,37.09,8252.92,5422.15,5874.85,0.0,0.0
685.28,37.86,39.2,37.26,37.09,8252.6,5421.79,5874.85,0.0,0.0
685.37,37.85,39.2,37.26,37.09,8251.96,5421.79,5874.85,0.0,0.0
685.45,37.86,39.2,37.26,37.09,8251.32,5421.79,5875.23,0.0,0.0
685.55,37.85,39.2,37.26,37.09,8251.96,5421.79,5875.23,0.0,0.0
685.66,37.85,39.2,37.26,37.09,8252.92,5421.79,5875.23,0.0,0.0
685.76,37.86,39.2,37.26,37.09,8252.6,5421.79,5875.23,0.0,0.0
685.86,37.85,39.2,37.26,37.09,8251.96,5421.79,5875.23,0.0,0.0
685.95,37.86,39.2,37.26,37.09,8252.6,5421.79,5875.23,0.0,0.0
686.05,37.84,39.2,37.26,37.09,8253.24,5421.79,5875.23,0.0,0.0
686.16,37.86,39.2,37.26,37.09,8252.6,5421.79,5875.23,0.0,0.0
686.27,37.86,39.2,37.26,37.1,8251.0,5421.79,5875.23,0.0,0.0
686.36,37.86,39.2,37.26,37.1,8251.32,5421.79,5875.23,0.0,0.0
686.46,37.85,39.2,37.26,37.1,8251.96,5421.79,5875.23,0.0,0.0
686.55,37.86,39.2,37.26,37.1,8252.6,5421.79,5874.85,0.0,0.0
686.67,37.87,39.2,37.26,37.1,8250.36,5421.79,5874.85,0.0,0.0
686.77,37.86,39.2,37.26,37.1,8251.64,5421.79,5874.85,0.0,0.0
686.9,37.85,39.2,37.26,37.1,8252.28,5421.79,5874.85,0.0,0.0
686.96,37.86,39.2,37.26,37.1,8252.6,5421.79,5875.23,0.0,0.0
687.13,37.85,39.2,37.26,37.1,8251.96,5421.79,5874.85,0.0,0.0
687.2,37.85,39.2,37.26,37.1,8252.28,5421.79,5874.85,0.0,0.0
687.29,37.85,39.2,37.26,37.1,8252.28,5421.79,5875.23,0.0,0.0
687.39,37.86,39.2,37.26,37.1,8251.64,5421.79,5875.23,0.0,0.0
687.53,37.86,39.2,37.26,37.1,8251.64,5421.79,5875.23,0.0,0.0
687.63,37.85,39.2,37.26,37.1,8251.96,5421.79,5875.23,0.0,0.0
687.68,37.86,39.2,37.26,37.1,8251.0,5421.79,5875.23,0.0,0.0
687.87,37.86,39.2,37.26,37.11,8252.6,5421.79,5875.23,0.0,0.0
687.88,37.86,39.2,37.26,37.11,8251.0,5421.79,5874.85,0.0,0.0
687.96,37.86,39.2,37.26,37.11,8251.0,5421.79,5874.85,0.0,0.0
688.12,37.87,39.2,37.26,37.11,8250.68,5421.79,5875.23,0.0,0.0
688.19,37.88,39.2,37.26,37.11,8249.72,5421.79,5874.85,0.0,0.0
688.26,37.9,39.2,37.26,37.11,8249.4,5421.79,5875.23,0.0,0.0
688.37,37.9,39.2,37.26,37.11,8249.4,5421.79,5874.85,0.0,0.0
688.47,37.9,39.2,37.26,37.11,8248.12,5421.79,5875.23,0.0,0.0
688.59,37.87,39.2,37.26,37.11,8250.68,5421.79,5874.85,0.0,0.0
688.65,37.9,39.2,37.26,37.11,8248.76,5421.79,5875.23,0.0,0.0
688.75,37.9,39.2,37.26,37.11,8248.76,5421.79,5875.23,0.0,0.0
688.87,37.9,39.2,37.26,37.11,8248.44,5421.79,5875.23,0.0,0.0
688.96,37.87,39.2,37.26,37.11,8250.68,5421.79,5874.85,0.0,0.0
689.06,37.86,39.2,37.26,37.11,8251.32,5421.79,5874.47,0.0,0.0
689.16,37.9,39.2,37.26,37.11,8248.12,5421.79,5874.47,0.0,0.0
689.28,37.89,39.2,37.26,37.11,8249.08,5421.79,5874.85,0.0,0.0
689.37,37.92,39.2,37.26,37.11,8247.8,5421.79,5875.23,0.0,0.0
689.45,37.89,39.2,37.26,37.12,8249.08,5421.79,5875.23,0.0,0.0
689.6,37.91,39.2,37.26,37.12,8247.48,5421.79,5874.85,0.0,0.0
689.67,37.9,39.2,37.26,37.12,8248.12,5421.79,5874.47,0.0,0.0
689.77,37.88,39.2,37.26,37.12,8249.72,5421.79,5874.85,0.0,0.0
689.87,37.88,39.2,37.26,37.12,8250.04,5421.79,5875.23,0.0,0.0
689.97,37.92,39.2,37.26,37.12,8247.8,5421.79,5875.23,0.0,0.0
690.13,37.92,39.2,37.26,37.12,8246.51,5421.79,5875.23,0.0,0.0
690.19,37.9,39.2,37.26,37.12,8248.76,5421.79,5874.47,0.0,0.0
690.27,37.91,39.2,37.26,37.12,8246.84,5421.79,5874.47,0.0,0.0
690.36,37.9,39.2,37.26,37.12,8248.44,5421.79,5874.85,0.0,0.0
690.47,37.91,39.2,37.26,37.12,8247.48,5421.79,5874.47,0.0,0.0
690.57,37.96,39.2,37.26,37.12,8243.31,5421.79,5874.85,0.0,0.0
690.66,37.92,39.2,37.26,37.12,8247.8,5421.79,5874.85,0.0,0.0
690.76,37.9,39.2,37.26,37.12,8248.12,5421.79,5874.85,0.0,0.0
690.94,37.9,39.2,37.26,37.12,8247.16,5421.79,5874.47,0.0,0.0
691.05,37.91,39.2,37.26,37.12,8246.84,5421.42,5875.23,0.0,0.0
691.08,37.95,39.2,37.26,37.12,8243.95,5421.79,5874.47,0.0,0.0
691.16,37.93,39.2,37.27,37.12,8245.55,5421.79,5874.08,0.0,0.0
691.26,37.9,39.2,37.26,37.13,8247.16,5421.79,5874.85,0.0,0.0
691.37,37.91,39.2,37.26,37.13,8247.48,5421.79,5874.47,0.0,0.0
691.51,37.95,39.2,37.26,37.13,8245.23,5421.79,5875.23,0.0,0.0
691.55,37.91,39.2,37.26,37.13,8246.84,5421.79,5875.23,0.0,0.0
691.71,37.93,39.2,37.26,37.13,8246.19,5421.79,5874.85,0.0,0.0
691.77,37.95,39.2,37.26,37.13,8244.59,5421.79,5874.85,0.0,0.0
691.95,37.9,39.2,37.26,37.13,8249.4,5421.79,5875.23,0.0,0.0
692.11,37.93,39.2,37.26,37.13,8246.19,5421.42,5874.85,0.0,0.0
692.19,37.93,39.2,37.26,37.13,8245.55,5421.79,5874.85,0.0,0.0
692.27,37.94,39.2,37.26,37.13,8245.88,5421.79,5875.23,0.0,0.0
692.32,37.92,39.2,37.26,37.13,8246.51,5421.79,5875.23,0.0,0.0
692.37,37.91,39.2,37.26,37.13,8246.84,5421.79,5874.85,0.0,0.0
692.46,37.92,39.2,37.26,37.13,8246.51,5421.79,5874.47,0.0,0.0
692.57,37.93,39.2,37.26,37.13,8246.19,5421.79,5874.85,0.0,0.0
692.68,37.91,39.2,37.26,37.13,8246.84,5421.79,5874.85,0.0,0.0
692.79,37.94,39.2,37.26,37.13,8245.88,5421.42,5875.23,0.0,0.0
692.85,37.9,39.2,37.26,37.13,8248.12,5421.42,5875.23,0.0,0.0
692.97,37.95,39.2,37.26,37.13,8245.23,5421.79,5874.85,0.0,0.0
693.1,37.91,39.2,37.27,37.13,8246.84,5421.79,5874.08,0.0,0.0
693.16,37.96,39.2,37.26,37.13,8243.31,5421.06,5874.47,0.0,0.0
693.26,37.9,39.2,37.26,37.14,8247.16,5419.97,5874.85,0.0,0.0
693.4,37.94,39.2,37.26,37.14,8245.88,5420.34,5875.23,0.0,0.0
693.46,37.94,39.21,37.26,37.14,8244.91,5418.16,5874.85,0.0,0.0
693.58,37.95,39.22,37.26,37.14,8243.95,5416.35,5874.85,0.0,0.0
693.67,37.94,39.22,37.26,37.14,8244.91,5417.08,5874.47,0.0,0.0
693.78,37.94,39.22,37.26,37.14,8245.88,5417.08,5874.85,0.0,0.0
693.87,37.93,39.23,37.26,37.14,8245.55,5413.82,5875.23,0.0,0.0
694.1,37.92,39.24,37.26,37.14,8246.51,5412.37,5875.23,0.0,0.0
694.13,37.95,39.24,37.26,37.14,8244.59,5410.93,5875.23,0.0,0.0
694.18,37.94,39.25,37.26,37.14,8244.27,5409.84,5874.47,0.0,0.0
694.26,37.95,39.26,37.26,37.14,8245.23,5407.67,5874.47,0.0,0.0
694.36,37.96,39.27,37.26,37.14,8243.31,5405.14,5875.23,0.0,0.0
694.57,37.93,39.27,37.26,37.14,8245.55,5405.14,5874.47,0.0,0.0
694.68,37.91,39.29,37.26,37.14,8247.48,5401.53,5874.85,0.0,0.0
694.75,37.95,39.29,37.26,37.14,8245.23,5400.81,5874.85,0.0,0.0
694.88,37.9,39.29,37.26,37.14,8248.76,5400.81,5874.47,0.0,0.0
694.95,37.91,39.3,37.27,37.14,8247.48,5399.36,5874.08,0.0,0.0
695.0,37.94,39.3,37.26,37.14,8245.88,5399.0,5875.23,0.0,0.0
695.07,37.91,39.3,37.26,37.14,8247.48,5399.36,5874.47,0.0,0.0
695.16,37.91,39.3,37.26,37.15,8246.84,5398.64,5874.85,0.0,0.0
695.27,37.95,39.3,37.26,37.15,8245.23,5398.64,5874.85,0.0,0.0
695.36,37.96,39.3,37.26,37.15,8243.63,5399.36,5874.85,0.0,0.0
695.48,37.9,39.3,37.26,37.15,8247.16,5398.64,5875.23,0.0,0.0
695.57,37.93,39.3,37.26,37.15,8245.55,5398.64,5874.85,0.0,0.0
695.69,37.92,39.3,37.26,37.15,8247.8,5399.0,5875.23,0.0,0.0
695.83,37.94,39.3,37.26,37.15,8245.88,5398.64,5874.85,0.0,0.0
695.87,37.95,39.3,37.26,37.15,8243.95,5399.0,5874.47,0.0,0.0
695.97,37.92,39.3,37.26,37.15,8247.8,5398.64,5874.85,0.0,0.0
696.09,37.94,39.3,37.26,37.15,8244.27,5398.64,5874.85,0.0,0.0
696.17,37.91,39.3,37.26,37.15,8246.84,5398.64,5874.47,0.0,0.0
696.27,37.94,39.3,37.26,37.15,8244.91,5398.64,5874.47,0.0,0.0
696.36,37.95,39.3,37.26,37.15,8243.95,5399.0,5874.47,0.0,0.0
696.52,37.94,39.3,37.27,37.16,8245.88,5399.36,5874.08,0.0,0.0
696.56,37.93,39.3,37.26,37.16,8246.19,5398.64,5874.85,0.0,0.0
696.75,37.91,39.3,37.26,37.16,8246.84,5399.36,5874.47,0.0,0.0
696.77,37.94,39.3,37.26,37.16,8244.27,5399.36,5874.85,0.0,0.0
696.88,37.94,39.3,37.26,37.16,8244.27,5399.36,5874.85,0.0,0.0
696.96,37.93,39.29,37.26,37.16,8245.55,5399.72,5874.47,0.0,0.0
697.14,37.94,39.3,37.27,37.16,8245.88,5399.36,5874.08,0.0,0.0
697.18,37.91,39.3,37.26,37.16,8247.48,5399.0,5874.47,0.0,0.0
697.26,37.95,39.3,37.26,37.16,8245.23,5399.0,5874.85,0.0,0.0
697.39,37.96,39.3,37.26,37.16,8243.31,5398.64,5874.47,0.0,0.0
697.46,37.94,39.3,37.27,37.16,8244.91,5398.64,5873.31,0.0,0.0
697.62,37.94,39.3,37.27,37.16,8244.27,5398.64,5872.93,0.0,0.0
697.69,37.95,39.3,37.27,37.16,8244.59,5398.64,5872.55,0.0,0.0
697.8,37.95,39.3,37.27,37.17,8244.59,5398.64,5873.7,0.0,0.0
697.87,37.94,39.3,37.28,37.17,8244.91,5398.64,5871.78,0.0,0.0
697.98,37.94,39.3,37.29,37.17,8244.91,5398.64,5867.56,0.0,0.0
698.07,37.91,39.3,37.29,37.17,8247.48,5399.0,5869.09,0.0,0.0
698.27,37.95,39.3,37.3,37.17,8244.59,5398.64,5866.02,0.0,0.0
698.27,37.92,39.3,37.32,37.17,8246.51,5398.64,5861.81,0.0,0.0
698.38,37.94,39.3,37.32,37.17,8245.88,5398.64,5859.89,0.0,0.0
698.5,37.92,39.3,37.34,37.17,8247.8,5398.64,5856.44,0.0,0.0
698.58,37.9,39.3,37.35,37.17,8248.44,5398.64,5854.53,0.0,0.0
698.7,37.96,39.3,37.35,37.17,8243.63,5398.64,5852.61,0.0,0.0
698.77,37.92,39.3,37.35,37.17,8247.8,5398.64,5853.76,0.0,0.0
698.86,37.91,39.3,37.35,37.17,8247.48,5398.64,5853.0,0.0,0.0
699.01,37.95,39.3,37.36,37.17,8244.59,5398.64,5852.23,0.0,0.0
699.06,37.92,39.3,37.36,37.18,8247.8,5398.64,5851.85,0.0,0.0
699.16,37.91,39.3,37.36,37.18,8246.84,5398.64,5851.47,0.0,0.0
699.27,37.94,39.3,37.36,37.18,8245.88,5398.64,5850.32,0.0,0.0
699.38,37.93,39.3,37.36,37.18,8245.55,5398.64,5851.47,0.0,0.0
699.47,37.93,39.3,37.36,37.18,8245.55,5398.64,5851.85,0.0,0.0
699.61,37.91,39.3,37.36,37.18,8247.48,5398.64,5850.7,0.0,0.0
699.71,37.94,39.3,37.36,37.18,8244.91,5398.64,5850.7,0.0,0.0
699.76,37.93,39.3,37.36,37.18,8246.19,5398.64,5850.7,0.0,0.0
699.87,37.95,39.3,37.36,37.18,8244.59,5398.64,5850.7,0.0,0.0
699.99,37.94,39.3,37.36,37.18,8244.91,5398.64,5850.7,0.0,0.0
700.08,37.93,39.3,37.36,37.18,8246.19,5398.64,5850.7,0.0,0.0
700.17,37.94,39.3,37.36,37.18,8244.27,5398.64,5850.7,0.0,0.0
700.27,37.94,39.3,37.36,37.18,8245.88,5398.64,5850.7,0.0,0.0
700.37,37.94,39.3,37.36,37.18,8244.27,5398.64,5850.7,0.0,0.0
700.48,37.95,39.3,37.36,37.18,8245.23,5398.64,5850.32,0.0,0.0
700.58,37.94,39.3,37.36,37.19,8244.91,5398.64,5850.7,0.0,0.0
700.72,37.97,39.3,37.36,37.19,8242.35,5398.64,5850.7,0.0,0.0
700.77,37.95,39.3,37.36,37.19,8245.23,5398.64,5850.7,0.0,0.0
700.88,37.96,39.3,37.36,37.19,8242.67,5398.64,5850.32,0.0,0.0
700.98,37.95,39.3,37.36,37.19,8245.23,5398.28,5850.7,0.0,0.0
701.07,37.95,39.3,37.36,37.19,8243.95,5398.64,5850.7,0.0,0.0
701.31,37.95,39.3,37.36,37.19,8243.95,5398.64,5850.32,0.0,0.0
701.39,37.93,39.3,37.36,37.19,8245.55,5398.64,5850.32,0.0,0.0
701.44,37.97,39.3,37.36,37.19,8241.39,5398.64,5850.32,0.0,0.0
701.52,37.94,39.3,37.36,37.19,8244.91,5397.92,5850.7,0.0,0.0
701.57,37.97,39.3,37.36,37.19,8242.03,5398.64,5850.32,0.0,0.0
701.7,37.96,39.3,37.36,37.19,8243.63,5398.64,5850.7,0.0,0.0
701.78,37.93,39.3,37.37,37.19,8245.55,5398.28,5849.93,0.0,0.0
701.95,37.97,39.3,37.37,37.19,8242.35,5398.64,5849.93,0.0,0.0
702.1,37.95,39.3,37.37,37.19,8244.59,5398.64,5849.93,0.0,0.0
702.16,37.94,39.3,37.36,37.2,8244.27,5398.64,5850.32,0.0,0.0
702.29,37.93,39.3,37.36,37.2,8245.55,5398.64,5850.32,0.0,0.0
702.4,37.95,39.3,37.36,37.2,8245.23,5397.92,5850.7,0.0,0.0
702.57,37.95,39.3,37.36,37.2,8243.95,5398.28,5850.7,0.0,0.0
702.57,37.95,39.3,37.36,37.2,8244.59,5397.56,5850.7,0.0,0.0
702.62,37.97,39.3,37.36,37.2,8242.99,5398.64,5850.32,0.0,0.0
702.79,37.96,39.3,37.37,37.2,8242.67,5398.64,5849.93,0.0,0.0
702.87,37.97,39.3,37.36,37.2,8242.35,5398.64,5850.7,0.0,0.0
702.88,37.94,39.3,37.36,37.2,8244.91,5398.64,5850.7,0.0,0.0
702.96,37.96,39.3,37.36,37.2,8243.63,5398.28,5850.7,0.0,0.0
703.08,37.95,39.3,37.36,37.2,8243.95,5397.56,5850.7,0.0,0.0
703.22,37.97,39.31,37.36,37.2,8242.99,5397.2,5850.7,0.0,0.0
703.3,37.96,39.3,37.36,37.2,8243.31,5397.92,5850.32,0.0,0.0
703.37,38.01,39.3,37.36,37.2,8239.79,5398.64,5850.32,0.0,0.0
703.47,37.97,39.3,37.36,37.2,8242.35,5398.28,5850.32,0.0,0.0
703.57,37.98,39.3,37.36,37.2,8241.07,5397.92,5850.7,0.0,0.0
703.75,37.99,39.3,37.36,37.21,8240.75,5397.56,5850.7,0.0,0.0
703.79,38.01,39.3,37.36,37.21,8238.51,5397.56,5850.7,0.0,0.0
703.87,37.96,39.3,37.36,37.21,8242.67,5397.92,5850.7,0.0,0.0
703.97,37.99,39.3,37.37,37.21,8240.75,5398.28,5849.55,0.0,0.0
704.09,38.0,39.31,37.36,37.21,8240.43,5397.2,5850.32,0.0,0.0
704.28,37.96,39.31,37.36,37.21,8242.67,5397.2,5850.32,0.0,0.0
704.37,37.97,39.31,37.37,37.21,8242.03,5395.39,5849.93,0.0,0.0
704.42,38.01,39.31,37.36,37.21,8239.15,5395.39,5850.32,0.0,0.0
704.48,38.01,39.32,37.36,37.21,8239.15,5393.23,5850.32,0.0,0.0
704.58,38.01,39.33,37.37,37.21,8238.83,5391.78,5849.93,0.0,0.0
704.68,38.01,39.33,37.36,37.21,8239.15,5391.42,5850.32,0.0,0.0
704.77,38.0,39.36,37.37,37.21,8240.43,5385.65,5848.4,0.0,0.0
704.89,38.02,39.35,37.38,37.21,8237.87,5386.37,5846.87,0.0,0.0
704.98,38.01,39.36,37.38,37.21,8238.19,5384.21,5846.11,0.0,0.0
705.07,38.02,39.38,37.4,37.21,8237.87,5380.61,5842.28,0.0,0.0
705.17,38.01,39.39,37.39,37.21,8238.19,5378.45,5843.05,0.0,0.0
705.32,38.05,39.4,37.39,37.21,8236.91,5377.37,5842.67,0.0,0.0
705.37,38.05,39.4,37.41,37.21,8235.63,5377.01,5838.84,0.0,0.0
705.48,38.06,39.4,37.41,37.22,8235.95,5376.29,5838.46,0.0,0.0
705.59,38.06,39.4,37.41,37.22,8235.95,5375.93,5838.08,0.0,0.0
705.68,38.04,39.4,37.42,37.22,8236.58,5376.29,5835.41,0.0,0.0
705.8,38.01,39.4,37.43,37.22,8239.15,5375.57,5834.26,0.0,0.0
705.91,38.05,39.4,37.44,37.22,8235.63,5376.29,5832.73,0.0,0.0
705.98,38.05,39.4,37.43,37.22,8236.91,5375.57,5834.26,0.0,0.0
706.08,38.04,39.4,37.43,37.22,8236.58,5375.57,5833.88,0.0,0.0
706.2,38.05,39.4,37.43,37.22,8236.91,5375.57,5835.02,0.0,0.0
706.28,38.06,39.4,37.43,37.22,8234.98,5375.57,5833.5,0.0,0.0
706.4,38.05,39.4,37.42,37.22,8235.63,5375.57,5835.41,0.0,0.0
706.48,38.05,39.4,37.42,37.22,8235.31,5375.57,5836.93,0.0,0.0
706.59,38.05,39.4,37.42,37.22,8235.31,5375.57,5837.7,0.0,0.0
706.67,38.06,39.4,37.42,37.23,8235.95,5375.57,5837.32,0.0,0.0
706.77,38.05,39.4,37.42,37.23,8235.63,5375.57,5836.93,0.0,0.0
706.92,38.05,39.4,37.41,37.23,8236.27,5375.57,5839.23,0.0,0.0
706.97,38.07,39.4,37.41,37.23,8234.66,5375.57,5839.23,0.0,0.0
707.09,38.05,39.4,37.41,37.23,8235.63,5375.57,5839.23,0.0,0.0
707.24,38.07,39.4,37.42,37.23,8233.7,5375.57,5837.7,0.0,0.0
707.28,38.05,39.4,37.41,37.23,8235.31,5375.57,5839.61,0.0,0.0
707.37,38.06,39.4,37.41,37.23,8234.98,5375.57,5839.61,0.0,0.0
707.51,38.08,39.4,37.41,37.23,8233.38,5375.57,5838.84,0.0,0.0
707.58,38.06,39.4,37.41,37.23,8234.98,5375.57,5838.84,0.0,0.0
707.69,38.06,39.4,37.42,37.23,8234.34,5375.57,5836.55,0.0,0.0
707.79,38.06,39.4,37.41,37.24,8234.34,5375.57,5838.46,0.0,0.0
707.87,38.07,39.4,37.41,37.24,8234.02,5375.57,5838.08,0.0,0.0
707.99,38.07,39.4,37.42,37.24,8233.7,5375.57,5835.41,0.0,0.0
708.07,38.07,39.4,37.42,37.24,8234.02,5375.57,5836.55,0.0,0.0
708.2,38.06,39.4,37.41,37.24,8234.34,5375.57,5838.08,0.0,0.0
708.27,38.08,39.4,37.41,37.24,8233.38,5375.57,5838.46,0.0,0.0
708.45,38.06,39.4,37.42,37.24,8234.34,5375.57,5836.17,0.0,0.0
708.49,38.08,39.41,37.42,37.24,8233.38,5375.21,5837.32,0.0,0.0
708.57,38.07,39.4,37.42,37.24,8234.02,5375.57,5836.17,0.0,0.0
708.68,38.07,39.4,37.43,37.24,8233.7,5375.57,5835.02,0.0,0.0
708.77,38.07,39.4,37.42,37.24,8233.7,5375.57,5836.17,0.0,0.0
708.93,38.07,39.4,37.41,37.24,8233.7,5375.57,5838.08,0.0,0.0
708.99,38.07,39.4,37.41,37.25,8234.66,5375.57,5838.84,0.0,0.0
709.08,38.06,39.4,37.42,37.25,8234.34,5375.57,5836.55,0.0,0.0
709.17,38.07,39.4,37.42,37.25,8233.7,5375.57,5837.7,0.0,0.0
709.27,38.07,39.4,37.41,37.25,8233.7,5375.57,5839.99,0.0,0.0
709.37,38.07,39.4,37.41,37.25,8234.02,5375.93,5839.99,0.0,0.0
709.48,38.07,39.4,37.41,37.25,8233.7,5375.57,5839.23,0.0,0.0
709.57,38.07,39.4,37.4,37.25,8233.7,5375.57,5840.37,0.0,0.0
709.68,38.08,39.4,37.4,37.25,8232.74,5375.93,5842.28,0.0,0.0
709.79,38.08,39.4,37.4,37.25,8233.38,5375.57,5841.14,0.0,0.0
709.93,38.07,39.4,37.39,37.25,8233.7,5376.65,5844.58,0.0,0.0
709.98,38.07,39.39,37.39,37.25,8234.02,5378.09,5843.81,0.0,0.0
710.16,38.07,39.4,37.39,37.25,8232.42,5377.01,5842.67,0.0,0.0
710.18,38.06,39.39,37.39,37.25,8234.98,5378.45,5844.2,0.0,0.0
710.27,38.07,39.39,37.4,37.26,8233.7,5377.73,5842.28,0.0,0.0
710.37,38.08,39.39,37.39,37.26,8232.74,5378.09,5843.43,0.0,0.0
710.47,38.08,39.39,37.39,37.26,8232.74,5379.53,5843.43,0.0,0.0
710.58,38.08,39.37,37.39,37.26,8232.74,5382.77,5843.05,0.0,0.0
710.73,38.06,39.38,37.39,37.26,8233.06,5380.97,5843.43,0.0,0.0
710.8,38.08,39.38,37.39,37.26,8233.38,5381.69,5844.96,0.0,0.0
710.9,38.07,39.37,37.39,37.26,8233.7,5383.49,5843.81,0.0,0.0
710.98,38.08,39.36,37.39,37.26,8232.74,5384.93,5843.05,0.0,0.0
711.08,38.08,39.36,37.39,37.26,8232.74,5385.29,5844.2,0.0,0.0
711.2,38.08,39.35,37.39,37.26,8232.74,5386.37,5844.96,0.0,0.0
711.28,38.08,39.36,37.39,37.26,8233.38,5385.29,5843.81,0.0,0.0
711.38,38.06,39.34,37.39,37.26,8233.06,5388.9,5844.2,0.0,0.0
711.5,38.08,39.35,37.38,37.26,8232.1,5388.18,5845.73,0.0,0.0
711.6,38.06,39.33,37.39,37.26,8233.06,5391.06,5844.2,0.0,0.0
711.69,38.07,39.33,37.38,37.27,8232.42,5392.5,5846.11,0.0,0.0
711.78,38.08,39.32,37.39,37.27,8233.38,5393.59,5844.58,0.0,0.0
711.94,38.08,39.32,37.38,37.27,8233.38,5393.95,5845.34,0.0,0.0
712.02,38.07,39.32,37.38,37.27,8232.42,5393.95,5846.11,0.0,0.0
712.1,38.08,39.31,37.37,37.27,8232.74,5396.11,5848.02,0.0,0.0
712.18,38.08,39.31,37.38,37.27,8232.74,5396.11,5846.87,0.0,0.0
712.31,38.06,39.31,37.38,37.27,8233.06,5396.47,5846.11,0.0,0.0
712.39,38.08,39.31,37.38,37.27,8232.74,5395.75,5845.73,0.0,0.0
712.49,38.06,39.3,37.39,37.27,8233.06,5397.56,5844.96,0.0,0.0
712.66,38.07,39.31,37.38,37.27,8232.42,5397.2,5846.49,0.0,0.0
712.68,38.07,39.3,37.38,37.27,8232.42,5397.92,5845.34,0.0,0.0
712.78,38.06,39.31,37.38,37.27,8233.06,5397.2,5845.34,0.0,0.0
712.9,38.08,39.31,37.38,37.27,8232.1,5397.2,5846.11,0.0,0.0
712.98,38.09,39.3,37.39,37.27,8231.78,5398.64,5844.2,0.0,0.0
713.16,38.08,39.3,37.39,37.27,8233.38,5397.92,5844.96,0.0,0.0
713.22,38.06,39.31,37.39,37.27,8233.06,5397.2,5844.58,0.0,0.0
713.35,38.08,39.3,37.39,37.27,8232.74,5397.92,5844.96,0.0,0.0
713.38,38.08,39.3,37.38,37.27,8233.38,5398.64,5845.73,0.0,0.0
713.52,38.08,39.3,37.38,37.27,8232.1,5397.56,5846.49,0.0,0.0
713.59,38.06,39.3,37.37,37.27,8233.06,5398.28,5847.64,0.0,0.0
713.68,38.06,39.3,37.37,37.27,8233.06,5398.28,5847.64,0.0,0.0
713.78,38.06,39.3,37.37,37.27,8233.06,5397.92,5847.64,0.0,0.0
713.88,38.06,39.3,37.37,37.27,8233.06,5398.28,5849.55,0.0,0.0
714.02,38.07,39.3,37.37,37.27,8232.42,5398.64,5848.79,0.0,0.0
714.1,38.08,39.3,37.37,37.27,8232.74,5398.64,5849.55,0.0,0.0
714.28,38.08,39.3,37.37,37.28,8232.74,5397.56,5849.55,0.0,0.0
714.33,38.08,39.3,37.37,37.28,8232.74,5398.64,5849.93,0.0,0.0
714.41,38.08,39.3,37.36,37.28,8233.38,5397.92,5850.7,0.0,0.0
714.48,38.06,39.3,37.36,37.28,8233.06,5398.28,5850.32,0.0,0.0
714.58,38.08,39.3,37.36,37.28,8233.38,5398.64,5850.7,0.0,0.0
714.69,38.07,39.3,37.37,37.28,8234.02,5398.28,5849.93,0.0,0.0
714.8,38.07,39.3,37.36,37.28,8233.7,5398.64,5850.7,0.0,0.0
714.93,38.07,39.3,37.37,37.28,8234.02,5398.64,5849.93,0.0,0.0
715.02,38.07,39.3,37.37,37.28,8233.7,5398.28,5849.93,0.0,0.0
715.08,38.06,39.3,37.37,37.28,8234.34,5398.28,5849.93,0.0,0.0
715.18,38.07,39.3,37.37,37.28,8234.02,5398.28,5849.93,0.0,0.0
715.3,38.06,39.3,37.36,37.28,8233.06,5398.28,5850.32,0.0,0.0
715.42,38.07,39.3,37.37,37.28,8233.7,5398.64,5849.93,0.0,0.0
715.5,38.07,39.3,37.36,37.28,8233.7,5398.64,5850.32,0.0,0.0
715.59,38.08,39.3,37.36,37.28,8233.38,5398.64,5850.32,0.0,0.0
715.68,38.06,39.3,37.36,37.28,8234.34,5398.64,5850.32,0.0,0.0
715.78,38.07,39.3,37.36,37.28,8234.66,5398.64,5850.32,0.0,0.0
715.96,38.06,39.3,37.36,37.28,8234.34,5398.64,5850.32,0.0,0.0
715.98,38.06,39.3,37.36,37.28,8233.06,5398.64,5850.32,0.0,0.0
716.08,38.07,39.3,37.37,37.28,8234.02,5398.64,5849.93,0.0,0.0
716.18,38.07,39.3,37.37,37.28,8234.66,5398.28,5849.93,0.0,0.0
716.3,38.06,39.3,37.37,37.28,8234.34,5398.64,5849.93,0.0,0.0
716.39,38.06,39.3,37.37,37.28,8235.95,5398.64,5849.93,0.0,0.0
716.51,38.07,39.3,37.36,37.28,8234.66,5398.64,5850.32,0.0,0.0
716.58,38.07,39.3,37.36,37.28,8234.02,5398.64,5850.32,0.0,0.0
716.68,38.06,39.3,37.36,37.28,8234.34,5398.64,5850.32,0.0,0.0
716.79,38.06,39.3,37.36,37.28,8234.34,5398.64,5850.32,0.0,0.0
716.88,38.06,39.3,37.37,37.28,8234.34,5398.64,5849.93,0.0,0.0
717.06,38.07,39.3,37.36,37.28,8234.02,5398.64,5850.32,0.0,0.0
717.15,38.08,39.3,37.37,37.28,8233.38,5398.64,5849.93,0.0,0.0
717.18,38.06,39.3,37.37,37.28,8233.06,5398.64,5849.93,0.0,0.0
717.3,38.08,39.3,37.37,37.28,8233.38,5398.64,5849.93,0.0,0.0
717.38,38.07,39.3,37.37,37.28,8234.02,5398.64,5849.93,0.0,0.0
717.5,38.07,39.3,37.37,37.28,8233.7,5398.28,5849.55,0.0,0.0
717.59,38.06,39.3,37.37,37.28,8234.34,5398.64,5849.93,0.0,0.0
717.68,38.07,39.3,37.37,37.28,8234.02,5398.64,5849.55,0.0,0.0
717.79,38.07,39.3,37.37,37.28,8233.7,5398.64,5849.93,0.0,0.0
717.93,38.07,39.3,37.37,37.28,8233.7,5398.28,5849.93,0.0,0.0
718.1,38.08,39.3,37.37,37.28,8232.74,5398.64,5849.55,0.0,0.0
718.12,38.08,39.3,37.37,37.28,8233.38,5398.28,5849.93,0.0,0.0
718.19,38.08,39.3,37.37,37.28,8233.38,5398.64,5849.17,0.0,0.0
718.29,38.07,39.3,37.37,37.29,8233.7,5398.64,5849.55,0.0,0.0
718.42,38.06,39.3,37.37,37.29,8234.34,5398.64,5849.55,0.0,0.0
718.5,38.08,39.3,37.37,37.29,8233.38,5398.64,5849.55,0.0,0.0
718.61,38.06,39.3,37.37,37.29,8233.06,5398.64,5848.79,0.0,0.0
718.68,38.06,39.3,37.37,37.29,8233.06,5398.64,5849.17,0.0,0.0
718.79,38.07,39.3,37.37,37.29,8232.42,5397.92,5849.55,0.0,0.0
718.88,38.08,39.3,37.37,37.29,8232.74,5397.92,5848.79,0.0,0.0
719.0,38.06,39.3,37.37,37.29,8233.06,5398.28,5848.02,0.0,0.0
719.1,38.07,39.3,37.37,37.29,8234.02,5397.56,5848.79,0.0,0.0
719.18,38.07,39.3,37.37,37.29,8232.42,5398.28,5848.4,0.0,0.0
719.3,38.08,39.3,37.37,37.29,8233.38,5398.64,5849.17,0.0,0.0
719.38,38.08,39.3,37.37,37.29,8233.38,5398.28,5848.02,0.0,0.0
719.48,38.08,39.3,37.38,37.29,8232.74,5397.92,5846.87,0.0,0.0
719.6,38.08,39.3,37.37,37.29,8233.38,5398.28,5848.4,0.0,0.0
719.68,38.08,39.3,37.38,37.29,8232.1,5398.28,5846.87,0.0,0.0
719.8,38.06,39.3,37.37,37.29,8233.06,5397.56,5847.64,0.0,0.0
719.88,38.08,39.3,37.38,37.29,8232.74,5398.64,5846.87,0.0,0.0
720.0,38.06,39.3,37.38,37.29,8233.06,5397.56,5846.49,0.0,0.0
720.09,38.08,39.3,37.39,37.29,8233.38,5397.56,5844.58,0.0,0.0
720.18,38.09,39.3,37.38,37.29,8231.78,5397.56,5846.49,0.0,0.0
720.3,38.07,39.31,37.38,37.29,8234.02,5397.2,5845.34,0.0,0.0
720.38,38.07,39.31,37.39,37.29,8232.42,5396.47,5844.96,0.0,0.0
720.5,38.07,39.3,37.38,37.29,8232.42,5397.92,5845.34,0.0,0.0
720.65,38.07,39.31,37.39,37.29,8232.42,5395.75,5844.58,0.0,0.0
720.71,38.06,39.31,37.39,37.29,8233.06,5396.84,5844.96,0.0,0.0
720.8,38.08,39.31,37.39,37.29,8232.1,5396.47,5844.96,0.0,0.0
720.9,38.07,39.31,37.39,37.29,8232.42,5396.47,5843.43,0.0,0.0
720.99,38.08,39.31,37.38,37.29,8232.1,5396.11,5846.11,0.0,0.0
721.09,38.08,39.32,37.39,37.29,8232.74,5394.67,5844.58,0.0,0.0
721.19,38.06,39.32,37.39,37.29,8233.06,5394.67,5844.58,0.0,0.0
721.29,38.09,39.31,37.39,37.29,8231.78,5396.47,5843.81,0.0,0.0
721.39,38.08,39.32,37.39,37.29,8232.1,5395.03,5844.2,0.0,0.0
721.49,38.08,39.31,37.39,37.29,8232.1,5396.11,5843.81,0.0,0.0
721.59,38.08,39.32,37.4,37.29,8232.1,5395.03,5840.37,0.0,0.0
721.71,38.09,39.31,37.4,37.29,8231.78,5395.39,5842.28,0.0,0.0
721.79,38.1,39.31,37.4,37.29,8231.46,5396.11,5840.75,0.0,0.0
721.89,38.11,39.31,37.4,37.29,8230.5,5396.47,5841.52,0.0,0.0
721.99,38.1,39.31,37.41,37.29,8231.46,5397.2,5839.99,0.0,0.0
722.15,38.11,39.31,37.4,37.29,8230.82,5396.11,5840.37,0.0,0.0
722.19,38.07,39.31,37.41,37.29,8232.42,5396.47,5839.23,0.0,0.0
722.38,38.08,39.31,37.42,37.29,8232.1,5396.47,5836.93,0.0,0.0
722.4,38.11,39.31,37.42,37.29,8230.5,5397.2,5835.79,0.0,0.0
722.49,38.11,39.31,37.42,37.29,8231.14,5396.47,5835.41,0.0,0.0
722.6,38.11,39.31,37.42,37.29,8230.82,5396.84,5835.41,0.0,0.0
722.7,38.12,39.3,37.43,37.29,8229.22,5397.92,5833.11,0.0,0.0
722.8,38.11,39.31,37.44,37.3,8231.14,5396.47,5831.59,0.0,0.0
722.9,38.11,39.31,37.44,37.3,8231.14,5395.75,5832.73,0.0,0.0
722.99,38.13,39.3,37.44,37.3,8230.18,5397.56,5831.59,0.0,0.0
723.12,38.09,39.31,37.45,37.3,8231.78,5396.84,5828.15,0.0,0.0
723.19,38.11,39.32,37.46,37.3,8231.14,5394.31,5827.39,0.0,0.0
723.3,38.11,39.32,37.45,37.3,8230.5,5394.31,5828.91,0.0,0.0
723.39,38.09,39.32,37.46,37.3,8231.78,5393.95,5827.77,0.0,0.0
723.5,38.12,39.32,37.46,37.3,8229.86,5394.31,5827.01,0.0,0.0
723.7,38.13,39.32,37.46,37.3,8230.18,5393.95,5826.62,0.0,0.0
723.73,38.14,39.32,37.46,37.3,8227.94,5395.03,5826.62,0.0,0.0
723.8,38.11,39.32,37.46,37.3,8230.5,5394.67,5826.62,0.0,0.0
723.89,38.11,39.33,37.46,37.3,8230.5,5391.42,5826.24,0.0,0.0
724.01,38.11,39.33,37.46,37.3,8230.82,5391.42,5826.24,0.0,0.0
724.09,38.11,39.33,37.46,37.3,8230.5,5392.5,5826.24,0.0,0.0
724.2,38.12,39.34,37.46,37.3,8229.22,5390.34,5826.62,0.0,0.0
724.42,38.12,39.35,37.46,37.3,8229.86,5386.37,5825.86,0.0,0.0
724.5,38.11,39.35,37.46,37.3,8230.5,5386.37,5825.86,0.0,0.0
724.54,38.12,39.36,37.46,37.3,8229.22,5384.93,5825.86,0.0,0.0
724.6,38.1,39.38,37.46,37.3,8231.46,5381.69,5825.86,0.0,0.0
724.7,38.1,39.38,37.46,37.3,8231.46,5381.33,5825.86,0.0,0.0
724.79,38.12,39.38,37.47,37.3,8229.22,5381.33,5825.48,0.0,0.0
724.92,38.13,39.39,37.46,37.3,8230.18,5378.81,5825.86,0.0,0.0
724.99,38.13,39.39,37.46,37.3,8230.18,5378.45,5825.86,0.0,0.0
725.13,38.14,39.39,37.46,37.3,8228.58,5377.73,5825.86,0.0,0.0
725.2,38.11,39.4,37.46,37.3,8231.14,5376.65,5825.86,0.0,0.0
725.3,38.12,39.4,37.46,37.3,8229.22,5376.29,5825.86,0.0,0.0
725.43,38.11,39.4,37.46,37.3,8229.54,5375.57,5826.24,0.0,0.0
725.6,38.11,39.4,37.46,37.3,8229.54,5375.57,5826.24,0.0,0.0
725.7,38.12,39.4,37.46,37.3,8229.22,5375.93,5826.24,0.0,0.0
725.72,38.14,39.4,37.46,37.3,8228.58,5375.57,5825.86,0.0,0.0
725.79,38.13,39.4,37.46,37.3,8230.18,5375.57,5826.24,0.0,0.0
725.89,38.12,39.4,37.46,37.3,8228.9,5375.57,5826.24,0.0,0.0
725.99,38.13,39.4,37.46,37.3,8228.26,5375.57,5825.86,0.0,0.0
726.1,38.12,39.4,37.46,37.3,8229.22,5375.57,5825.86,0.0,0.0
726.3,38.12,39.4,37.46,37.31,8229.86,5375.57,5825.86,0.0,0.0
726.33,38.12,39.4,37.47,37.31,8228.9,5375.57,5825.48,0.0,0.0
726.39,38.12,39.4,37.46,37.31,8229.86,5375.57,5825.86,0.0,0.0
726.53,38.14,39.4,37.46,37.31,8228.58,5375.57,5826.24,0.0,0.0
726.59,38.12,39.4,37.46,37.31,8228.9,5375.57,5826.24,0.0,0.0
726.76,38.14,39.4,37.46,37.31,8227.62,5375.57,5825.86,0.0,0.0
726.8,38.14,39.4,37.46,37.31,8228.58,5375.57,5825.86,0.0,0.0
726.9,38.14,39.4,37.46,37.31,8227.94,5375.57,5825.86,0.0,0.0
727.0,38.14,39.4,37.46,37.31,8228.58,5375.57,5825.86,0.0,0.0
727.09,38.13,39.4,37.47,37.31,8228.26,5375.57,5825.48,0.0,0.0
727.23,38.14,39.4,37.46,37.31,8228.58,5375.57,5825.86,0.0,0.0
727.3,38.13,39.4,37.46,37.31,8228.26,5375.57,5825.86,0.0,0.0
727.4,38.12,39.4,37.47,37.31,8228.9,5375.57,5825.48,0.0,0.0
727.49,38.14,39.4,37.46,37.31,8228.58,5375.57,5825.86,0.0,0.0
727.6,38.11,39.4,37.46,37.31,8229.54,5375.57,5825.86,0.0,0.0
727.8,38.14,39.4,37.46,37.31,8228.58,5375.57,5826.24,0.0,0.0
727.8,38.14,39.4,37.47,37.31,8228.58,5375.57,5825.48,0.0,0.0
727.9,38.12,39.4,37.46,37.31,8229.86,5375.57,5825.86,0.0,0.0
728.01,38.12,39.4,37.47,37.31,8229.86,5375.57,5825.48,0.0,0.0
728.1,38.12,39.4,37.46,37.31,8229.22,5375.57,5825.86,0.0,0.0
728.26,38.11,39.4,37.46,37.32,8230.5,5375.57,5825.86,0.0,0.0
728.29,38.11,39.4,37.46,37.32,8230.5,5375.57,5825.86,0.0,0.0
728.4,38.11,39.4,37.46,37.32,8231.14,5375.57,5825.86,0.0,0.0
728.5,38.11,39.4,37.46,37.32,8230.82,5375.57,5826.24,0.0,0.0
728.67,38.11,39.4,37.46,37.32,8230.5,5375.57,5826.24,0.0,0.0
728.76,38.11,39.4,37.46,37.32,8231.14,5375.57,5826.24,0.0,0.0
728.8,38.12,39.4,37.46,37.32,8229.86,5375.57,5826.24,0.0,0.0
728.9,38.12,39.4,37.46,37.32,8229.86,5375.93,5825.86,0.0,0.0
729.03,38.12,39.4,37.46,37.32,8229.22,5375.57,5825.86,0.0,0.0
729.09,38.12,39.4,37.46,37.32,8229.86,5375.57,5825.86,0.0,0.0
729.2,38.13,39.4,37.46,37.32,8230.18,5375.57,5825.86,0.0,0.0
729.34,38.12,39.4,37.46,37.32,8229.86,5375.57,5825.86,0.0,0.0
729.39,38.11,39.4,37.46,37.32,8230.5,5375.57,5825.86,0.0,0.0
729.49,38.11,39.4,37.46,37.32,8231.14,5375.57,5826.24,0.0,0.0
729.6,38.1,39.4,37.46,37.32,8231.46,5375.57,5825.86,0.0,0.0
729.7,38.09,39.4,37.46,37.32,8231.78,5375.57,5826.24,0.0,0.0
729.81,38.08,39.4,37.46,37.32,8232.1,5375.57,5825.86,0.0,0.0
729.89,38.07,39.4,37.46,37.32,8232.42,5375.57,5825.86,0.0,0.0
730.0,38.07,39.4,37.46,37.32,8232.42,5375.57,5825.86,0.0,0.0
730.09,38.06,39.4,37.46,37.32,8233.06,5375.57,5825.86,0.0,0.0
730.2,38.08,39.4,37.46,37.32,8232.1,5375.57,5825.86,0.0,0.0
730.29,38.08,39.4,37.46,37.33,8232.1,5375.57,5826.24,0.0,0.0
730.41,38.07,39.4,37.46,37.33,8232.42,5375.57,5826.24,0.0,0.0
730.51,38.08,39.4,37.46,37.33,8232.74,5375.57,5826.24,0.0,0.0
730.63,38.13,39.4,37.46,37.33,8230.18,5375.57,5825.86,0.0,0.0
730.7,38.06,39.4,37.46,37.33,8233.06,5375.57,5825.86,0.0,0.0
730.86,38.07,39.4,37.46,37.33,8232.42,5375.57,5826.24,0.0,0.0
730.89,38.08,39.4,37.46,37.33,8232.74,5375.57,5826.24,0.0,0.0
730.99,38.08,39.4,37.46,37.33,8232.74,5375.57,5826.24,0.0,0.0
731.12,38.08,39.4,37.46,37.33,8233.38,5375.57,5826.24,0.0,0.0
731.19,38.08,39.4,37.46,37.33,8232.1,5375.57,5826.24,0.0,0.0
731.3,38.06,39.4,37.47,37.33,8233.06,5375.57,5825.48,0.0,0.0
731.41,38.08,39.4,37.46,37.33,8232.1,5375.57,5825.86,0.0,0.0
731.55,38.08,39.4,37.46,37.33,8232.74,5375.57,5825.86,0.0,0.0
731.6,38.08,39.4,37.46,37.33,8232.74,5375.57,5826.24,0.0,0.0
731.7,38.07,39.4,37.46,37.33,8233.7,5375.57,5826.24,0.0,0.0
731.83,38.06,39.4,37.47,37.33,8233.06,5375.57,5825.48,0.0,0.0
731.9,38.06,39.4,37.46,37.33,8233.06,5375.57,5825.86,0.0,0.0
732.02,38.08,39.4,37.46,37.33,8232.74,5375.57,5826.24,0.0,0.0
732.09,38.08,39.4,37.46,37.33,8232.74,5375.57,5825.86,0.0,0.0
732.21,38.06,39.4,37.46,37.33,8233.06,5375.57,5826.24,0.0,0.0
732.3,38.07,39.4,37.46,37.33,8233.7,5375.57,5826.24,0.0,0.0
732.46,38.09,39.4,37.46,37.33,8231.78,5375.57,5826.24,0.0,0.0
732.53,38.08,39.4,37.46,37.33,8233.38,5375.57,5825.86,0.0,0.0
732.62,38.08,39.4,37.46,37.34,8233.38,5375.57,5825.86,0.0,0.0
732.72,38.08,39.41,37.46,37.34,8232.1,5375.21,5825.86,0.0,0.0
732.82,38.07,39.4,37.46,37.34,8234.02,5375.57,5825.86,0.0,0.0
732.95,38.06,39.4,37.46,37.34,8234.34,5375.57,5826.24,0.0,0.0
733.0,38.07,39.4,37.46,37.34,8234.02,5375.57,5826.24,0.0,0.0
733.2,38.08,39.4,37.46,37.34,8232.74,5375.57,5825.86,0.0,0.0
733.25,38.06,39.4,37.46,37.34,8233.06,5375.57,5826.24,0.0,0.0
733.4,38.06,39.4,37.46,37.34,8233.06,5375.57,5826.24,0.0,0.0
733.45,38.08,39.4,37.46,37.34,8232.74,5375.57,5826.24,0.0,0.0
733.61,38.07,39.4,37.46,37.34,8232.42,5375.57,5826.24,0.0,0.0
733.74,38.07,39.41,37.46,37.34,8233.7,5374.85,5825.86,0.0,0.0
733.86,38.08,39.4,37.46,37.34,8233.38,5375.57,5825.86,0.0,0.0
733.92,38.08,39.4,37.46,37.34,8232.1,5375.57,5825.86,0.0,0.0
734.04,38.08,39.4,37.46,37.34,8232.74,5375.57,5826.24,0.0,0.0
734.14,38.06,39.41,37.46,37.34,8233.06,5375.21,5825.86,0.0,0.0
734.22,38.08,39.41,37.46,37.34,8233.38,5375.21,5825.86,0.0,0.0
734.32,38.08,39.4,37.46,37.34,8233.38,5375.57,5825.86,0.0,0.0
734.37,38.06,39.4,37.47,37.34,8233.06,5375.57,5825.48,0.0,0.0
734.43,38.07,39.4,37.46,37.34,8234.02,5375.57,5825.86,0.0,0.0
734.53,38.08,39.4,37.46,37.34,8233.38,5375.57,5826.24,0.0,0.0
734.6,38.06,39.4,37.46,37.34,8234.34,5375.57,5826.24,0.0,0.0
734.72,38.06,39.41,37.46,37.34,8233.06,5375.21,5826.24,0.0,0.0
734.8,38.06,39.4,37.47,37.34,8233.06,5375.57,5825.48,0.0,0.0
734.9,38.07,39.4,37.46,37.34,8233.7,5375.57,5825.86,0.0,0.0
735.0,38.07,39.41,37.47,37.34,8233.7,5375.21,5825.48,0.0,0.0
735.11,38.07,39.4,37.47,37.35,8233.7,5375.57,5825.1,0.0,0.0
735.21,38.06,39.4,37.46,37.35,8233.06,5375.57,5826.24,0.0,0.0
735.3,38.07,39.4,37.46,37.35,8233.7,5375.57,5825.86,0.0,0.0
735.4,38.08,39.41,37.47,37.35,8232.74,5375.21,5825.48,0.0,0.0
735.5,38.08,39.4,37.46,37.35,8233.38,5375.57,5825.86,0.0,0.0
735.6,38.08,39.41,37.47,37.35,8233.38,5375.21,5825.1,0.0,0.0
735.71,38.06,39.4,37.46,37.35,8233.06,5375.57,5825.86,0.0,0.0
735.8,38.08,39.4,37.47,37.35,8232.74,5375.57,5825.1,0.0,0.0
735.93,38.06,39.4,37.47,37.35,8233.06,5375.57,5824.72,0.0,0.0
735.99,38.06,39.4,37.46,37.35,8233.06,5375.57,5825.86,0.0,0.0
736.15,38.08,39.41,37.47,37.35,8233.38,5375.21,5825.48,0.0,0.0
736.23,38.07,39.4,37.47,37.35,8232.42,5375.57,5823.95,0.0,0.0
736.31,38.07,39.4,37.48,37.35,8234.02,5375.57,5821.66,0.0,0.0
736.4,38.09,39.4,37.49,37.35,8231.78,5375.57,5820.14,0.0,0.0
736.52,38.08,39.41,37.49,37.35,8233.38,5375.21,5819.76,0.0,0.0
736.61,38.09,39.4,37.48,37.35,8231.78,5375.57,5821.28,0.0,0.0
736.7,38.06,39.4,37.49,37.35,8233.06,5375.57,5819.0,0.0,0.0
736.81,38.08,39.4,37.49,37.35,8232.74,5375.57,5820.52,0.0,0.0
736.9,38.09,39.4,37.48,37.35,8231.78,5375.57,5822.81,0.0,0.0
737.0,38.06,39.4,37.48,37.35,8233.06,5375.57,5822.43,0.0,0.0
737.1,38.08,39.4,37.47,37.35,8233.38,5375.57,5823.19,0.0,0.0
737.2,38.06,39.4,37.48,37.35,8233.06,5375.57,5821.66,0.0,0.0
737.3,38.08,39.4,37.47,37.35,8233.38,5375.57,5824.72,0.0,0.0
737.44,38.08,39.4,37.47,37.35,8233.38,5375.57,5825.1,0.0,0.0
737.53,38.07,39.4,37.46,37.35,8232.42,5375.57,5825.86,0.0,0.0
737.61,38.08,39.4,37.47,37.35,8233.38,5375.57,5825.1,0.0,0.0
737.73,38.07,39.4,37.46,37.35,8233.7,5375.57,5825.86,0.0,0.0
737.8,38.07,39.4,37.47,37.35,8233.7,5375.57,5825.1,0.0,0.0
737.95,38.07,39.4,37.47,37.35,8234.02,5375.57,5825.48,0.0,0.0
738.06,38.08,39.4,37.47,37.35,8233.38,5375.57,5825.48,0.0,0.0
738.17,38.06,39.4,37.47,37.36,8234.98,5375.57,5825.48,0.0,0.0
738.2,38.06,39.4,37.46,37.36,8234.34,5375.57,5826.24,0.0,0.0
738.41,38.07,39.4,37.46,37.36,8233.7,5375.57,5825.86,0.0,0.0
738.48,38.07,39.4,37.47,37.36,8234.02,5375.57,5824.72,0.0,0.0
738.52,38.07,39.4,37.47,37.36,8233.7,5375.57,5824.72,0.0,0.0
738.61,38.06,39.4,37.47,37.36,8233.06,5375.57,5824.72,0.0,0.0
738.73,38.08,39.4,37.47,37.36,8233.38,5375.57,5823.95,0.0,0.0
738.89,38.06,39.41,37.47,37.36,8234.34,5375.21,5824.72,0.0,0.0
739.02,38.07,39.4,37.47,37.36,8232.42,5375.57,5825.48,0.0,0.0
739.06,38.07,39.4,37.48,37.36,8234.02,5375.57,5822.81,0.0,0.0
739.13,38.06,39.41,37.47,37.36,8233.06,5375.21,5823.95,0.0,0.0
739.26,38.08,39.4,37.47,37.36,8233.38,5375.57,5825.1,0.0,0.0
739.33,38.08,39.4,37.47,37.36,8232.74,5375.57,5823.95,0.0,0.0
739.42,38.08,39.4,37.47,37.36,8233.38,5375.57,5824.33,0.0,0.0
739.52,38.08,39.41,37.47,37.36,8232.74,5374.85,5825.48,0.0,0.0
739.6,38.06,39.4,37.46,37.36,8233.06,5375.57,5825.86,0.0,0.0
739.71,38.07,39.41,37.47,37.36,8233.7,5375.21,5825.48,0.0,0.0
739.81,38.06,39.4,37.47,37.36,8233.06,5375.57,5825.1,0.0,0.0
739.91,38.07,39.4,37.46,37.36,8233.7,5375.57,5825.86,0.0,0.0
740.0,38.09,39.4,37.47,37.36,8231.78,5375.57,5825.48,0.0,0.0
740.1,38.07,39.4,37.46,37.36,8233.7,5375.57,5826.24,0.0,0.0
740.2,38.08,39.4,37.46,37.36,8232.74,5375.57,5826.24,0.0,0.0
740.3,38.08,39.4,37.46,37.36,8232.1,5375.57,5826.24,0.0,0.0
740.41,38.06,39.4,37.46,37.36,8233.06,5375.57,5825.86,0.0,0.0
740.49,38.07,39.4,37.46,37.36,8232.42,5375.57,5825.86,0.0,0.0
740.6,38.08,39.41,37.46,37.36,8232.74,5375.21,5825.86,0.0,0.0
740.7,38.06,39.4,37.46,37.36,8233.06,5375.57,5826.24,0.0,0.0
740.86,38.08,39.4,37.46,37.36,8232.74,5375.57,5826.24,0.0,0.0
740.9,38.08,39.4,37.46,37.36,8233.38,5375.57,5825.86,0.0,0.0
741.01,38.09,39.4,37.46,37.36,8231.78,5375.57,5826.24,0.0,0.0
741.1,38.08,39.4,37.46,37.36,8232.74,5375.57,5826.24,0.0,0.0
741.23,38.07,39.4,37.46,37.36,8233.7,5375.57,5826.24,0.0,0.0
741.31,38.07,39.4,37.46,37.36,8233.7,5375.57,5826.24,0.0,0.0
741.4,38.06,39.4,37.46,37.37,8234.34,5375.57,5826.62,0.0,0.0
741.52,38.07,39.4,37.46,37.37,8232.42,5375.57,5826.62,0.0,0.0
741.62,38.08,39.4,37.45,37.37,8233.38,5375.57,5828.15,0.0,0.0
741.72,38.07,39.4,37.45,37.37,8233.7,5375.57,5830.06,0.0,0.0
741.8,38.07,39.4,37.43,37.37,8234.66,5375.57,5834.26,0.0,0.0
741.92,38.07,39.4,37.42,37.37,8233.7,5375.57,5837.7,0.0,0.0
742.0,38.07,39.4,37.4,37.37,8234.02,5375.57,5840.37,0.0,0.0
742.12,38.06,39.4,37.4,37.37,8234.34,5375.57,5842.28,0.0,0.0
742.2,38.06,39.4,37.39,37.37,8233.06,5375.57,5843.81,0.0,0.0
742.38,38.07,39.4,37.39,37.37,8233.7,5375.57,5842.67,0.0,0.0
742.43,38.07,39.4,37.38,37.37,8234.66,5375.57,5846.11,0.0,0.0
742.5,38.07,39.4,37.38,37.37,8234.66,5375.57,5846.87,0.0,0.0
742.62,38.07,39.4,37.37,37.37,8234.02,5375.57,5847.64,0.0,0.0
742.7,38.07,39.4,37.37,37.37,8233.7,5375.57,5849.55,0.0,0.0
742.82,38.07,39.4,37.37,37.37,8233.7,5375.57,5849.55,0.0,0.0
742.91,38.05,39.4,37.36,37.37,8235.31,5375.57,5850.32,0.0,0.0
743.01,38.07,39.4,37.36,37.37,8233.7,5375.57,5850.32,0.0,0.0
743.16,38.04,39.4,37.37,37.37,8236.58,5375.57,5849.93,0.0,0.0
743.22,38.06,39.4,37.37,37.37,8235.95,5376.29,5849.93,0.0,0.0
743.33,38.05,39.4,37.36,37.37,8235.63,5375.57,5850.7,0.0,0.0
743.43,38.05,39.4,37.37,37.37,8236.27,5375.93,5849.93,0.0,0.0
743.52,38.05,39.4,37.37,37.37,8235.31,5375.93,5849.93,0.0,0.0
743.6,38.06,39.4,37.37,37.37,8235.95,5375.93,5849.93,0.0,0.0
743.7,38.04,39.4,37.36,37.37,8236.58,5376.29,5850.32,0.0,0.0
743.8,38.04,39.4,37.36,37.37,8236.58,5375.93,5850.32,0.0,0.0
743.92,38.04,39.4,37.37,37.37,8236.58,5376.29,5849.93,0.0,0.0
744.0,38.06,39.4,37.36,37.37,8235.95,5375.93,5850.32,0.0,0.0
744.11,38.05,39.4,37.36,37.37,8235.31,5375.93,5850.7,0.0,0.0
744.21,38.05,39.4,37.36,37.37,8236.91,5377.37,5850.32,0.0,0.0
744.34,38.06,39.4,37.36,37.37,8235.95,5376.65,5850.32,0.0,0.0
744.4,38.02,39.4,37.37,37.37,8237.87,5376.65,5849.93,0.0,0.0
744.51,38.01,39.39,37.37,37.37,8238.19,5379.53,5849.55,0.0,0.0
744.6,38.04,39.39,37.36,37.37,8236.58,5378.81,5850.32,0.0,0.0
744.73,38.06,39.39,37.36,37.37,8235.95,5378.45,5850.7,0.0,0.0
744.8,38.02,39.39,37.36,37.37,8237.87,5378.81,5850.32,0.0,0.0
744.95,38.01,39.38,37.37,37.37,8239.15,5379.89,5849.93,0.0,0.0
745.01,38.01,39.38,37.36,37.37,8238.19,5379.89,5850.7,0.0,0.0
745.14,38.03,39.39,37.36,37.37,8237.55,5378.81,5850.7,0.0,0.0
745.21,38.01,39.38,37.36,37.37,8238.51,5381.69,5850.32,0.0,0.0
745.31,38.01,39.37,37.36,37.37,8239.15,5382.77,5850.32,0.0,0.0
745.42,38.0,39.37,37.36,37.37,8239.47,5382.77,5850.7,0.0,0.0
745.5,38.01,39.36,37.37,37.38,8238.83,5385.29,5849.93,0.0,0.0
745.63,38.01,39.36,37.36,37.38,8238.83,5384.21,5850.32,0.0,0.0
745.71,38.0,39.36,37.37,37.38,8240.11,5384.93,5849.55,0.0,0.0
745.81,38.01,39.35,37.37,37.38,8238.83,5386.73,5849.93,0.0,0.0
745.9,38.0,39.35,37.36,37.38,8239.47,5387.09,5850.7,0.0,0.0
746.03,38.0,39.35,37.36,37.38,8240.11,5386.37,5850.7,0.0,0.0
746.12,38.0,39.34,37.36,37.38,8239.47,5389.62,5850.7,0.0,0.0
746.22,38.01,39.34,37.37,37.38,8238.51,5389.62,5849.55,0.0,0.0
746.31,37.98,39.34,37.37,37.38,8241.07,5390.7,5849.93,0.0,0.0
746.4,38.01,39.34,37.36,37.38,8239.15,5390.7,5850.32,0.0,0.0
746.52,38.0,39.33,37.37,37.38,8240.43,5392.87,5849.55,0.0,0.0
746.62,37.99,39.33,37.37,37.38,8240.75,5392.14,5849.55,0.0,0.0
746.73,37.97,39.34,37.37,37.38,8241.71,5390.7,5849.93,0.0,0.0
746.81,37.99,39.33,37.37,37.38,8240.75,5392.14,5849.93,0.0,0.0
746.92,37.97,39.32,37.37,37.38,8242.35,5393.95,5848.4,0.0,0.0
747.02,37.99,39.32,37.37,37.38,8240.75,5394.31,5848.79,0.0,0.0
747.1,38.0,39.31,37.37,37.38,8239.47,5395.39,5848.4,0.0,0.0
747.28,37.97,39.32,37.37,37.38,8241.39,5394.67,5847.64,0.0,0.0
747.41,37.96,39.32,37.38,37.38,8243.63,5394.67,5847.26,0.0,0.0
747.41,38.03,39.32,37.38,37.38,8237.55,5393.23,5847.26,0.0,0.0
747.55,37.97,39.32,37.38,37.38,8241.71,5394.67,5847.26,0.0,0.0
747.65,38.0,39.32,37.38,37.38,8240.11,5394.31,5846.11,0.0,0.0
747.73,38.0,39.32,37.39,37.38,8240.43,5393.59,5843.43,0.0,0.0
747.8,37.98,39.32,37.39,37.38,8241.07,5393.59,5844.2,0.0,0.0
747.91,38.03,39.32,37.38,37.38,8237.55,5393.59,5846.49,0.0,0.0
748.03,38.02,39.33,37.39,37.38,8237.87,5392.14,5842.67,0.0,0.0
748.1,38.01,39.34,37.39,37.38,8238.19,5390.34,5843.43,0.0,0.0
748.21,38.01,39.35,37.4,37.38,8238.83,5387.09,5841.9,0.0,0.0
748.31,38.05,39.36,37.41,37.38,8236.91,5386.01,5839.99,0.0,0.0
748.46,38.01,39.36,37.41,37.38,8238.19,5384.21,5839.99,0.0,0.0
748.52,38.03,39.36,37.4,37.38,8237.55,5385.29,5841.9,0.0,0.0
748.6,38.04,39.36,37.41,37.38,8236.58,5384.57,5838.84,0.0,0.0
748.77,38.01,39.37,37.42,37.38,8238.19,5383.49,5837.7,0.0,0.0
748.81,38.03,39.36,37.42,37.38,8237.23,5385.29,5837.32,0.0,0.0
748.91,38.01,39.37,37.43,37.37,8239.79,5383.49,5833.88,0.0,0.0
749.01,38.01,39.37,37.43,37.37,8238.83,5382.77,5834.64,0.0,0.0
749.11,38.01,39.37,37.42,37.37,8238.83,5383.85,5836.93,0.0,0.0
749.21,38.02,39.36,37.42,37.37,8237.87,5384.93,5835.41,0.0,0.0
749.3,38.01,39.36,37.42,37.37,8239.15,5386.01,5835.41,0.0,0.0
749.41,37.99,39.35,37.42,37.38,8240.75,5387.45,5837.7,0.0,0.0
749.53,38.0,39.34,37.42,37.38,8240.43,5390.7,5836.93,0.0,0.0
749.63,37.99,39.34,37.41,37.38,8240.75,5389.62,5839.23,0.0,0.0
749.71,37.99,39.33,37.41,37.38,8240.75,5391.78,5838.08,0.0,0.0
749.83,38.02,39.33,37.41,37.38,8237.87,5392.5,5839.61,0.0,0.0
749.91,37.99,39.32,37.41,37.38,8240.75,5393.59,5839.99,0.0,0.0
750.01,37.99,39.32,37.41,37.38,8240.75,5395.03,5839.61,0.0,0.0
750.12,37.97,39.31,37.4,37.38,8241.39,5396.47,5840.75,0.0,0.0
750.22,37.97,39.31,37.41,37.38,8241.71,5396.84,5839.99,0.0,0.0
750.37,37.97,39.31,37.39,37.38,8242.03,5396.84,5843.05,0.0,0.0
750.43,37.97,39.31,37.4,37.38,8241.71,5397.2,5841.14,0.0,0.0
750.51,37.98,39.3,37.4,37.38,8241.07,5397.56,5840.75,0.0,0.0
750.6,38.01,39.3,37.39,37.38,8239.79,5397.92,5843.43,0.0,0.0
750.72,37.97,39.3,37.39,37.38,8242.99,5397.92,5843.81,0.0,0.0
750.82,37.97,39.31,37.39,37.38,8241.71,5397.2,5843.43,0.0,0.0
751.01,37.97,39.3,37.39,37.38,8241.39,5397.56,5843.43,0.0,0.0
751.01,37.96,39.3,37.38,37.38,8243.63,5398.64,5845.73,0.0,0.0
751.13,37.97,39.3,37.38,37.38,8242.99,5398.28,5845.34,0.0,0.0
751.25,37.95,39.3,37.4,37.37,8244.59,5398.64,5842.28,0.0,0.0
751.31,37.92,39.3,37.39,37.37,8246.51,5398.28,5842.67,0.0,0.0
751.42,37.94,39.3,37.38,37.37,8244.27,5398.64,5845.73,0.0,0.0
751.51,37.96,39.3,37.39,37.37,8242.67,5398.64,5844.96,0.0,0.0
751.61,37.95,39.3,37.38,37.37,8245.23,5398.28,5846.11,0.0,0.0
751.73,37.94,39.3,37.38,37.37,8244.27,5398.64,5846.11,0.0,0.0
751.85,37.94,39.3,37.37,37.37,8244.27,5398.28,5848.02,0.0,0.0
751.93,37.91,39.3,37.37,37.37,8246.84,5398.28,5848.4,0.0,0.0
752.01,37.94,39.3,37.37,37.37,8245.88,5398.64,5849.17,0.0,0.0
752.13,37.95,39.3,37.37,37.37,8243.95,5398.64,5849.17,0.0,0.0
752.22,37.95,39.3,37.37,37.37,8243.95,5398.64,5849.17,0.0,0.0
752.34,37.91,39.3,37.36,37.37,8246.84,5398.64,5850.32,0.0,0.0
752.43,37.96,39.3,37.37,37.37,8243.31,5398.64,5849.55,0.0,0.0
752.54,37.94,39.3,37.37,37.37,8245.88,5398.64,5848.4,0.0,0.0
752.63,37.94,39.3,37.37,37.37,8244.91,5398.64,5849.55,0.0,0.0
752.72,37.96,39.3,37.37,37.37,8242.67,5398.64,5849.55,0.0,0.0
752.85,37.92,39.3,37.36,37.37,8246.51,5398.64,5850.32,0.0,0.0
752.91,37.94,39.3,37.37,37.37,8244.27,5398.64,5849.55,0.0,0.0
753.02,37.97,39.3,37.36,37.37,8242.35,5398.28,5850.32,0.0,0.0
753.11,37.96,39.3,37.37,37.37,8243.31,5398.64,5849.93,0.0,0.0
753.22,37.95,39.3,37.37,37.37,8244.59,5398.64,5849.93,0.0,0.0
753.41,37.97,39.3,37.37,37.37,8241.39,5398.64,5848.79,0.0,0.0
753.46,37.98,39.3,37.37,37.37,8241.07,5398.64,5849.17,0.0,0.0
753.52,37.97,39.3,37.37,37.37,8241.39,5398.28,5849.55,0.0,0.0
753.63,37.97,39.3,37.37,37.37,8241.71,5398.64,5849.17,0.0,0.0
753.72,37.97,39.3,37.37,37.37,8242.99,5398.64,5848.4,0.0,0.0
753.82,37.93,39.3,37.38,37.37,8245.55,5398.64,5846.49,0.0,0.0
753.93,37.97,39.3,37.39,37.37,8241.71,5398.64,5844.58,0.0,0.0
754.03,37.95,39.3,37.39,37.37,8243.95,5398.64,5843.05,0.0,0.0
754.12,37.94,39.3,37.4,37.37,8244.91,5398.64,5842.28,0.0,0.0
754.21,37.94,39.3,37.41,37.37,8244.91,5398.64,5839.61,0.0,0.0
754.41,37.97,39.3,37.4,37.37,8242.99,5398.28,5841.14,0.0,0.0
754.45,37.97,39.3,37.41,37.37,8242.99,5398.28,5839.23,0.0,0.0
754.73,37.95,39.3,37.42,37.37,8245.23,5398.28,5836.17,0.0,0.0
754.76,37.94,39.3,37.43,37.37,8245.88,5398.64,5834.64,0.0,0.0
754.79,37.95,39.3,37.43,37.37,8244.59,5398.64,5833.11,0.0,0.0
754.82,37.96,39.3,37.43,37.37,8243.31,5397.92,5833.88,0.0,0.0
754.97,37.94,39.3,37.44,37.37,8244.91,5397.92,5831.97,0.0,0.0
755.01,37.96,39.3,37.45,37.37,8243.31,5398.28,5829.68,0.0,0.0
755.13,37.95,39.3,37.44,37.37,8243.95,5398.28,5830.82,0.0,0.0
755.21,37.96,39.3,37.45,37.37,8243.63,5398.28,5830.06,0.0,0.0
755.32,37.94,39.31,37.46,37.37,8244.91,5397.2,5827.01,0.0,0.0
755.44,37.91,39.31,37.46,37.37,8246.84,5396.84,5827.39,0.0,0.0
755.52,37.98,39.31,37.46,37.37,8241.07,5396.47,5826.24,0.0,0.0
755.61,37.95,39.31,37.46,37.37,8244.59,5396.11,5827.01,0.0,0.0
755.86,37.95,39.32,37.46,37.37,8243.95,5395.03,5826.24,0.0,0.0
755.89,37.96,39.33,37.46,37.37,8243.31,5392.87,5827.01,0.0,0.0
755.91,37.94,39.33,37.46,37.37,8244.91,5391.78,5827.39,0.0,0.0
756.02,37.97,39.33,37.46,37.37,8242.35,5391.42,5826.24,0.0,0.0
756.14,37.96,39.34,37.46,37.37,8243.63,5389.62,5826.24,0.0,0.0
756.2,37.96,39.35,37.46,37.37,8242.67,5387.45,5826.24,0.0,0.0
756.31,37.97,39.34,37.46,37.37,8242.99,5388.9,5826.24,0.0,0.0
756.44,37.97,39.37,37.46,37.37,8242.35,5383.49,5826.24,0.0,0.0
756.52,37.96,39.36,37.46,37.37,8243.63,5385.29,5826.24,0.0,0.0
756.61,37.97,39.38,37.47,37.37,8241.39,5381.69,5825.48,0.0,0.0
756.73,37.96,39.39,37.47,37.37,8242.67,5379.17,5825.48,0.0,0.0
756.81,38.0,39.38,37.46,37.37,8240.11,5380.61,5826.24,0.0,0.0
756.91,37.96,39.39,37.46,37.37,8242.67,5379.17,5826.24,0.0,0.0
757.02,37.97,39.39,37.46,37.37,8241.71,5379.17,5826.24,0.0,0.0
757.11,37.97,39.39,37.46,37.37,8241.71,5379.53,5826.24,0.0,0.0
757.24,37.96,39.39,37.46,37.37,8242.67,5379.17,5825.86,0.0,0.0
757.33,38.0,39.4,37.46,37.37,8240.43,5377.37,5825.86,0.0,0.0
757.51,37.98,39.39,37.46,37.37,8241.07,5378.45,5826.24,0.0,0.0
757.59,37.97,39.39,37.46,37.37,8241.39,5377.73,5825.86,0.0,0.0
757.75,38.05,39.4,37.46,37.37,8236.91,5376.65,5826.24,0.0,0.0
757.8,38.01,39.4,37.46,37.37,8238.51,5376.65,5826.24,0.0,0.0
757.87,38.01,39.4,37.46,37.37,8238.83,5377.01,5826.24,0.0,0.0
757.97,38.01,39.4,37.46,37.37,8238.51,5376.65,5826.24,0.0,0.0
758.1,38.03,39.39,37.46,37.37,8237.23,5377.73,5826.24,0.0,0.0
758.28,38.03,39.4,37.46,37.37,8237.55,5376.65,5825.86,0.0,0.0
758.3,38.01,39.4,37.47,37.37,8238.19,5375.93,5825.48,0.0,0.0
758.44,38.06,39.4,37.46,37.37,8235.95,5376.29,5825.86,0.0,0.0
758.55,38.03,39.4,37.46,37.37,8237.23,5375.93,5826.24,0.0,0.0
758.64,38.05,39.4,37.46,37.37,8236.91,5376.29,5825.86,0.0,0.0
758.7,38.06,39.4,37.46,37.37,8235.95,5375.93,5825.86,0.0,0.0
758.81,38.05,39.4,37.46,37.37,8235.63,5376.29,5825.86,0.0,0.0
758.91,38.05,39.4,37.46,37.37,8235.31,5375.93,5826.24,0.0,0.0
758.96,38.06,39.4,37.46,37.37,8235.95,5375.57,5825.86,0.0,0.0
759.01,38.05,39.4,37.46,37.37,8235.31,5375.57,5825.86,0.0,0.0
759.3,38.05,39.4,37.46,37.37,8236.27,5375.57,5825.86,0.0,0.0
759.38,38.05,39.4,37.46,37.37,8236.27,5375.93,5825.86,0.0,0.0
759.47,38.05,39.4,37.46,37.37,8235.31,5375.57,5825.86,0.0,0.0
759.61,38.07,39.4,37.46,37.37,8234.66,5375.57,5825.86,0.0,0.0
759.73,38.05,39.4,37.47,37.37,8236.27,5375.57,5825.48,0.0,0.0
759.86,38.05,39.4,37.47,37.37,8235.31,5375.57,5825.48,0.0,0.0
760.03,38.06,39.4,37.46,37.37,8234.98,5375.57,5826.24,0.0,0.0
760.11,38.06,39.4,37.47,37.37,8234.98,5375.57,5825.1,0.0,0.0
760.17,38.06,39.4,37.46,37.37,8234.98,5375.93,5825.86,0.0,0.0
760.26,38.05,39.4,37.47,37.37,8235.31,5375.57,5825.48,0.0,0.0
760.38,38.08,39.4,37.47,37.37,8233.38,5375.57,5825.48,0.0,0.0
760.42,38.06,39.4,37.47,37.37,8234.98,5375.57,5825.1,0.0,0.0
760.59,38.08,39.4,37.47,37.37,8232.74,5375.57,5823.95,0.0,0.0
760.68,38.07,39.4,37.46,37.37,8233.7,5375.57,5825.86,0.0,0.0
760.75,38.08,39.4,37.47,37.37,8233.38,5375.93,5825.48,0.0,0.0
760.93,38.07,39.4,37.47,37.37,8234.02,5375.57,5824.72,0.0,0.0
761.05,38.07,39.4,37.47,37.37,8232.42,5375.57,5825.1,0.0,0.0
761.06,38.07,39.4,37.47,37.37,8234.02,5375.57,5824.33,0.0,0.0
761.06,38.07,39.4,37.48,37.37,8233.7,5375.57,5822.81,0.0,0.0
761.18,38.06,39.4,37.47,37.37,8233.06,5375.57,5823.57,0.0,0.0
761.23,38.06,39.4,37.48,37.37,8234.34,5375.57,5822.81,0.0,0.0
761.3,38.08,39.4,37.48,37.37,8232.74,5375.57,5822.43,0.0,0.0
761.39,38.08,39.4,37.48,37.38,8233.38,5375.57,5821.28,0.0,0.0
761.5,38.08,39.4,37.49,37.38,8233.38,5375.57,5818.61,0.0,0.0
761.62,38.07,39.4,37.5,37.38,8234.02,5375.57,5816.71,0.0,0.0
761.66,38.08,39.4,37.51,37.38,8233.38,5375.57,5815.57,0.0,0.0
761.8,38.07,39.4,37.52,37.38,8234.02,5375.57,5812.9,0.0,0.0
761.99,38.07,39.4,37.52,37.38,8233.7,5375.57,5812.52,0.0,0.0
762.1,38.08,39.4,37.53,37.38,8233.38,5375.57,5810.61,0.0,0.0
762.1,38.08,39.4,37.54,37.38,8233.38,5375.57,5807.19,0.0,0.0
762.29,38.06,39.4,37.55,37.38,8234.34,5375.57,5806.05,0.0,0.0
762.38,38.06,39.4,37.54,37.38,8234.34,5375.57,5806.43,0.0,0.0
762.59,38.06,39.4,37.55,37.38,8233.06,5375.57,5804.9,0.0,0.0
762.74,38.07,39.4,37.55,37.38,8234.02,5375.57,5804.52,0.0,0.0
762.76,38.07,39.4,37.55,37.38,8233.7,5375.57,5804.52,0.0,0.0
762.9,38.08,39.4,37.55,37.38,8233.38,5375.57,5805.28,0.0,0.0
763.01,38.06,39.4,37.56,37.38,8234.34,5375.57,5803.76,0.0,0.0
763.03,38.07,39.4,37.56,37.38,8233.7,5375.57,5803.38,0.0,0.0
763.1,38.06,39.4,37.56,37.38,8234.34,5375.57,5803.76,0.0,0.0
763.22,38.08,39.4,37.56,37.38,8233.38,5375.57,5803.0,0.0,0.0
763.29,38.07,39.4,37.56,37.38,8233.7,5375.57,5803.38,0.0,0.0
763.42,38.08,39.4,37.56,37.38,8233.38,5375.57,5802.24,0.0,0.0
763.49,38.08,39.4,37.56,37.38,8233.38,5375.57,5803.38,0.0,0.0
763.63,38.06,39.4,37.56,37.38,8233.06,5375.57,5802.24,0.0,0.0
763.7,38.08,39.4,37.56,37.38,8233.38,5375.57,5803.76,0.0,0.0
763.81,38.07,39.4,37.56,37.38,8232.42,5375.57,5803.0,0.0,0.0
763.88,38.07,39.4,37.56,37.38,8233.7,5375.57,5803.38,0.0,0.0
763.99,38.06,39.4,37.56,37.38,8233.06,5375.57,5803.38,0.0,0.0
764.06,38.08,39.4,37.56,37.38,8232.74,5375.57,5803.38,0.0,0.0
764.16,38.09,39.4,37.55,37.38,8231.78,5375.57,5804.52,0.0,0.0
764.3,38.08,39.4,37.56,37.38,8232.1,5375.57,5803.0,0.0,0.0
764.37,38.09,39.4,37.55,37.38,8231.78,5375.57,5805.28,0.0,0.0
764.41,38.11,39.4,37.56,37.38,8231.14,5375.57,5803.38,0.0,0.0
764.46,38.07,39.4,37.55,37.38,8232.42,5375.57,5804.14,0.0,0.0
764.53,38.09,39.4,37.55,37.38,8231.78,5375.57,5804.52,0.0,0.0
764.74,38.09,39.4,37.56,37.38,8231.78,5375.57,5803.38,0.0,0.0
764.83,38.07,39.4,37.55,37.38,8232.42,5375.57,5804.14,0.0,0.0
764.89,38.1,39.4,37.56,37.38,8231.46,5375.57,5803.76,0.0,0.0
764.92,38.1,39.4,37.56,37.38,8231.46,5375.57,5802.62,0.0,0.0
765.05,38.08,39.4,37.56,37.38,8232.74,5375.57,5802.24,0.0,0.0
765.18,38.11,39.4,37.56,37.38,8231.14,5375.57,5803.38,0.0,0.0
765.3,38.11,39.4,37.56,37.38,8231.14,5375.57,5802.62,0.0,0.0
765.42,38.11,39.4,37.56,37.38,8230.82,5375.57,5802.24,0.0,0.0
765.47,38.11,39.4,37.56,37.38,8230.82,5375.57,5801.86,0.0,0.0
765.54,38.09,39.4,37.56,37.38,8231.78,5375.57,5802.24,0.0,0.0
765.72,38.11,39.4,37.56,37.38,8230.5,5375.57,5801.86,0.0,0.0
765.87,38.11,39.4,37.56,37.38,8229.54,5375.57,5801.48,0.0,0.0
765.95,38.11,39.4,37.56,37.38,8230.82,5375.57,5801.86,0.0,0.0
766.02,38.11,39.4,37.56,37.38,8231.14,5375.57,5801.86,0.0,0.0
766.08,38.11,39.4,37.56,37.38,8230.5,5375.57,5801.48,0.0,0.0
766.2,38.14,39.4,37.56,37.39,8228.58,5375.57,5801.86,0.0,0.0
766.23,38.13,39.4,37.56,37.39,8228.26,5375.57,5801.86,0.0,0.0
766.39,38.13,39.4,37.56,37.39,8230.18,5375.57,5801.86,0.0,0.0
766.53,38.12,39.4,37.56,37.39,8229.22,5375.57,5801.86,0.0,0.0
766.65,38.15,39.4,37.56,37.39,8227.3,5375.57,5801.86,0.0,0.0
766.71,38.13,39.4,37.56,37.39,8228.26,5375.57,5801.48,0.0,0.0
766.81,38.16,39.4,37.56,37.39,8226.66,5375.57,5801.48,0.0,0.0
766.82,38.16,39.41,37.56,37.39,8226.66,5375.21,5801.86,0.0,0.0
766.98,38.14,39.4,37.56,37.39,8228.58,5375.57,5801.48,0.0,0.0
767.05,38.13,39.4,37.56,37.39,8228.26,5375.57,5801.86,0.0,0.0
767.18,38.17,39.41,37.56,37.39,8225.7,5375.21,5801.48,0.0,0.0
767.39,38.18,39.41,37.56,37.39,8224.74,5375.21,5801.86,0.0,0.0
767.46,38.16,39.41,37.56,37.39,8226.66,5375.21,5801.48,0.0,0.0
767.52,38.19,39.41,37.56,37.39,8223.78,5375.21,5801.86,0.0,0.0
767.54,38.14,39.41,37.56,37.39,8226.98,5375.21,5801.86,0.0,0.0
767.69,38.19,39.41,37.56,37.39,8224.42,5374.85,5801.86,0.0,0.0
767.82,38.16,39.41,37.56,37.39,8226.02,5375.21,5801.86,0.0,0.0
767.82,38.14,39.4,37.56,37.39,8226.98,5375.57,5801.48,0.0,0.0
767.96,38.22,39.41,37.56,37.39,8220.9,5375.21,5801.86,0.0,0.0
768.1,38.18,39.4,37.56,37.39,8224.1,5375.57,5801.86,0.0,0.0
768.12,38.19,39.41,37.56,37.39,8224.42,5374.49,5801.86,0.0,0.0
768.31,38.22,39.41,37.56,37.39,8221.86,5374.85,5801.48,0.0,0.0
768.37,38.22,39.41,37.56,37.39,8220.58,5375.21,5801.48,0.0,0.0
768.55,38.21,39.41,37.57,37.39,8221.54,5374.13,5801.1,0.0,0.0
768.68,38.21,39.41,37.56,37.39,8223.14,5373.77,5801.86,0.0,0.0
768.7,38.22,39.42,37.56,37.39,8220.9,5373.05,5801.86,0.0,0.0
768.83,38.23,39.42,37.56,37.39,8219.93,5373.05,5801.86,0.0,0.0
768.95,38.21,39.42,37.56,37.39,8221.54,5371.61,5801.86,0.0,0.0
769.03,38.21,39.43,37.56,37.39,8222.18,5370.53,5801.48,0.0,0.0
769.03,38.25,39.42,37.56,37.39,8219.3,5372.33,5801.86,0.0,0.0
769.35,38.24,39.43,37.56,37.39,8220.25,5369.81,5801.48,0.0,0.0
769.37,38.24,39.43,37.56,37.39,8220.25,5370.17,5801.48,0.0,0.0
769.55,38.24,39.43,37.56,37.39,8219.62,5369.81,5801.86,0.0,0.0
769.7,38.24,39.44,37.56,37.39,8218.66,5368.37,5801.86,0.0,0.0
769.79,38.22,39.44,37.56,37.39,8221.86,5367.29,5801.86,0.0,0.0
769.93,38.23,39.44,37.56,37.39,8221.21,5366.57,5801.48,0.0,0.0
770.05,38.24,39.44,37.56,37.39,8219.62,5367.65,5801.48,0.0,0.0
770.14,38.24,39.44,37.56,37.39,8220.25,5366.57,5801.86,0.0,0.0
770.26,38.25,39.45,37.56,37.39,8217.37,5366.21,5801.86,0.0,0.0
770.35,38.24,39.45,37.56,37.39,8219.62,5364.41,5801.86,0.0,0.0
770.4,38.25,39.46,37.56,37.39,8218.33,5364.05,5801.48,0.0,0.0
770.45,38.23,39.46,37.57,37.39,8219.93,5363.33,5801.1,0.0,0.0
770.5,38.27,39.45,37.57,37.39,8216.73,5365.13,5801.1,0.0,0.0
770.51,38.25,39.46,37.57,37.39,8219.3,5363.33,5800.72,0.0,0.0
770.53,38.27,39.46,37.56,37.39,8216.73,5362.98,5801.48,0.0,0.0
770.64,38.27,39.46,37.56,37.39,8217.05,5362.98,5801.86,0.0,0.0
770.75,38.25,39.47,37.56,37.39,8218.01,5361.54,5801.86,0.0,0.0
770.83,38.29,39.47,37.57,37.39,8216.41,5360.82,5801.1,0.0,0.0
770.97,38.25,39.47,37.57,37.39,8217.37,5360.1,5800.72,0.0,0.0
771.04,38.25,39.49,37.56,37.39,8217.37,5356.51,5801.48,0.0,0.0
771.14,38.28,39.5,37.57,37.4,8216.09,5355.07,5800.72,0.0,0.0
771.23,38.25,39.5,37.57,37.4,8217.37,5354.0,5800.72,0.0,0.0
771.33,38.27,39.5,37.56,37.4,8217.05,5353.64,5801.86,0.0,0.0
771.42,38.29,39.51,37.57,37.4,8216.41,5352.56,5800.72,0.0,0.0
771.55,38.29,39.51,37.57,37.4,8215.13,5352.56,5800.72,0.0,0.0
771.79,38.28,39.51,37.57,37.4,8216.09,5352.92,5800.34,0.0,0.0
771.92,38.27,39.51,37.57,37.4,8216.73,5352.56,5799.58,0.0,0.0
772.03,38.29,39.51,37.58,37.4,8215.45,5352.56,5798.82,0.0,0.0
772.09,38.29,39.51,37.58,37.4,8214.81,5352.56,5798.44,0.0,0.0
772.09,38.29,39.51,37.59,37.4,8215.45,5352.56,5795.4,0.0,0.0
772.17,38.29,39.51,37.59,37.4,8214.81,5352.56,5795.02,0.0,0.0
772.35,38.29,39.51,37.6,37.4,8214.49,5352.56,5792.36,0.0,0.0
772.41,38.31,39.51,37.62,37.4,8213.53,5352.56,5788.94,0.0,0.0
772.56,38.29,39.51,37.61,37.4,8214.81,5352.56,5790.08,0.0,0.0
772.71,38.29,39.51,37.63,37.4,8214.49,5352.56,5785.14,0.0,0.0
772.81,38.31,39.51,37.63,37.4,8213.85,5352.56,5784.76,0.0,0.0
772.94,38.29,39.51,37.64,37.4,8215.13,5352.56,5784.0,0.0,0.0
772.95,38.29,39.51,37.64,37.4,8214.81,5352.56,5782.11,0.0,0.0
772.95,38.32,39.51,37.65,37.4,8212.57,5352.56,5780.59,0.0,0.0
773.05,38.31,39.51,37.65,37.4,8213.53,5352.56,5780.59,0.0,0.0
773.21,38.29,39.51,37.66,37.4,8215.77,5352.56,5777.93,0.0,0.0
773.26,38.31,39.51,37.66,37.4,8214.17,5352.56,5777.93,0.0,0.0
773.37,38.31,39.51,37.66,37.41,8213.53,5352.2,5778.69,0.0,0.0
773.57,38.29,39.51,37.66,37.41,8214.49,5352.56,5778.31,0.0,0.0
773.57,38.32,39.51,37.66,37.41,8212.57,5351.84,5777.55,0.0,0.0
773.67,38.31,39.51,37.66,37.41,8213.53,5352.56,5777.55,0.0,0.0
773.92,38.31,39.51,37.66,37.41,8213.53,5352.2,5777.55,0.0,0.0
773.94,38.31,39.51,37.66,37.41,8213.53,5352.2,5777.55,0.0,0.0
774.16,38.32,39.51,37.66,37.41,8213.21,5352.2,5777.55,0.0,0.0
774.24,38.32,39.51,37.66,37.41,8212.57,5352.56,5777.55,0.0,0.0
774.33,38.31,39.51,37.67,37.41,8213.85,5352.2,5777.17,0.0,0.0
774.37,38.32,39.51,37.67,37.41,8212.89,5352.56,5776.8,0.0,0.0
774.37,38.32,39.51,37.66,37.41,8213.21,5352.2,5777.55,0.0,0.0
774.55,38.32,39.51,37.66,37.41,8213.21,5352.56,5777.55,0.0,0.0
774.66,38.32,39.51,37.66,37.41,8213.21,5351.84,5777.55,0.0,0.0
774.71,38.32,39.51,37.66,37.41,8213.21,5352.2,5777.55,0.0,0.0
774.73,38.31,39.51,37.67,37.41,8213.85,5351.48,5777.17,0.0,0.0
774.84,38.32,39.52,37.67,37.41,8212.57,5350.41,5777.17,0.0,0.0
775.0,38.32,39.52,37.67,37.41,8212.89,5348.97,5777.17,0.0,0.0
775.07,38.32,39.52,37.66,37.41,8212.89,5349.33,5777.55,0.0,0.0
775.2,38.31,39.53,37.67,37.41,8213.53,5346.82,5777.17,0.0,0.0
775.36,38.32,39.54,37.66,37.41,8212.89,5344.67,5777.55,0.0,0.0
775.42,38.31,39.56,37.67,37.42,8213.53,5341.08,5776.8,0.0,0.0
775.45,38.32,39.58,37.67,37.42,8212.57,5337.14,5777.17,0.0,0.0
775.61,38.32,39.59,37.66,37.42,8212.57,5334.64,5777.55,0.0,0.0
775.75,38.32,39.6,37.67,37.42,8212.57,5333.2,5777.17,0.0,0.0
775.77,38.32,39.6,37.67,37.42,8212.57,5332.13,5776.8,0.0,0.0
775.88,38.32,39.6,37.67,37.42,8213.21,5332.13,5777.17,0.0,0.0
776.02,38.32,39.61,37.67,37.42,8213.21,5330.7,5777.17,0.0,0.0
776.11,38.32,39.61,37.67,37.42,8212.89,5329.62,5777.17,0.0,0.0
776.3,38.32,39.61,37.66,37.42,8212.25,5329.62,5777.55,0.0,0.0
776.44,38.34,39.61,37.66,37.42,8211.61,5329.98,5777.55,0.0,0.0
776.45,38.31,39.61,37.67,37.42,8213.85,5329.98,5776.8,0.0,0.0
776.65,38.32,39.61,37.67,37.42,8212.25,5329.98,5777.17,0.0,0.0
776.78,38.32,39.61,37.66,37.42,8212.57,5329.62,5777.55,0.0,0.0
776.8,38.34,39.61,37.66,37.42,8211.29,5329.62,5777.55,0.0,0.0
776.88,38.34,39.61,37.66,37.42,8211.61,5329.62,5777.55,0.0,0.0
777.16,38.32,39.61,37.67,37.42,8212.89,5329.62,5777.17,0.0,0.0
777.19,38.34,39.61,37.67,37.42,8211.61,5329.62,5777.17,0.0,0.0
777.37,38.32,39.61,37.66,37.43,8211.93,5329.62,5777.55,0.0,0.0
777.5,38.32,39.61,37.66,37.43,8212.25,5329.62,5777.55,0.0,0.0
777.62,38.34,39.61,37.66,37.43,8210.97,5329.62,5777.55,0.0,0.0
777.72,38.34,39.61,37.67,37.43,8211.29,5329.62,5777.17,0.0,0.0
777.86,38.35,39.61,37.66,37.43,8210.01,5329.62,5777.55,0.0,0.0
777.94,38.34,39.61,37.66,37.43,8211.61,5329.62,5778.31,0.0,0.0
778.02,38.34,39.61,37.66,37.43,8210.97,5329.62,5777.55,0.0,0.0
778.15,38.34,39.61,37.67,37.43,8211.61,5329.62,5777.17,0.0,0.0
778.22,38.32,39.61,37.66,37.43,8212.57,5329.62,5777.93,0.0,0.0
778.37,38.34,39.61,37.67,37.43,8211.61,5329.62,5777.17,0.0,0.0
778.44,38.34,39.61,37.66,37.43,8210.97,5329.62,5778.31,0.0,0.0
778.52,38.34,39.61,37.66,37.43,8210.65,5329.62,5779.07,0.0,0.0
778.7,38.32,39.61,37.66,37.44,8211.93,5329.62,5778.31,0.0,0.0
778.79,38.35,39.61,37.66,37.44,8210.33,5329.62,5778.31,0.0,0.0
778.89,38.32,39.61,37.66,37.44,8211.93,5329.62,5777.55,0.0,0.0
778.97,38.35,39.61,37.66,37.44,8210.01,5329.62,5779.45,0.0,0.0
779.08,38.35,39.61,37.66,37.44,8209.37,5329.62,5779.45,0.0,0.0
779.15,38.35,39.61,37.65,37.44,8210.33,5329.62,5779.83,0.0,0.0
779.27,38.32,39.61,37.66,37.44,8211.93,5329.62,5779.45,0.0,0.0
779.32,38.35,39.61,37.65,37.44,8209.69,5329.62,5779.83,0.0,0.0
779.39,38.35,39.61,37.66,37.44,8210.33,5329.62,5778.69,0.0,0.0
779.42,38.35,39.61,37.66,37.44,8209.69,5329.62,5779.45,0.0,0.0
779.58,38.34,39.61,37.66,37.44,8210.65,5329.62,5777.55,0.0,0.0
779.66,38.34,39.61,37.66,37.44,8210.97,5329.62,5778.69,0.0,0.0
779.73,38.35,39.61,37.66,37.44,8210.33,5329.62,5778.69,0.0,0.0
779.78,38.34,39.61,37.65,37.45,8210.97,5329.62,5779.83,0.0,0.0
779.78,38.35,39.61,37.65,37.45,8210.33,5329.62,5780.21,0.0,0.0
779.81,38.35,39.61,37.65,37.45,8210.33,5329.62,5780.59,0.0,0.0
779.85,38.35,39.61,37.65,37.45,8210.01,5329.62,5781.73,0.0,0.0
779.93,38.35,39.61,37.65,37.45,8210.33,5329.62,5780.21,0.0,0.0
780.18,38.35,39.61,37.65,37.45,8210.01,5329.62,5781.73,0.0,0.0
780.39,38.35,39.61,37.65,37.45,8210.33,5329.62,5780.59,0.0,0.0
780.47,38.36,39.61,37.64,37.45,8208.41,5329.62,5782.11,0.0,0.0
780.58,38.35,39.61,37.64,37.45,8209.69,5329.62,5782.86,0.0,0.0
780.66,38.36,39.61,37.64,37.45,8209.05,5329.62,5782.11,0.0,0.0
780.72,38.36,39.61,37.64,37.45,8209.05,5329.62,5784.0,0.0,0.0
780.82,38.36,39.61,37.64,37.45,8208.73,5329.62,5783.24,0.0,0.0
780.85,38.36,39.61,37.64,37.45,8209.05,5329.62,5783.62,0.0,0.0
781.03,38.35,39.61,37.64,37.45,8210.33,5329.62,5784.38,0.0,0.0
781.17,38.36,39.61,37.64,37.46,8208.73,5329.62,5784.38,0.0,0.0
781.25,38.34,39.61,37.64,37.46,8210.97,5329.62,5782.86,0.0,0.0
781.36,38.37,39.61,37.64,37.46,8208.09,5329.62,5782.48,0.0,0.0
781.42,38.36,39.61,37.64,37.46,8209.05,5329.62,5784.0,0.0,0.0
781.47,38.35,39.61,37.64,37.46,8209.69,5329.62,5782.48,0.0,0.0
781.55,38.35,39.61,37.64,37.46,8209.69,5329.62,5783.24,0.0,0.0
781.57,38.34,39.61,37.65,37.46,8211.29,5329.62,5781.73,0.0,0.0
781.75,38.34,39.61,37.65,37.46,8210.65,5329.62,5780.97,0.0,0.0
781.85,38.34,39.61,37.65,37.46,8211.29,5329.62,5781.73,0.0,0.0
781.91,38.35,39.61,37.65,37.46,8209.69,5329.62,5780.59,0.0,0.0
782.0,38.34,39.61,37.65,37.46,8211.29,5329.62,5781.73,0.0,0.0
782.07,38.34,39.61,37.64,37.46,8211.29,5329.62,5782.11,0.0,0.0
782.22,38.34,39.61,37.65,37.46,8211.29,5329.62,5780.97,0.0,0.0
782.3,38.32,39.61,37.65,37.46,8211.93,5329.62,5780.97,0.0,0.0
782.35,38.34,39.61,37.65,37.46,8210.97,5329.62,5781.35,0.0,0.0
782.52,38.34,39.61,37.65,37.47,8211.61,5329.62,5781.73,0.0,0.0
782.64,38.32,39.61,37.66,37.47,8213.21,5329.62,5778.69,0.0,0.0
782.67,38.34,39.61,37.66,37.47,8211.61,5329.62,5779.45,0.0,0.0
782.85,38.32,39.61,37.66,37.47,8212.57,5329.62,5778.69,0.0,0.0
782.88,38.32,39.61,37.66,37.47,8212.25,5329.62,5777.55,0.0,0.0
782.98,38.32,39.61,37.66,37.47,8212.57,5329.62,5777.93,0.0,0.0
783.12,38.32,39.61,37.66,37.47,8211.93,5329.62,5778.31,0.0,0.0
783.27,38.32,39.61,37.66,37.47,8212.57,5329.62,5777.55,0.0,0.0
783.36,38.32,39.61,37.66,37.47,8211.93,5329.98,5778.31,0.0,0.0
783.42,38.34,39.61,37.66,37.47,8211.61,5329.62,5778.31,0.0,0.0
783.54,38.32,39.61,37.66,37.47,8211.93,5329.98,5777.93,0.0,0.0
783.6,38.32,39.61,37.67,37.47,8212.89,5329.62,5777.17,0.0,0.0
783.75,38.32,39.61,37.67,37.47,8212.89,5329.62,5776.8,0.0,0.0
783.85,38.32,39.61,37.66,37.47,8212.57,5329.62,5777.55,0.0,0.0
783.93,38.32,39.61,37.67,37.47,8212.57,5329.62,5777.17,0.0,0.0
783.99,38.32,39.61,37.66,37.47,8212.89,5329.98,5777.55,0.0,0.0
784.1,38.32,39.61,37.66,37.48,8212.25,5329.62,5777.55,0.0,0.0
784.18,38.31,39.61,37.66,37.48,8213.85,5329.62,5777.55,0.0,0.0
784.35,38.32,39.61,37.67,37.48,8213.21,5329.62,5776.8,0.0,0.0
784.43,38.32,39.61,37.67,37.48,8212.89,5329.62,5777.17,0.0,0.0
784.58,38.31,39.61,37.66,37.48,8213.53,5329.62,5777.55,0.0,0.0
784.65,38.32,39.61,37.66,37.48,8212.57,5329.62,5777.55,0.0,0.0
784.76,38.32,39.61,37.67,37.48,8212.89,5329.62,5777.17,0.0,0.0
784.88,38.32,39.61,37.67,37.48,8212.57,5329.62,5777.17,0.0,0.0
785.06,38.32,39.61,37.67,37.48,8212.57,5329.62,5777.17,0.0,0.0
785.07,38.32,39.61,37.67,37.48,8213.21,5329.62,5777.17,0.0,0.0
785.15,38.31,39.61,37.66,37.48,8214.17,5329.62,5777.55,0.0,0.0
785.29,38.32,39.61,37.67,37.48,8213.21,5329.62,5776.8,0.0,0.0
785.35,38.32,39.61,37.67,37.48,8212.89,5329.62,5777.17,0.0,0.0
785.44,38.32,39.61,37.66,37.48,8212.57,5329.62,5777.55,0.0,0.0
785.56,38.32,39.61,37.66,37.48,8213.21,5329.62,5777.55,0.0,0.0
785.61,38.31,39.61,37.66,37.48,8213.85,5329.62,5777.55,0.0,0.0
785.64,38.31,39.61,37.67,37.48,8213.53,5329.62,5777.17,0.0,0.0
785.75,38.31,39.61,37.67,37.49,8213.85,5329.62,5776.8,0.0,0.0
785.84,38.32,39.61,37.67,37.49,8212.89,5329.62,5777.17,0.0,0.0
785.96,38.32,39.61,37.67,37.49,8213.21,5329.62,5777.17,0.0,0.0
786.04,38.32,39.61,37.67,37.49,8212.89,5329.62,5777.17,0.0,0.0
786.16,38.31,39.61,37.67,37.49,8213.85,5329.62,5777.17,0.0,0.0
786.36,38.29,39.61,37.67,37.49,8214.81,5329.62,5777.17,0.0,0.0
786.45,38.32,39.61,37.67,37.49,8212.25,5329.62,5777.17,0.0,0.0
786.57,38.32,39.61,37.66,37.49,8212.57,5329.62,5777.55,0.0,0.0
786.65,38.29,39.61,37.67,37.49,8214.49,5329.62,5777.17,0.0,0.0
786.68,38.29,39.61,37.67,37.49,8214.49,5329.62,5777.17,0.0,0.0
786.74,38.31,39.61,37.66,37.49,8213.53,5329.62,5777.55,0.0,0.0
786.87,38.31,39.61,37.67,37.49,8213.53,5329.62,5777.17,0.0,0.0
786.94,38.32,39.61,37.66,37.49,8212.89,5329.62,5777.55,0.0,0.0
787.13,38.31,39.61,37.67,37.49,8213.85,5329.62,5777.17,0.0,0.0
787.22,38.31,39.61,37.67,37.49,8214.17,5329.62,5777.17,0.0,0.0
787.26,38.29,39.61,37.67,37.49,8215.13,5329.62,5777.17,0.0,0.0
787.34,38.29,39.61,37.66,37.49,8214.81,5329.62,5777.55,0.0,0.0
787.56,38.32,39.61,37.66,37.49,8212.25,5329.62,5777.55,0.0,0.0
787.62,38.31,39.61,37.66,37.49,8213.85,5329.27,5777.55,0.0,0.0
787.68,38.29,39.61,37.67,37.5,8214.49,5329.62,5777.17,0.0,0.0
787.82,38.31,39.61,37.67,37.5,8214.17,5329.62,5776.8,0.0,0.0
787.92,38.31,39.61,37.67,37.5,8213.85,5329.62,5777.17,0.0,0.0
788.06,38.29,39.61,37.67,37.5,8214.81,5329.62,5777.17,0.0,0.0
788.06,38.29,39.61,37.66,37.5,8215.45,5329.62,5777.55,0.0,0.0
788.23,38.29,39.61,37.67,37.5,8214.49,5329.62,5777.17,0.0,0.0
788.37,38.29,39.61,37.67,37.5,8215.13,5329.62,5777.17,0.0,0.0
788.42,38.31,39.61,37.67,37.5,8214.17,5329.62,5777.17,0.0,0.0
788.55,38.29,39.61,37.67,37.5,8214.49,5329.62,5777.17,0.0,0.0
788.63,38.29,39.61,37.66,37.5,8214.49,5329.27,5777.55,0.0,0.0
788.68,38.31,39.61,37.67,37.5,8213.85,5329.62,5777.17,0.0,0.0
788.74,38.29,39.61,37.66,37.5,8215.77,5329.62,5777.55,0.0,0.0
788.85,38.29,39.61,37.67,37.5,8214.49,5329.62,5776.8,0.0,0.0
788.95,38.29,39.61,37.66,37.5,8215.13,5329.62,5777.55,0.0,0.0
789.15,38.29,39.61,37.66,37.5,8215.13,5329.62,5777.55,0.0,0.0
789.22,38.29,39.61,37.66,37.5,8215.13,5329.62,5777.55,0.0,0.0
789.32,38.29,39.61,37.66,37.5,8215.45,5329.62,5777.55,0.0,0.0
789.48,38.28,39.61,37.67,37.5,8216.09,5329.62,5777.17,0.0,0.0
789.63,38.29,39.61,37.66,37.5,8215.77,5329.62,5777.55,0.0,0.0
789.7,38.31,39.61,37.66,37.5,8214.17,5329.62,5777.55,0.0,0.0
789.83,38.29,39.61,37.67,37.51,8214.49,5329.62,5776.8,0.0,0.0
789.92,38.29,39.61,37.67,37.51,8214.81,5329.62,5777.17,0.0,0.0
790.02,38.29,39.61,37.66,37.51,8215.45,5329.62,5777.55,0.0,0.0
790.16,38.29,39.61,37.66,37.51,8215.45,5329.62,5777.55,0.0,0.0
790.24,38.29,39.61,37.66,37.51,8214.81,5329.62,5777.55,0.0,0.0
790.32,38.29,39.61,37.66,37.51,8214.49,5329.62,5777.55,0.0,0.0
790.39,38.29,39.61,37.66,37.51,8215.45,5329.62,5777.55,0.0,0.0
790.46,38.29,39.61,37.66,37.51,8214.49,5329.62,5777.55,0.0,0.0
790.54,38.31,39.61,37.66,37.51,8213.85,5329.62,5777.55,0.0,0.0
790.66,38.31,39.61,37.67,37.51,8213.53,5329.62,5777.17,0.0,0.0
790.73,38.29,39.61,37.66,37.51,8215.45,5329.62,5777.55,0.0,0.0
790.8,38.29,39.61,37.66,37.51,8214.81,5329.98,5777.55,0.0,0.0
791.0,38.29,39.61,37.66,37.51,8214.49,5329.62,5777.55,0.0,0.0
791.1,38.29,39.61,37.67,37.51,8214.49,5329.62,5777.17,0.0,0.0
791.17,38.29,39.61,37.67,37.51,8214.49,5329.62,5777.17,0.0,0.0
791.28,38.28,39.61,37.67,37.51,8216.09,5329.62,5777.17,0.0,0.0
791.29,38.29,39.61,37.66,37.51,8215.13,5329.62,5777.55,0.0,0.0
791.38,38.31,39.61,37.66,37.51,8213.85,5329.62,5777.55,0.0,0.0
791.56,38.29,39.61,37.66,37.51,8214.81,5329.62,5777.55,0.0,0.0
791.65,38.29,39.61,37.66,37.51,8215.13,5329.62,5777.55,0.0,0.0
791.79,38.29,39.61,37.66,37.51,8214.49,5329.62,5777.55,0.0,0.0
791.87,38.29,39.61,37.67,37.51,8214.49,5329.62,5777.17,0.0,0.0
791.95,38.29,39.61,37.66,37.51,8214.81,5329.62,5777.55,0.0,0.0
792.17,38.29,39.61,37.66,37.52,8214.81,5329.98,5777.55,0.0,0.0
792.19,38.31,39.61,37.67,37.52,8213.85,5329.62,5776.8,0.0,0.0
792.39,38.29,39.61,37.66,37.52,8215.45,5329.62,5777.55,0.0,0.0
792.52,38.29,39.61,37.67,37.52,8215.77,5329.62,5777.17,0.0,0.0
792.59,38.29,39.61,37.67,37.52,8214.81,5329.62,5777.17,0.0,0.0
792.65,38.32,39.61,37.67,37.52,8213.21,5329.62,5777.17,0.0,0.0
792.75,38.29,39.61,37.66,37.52,8215.77,5329.62,5777.55,0.0,0.0
792.77,38.31,39.61,37.66,37.52,8214.17,5329.62,5777.55,0.0,0.0
792.85,38.29,39.61,37.67,37.52,8215.77,5329.62,5777.17,0.0,0.0
792.95,38.31,39.61,37.67,37.52,8214.17,5329.62,5777.17,0.0,0.0
793.04,38.29,39.61,37.67,37.52,8214.49,5329.62,5776.8,0.0,0.0
793.12,38.29,39.61,37.66,37.52,8214.81,5329.98,5777.55,0.0,0.0
793.23,38.29,39.61,37.66,37.52,8214.49,5329.62,5777.55,0.0,0.0
793.32,38.29,39.61,37.66,37.52,8215.13,5329.62,5777.55,0.0,0.0
793.47,38.29,39.61,37.66,37.52,8214.81,5329.62,5777.55,0.0,0.0
793.53,38.29,39.61,37.66,37.52,8214.81,5329.62,5777.55,0.0,0.0
793.66,38.32,39.61,37.67,37.52,8213.21,5329.62,5777.17,0.0,0.0
793.72,38.31,39.61,37.67,37.52,8214.17,5329.62,5777.17,0.0,0.0
793.81,38.32,39.61,37.67,37.52,8213.21,5329.62,5776.8,0.0,0.0
793.91,38.31,39.61,37.67,37.52,8214.17,5329.62,5776.8,0.0,0.0
794.0,38.32,39.61,37.66,37.52,8213.21,5329.62,5777.55,0.0,0.0
794.05,38.31,39.61,37.67,37.52,8214.17,5329.62,5777.17,0.0,0.0
794.15,38.31,39.61,37.66,37.52,8214.17,5329.62,5777.55,0.0,0.0
794.28,38.31,39.61,37.67,37.52,8213.53,5329.62,5777.17,0.0,0.0
794.43,38.31,39.61,37.67,37.52,8213.53,5329.62,5776.8,0.0,0.0
794.49,38.32,39.61,37.67,37.53,8212.57,5329.62,5777.17,0.0,0.0
794.56,38.32,39.61,37.67,37.53,8212.57,5329.62,5777.17,0.0,0.0
794.72,38.32,39.61,37.66,37.53,8213.21,5329.62,5777.55,0.0,0.0
794.84,38.32,39.61,37.67,37.53,8212.57,5329.62,5777.17,0.0,0.0
794.93,38.32,39.61,37.67,37.53,8213.21,5329.62,5776.8,0.0,0.0
794.94,38.32,39.61,37.67,37.53,8212.89,5329.62,5777.17,0.0,0.0
795.08,38.32,39.61,37.67,37.53,8212.89,5329.62,5777.17,0.0,0.0
795.22,38.32,39.61,37.67,37.53,8212.89,5329.62,5776.8,0.0,0.0
795.36,38.32,39.61,37.67,37.53,8213.21,5329.62,5776.8,0.0,0.0
795.47,38.31,39.61,37.67,37.53,8213.53,5329.62,5776.42,0.0,0.0
795.56,38.32,39.61,37.67,37.53,8213.21,5329.62,5776.8,0.0,0.0
795.7,38.34,39.61,37.67,37.53,8211.61,5329.62,5777.17,0.0,0.0
795.77,38.32,39.61,37.67,37.53,8212.57,5329.62,5776.8,0.0,0.0
795.91,38.32,39.61,37.67,37.53,8212.25,5329.62,5776.8,0.0,0.0
795.97,38.32,39.61,37.67,37.53,8212.89,5329.62,5775.66,0.0,0.0
796.02,38.32,39.61,37.67,37.53,8211.93,5329.62,5775.66,0.0,0.0
796.13,38.32,39.61,37.67,37.53,8212.89,5329.27,5777.17,0.0,0.0
796.25,38.32,39.61,37.67,37.53,8213.21,5329.62,5777.17,0.0,0.0
796.31,38.32,39.61,37.67,37.53,8211.93,5329.62,5776.04,0.0,0.0
796.47,38.32,39.62,37.68,37.53,8211.93,5328.91,5773.76,0.0,0.0
796.48,38.32,39.61,37.69,37.53,8211.93,5329.62,5771.87,0.0,0.0
796.65,38.31,39.61,37.69,37.53,8213.53,5329.27,5771.11,0.0,0.0
796.72,38.32,39.62,37.71,37.53,8212.57,5328.91,5767.32,0.0,0.0
796.78,38.32,39.62,37.72,37.53,8211.93,5328.91,5764.29,0.0,0.0
796.93,38.32,39.62,37.73,37.53,8211.93,5328.91,5761.64,0.0,0.0
797.04,38.32,39.62,37.73,37.53,8211.93,5327.48,5762.02,0.0,0.0
797.14,38.34,39.62,37.74,37.53,8211.29,5327.48,5759.0,0.0,0.0
797.29,38.32,39.63,37.74,37.53,8212.25,5325.33,5759.0,0.0,0.0
797.34,38.34,39.63,37.75,37.54,8210.97,5324.62,5756.73,0.0,0.0
797.35,38.34,39.64,37.75,37.54,8210.97,5322.83,5755.97,0.0,0.0
797.59,38.32,39.66,37.76,37.54,8211.93,5319.25,5754.08,0.0,0.0
797.66,38.34,39.67,37.76,37.54,8210.97,5317.82,5754.08,0.0,0.0
797.74,38.32,39.67,37.76,37.54,8212.25,5316.75,5753.7,0.0,0.0
797.85,38.34,39.68,37.76,37.54,8211.61,5314.97,5754.08,0.0,0.0
797.99,38.34,39.69,37.76,37.54,8211.61,5313.18,5753.7,0.0,0.0
798.08,38.34,39.69,37.76,37.54,8210.65,5312.11,5753.32,0.0,0.0
798.09,38.34,39.7,37.76,37.54,8211.29,5309.61,5753.7,0.0,0.0
798.15,38.34,39.71,37.76,37.54,8210.65,5309.25,5753.32,0.0,0.0
798.3,38.34,39.71,37.76,37.54,8210.97,5308.54,5753.32,0.0,0.0
798.35,38.35,39.71,37.76,37.54,8209.69,5308.18,5753.32,0.0,0.0
798.5,38.35,39.71,37.76,37.54,8209.69,5308.54,5753.32,0.0,0.0
798.6,38.34,39.71,37.76,37.54,8210.97,5307.11,5753.32,0.0,0.0
798.65,38.34,39.72,37.76,37.54,8210.65,5306.76,5753.32,0.0,0.0
798.78,38.35,39.71,37.77,37.54,8210.01,5307.11,5752.94,0.0,0.0
798.89,38.35,39.72,37.76,37.54,8210.01,5306.76,5753.32,0.0,0.0
799.04,38.35,39.71,37.76,37.54,8210.33,5307.47,5753.32,0.0,0.0
799.13,38.34,39.72,37.76,37.54,8210.97,5306.76,5753.32,0.0,0.0
799.15,38.35,39.71,37.76,37.54,8210.33,5307.11,5753.32,0.0,0.0
799.28,38.34,39.72,37.76,37.54,8210.97,5306.76,5753.7,0.0,0.0
799.37,38.35,39.72,37.76,37.55,8210.33,5306.76,5753.32,0.0,0.0
799.46,38.35,39.72,37.76,37.55,8210.33,5306.76,5753.32,0.0,0.0
799.61,38.36,39.71,37.76,37.55,8209.05,5307.11,5754.08,0.0,0.0
799.7,38.35,39.72,37.75,37.55,8209.69,5306.76,5755.59,0.0,0.0
799.81,38.35,39.72,37.76,37.55,8210.33,5306.76,5754.46,0.0,0.0
799.94,38.35,39.72,37.76,37.55,8209.69,5306.76,5754.84,0.0,0.0
800.04,38.36,39.72,37.76,37.55,8208.41,5306.76,5754.84,0.0,0.0
800.05,38.35,39.72,37.76,37.55,8209.37,5306.76,5755.21,0.0,0.0
800.15,38.36,39.72,37.76,37.55,8208.41,5306.76,5755.21,0.0,0.0
800.27,38.36,39.72,37.76,37.55,8208.41,5306.76,5754.46,0.0,0.0
800.35,38.36,39.72,37.76,37.55,8208.41,5306.76,5753.32,0.0,0.0
800.5,38.39,39.72,37.76,37.55,8206.49,5306.76,5753.7,0.0,0.0
800.57,38.37,39.72,37.76,37.55,8207.45,5306.76,5753.32,0.0,0.0
800.65,38.38,39.72,37.76,37.55,8207.77,5306.76,5753.32,0.0,0.0
800.75,38.39,39.72,37.76,37.55,8205.53,5306.76,5753.32,0.0,0.0
800.87,38.4,39.72,37.76,37.56,8205.21,5306.76,5753.32,0.0,0.0
800.97,38.37,39.72,37.77,37.56,8208.09,5306.4,5752.94,0.0,0.0
801.07,38.38,39.72,37.76,37.56,8207.13,5306.76,5753.32,0.0,0.0
801.16,38.38,39.72,37.76,37.56,8207.77,5306.76,5753.32,0.0,0.0
801.29,38.37,39.72,37.76,37.56,8208.09,5306.76,5753.32,0.0,0.0
801.5,38.38,39.72,37.76,37.56,8207.77,5306.76,5753.32,0.0,0.0
801.62,38.35,39.72,37.76,37.56,8209.37,5306.4,5753.32,0.0,0.0
801.72,38.37,39.72,37.77,37.56,8208.09,5306.76,5752.94,0.0,0.0
801.92,38.37,39.72,37.77,37.56,8208.09,5306.76,5752.94,0.0,0.0
801.97,38.38,39.72,37.76,37.56,8207.77,5306.76,5753.32,0.0,0.0
802.07,38.37,39.72,37.76,37.56,8208.09,5306.76,5753.32,0.0,0.0
802.18,38.36,39.72,37.76,37.56,8209.05,5306.76,5753.32,0.0,0.0
802.25,38.38,39.72,37.76,37.56,8207.13,5306.76,5753.32,0.0,0.0
802.32,38.38,39.72,37.77,37.56,8207.77,5306.76,5752.94,0.0,0.0
802.42,38.35,39.72,37.77,37.56,8209.69,5306.76,5752.57,0.0,0.0
802.48,38.36,39.72,37.77,37.56,8209.05,5306.76,5752.57,0.0,0.0
802.61,38.35,39.72,37.76,37.57,8210.01,5306.76,5753.32,0.0,0.0
802.67,38.34,39.72,37.76,37.57,8210.65,5306.76,5753.32,0.0,0.0
802.79,38.34,39.72,37.77,37.57,8210.97,5306.76,5752.57,0.0,0.0
802.88,38.38,39.72,37.77,37.57,8207.77,5306.76,5752.94,0.0,0.0
802.94,38.36,39.72,37.77,37.57,8208.73,5306.4,5752.94,0.0,0.0
803.08,38.36,39.72,37.77,37.57,8208.41,5306.76,5752.57,0.0,0.0
803.17,38.36,39.72,37.77,37.57,8209.05,5306.76,5752.94,0.0,0.0
803.24,38.35,39.72,37.76,37.57,8209.69,5306.4,5753.32,0.0,0.0
803.31,38.36,39.72,37.76,37.57,8208.73,5306.76,5753.32,0.0,0.0
803.4,38.36,39.72,37.77,37.57,8209.05,5306.4,5752.94,0.0,0.0
803.57,38.37,39.72,37.77,37.57,8207.45,5306.4,5752.94,0.0,0.0
803.67,38.36,39.72,37.76,37.57,8209.05,5306.76,5753.32,0.0,0.0
803.75,38.37,39.72,37.77,37.57,8208.09,5306.76,5752.57,0.0,0.0
803.89,38.36,39.72,37.77,37.57,8208.73,5306.76,5752.94,0.0,0.0
804.07,38.36,39.72,37.77,37.57,8209.05,5306.4,5752.94,0.0,0.0
804.18,38.36,39.72,37.76,37.57,8208.41,5306.04,5753.32,0.0,0.0
804.35,38.35,39.72,37.77,37.57,8210.01,5305.69,5752.94,0.0,0.0
804.43,38.34,39.72,37.77,37.58,8210.65,5306.04,5752.94,0.0,0.0
804.54,38.36,39.72,37.77,37.58,8209.05,5306.04,5752.57,0.0,0.0
804.6,38.36,39.72,37.77,37.58,8209.05,5306.4,5752.94,0.0,0.0
804.68,38.35,39.72,37.77,37.58,8209.37,5306.04,5752.57,0.0,0.0
804.8,38.37,39.72,37.76,37.58,8208.09,5306.4,5753.32,0.0,0.0
804.85,38.39,39.72,37.77,37.58,8206.81,5305.69,5752.94,0.0,0.0
804.92,38.38,39.73,37.77,37.58,8207.77,5304.26,5752.19,0.0,0.0
805.04,38.38,39.72,37.77,37.58,8207.77,5305.33,5752.94,0.0,0.0
805.17,38.38,39.72,37.76,37.58,8207.13,5305.33,5753.32,0.0,0.0
805.25,38.39,39.73,37.77,37.58,8206.81,5303.55,5752.94,0.0,0.0
805.37,38.36,39.73,37.77,37.58,8208.73,5304.62,5752.94,0.0,0.0
805.43,38.35,39.73,37.77,37.58,8209.37,5302.83,5752.57,0.0,0.0
805.53,38.37,39.73,37.77,37.58,8208.09,5303.55,5752.19,0.0,0.0
805.59,38.34,39.73,37.77,37.58,8210.65,5302.83,5752.19,0.0,0.0
805.75,38.36,39.73,37.76,37.58,8208.73,5304.62,5753.32,0.0,0.0
805.88,38.36,39.73,37.77,37.58,8208.73,5302.83,5752.19,0.0,0.0
805.95,38.35,39.72,37.77,37.58,8210.33,5304.97,5752.57,0.0,0.0
806.08,38.35,39.72,37.77,37.58,8210.01,5305.69,5752.57,0.0,0.0
806.15,38.34,39.72,37.77,37.59,8211.29,5306.04,5752.94,0.0,0.0
806.23,38.34,39.72,37.76,37.59,8211.61,5305.33,5753.32,0.0,0.0
806.37,38.34,39.72,37.77,37.59,8211.29,5306.04,5752.94,0.0,0.0
806.44,38.35,39.72,37.76,37.59,8210.01,5306.04,5753.32,0.0,0.0
806.57,38.32,39.72,37.77,37.59,8211.93,5306.4,5752.57,0.0,0.0
806.67,38.34,39.72,37.77,37.59,8211.61,5304.97,5752.19,0.0,0.0
806.75,38.35,39.72,37.77,37.59,8210.01,5306.76,5752.57,0.0,0.0
806.87,38.32,39.72,37.77,37.59,8211.93,5306.4,5752.94,0.0,0.0
806.93,38.34,39.72,37.76,37.59,8210.97,5306.04,5753.32,0.0,0.0
807.0,38.34,39.72,37.77,37.59,8210.97,5306.4,5752.94,0.0,0.0
807.12,38.32,39.72,37.76,37.59,8212.57,5306.76,5753.32,0.0,0.0
807.18,38.32,39.72,37.77,37.59,8212.25,5306.76,5752.57,0.0,0.0
807.32,38.34,39.72,37.77,37.59,8211.61,5306.76,5752.94,0.0,0.0
807.44,38.32,39.72,37.77,37.59,8211.93,5306.76,5752.94,0.0,0.0
807.5,38.34,39.72,37.76,37.59,8211.61,5306.4,5753.32,0.0,0.0
807.57,38.32,39.72,37.77,37.59,8211.93,5306.4,5752.57,0.0,0.0
807.67,38.32,39.72,37.76,37.59,8212.25,5306.76,5753.32,0.0,0.0
807.74,38.32,39.72,37.76,37.59,8212.57,5306.4,5753.32,0.0,0.0
807.93,38.32,39.72,37.77,37.59,8211.93,5306.76,5752.94,0.0,0.0
808.05,38.32,39.72,37.76,37.6,8212.57,5306.76,5753.32,0.0,0.0
808.1,38.32,39.72,37.77,37.6,8212.57,5306.76,5752.57,0.0,0.0
808.22,38.32,39.72,37.77,37.6,8212.25,5306.76,5752.94,0.0,0.0
808.33,38.32,39.72,37.76,37.6,8211.93,5306.76,5753.32,0.0,0.0
808.45,38.32,39.72,37.76,37.6,8212.89,5306.76,5753.32,0.0,0.0
808.55,38.32,39.72,37.77,37.6,8212.57,5306.76,5752.94,0.0,0.0
808.6,38.31,39.72,37.77,37.6,8213.53,5306.76,5752.94,0.0,0.0
808.74,38.32,39.72,37.77,37.6,8212.57,5306.76,5752.94,0.0,0.0
808.85,38.32,39.72,37.77,37.6,8212.89,5306.76,5752.94,0.0,0.0
808.98,38.32,39.72,37.77,37.6,8212.89,5306.76,5752.94,0.0,0.0
809.05,38.31,39.72,37.76,37.6,8213.53,5306.76,5753.32,0.0,0.0
809.18,38.32,39.72,37.77,37.6,8213.21,5306.76,5752.94,0.0,0.0
809.25,38.31,39.72,37.76,37.6,8213.53,5306.76,5753.32,0.0,0.0
809.38,38.31,39.72,37.77,37.6,8213.53,5306.76,5752.94,0.0,0.0
809.5,38.31,39.72,37.77,37.6,8214.17,5306.76,5752.94,0.0,0.0
809.65,38.31,39.72,37.77,37.6,8214.17,5306.76,5752.94,0.0,0.0
809.7,38.29,39.72,37.77,37.6,8214.81,5306.76,5752.94,0.0,0.0
809.82,38.29,39.72,37.76,37.6,8215.13,5306.76,5753.32,0.0,0.0
809.9,38.31,39.72,37.77,37.6,8214.17,5306.76,5752.94,0.0,0.0
810.02,38.29,39.72,37.77,37.6,8215.77,5306.76,5752.94,0.0,0.0
810.08,38.29,39.72,37.76,37.6,8214.81,5306.76,5753.32,0.0,0.0
810.22,38.32,39.72,37.76,37.6,8213.21,5306.76,5753.32,0.0,0.0
810.38,38.29,39.72,37.76,37.61,8216.41,5306.76,5753.32,0.0,0.0
810.48,38.31,39.72,37.76,37.61,8213.53,5306.76,5753.32,0.0,0.0
810.63,38.29,39.72,37.77,37.61,8214.81,5306.76,5752.94,0.0,0.0
810.7,38.29,39.72,37.77,37.61,8215.77,5306.76,5752.94,0.0,0.0
810.78,38.29,39.72,37.76,37.61,8215.13,5306.76,5753.32,0.0,0.0
810.93,38.31,39.72,37.76,37.61,8213.85,5306.76,5753.32,0.0,0.0
811.0,38.29,39.72,37.77,37.61,8215.13,5306.76,5752.94,0.0,0.0
811.08,38.27,39.72,37.77,37.61,8217.05,5306.76,5752.57,0.0,0.0
811.21,38.29,39.72,37.76,37.61,8215.77,5306.76,5753.32,0.0,0.0
811.32,38.31,39.72,37.76,37.61,8214.17,5306.76,5753.32,0.0,0.0
811.4,38.31,39.72,37.76,37.61,8214.17,5306.76,5753.32,0.0,0.0
811.52,38.31,39.72,37.77,37.61,8213.53,5306.76,5752.94,0.0,0.0
811.58,38.31,39.72,37.76,37.61,8213.85,5306.76,5753.32,0.0,0.0
811.7,38.29,39.72,37.77,37.61,8215.45,5306.76,5752.94,0.0,0.0
811.77,38.29,39.72,37.76,37.61,8215.45,5306.76,5753.32,0.0,0.0
811.89,38.29,39.72,37.77,37.61,8214.81,5306.76,5752.94,0.0,0.0
812.0,38.29,39.72,37.77,37.61,8215.13,5306.76,5752.94,0.0,0.0
812.08,38.29,39.72,37.76,37.61,8215.13,5306.76,5753.32,0.0,0.0
812.18,38.31,39.72,37.77,37.61,8214.17,5306.76,5752.94,0.0,0.0
812.25,38.31,39.72,37.77,37.61,8214.17,5306.76,5752.57,0.0,0.0
812.43,38.27,39.72,37.76,37.61,8217.05,5306.76,5753.32,0.0,0.0
812.53,38.28,39.72,37.77,37.61,8216.09,5306.76,5752.94,0.0,0.0
812.6,38.29,39.72,37.77,37.61,8214.81,5306.76,5752.94,0.0,0.0
812.73,38.29,39.72,37.76,37.61,8214.49,5306.76,5753.32,0.0,0.0
812.8,38.28,39.72,37.76,37.62,8216.09,5306.76,5753.32,0.0,0.0
812.9,38.31,39.72,37.76,37.62,8213.85,5306.76,5753.32,0.0,0.0
812.97,38.29,39.72,37.76,37.62,8215.13,5306.76,5753.32,0.0,0.0
813.07,38.31,39.72,37.77,37.62,8214.17,5306.76,5752.94,0.0,0.0
813.14,38.29,39.72,37.76,37.62,8214.49,5306.76,5753.32,0.0,0.0
813.24,38.32,39.72,37.76,37.62,8212.89,5306.76,5753.32,0.0,0.0
813.29,38.31,39.72,37.76,37.62,8213.85,5306.76,5753.32,0.0,0.0
813.35,38.32,39.72,37.76,37.62,8212.57,5306.76,5753.32,0.0,0.0
813.47,38.29,39.72,37.76,37.62,8215.13,5306.76,5753.32,0.0,0.0
813.53,38.31,39.72,37.77,37.62,8214.17,5306.76,5752.57,0.0,0.0
813.65,38.31,39.72,37.77,37.62,8213.85,5306.76,5752.57,0.0,0.0
813.78,38.31,39.72,37.76,37.62,8213.53,5306.76,5753.32,0.0,0.0
813.87,38.32,39.72,37.76,37.62,8211.93,5306.76,5753.32,0.0,0.0
813.93,38.31,39.72,37.76,37.62,8214.17,5306.76,5753.32,0.0,0.0
814.04,38.31,39.72,37.77,37.62,8213.53,5306.76,5752.94,0.0,0.0
814.13,38.31,39.72,37.76,37.62,8214.17,5306.76,5753.32,0.0,0.0
814.25,38.31,39.72,37.76,37.62,8213.85,5306.76,5753.32,0.0,0.0
814.34,38.32,39.72,37.76,37.62,8212.89,5306.76,5753.32,0.0,0.0
814.55,38.32,39.72,37.76,37.62,8212.57,5306.76,5753.32,0.0,0.0
814.72,38.32,39.72,37.77,37.62,8212.57,5306.76,5752.94,0.0,0.0
814.83,38.31,39.72,37.77,37.62,8213.85,5306.76,5752.94,0.0,0.0
815.02,38.32,39.72,37.77,37.62,8213.21,5306.76,5752.94,0.0,0.0
815.2,38.32,39.72,37.77,37.62,8212.89,5306.76,5752.57,0.0,0.0
815.3,38.32,39.72,37.76,37.62,8212.57,5306.76,5753.32,0.0,0.0
815.47,38.32,39.72,37.77,37.62,8212.57,5306.76,5752.94,0.0,0.0
815.48,38.32,39.72,37.76,37.62,8212.57,5306.76,5753.32,0.0,0.0
815.6,38.32,39.72,37.77,37.62,8212.57,5306.76,5752.94,0.0,0.0
815.77,38.32,39.72,37.76,37.62,8212.57,5306.76,5753.32,0.0,0.0
815.92,38.32,39.72,37.77,37.63,8212.57,5306.76,5752.94,0.0,0.0
816.02,38.32,39.72,37.77,37.63,8212.57,5306.76,5752.94,0.0,0.0
816.18,38.32,39.72,37.76,37.63,8211.93,5306.76,5753.32,0.0,0.0
816.28,38.32,39.72,37.77,37.63,8212.57,5306.76,5752.94,0.0,0.0
816.37,38.32,39.72,37.77,37.63,8212.89,5306.76,5752.57,0.0,0.0
816.54,38.32,39.72,37.77,37.63,8212.89,5306.76,5752.94,0.0,0.0
816.63,38.32,39.72,37.77,37.63,8212.57,5306.76,5752.94,0.0,0.0
816.79,38.32,39.72,37.76,37.63,8212.25,5306.76,5753.32,0.0,0.0
816.88,38.32,39.72,37.77,37.63,8212.57,5306.76,5752.94,0.0,0.0
816.99,38.31,39.72,37.76,37.63,8213.53,5306.76,5753.32,0.0,0.0
817.18,38.32,39.72,37.77,37.63,8212.57,5306.76,5752.57,0.0,0.0
817.29,38.32,39.72,37.76,37.63,8212.25,5306.76,5753.32,0.0,0.0
817.4,38.32,39.72,37.77,37.63,8212.57,5306.76,5752.94,0.0,0.0
817.59,38.32,39.72,37.77,37.63,8211.93,5306.76,5752.57,0.0,0.0
817.7,38.31,39.72,37.76,37.63,8213.53,5306.76,5753.32,0.0,0.0
817.92,38.32,39.71,37.77,37.63,8212.57,5307.11,5752.94,0.0,0.0
818.04,38.32,39.72,37.77,37.63,8211.93,5306.76,5752.57,0.0,0.0
818.05,38.32,39.72,37.77,37.63,8212.57,5306.76,5752.94,0.0,0.0
818.05,38.32,39.72,37.77,37.63,8212.57,5306.76,5752.94,0.0,0.0
818.05,38.32,39.72,37.77,37.63,8212.89,5306.76,5752.94,0.0,0.0
818.05,38.32,39.72,37.77,37.63,8211.93,5306.76,5752.94,0.0,0.0
818.05,38.32,39.72,37.76,37.63,8213.21,5306.76,5753.32,0.0,0.0
818.05,38.31,39.72,37.77,37.63,8213.53,5306.76,5752.94,0.0,0.0
818.05,38.32,39.71,37.76,37.63,8211.93,5307.11,5753.32,0.0,0.0
818.07,38.32,39.72,37.77,37.63,8212.57,5306.76,5752.19,0.0,0.0
818.07,38.32,39.72,37.77,37.63,8212.89,5306.76,5752.57,0.0,0.0
818.12,38.32,39.72,37.77,37.63,8212.25,5306.76,5752.94,0.0,0.0
818.18,38.32,39.72,37.77,37.63,8212.89,5306.76,5752.94,0.0,0.0
818.22,38.32,39.72,37.77,37.63,8212.89,5306.76,5752.94,0.0,0.0
818.27,38.32,39.72,37.77,37.63,8212.25,5306.76,5752.57,0.0,0.0
818.27,38.32,39.72,37.77,37.63,8212.89,5306.76,5752.94,0.0,0.0
818.37,38.32,39.72,37.77,37.64,8212.25,5306.76,5752.57,0.0,0.0
818.5,38.32,39.72,37.76,37.64,8212.57,5306.76,5753.32,0.0,0.0
818.62,38.32,39.72,37.76,37.64,8212.57,5306.76,5753.32,0.0,0.0
818.67,38.32,39.72,37.77,37.64,8211.93,5306.76,5752.94,0.0,0.0
818.79,38.32,39.72,37.77,37.64,8211.93,5306.76,5752.57,0.0,0.0
818.92,38.32,39.72,37.77,37.64,8212.89,5306.76,5752.94,0.0,0.0
818.97,38.34,39.72,37.77,37.64,8211.61,5306.76,5752.94,0.0,0.0
819.12,38.32,39.72,37.77,37.64,8211.93,5306.76,5752.94,0.0,0.0
819.17,38.32,39.72,37.77,37.64,8212.89,5306.76,5752.57,0.0,0.0
819.29,38.32,39.72,37.77,37.64,8212.25,5306.76,5752.57,0.0,0.0
819.4,38.31,39.72,37.77,37.64,8213.85,5306.76,5752.94,0.0,0.0
819.48,38.32,39.72,37.77,37.64,8213.21,5306.76,5752.57,0.0,0.0
819.62,38.32,39.72,37.77,37.64,8211.93,5306.76,5752.57,0.0,0.0
819.73,38.32,39.72,37.77,37.64,8212.89,5306.76,5752.94,0.0,0.0
819.77,38.32,39.72,37.77,37.64,8212.89,5306.76,5752.57,0.0,0.0
819.94,38.32,39.72,37.77,37.64,8212.57,5306.76,5752.19,0.0,0.0
819.98,38.32,39.72,37.77,37.64,8212.25,5306.76,5752.57,0.0,0.0
820.1,38.34,39.72,37.77,37.64,8211.29,5306.76,5752.57,0.0,0.0
820.2,38.32,39.72,37.77,37.64,8211.93,5306.76,5752.57,0.0,0.0
820.28,38.32,39.72,37.76,37.64,8212.89,5306.76,5753.32,0.0,0.0
820.44,38.32,39.72,37.77,37.64,8213.21,5306.76,5751.81,0.0,0.0
820.48,38.32,39.72,37.77,37.64,8211.93,5306.76,5752.19,0.0,0.0
820.6,38.32,39.71,37.77,37.64,8212.89,5307.47,5751.43,0.0,0.0
820.7,38.32,39.72,37.78,37.64,8212.89,5306.76,5750.3,0.0,0.0
820.78,38.31,39.72,37.77,37.64,8213.53,5306.76,5752.57,0.0,0.0
820.9,38.32,39.72,37.76,37.64,8212.25,5306.76,5753.32,0.0,0.0
820.99,38.32,39.72,37.77,37.64,8212.57,5306.76,5751.81,0.0,0.0
821.12,38.32,39.72,37.78,37.64,8211.93,5306.76,5750.3,0.0,0.0
821.23,38.32,39.72,37.78,37.64,8211.93,5306.76,5750.3,0.0,0.0
821.27,38.34,39.72,37.77,37.64,8211.61,5306.76,5751.43,0.0,0.0
821.43,38.32,39.72,37.77,37.64,8212.25,5306.76,5752.94,0.0,0.0
821.49,38.34,39.72,37.77,37.64,8211.29,5306.76,5752.19,0.0,0.0
821.6,38.32,39.72,37.78,37.64,8212.25,5306.76,5749.54,0.0,0.0
821.72,38.32,39.72,37.77,37.64,8211.93,5306.76,5751.06,0.0,0.0
821.8,38.32,39.72,37.78,37.64,8211.93,5306.76,5749.92,0.0,0.0
821.92,38.32,39.72,37.79,37.64,8211.93,5306.76,5747.65,0.0,0.0
821.97,38.32,39.72,37.79,37.64,8212.25,5306.76,5747.65,0.0,0.0
822.09,38.32,39.72,37.79,37.65,8212.89,5306.76,5747.28,0.0,0.0
822.2,38.34,39.72,37.8,37.65,8211.61,5306.76,5743.88,0.0,0.0
822.3,38.34,39.72,37.81,37.65,8210.97,5306.76,5743.5,0.0,0.0
822.42,38.32,39.72,37.82,37.65,8212.57,5306.76,5740.86,0.0,0.0
822.51,38.32,39.72,37.8,37.65,8212.57,5306.76,5744.26,0.0,0.0
822.57,38.34,39.72,37.81,37.65,8211.29,5306.76,5741.99,0.0,0.0
822.74,38.34,39.72,37.82,37.65,8211.29,5306.76,5740.86,0.0,0.0
822.79,38.32,39.72,37.82,37.65,8211.93,5306.76,5739.73,0.0,0.0
822.87,38.34,39.72,37.83,37.65,8210.65,5306.4,5736.71,0.0,0.0
823.02,38.32,39.72,37.83,37.65,8212.25,5306.4,5738.22,0.0,0.0
823.07,38.34,39.72,37.83,37.65,8211.29,5306.76,5737.84,0.0,0.0
823.22,38.32,39.72,37.84,37.65,8211.93,5306.4,5735.95,0.0,0.0
823.32,38.32,39.72,37.83,37.65,8211.93,5306.4,5737.08,0.0,0.0
823.39,38.32,39.72,37.84,37.65,8211.93,5306.04,5735.95,0.0,0.0
823.5,38.34,39.72,37.84,37.65,8210.65,5306.04,5735.2,0.0,0.0
823.59,38.34,39.72,37.85,37.65,8211.29,5306.76,5733.69,0.0,0.0
823.72,38.34,39.72,37.85,37.65,8211.61,5306.76,5732.94,0.0,0.0
823.83,38.32,39.72,37.85,37.65,8212.25,5306.04,5733.31,0.0,0.0
823.88,38.32,39.72,37.85,37.65,8212.57,5306.04,5733.31,0.0,0.0
824.04,38.34,39.72,37.85,37.65,8210.97,5306.4,5732.18,0.0,0.0
824.08,38.34,39.72,37.86,37.65,8210.97,5306.4,5731.05,0.0,0.0
824.2,38.35,39.72,37.86,37.65,8210.33,5305.69,5730.67,0.0,0.0
824.32,38.34,39.72,37.86,37.65,8210.65,5304.97,5731.43,0.0,0.0
824.39,38.35,39.73,37.86,37.65,8210.33,5304.26,5730.67,0.0,0.0
824.52,38.34,39.72,37.86,37.65,8210.97,5305.33,5729.54,0.0,0.0
824.57,38.36,39.72,37.86,37.65,8209.05,5305.69,5729.54,0.0,0.0
824.68,38.35,39.72,37.86,37.65,8209.69,5305.69,5730.3,0.0,0.0
824.84,38.36,39.72,37.87,37.65,8209.05,5305.69,5729.17,0.0,0.0
824.88,38.36,39.72,37.86,37.65,8208.73,5304.97,5729.92,0.0,0.0
825.0,38.37,39.72,37.86,37.65,8208.09,5305.33,5729.54,0.0,0.0
825.12,38.34,39.72,37.87,37.65,8210.97,5305.69,5729.17,0.0,0.0
825.2,38.35,39.72,37.87,37.65,8210.33,5304.97,5729.17,0.0,0.0
825.32,38.37,39.73,37.87,37.65,8208.09,5304.26,5728.79,0.0,0.0
825.44,38.35,39.73,37.87,37.65,8210.01,5304.62,5728.79,0.0,0.0
825.48,38.37,39.73,37.87,37.65,8208.09,5304.62,5729.17,0.0,0.0
825.64,38.38,39.73,37.87,37.65,8207.13,5304.26,5729.17,0.0,0.0
825.68,38.35,39.74,37.86,37.65,8209.69,5302.48,5729.54,0.0,0.0
825.8,38.38,39.74,37.87,37.65,8207.77,5301.41,5728.41,0.0,0.0
825.93,38.37,39.74,37.87,37.65,8208.09,5302.12,5729.17,0.0,0.0
826.02,38.37,39.76,37.87,37.65,8208.09,5297.84,5729.17,0.0,0.0
826.12,38.39,39.77,37.87,37.65,8206.81,5296.06,5728.79,0.0,0.0
826.18,38.37,39.77,37.87,37.65,8208.09,5294.28,5729.17,0.0,0.0
826.3,38.39,39.8,37.87,37.66,8206.17,5289.65,5728.79,0.0,0.0
826.42,38.37,39.8,37.87,37.66,8207.45,5289.3,5729.17,0.0,0.0
826.5,38.38,39.81,37.87,37.66,8207.77,5287.16,5728.79,0.0,0.0
826.62,38.39,39.81,37.87,37.66,8206.49,5286.8,5728.41,0.0,0.0
826.75,38.38,39.82,37.87,37.66,8207.13,5284.67,5729.17,0.0,0.0
826.79,38.39,39.82,37.87,37.66,8205.85,5284.31,5729.17,0.0,0.0
826.92,38.37,39.82,37.87,37.66,8207.45,5284.31,5729.17,0.0,0.0
827.0,38.39,39.82,37.87,37.66,8205.53,5284.31,5729.17,0.0,0.0
827.12,38.37,39.82,37.87,37.66,8208.09,5284.31,5728.79,0.0,0.0
827.24,38.39,39.82,37.87,37.66,8206.17,5283.96,5728.79,0.0,0.0
827.28,38.39,39.82,37.87,37.66,8206.17,5283.96,5729.17,0.0,0.0
827.4,38.39,39.82,37.87,37.66,8206.49,5283.96,5729.17,0.0,0.0
827.48,38.36,39.82,37.87,37.66,8208.73,5283.96,5728.79,0.0,0.0
827.61,38.41,39.82,37.87,37.66,8204.89,5283.96,5729.17,0.0,0.0
827.73,38.37,39.82,37.87,37.66,8207.45,5284.31,5728.79,0.0,0.0
827.79,38.39,39.82,37.87,37.66,8206.81,5283.96,5728.79,0.0,0.0
827.9,38.39,39.82,37.87,37.66,8206.17,5283.96,5728.41,0.0,0.0
827.99,38.39,39.82,37.87,37.66,8205.85,5283.96,5729.17,0.0,0.0
828.11,38.42,39.82,37.87,37.66,8204.25,5283.96,5728.79,0.0,0.0
828.24,38.41,39.82,37.87,37.66,8204.89,5283.96,5728.79,0.0,0.0
828.28,38.4,39.82,37.87,37.66,8205.21,5283.96,5728.79,0.0,0.0
828.4,38.39,39.82,37.87,37.66,8206.49,5283.96,5728.79,0.0,0.0
828.55,38.39,39.82,37.87,37.67,8205.85,5283.96,5728.79,0.0,0.0
828.6,38.39,39.82,37.87,37.67,8206.81,5283.96,5728.79,0.0,0.0
828.72,38.41,39.82,37.87,37.67,8204.89,5283.96,5728.41,0.0,0.0
828.8,38.39,39.82,37.87,37.67,8206.49,5283.96,5728.79,0.0,0.0
828.92,38.41,39.82,37.87,37.67,8203.93,5283.96,5729.17,0.0,0.0
828.97,38.41,39.82,37.87,37.67,8203.93,5283.96,5729.17,0.0,0.0
829.1,38.39,39.82,37.87,37.67,8206.81,5283.96,5729.17,0.0,0.0
829.22,38.41,39.82,37.87,37.67,8204.89,5283.96,5728.79,0.0,0.0
829.3,38.42,39.82,37.87,37.67,8203.61,5283.96,5729.17,0.0,0.0
829.42,38.42,39.82,37.87,37.67,8204.25,5283.96,5728.41,0.0,0.0
829.54,38.42,39.82,37.87,37.67,8204.25,5283.96,5728.79,0.0,0.0
829.62,38.42,39.82,37.87,37.67,8204.25,5283.96,5728.79,0.0,0.0
829.68,38.45,39.82,37.87,37.67,8202.97,5283.96,5728.79,0.0,0.0
829.79,38.41,39.82,37.87,37.67,8204.89,5283.96,5729.17,0.0,0.0
829.9,38.46,39.82,37.87,37.67,8200.73,5283.96,5728.79,0.0,0.0
830.03,38.45,39.82,37.87,37.67,8202.65,5283.96,5728.79,0.0,0.0
830.07,38.45,39.82,37.87,37.67,8202.65,5283.96,5728.79,0.0,0.0
830.24,38.45,39.82,37.87,37.67,8202.65,5283.96,5728.79,0.0,0.0
830.28,38.42,39.82,37.87,37.68,8204.25,5283.96,5729.17,0.0,0.0
830.4,38.41,39.82,37.87,37.68,8203.93,5283.96,5728.79,0.0,0.0
830.52,38.43,39.82,37.87,37.68,8202.01,5283.96,5728.79,0.0,0.0
830.6,38.45,39.82,37.87,37.68,8201.37,5283.96,5729.17,0.0,0.0
830.72,38.48,39.82,37.87,37.68,8198.81,5283.96,5729.17,0.0,0.0
830.78,38.43,39.82,37.87,37.68,8202.01,5283.96,5728.79,0.0,0.0
830.9,38.42,39.82,37.87,37.68,8203.61,5283.96,5729.17,0.0,0.0
831.02,38.49,39.82,37.87,37.68,8199.13,5283.96,5729.17,0.0,0.0
831.1,38.47,39.82,37.87,37.68,8200.41,5283.96,5729.17,0.0,0.0
831.23,38.45,39.82,37.87,37.68,8201.69,5283.96,5728.79,0.0,0.0
831.35,38.45,39.82,37.87,37.68,8201.37,5283.96,5728.79,0.0,0.0
831.4,38.46,39.82,37.87,37.68,8200.73,5283.96,5729.17,0.0,0.0
831.49,38.47,39.82,37.87,37.68,8199.77,5283.96,5728.79,0.0,0.0
831.6,38.49,39.82,37.87,37.68,8199.13,5283.96,5729.17,0.0,0.0
831.74,38.45,39.82,37.87,37.68,8201.69,5283.96,5729.17,0.0,0.0
831.78,38.45,39.82,37.87,37.68,8201.69,5283.96,5729.17,0.0,0.0
831.9,38.47,39.82,37.87,37.68,8199.77,5283.96,5729.17,0.0,0.0
832.02,38.48,39.82,37.87,37.68,8198.81,5283.6,5728.79,0.0,0.0
832.17,38.51,39.82,37.87,37.68,8197.85,5283.96,5729.17,0.0,0.0
832.24,38.5,39.82,37.87,37.68,8198.49,5283.96,5729.17,0.0,0.0
832.28,38.5,39.82,37.87,37.69,8198.49,5283.96,5729.17,0.0,0.0
832.44,38.51,39.82,37.87,37.69,8197.85,5283.96,5729.17,0.0,0.0
832.53,38.5,39.82,37.87,37.69,8197.21,5283.96,5729.17,0.0,0.0
832.6,38.5,39.82,37.87,37.69,8198.49,5283.96,5729.17,0.0,0.0
832.72,38.51,39.82,37.87,37.69,8196.89,5283.96,5728.79,0.0,0.0
832.8,38.5,39.82,37.87,37.69,8197.21,5283.96,5729.17,0.0,0.0
832.92,38.53,39.82,37.87,37.69,8195.61,5283.96,5728.79,0.0,0.0
833.04,38.51,39.82,37.87,37.69,8195.29,5283.6,5729.17,0.0,0.0
833.09,38.53,39.82,37.87,37.69,8194.97,5283.96,5728.79,0.0,0.0
833.23,38.51,39.82,37.87,37.69,8196.25,5283.25,5729.17,0.0,0.0
833.35,38.51,39.82,37.87,37.69,8195.93,5283.6,5729.17,0.0,0.0
833.39,38.5,39.82,37.87,37.69,8196.57,5283.6,5729.17,0.0,0.0
833.54,38.56,39.82,37.87,37.69,8193.05,5283.25,5728.79,0.0,0.0
833.58,38.51,39.82,37.87,37.69,8196.25,5283.6,5728.41,0.0,0.0
833.7,38.51,39.82,37.87,37.69,8196.25,5283.6,5729.17,0.0,0.0
833.82,38.53,39.82,37.87,37.69,8194.97,5283.96,5729.17,0.0,0.0
833.9,38.55,39.82,37.87,37.69,8193.69,5283.96,5728.79,0.0,0.0
834.02,38.51,39.82,37.87,37.69,8195.93,5283.96,5728.41,0.0,0.0
834.14,38.54,39.82,37.87,37.69,8194.01,5283.6,5729.17,0.0,0.0
834.22,38.54,39.82,37.87,37.69,8194.65,5283.96,5728.41,0.0,0.0
834.34,38.55,39.82,37.87,37.69,8194.33,5283.25,5728.79,0.0,0.0
834.38,38.54,39.82,37.87,37.7,8194.01,5283.6,5728.79,0.0,0.0
834.52,38.55,39.82,37.87,37.7,8194.33,5283.6,5728.79,0.0,0.0
834.63,38.51,39.82,37.87,37.7,8196.25,5283.96,5729.17,0.0,0.0
834.7,38.51,39.82,37.87,37.7,8195.29,5283.6,5728.79,0.0,0.0
834.84,38.54,39.82,37.87,37.7,8194.01,5283.96,5728.79,0.0,0.0
834.9,38.56,39.82,37.87,37.7,8193.37,5283.25,5729.17,0.0,0.0
835.02,38.56,39.82,37.87,37.7,8193.37,5283.96,5728.79,0.0,0.0
835.14,38.56,39.82,37.87,37.7,8193.37,5283.96,5728.41,0.0,0.0
835.18,38.56,39.82,37.87,37.7,8193.37,5283.96,5728.41,0.0,0.0
835.3,38.55,39.82,37.87,37.7,8193.69,5283.96,5728.79,0.0,0.0
835.42,38.56,39.82,37.87,37.7,8193.37,5283.96,5729.17,0.0,0.0
835.5,38.56,39.82,37.87,37.7,8193.37,5283.96,5729.17,0.0,0.0
835.62,38.55,39.82,37.87,37.7,8193.69,5283.6,5728.79,0.0,0.0
835.77,38.56,39.82,37.87,37.7,8193.37,5283.6,5728.79,0.0,0.0
835.8,38.55,39.82,37.87,37.7,8194.33,5283.96,5728.79,0.0,0.0
835.92,38.56,39.82,37.87,37.7,8193.37,5283.96,5729.17,0.0,0.0
836.02,38.57,39.82,37.87,37.7,8192.73,5283.96,5728.79,0.0,0.0
836.08,38.55,39.82,37.87,37.7,8193.69,5283.96,5728.41,0.0,0.0
836.23,38.56,39.82,37.87,37.7,8193.05,5283.96,5728.79,0.0,0.0
836.28,38.54,39.82,37.87,37.7,8194.01,5283.96,5728.79,0.0,0.0
836.4,38.57,39.82,37.87,37.7,8192.73,5283.96,5729.17,0.0,0.0
836.52,38.56,39.82,37.87,37.7,8191.77,5283.96,5729.17,0.0,0.0
836.6,38.56,39.82,37.87,37.7,8193.05,5283.96,5729.17,0.0,0.0
836.73,38.56,39.82,37.87,37.7,8191.77,5283.96,5729.17,0.0,0.0
836.85,38.57,39.82,37.87,37.71,8192.73,5283.96,5728.41,0.0,0.0
836.93,38.57,39.82,37.87,37.71,8192.09,5283.96,5728.79,0.0,0.0
837.02,38.57,39.82,37.87,37.71,8192.09,5283.96,5728.79,0.0,0.0
837.1,38.56,39.82,37.87,37.71,8192.41,5283.96,5728.79,0.0,0.0
837.23,38.57,39.82,37.87,37.71,8192.73,5283.96,5728.41,0.0,0.0
837.32,38.57,39.82,37.87,37.71,8191.13,5283.96,5729.17,0.0,0.0
837.4,38.57,39.82,37.87,37.71,8192.09,5283.96,5728.79,0.0,0.0
837.52,38.57,39.82,37.87,37.71,8192.09,5283.96,5729.17,0.0,0.0
837.6,38.56,39.82,37.87,37.71,8192.41,5283.6,5728.79,0.0,0.0
837.73,38.56,39.82,37.87,37.71,8192.41,5283.96,5728.79,0.0,0.0
837.83,38.57,39.82,37.87,37.71,8191.13,5283.96,5728.41,0.0,0.0
837.93,38.56,39.82,37.87,37.71,8193.37,5283.96,5728.41,0.0,0.0
838.0,38.57,39.82,37.87,37.71,8191.13,5283.96,5729.17,0.0,0.0
838.1,38.57,39.82,37.87,37.71,8191.45,5283.6,5728.41,0.0,0.0
838.23,38.56,39.82,37.87,37.71,8191.77,5283.96,5728.79,0.0,0.0
838.35,38.56,39.82,37.87,37.71,8191.77,5283.6,5728.79,0.0,0.0
838.4,38.56,39.82,37.87,37.71,8192.41,5283.96,5728.79,0.0,0.0
838.52,38.56,39.82,37.87,37.71,8191.77,5283.96,5728.04,0.0,0.0
838.6,38.57,39.82,37.87,37.71,8192.09,5283.96,5727.66,0.0,0.0
838.72,38.56,39.82,37.87,37.71,8191.77,5283.96,5728.41,0.0,0.0
838.85,38.57,39.82,37.87,37.71,8192.09,5283.6,5728.04,0.0,0.0
838.93,38.56,39.82,37.87,37.71,8191.77,5283.96,5728.04,0.0,0.0
839.05,38.56,39.82,37.87,37.71,8191.77,5283.96,5727.66,0.0,0.0
839.1,38.57,39.82,37.88,37.71,8192.09,5283.96,5726.53,0.0,0.0
839.22,38.57,39.82,37.87,37.71,8191.45,5283.6,5727.28,0.0,0.0
839.33,38.57,39.82,37.87,37.71,8192.73,5283.96,5727.28,0.0,0.0
839.4,38.56,39.82,37.88,37.71,8192.41,5283.6,5726.91,0.0,0.0
839.53,38.57,39.82,37.88,37.72,8192.09,5283.25,5726.15,0.0,0.0
839.58,38.57,39.82,37.88,37.72,8191.13,5283.96,5726.15,0.0,0.0
839.7,38.57,39.82,37.88,37.72,8192.09,5283.6,5726.53,0.0,0.0
839.85,38.56,39.82,37.88,37.72,8191.77,5283.6,5726.53,0.0,0.0
839.9,38.56,39.82,37.88,37.72,8191.77,5283.6,5725.02,0.0,0.0
840.02,38.57,39.82,37.89,37.72,8191.13,5283.96,5722.76,0.0,0.0
840.14,38.57,39.83,37.88,37.72,8191.45,5282.89,5725.4,0.0,0.0
840.22,38.57,39.83,37.88,37.72,8192.73,5282.54,5726.15,0.0,0.0
840.34,38.57,39.83,37.88,37.72,8192.09,5281.11,5725.02,0.0,0.0
840.38,38.57,39.83,37.89,37.72,8192.09,5281.11,5723.89,0.0,0.0
840.52,38.57,39.84,37.89,37.72,8190.81,5280.4,5724.27,0.0,0.0
840.63,38.56,39.85,37.89,37.72,8192.41,5278.62,5723.14,0.0,0.0
840.72,38.57,39.85,37.89,37.72,8192.09,5278.27,5722.76,0.0,0.0
840.83,38.57,39.85,37.9,37.72,8192.09,5277.91,5722.01,0.0,0.0
840.92,38.56,39.86,37.89,37.72,8192.41,5276.49,5723.52,0.0,0.0
841.01,38.57,39.86,37.91,37.72,8192.09,5276.49,5718.62,0.0,0.0
841.12,38.56,39.86,37.91,37.72,8191.77,5276.49,5719.0,0.0,0.0
841.2,38.57,39.86,37.92,37.72,8190.81,5276.14,5715.61,0.0,0.0
841.32,38.57,39.86,37.92,37.72,8192.09,5275.07,5717.12,0.0,0.0
841.45,38.57,39.85,37.94,37.72,8190.81,5277.2,5712.23,0.0,0.0
841.5,38.58,39.85,37.94,37.72,8190.49,5277.56,5711.85,0.0,0.0
841.61,38.57,39.85,37.94,37.72,8191.45,5277.2,5711.1,0.0,0.0
841.69,38.57,39.86,37.95,37.72,8191.45,5276.49,5709.97,0.0,0.0
841.82,38.57,39.86,37.95,37.72,8191.45,5275.43,5708.84,0.0,0.0
841.94,38.56,39.86,37.95,37.72,8192.41,5274.72,5709.22,0.0,0.0
842.02,38.57,39.86,37.95,37.72,8190.81,5276.14,5708.09,0.0,0.0
842.14,38.57,39.86,37.96,37.72,8191.13,5274.72,5706.59,0.0,0.0
842.18,38.57,39.87,37.96,37.73,8191.13,5273.29,5706.96,0.0,0.0
842.31,38.58,39.86,37.96,37.73,8190.49,5274.72,5707.34,0.0,0.0
842.43,38.57,39.86,37.96,37.73,8190.81,5275.78,5705.84,0.0,0.0
842.52,38.57,39.87,37.96,37.73,8191.45,5274.36,5706.59,0.0,0.0
842.63,38.58,39.87,37.96,37.73,8189.53,5272.58,5706.21,0.0,0.0
842.73,38.58,39.87,37.96,37.73,8190.49,5273.29,5706.96,0.0,0.0
842.8,38.58,39.87,37.96,37.73,8190.17,5274.36,5705.84,0.0,0.0
842.92,38.58,39.88,37.96,37.73,8190.49,5271.52,5705.84,0.0,0.0
843.0,38.57,39.88,37.96,37.73,8191.13,5271.52,5705.84,0.0,0.0
843.13,38.58,39.88,37.96,37.73,8190.17,5271.16,5706.59,0.0,0.0
843.25,38.57,39.89,37.96,37.73,8190.81,5270.1,5706.21,0.0,0.0
843.3,38.6,39.89,37.97,37.73,8189.85,5269.74,5705.08,0.0,0.0
843.42,38.58,39.89,37.96,37.73,8190.17,5268.32,5705.84,0.0,0.0
843.5,38.57,39.9,37.97,37.73,8191.13,5267.61,5705.46,0.0,0.0
843.62,38.57,39.9,37.97,37.73,8190.81,5265.84,5705.46,0.0,0.0
843.75,38.57,39.9,37.96,37.73,8191.45,5266.19,5705.84,0.0,0.0
843.82,38.57,39.91,37.97,37.73,8190.81,5264.42,5705.46,0.0,0.0
843.92,38.57,39.91,37.96,37.73,8192.09,5265.13,5705.84,0.0,0.0
844.0,38.58,39.91,37.97,37.73,8190.17,5265.48,5705.08,0.0,0.0
844.12,38.57,39.91,37.97,37.73,8191.45,5265.13,5705.46,0.0,0.0
844.22,38.6,39.91,37.97,37.73,8189.85,5264.77,5705.08,0.0,0.0
844.3,38.58,39.91,37.97,37.73,8190.49,5264.06,5705.46,0.0,0.0
844.45,38.61,39.92,37.97,37.74,8188.25,5263.0,5705.08,0.0,0.0
844.49,38.58,39.92,37.97,37.74,8189.53,5263.36,5705.08,0.0,0.0
844.62,38.6,39.92,37.97,37.74,8189.21,5263.0,5705.46,0.0,0.0
844.74,38.58,39.91,37.97,37.74,8189.53,5263.71,5705.08,0.0,0.0
844.82,38.58,39.92,37.97,37.74,8189.53,5261.58,5705.08,0.0,0.0
844.95,38.58,39.92,37.97,37.74,8190.17,5261.94,5705.46,0.0,0.0
844.99,38.6,39.92,37.97,37.74,8189.21,5262.65,5705.08,0.0,0.0
845.12,38.6,39.92,37.96,37.74,8188.89,5261.94,5705.84,0.0,0.0
845.24,38.6,39.92,37.97,37.74,8189.85,5261.58,5705.08,0.0,0.0
845.32,38.58,39.93,37.97,37.74,8190.49,5261.23,5705.08,0.0,0.0
845.45,38.61,39.92,37.97,37.74,8188.25,5261.94,5705.46,0.0,0.0
845.5,38.6,39.93,37.97,37.74,8188.89,5261.23,5705.08,0.0,0.0
845.62,38.61,39.92,37.97,37.74,8187.93,5261.58,5705.08,0.0,0.0
845.75,38.57,39.92,37.97,37.74,8190.81,5261.58,5705.08,0.0,0.0
845.83,38.61,39.93,37.97,37.74,8188.25,5261.23,5705.08,0.0,0.0
845.95,38.6,39.93,37.97,37.74,8189.21,5261.23,5704.33,0.0,0.0
846.01,38.58,39.92,37.97,37.75,8189.53,5261.58,5705.08,0.0,0.0
846.12,38.6,39.93,37.97,37.75,8189.21,5261.23,5704.71,0.0,0.0
846.25,38.58,39.93,37.97,37.75,8189.53,5261.23,5705.08,0.0,0.0
846.3,38.6,39.93,37.97,37.75,8189.85,5261.23,5705.08,0.0,0.0
846.45,38.63,39.93,37.97,37.75,8186.33,5261.23,5705.08,0.0,0.0
846.57,38.6,39.92,37.97,37.75,8188.89,5261.58,5705.08,0.0,0.0
846.62,38.63,39.93,37.97,37.75,8186.65,5261.23,5705.08,0.0,0.0
846.74,38.62,39.92,37.97,37.75,8187.29,5261.58,5704.71,0.0,0.0
846.82,38.6,39.92,37.97,37.75,8188.89,5263.0,5705.08,0.0,0.0
846.95,38.58,39.92,37.97,37.75,8190.49,5261.94,5705.08,0.0,0.0
847.07,38.6,39.92,37.97,37.75,8188.89,5262.65,5705.08,0.0,0.0
847.11,38.61,39.92,37.97,37.75,8187.93,5262.29,5705.08,0.0,0.0
847.22,38.61,39.91,37.97,37.75,8188.25,5265.13,5705.08,0.0,0.0
847.3,38.6,39.91,37.97,37.75,8189.21,5263.71,5704.71,0.0,0.0
847.42,38.62,39.91,37.97,37.75,8187.29,5263.71,5705.08,0.0,0.0
847.55,38.6,39.9,37.97,37.75,8188.57,5265.84,5705.08,0.0,0.0
847.63,38.6,39.9,37.97,37.75,8189.21,5265.84,5704.71,0.0,0.0
847.75,38.61,39.9,37.97,37.76,8188.25,5266.19,5704.71,0.0,0.0
847.87,38.62,39.9,37.97,37.76,8187.61,5265.84,5704.71,0.0,0.0
847.92,38.61,39.9,37.97,37.76,8187.93,5267.26,5704.71,0.0,0.0
848.03,38.6,39.9,37.97,37.76,8188.89,5266.9,5705.08,0.0,0.0
848.12,38.6,39.9,37.97,37.76,8189.21,5266.19,5704.71,0.0,0.0
848.24,38.61,39.9,37.97,37.76,8187.93,5267.61,5705.08,0.0,0.0
848.32,38.63,39.89,37.97,37.76,8186.97,5267.97,5704.71,0.0,0.0
848.44,38.64,39.9,37.97,37.76,8185.37,5266.9,5705.08,0.0,0.0
848.52,38.63,39.9,37.97,37.76,8186.97,5266.55,5704.71,0.0,0.0
848.6,38.63,39.9,37.97,37.76,8186.97,5266.9,5705.08,0.0,0.0
848.72,38.62,39.9,37.97,37.76,8187.61,5266.19,5705.08,0.0,0.0
848.85,38.63,39.9,37.97,37.76,8186.33,5267.26,5705.08,0.0,0.0
848.93,38.63,39.9,37.97,37.76,8186.65,5266.19,5705.08,0.0,0.0
849.02,38.64,39.9,37.97,37.76,8185.05,5266.55,5704.71,0.0,0.0
849.16,38.65,39.91,37.97,37.76,8184.73,5265.13,5705.08,0.0,0.0
849.24,38.64,39.9,37.97,37.76,8185.05,5265.84,5705.08,0.0,0.0
849.36,38.63,39.9,37.97,37.76,8186.97,5265.84,5705.08,0.0,0.0
849.43,38.63,39.92,37.97,37.76,8186.97,5263.0,5704.71,0.0,0.0
849.58,38.63,39.91,37.97,37.76,8186.33,5264.77,5704.33,0.0,0.0
849.62,38.64,39.91,37.97,37.76,8185.37,5265.13,5705.08,0.0,0.0
849.76,38.67,39.91,37.97,37.77,8183.45,5265.13,5705.08,0.0,0.0
849.81,38.7,39.91,37.97,37.77,8181.53,5265.13,5705.08,0.0,0.0
849.94,38.68,39.91,37.97,37.77,8182.49,5265.48,5705.08,0.0,0.0
850.03,38.65,39.91,37.97,37.77,8184.73,5263.71,5704.33,0.0,0.0
850.12,38.67,39.91,37.97,37.77,8183.13,5264.06,5705.08,0.0,0.0
850.25,38.67,39.92,37.97,37.77,8182.81,5262.65,5704.71,0.0,0.0
850.33,38.67,39.91,37.97,37.77,8182.81,5264.06,5704.33,0.0,0.0
850.43,38.68,39.92,37.97,37.77,8182.49,5263.0,5704.71,0.0,0.0
850.52,38.68,39.92,37.97,37.77,8182.49,5262.65,5704.71,0.0,0.0
850.64,38.71,39.92,37.97,37.77,8180.89,5262.65,5705.08,0.0,0.0
850.7,38.7,39.92,37.97,37.77,8181.53,5261.94,5705.08,0.0,0.0
850.83,38.67,39.92,37.97,37.77,8182.81,5262.29,5704.71,0.0,0.0
850.95,38.67,39.93,37.97,37.77,8182.81,5261.23,5705.08,0.0,0.0
851.04,38.73,39.92,37.97,37.77,8178.01,5261.94,5704.33,0.0,0.0
851.2,38.71,39.92,37.97,37.77,8180.25,5261.94,5705.08,0.0,0.0
851.22,38.71,39.92,37.97,37.77,8179.61,5261.94,5704.71,0.0,0.0
851.36,38.71,39.93,37.97,37.77,8180.57,5261.23,5704.71,0.0,0.0
851.48,38.71,39.93,37.97,37.77,8179.61,5261.23,5704.71,0.0,0.0
851.57,38.71,39.93,37.97,37.77,8180.57,5261.23,5704.71,0.0,0.0
851.68,38.73,39.93,37.97,37.77,8177.69,5261.23,5704.71,0.0,0.0
851.77,38.69,39.93,37.97,37.77,8181.85,5261.23,5704.71,0.0,0.0
851.84,38.72,39.93,37.97,37.77,8178.33,5261.23,5704.33,0.0,0.0
851.93,38.72,39.93,37.97,37.78,8179.29,5261.23,5705.08,0.0,0.0
852.03,38.73,39.93,37.97,37.78,8177.69,5261.23,5704.71,0.0,0.0
852.15,38.76,39.93,37.97,37.78,8176.09,5261.23,5704.71,0.0,0.0
852.24,38.72,39.93,37.97,37.78,8178.97,5261.23,5704.33,0.0,0.0
852.32,38.71,39.93,37.97,37.78,8180.25,5261.23,5704.33,0.0,0.0
852.45,38.73,39.93,37.97,37.78,8178.01,5261.23,5704.33,0.0,0.0
852.61,38.72,39.93,37.97,37.78,8179.29,5261.23,5705.08,0.0,0.0
852.67,38.72,39.92,37.97,37.78,8178.33,5261.58,5704.33,0.0,0.0
852.84,38.73,39.93,37.97,37.78,8177.37,5261.23,5704.71,0.0,0.0
852.93,38.71,39.93,37.97,37.78,8180.57,5261.23,5703.21,0.0,0.0
853.0,38.72,39.93,37.98,37.78,8179.29,5261.23,5702.83,0.0,0.0
853.0,38.7,39.93,37.97,37.78,8181.53,5261.23,5703.58,0.0,0.0
853.14,38.71,39.93,37.98,37.78,8179.61,5261.23,5702.45,0.0,0.0
853.28,38.71,39.93,37.98,37.78,8180.25,5261.23,5702.83,0.0,0.0
853.37,38.67,39.93,37.98,37.78,8182.81,5261.23,5701.33,0.0,0.0
853.48,38.7,39.93,37.98,37.78,8181.21,5261.23,5701.33,0.0,0.0
853.62,38.71,39.93,37.99,37.78,8179.61,5261.23,5700.2,0.0,0.0
853.68,38.71,39.93,37.98,37.78,8180.89,5261.23,5701.33,0.0,0.0
853.83,38.69,39.93,37.99,37.78,8181.85,5260.87,5700.2,0.0,0.0
853.95,38.71,39.93,38.0,37.78,8180.57,5261.23,5697.57,0.0,0.0
854.05,38.7,39.93,38.0,37.78,8181.21,5261.23,5697.57,0.0,0.0
854.15,38.7,39.93,38.0,37.79,8181.53,5260.87,5697.57,0.0,0.0
854.27,38.67,39.93,38.0,37.79,8182.81,5261.23,5697.57,0.0,0.0
854.38,38.67,39.93,38.0,37.79,8182.81,5261.23,5697.57,0.0,0.0
854.45,38.67,39.93,38.0,37.79,8183.45,5261.23,5697.57,0.0,0.0
854.59,38.65,39.93,38.0,37.79,8184.73,5261.23,5698.33,0.0,0.0
854.66,38.64,39.93,37.99,37.79,8185.37,5261.23,5698.7,0.0,0.0
854.79,38.64,39.93,38.0,37.79,8185.69,5261.23,5697.2,0.0,0.0
854.93,38.63,39.93,37.99,37.79,8186.97,5261.23,5699.45,0.0,0.0
854.95,38.64,39.93,37.99,37.79,8185.69,5261.23,5698.7,0.0,0.0
855.04,38.64,39.93,38.0,37.79,8186.01,5261.23,5698.33,0.0,0.0
855.12,38.64,39.93,37.99,37.79,8185.69,5261.23,5699.45,0.0,0.0
855.27,38.6,39.93,37.99,37.79,8188.57,5261.23,5700.2,0.0,0.0
855.35,38.63,39.93,37.99,37.79,8186.65,5261.23,5699.08,0.0,0.0
855.45,38.62,39.93,37.98,37.79,8187.29,5261.23,5700.95,0.0,0.0
855.54,38.61,39.93,37.98,37.79,8188.25,5261.23,5700.95,0.0,0.0
855.7,38.61,39.93,37.99,37.79,8187.93,5261.23,5700.2,0.0,0.0
855.71,38.63,39.93,37.99,37.79,8186.97,5261.23,5700.58,0.0,0.0
855.93,38.62,39.93,37.99,37.79,8187.29,5261.23,5699.45,0.0,0.0
856.02,38.6,39.93,37.98,37.79,8189.85,5261.23,5702.08,0.0,0.0
856.07,38.6,39.93,37.98,37.79,8189.85,5261.23,5700.95,0.0,0.0
856.12,38.58,39.92,37.99,37.79,8190.49,5261.58,5699.08,0.0,0.0
856.18,38.6,39.93,37.98,37.79,8188.89,5261.23,5702.45,0.0,0.0
856.28,38.6,39.93,37.98,37.79,8189.21,5261.23,5701.7,0.0,0.0
856.5,38.61,39.93,37.98,37.8,8187.93,5261.23,5702.45,0.0,0.0
856.51,38.61,39.92,37.99,37.8,8188.25,5261.58,5700.58,0.0,0.0
856.57,38.58,39.92,37.98,37.8,8189.53,5261.58,5701.7,0.0,0.0
856.77,38.6,39.93,37.98,37.8,8189.21,5261.23,5700.95,0.0,0.0
856.88,38.6,39.92,37.98,37.8,8189.21,5261.58,5701.7,0.0,0.0
857.05,38.58,39.92,37.97,37.8,8190.49,5261.94,5703.21,0.0,0.0
857.11,38.57,39.92,37.98,37.8,8190.81,5262.65,5702.45,0.0,0.0
857.15,38.58,39.92,37.97,37.8,8190.49,5262.29,5703.58,0.0,0.0
857.3,38.58,39.92,37.97,37.8,8190.49,5263.36,5703.96,0.0,0.0
857.45,38.58,39.91,37.97,37.8,8190.49,5265.48,5704.33,0.0,0.0
857.52,38.58,39.9,37.97,37.8,8190.49,5267.61,5704.71,0.0,0.0
857.66,38.58,39.89,37.97,37.8,8190.49,5269.03,5704.33,0.0,0.0
857.83,38.57,39.88,37.97,37.8,8190.81,5270.45,5705.08,0.0,0.0
857.93,38.57,39.88,37.97,37.8,8191.13,5272.23,5704.71,0.0,0.0
858.01,38.58,39.88,37.97,37.8,8190.17,5271.52,5704.71,0.0,0.0
858.07,38.6,39.87,37.97,37.8,8189.85,5274.0,5704.71,0.0,0.0
858.12,38.58,39.87,37.97,37.8,8190.49,5272.94,5704.71,0.0,0.0
858.19,38.58,39.86,37.97,37.8,8190.17,5275.78,5705.08,0.0,0.0
858.3,38.57,39.85,37.97,37.8,8190.81,5277.91,5704.71,0.0,0.0
858.36,38.58,39.85,37.97,37.8,8189.53,5278.27,5704.33,0.0,0.0
858.42,38.57,39.84,37.97,37.8,8190.81,5279.69,5705.08,0.0,0.0
858.55,38.56,39.84,37.97,37.8,8191.77,5280.4,5705.08,0.0,0.0
858.64,38.57,39.84,37.97,37.8,8190.81,5279.34,5704.71,0.0,0.0
858.78,38.58,39.84,37.97,37.8,8190.49,5279.34,5705.08,0.0,0.0
858.9,38.56,39.84,37.97,37.8,8191.77,5280.76,5704.33,0.0,0.0
858.92,38.58,39.83,37.97,37.8,8190.17,5282.18,5704.71,0.0,0.0
859.02,38.57,39.83,37.97,37.8,8191.13,5281.11,5705.08,0.0,0.0
859.2,38.57,39.83,37.97,37.8,8191.45,5282.54,5704.71,0.0,0.0
859.32,38.57,39.83,37.97,37.8,8190.81,5281.11,5705.08,0.0,0.0
859.34,38.57,39.83,37.97,37.8,8191.13,5281.47,5705.08,0.0,0.0
859.47,38.57,39.83,37.97,37.8,8191.13,5282.89,5705.08,0.0,0.0
859.49,38.57,39.82,37.97,37.8,8190.81,5283.25,5704.71,0.0,0.0
859.5,38.56,39.83,37.97,37.8,8191.77,5282.89,5704.71,0.0,0.0
859.68,38.57,39.83,37.97,37.8,8192.09,5282.89,5704.71,0.0,0.0
859.86,38.57,39.82,37.97,37.8,8191.45,5283.25,5705.08,0.0,0.0
859.95,38.57,39.83,37.97,37.8,8191.13,5282.89,5705.08,0.0,0.0
860.1,38.57,39.82,37.97,37.8,8192.09,5283.96,5704.71,0.0,0.0
860.2,38.57,39.82,37.97,37.8,8192.73,5283.6,5704.71,0.0,0.0
860.21,38.58,39.82,37.97,37.8,8190.49,5283.6,5704.71,0.0,0.0
860.21,38.58,39.83,37.97,37.8,8190.17,5282.54,5705.08,0.0,0.0
860.36,38.56,39.82,37.97,37.8,8191.77,5283.96,5704.71,0.0,0.0
860.54,38.57,39.82,37.97,37.8,8191.13,5283.96,5705.08,0.0,0.0
860.67,38.57,39.83,37.97,37.8,8192.09,5282.18,5705.08,0.0,0.0
860.76,38.57,39.83,37.97,37.8,8191.45,5282.18,5704.71,0.0,0.0
860.93,38.56,39.83,37.97,37.8,8191.77,5282.54,5704.71,0.0,0.0
860.98,38.57,39.83,37.97,37.8,8192.09,5282.18,5704.71,0.0,0.0
861.13,38.57,39.83,37.97,37.8,8190.81,5282.89,5705.08,0.0,0.0
861.28,38.57,39.83,37.97,37.8,8192.09,5282.18,5705.08,0.0,0.0
861.34,38.57,39.82,37.97,37.8,8191.13,5283.6,5704.71,0.0,0.0
861.37,38.57,39.83,37.97,37.8,8191.13,5282.54,5704.71,0.0,0.0
861.43,38.56,39.83,37.97,37.8,8192.41,5281.82,5705.08,0.0,0.0
861.44,38.56,39.83,37.97,37.8,8192.41,5281.47,5705.08,0.0,0.0
861.64,38.56,39.83,37.97,37.8,8192.41,5282.89,5704.71,0.0,0.0
861.74,38.57,39.83,37.97,37.8,8192.73,5282.89,5705.08,0.0,0.0
861.79,38.57,39.83,37.97,37.8,8191.45,5282.54,5705.08,0.0,0.0
861.94,38.56,39.83,37.97,37.8,8191.77,5282.54,5705.08,0.0,0.0
862.0,38.57,39.82,37.97,37.8,8192.73,5283.6,5705.08,0.0,0.0
862.03,38.56,39.83,37.97,37.8,8192.41,5282.54,5705.08,0.0,0.0
862.25,38.56,39.82,37.97,37.8,8192.41,5283.25,5704.71,0.0,0.0
862.38,38.57,39.82,37.97,37.8,8192.09,5283.6,5704.71,0.0,0.0
862.55,38.56,39.83,37.97,37.8,8192.41,5282.89,5705.08,0.0,0.0
862.75,38.57,39.82,37.97,37.8,8192.09,5283.6,5705.08,0.0,0.0
862.94,38.57,39.82,37.97,37.8,8192.73,5283.6,5705.08,0.0,0.0
863.03,38.56,39.82,37.97,37.8,8193.05,5283.6,5705.46,0.0,0.0
863.21,38.56,39.82,37.97,37.8,8192.41,5283.25,5705.08,0.0,0.0
863.21,38.56,39.83,37.97,37.8,8192.41,5282.89,5705.08,0.0,0.0
863.29,38.56,39.82,37.97,37.8,8191.77,5283.25,5705.46,0.0,0.0
863.36,38.56,39.82,37.97,37.8,8192.41,5283.6,5705.08,0.0,0.0
863.48,38.57,39.82,37.96,37.8,8192.73,5283.96,5705.84,0.0,0.0
863.62,38.56,39.82,37.97,37.8,8192.41,5283.6,5705.46,0.0,0.0
863.65,38.57,39.82,37.97,37.8,8192.09,5283.6,5705.08,0.0,0.0
863.84,38.56,39.82,37.96,37.8,8192.41,5283.6,5706.59,0.0,0.0
864.02,38.56,39.82,37.96,37.8,8192.41,5283.6,5707.34,0.0,0.0
864.11,38.56,39.82,37.96,37.8,8192.41,5283.6,5706.59,0.0,0.0
864.3,38.57,39.82,37.95,37.8,8192.73,5283.6,5708.09,0.0,0.0
864.39,38.57,39.82,37.95,37.8,8192.73,5283.6,5709.97,0.0,0.0
864.5,38.57,39.82,37.93,37.8,8192.73,5283.6,5712.98,0.0,0.0
864.64,38.57,39.82,37.93,37.8,8192.73,5283.96,5714.48,0.0,0.0
864.7,38.56,39.82,37.91,37.8,8191.77,5283.6,5718.62,0.0,0.0
864.9,38.57,39.82,37.9,37.8,8191.45,5283.6,5720.88,0.0,0.0
865.0,38.57,39.82,37.88,37.8,8192.09,5283.6,5725.4,0.0,0.0
865.12,38.57,39.82,37.88,37.8,8192.73,5283.6,5726.53,0.0,0.0
865.17,38.57,39.83,37.88,37.8,8192.73,5282.89,5726.91,0.0,0.0
865.33,38.57,39.82,37.87,37.8,8192.73,5283.6,5727.28,0.0,0.0
865.45,38.57,39.83,37.87,37.8,8192.09,5282.54,5728.04,0.0,0.0
865.62,38.57,39.83,37.87,37.8,8191.45,5282.89,5728.79,0.0,0.0
865.7,38.57,39.82,37.87,37.8,8192.09,5283.6,5727.66,0.0,0.0
865.82,38.57,39.82,37.87,37.8,8192.09,5283.25,5728.04,0.0,0.0
865.95,38.56,39.83,37.87,37.8,8192.41,5282.54,5728.04,0.0,0.0
866.04,38.56,39.83,37.87,37.8,8193.05,5282.89,5728.41,0.0,0.0
866.25,38.56,39.83,37.87,37.8,8192.41,5281.47,5728.41,0.0,0.0
866.35,38.57,39.82,37.87,37.8,8192.73,5283.6,5729.17,0.0,0.0
866.45,38.56,39.82,37.87,37.8,8192.41,5283.25,5728.04,0.0,0.0
866.58,38.57,39.83,37.87,37.8,8192.09,5282.18,5728.79,0.0,0.0
866.67,38.57,39.84,37.87,37.8,8192.09,5280.76,5728.79,0.0,0.0
866.84,38.57,39.85,37.87,37.8,8192.73,5277.56,5728.79,0.0,0.0
867.01,38.56,39.85,37.87,37.8,8191.77,5278.27,5728.79,0.0,0.0
867.13,38.57,39.85,37.87,37.8,8192.73,5278.62,5728.04,0.0,0.0
867.26,38.56,39.85,37.87,37.8,8191.77,5276.85,5728.04,0.0,0.0
867.39,38.56,39.86,37.87,37.8,8191.77,5276.14,5728.41,0.0,0.0
867.5,38.57,39.86,37.87,37.8,8192.09,5274.72,5727.66,0.0,0.0
867.69,38.57,39.87,37.87,37.8,8191.45,5273.29,5727.66,0.0,0.0
867.87,38.57,39.88,37.88,37.8,8192.09,5272.23,5726.91,0.0,0.0
868.05,38.57,39.88,37.87,37.8,8191.45,5271.52,5727.28,0.0,0.0
868.16,38.56,39.89,37.87,37.8,8191.77,5269.74,5727.66,0.0,0.0
868.29,38.56,39.9,37.87,37.8,8191.77,5267.61,5727.28,0.0,0.0
868.43,38.56,39.89,37.88,37.8,8193.05,5268.68,5726.53,0.0,0.0
868.54,38.58,39.91,37.88,37.8,8190.49,5264.77,5724.65,0.0,0.0
868.8,38.56,39.91,37.88,37.8,8192.41,5265.13,5725.02,0.0,0.0
868.9,38.56,39.9,37.88,37.8,8191.77,5266.19,5726.53,0.0,0.0
868.92,38.57,39.92,37.88,37.8,8191.13,5263.36,5725.4,0.0,0.0
869.03,38.57,39.91,37.89,37.8,8191.13,5263.71,5722.76,0.0,0.0
869.15,38.56,39.91,37.89,37.8,8191.77,5264.06,5723.14,0.0,0.0
869.37,38.56,39.92,37.9,37.8,8192.41,5261.94,5722.01,0.0,0.0
869.54,38.56,39.92,37.91,37.8,8192.41,5261.94,5719.37,0.0,0.0
869.64,38.56,39.92,37.9,37.8,8192.41,5261.58,5720.13,0.0,0.0
869.66,38.57,39.92,37.91,37.8,8190.81,5261.94,5718.25,0.0,0.0
869.87,38.56,39.92,37.91,37.8,8191.77,5262.29,5719.75,0.0,0.0
869.99,38.57,39.92,37.91,37.8,8191.45,5261.58,5718.62,0.0,0.0
870.16,38.57,39.93,37.91,37.8,8190.81,5261.23,5719.0,0.0,0.0
870.33,38.58,39.93,37.91,37.8,8190.49,5261.23,5719.37,0.0,0.0
870.42,38.57,39.92,37.91,37.81,8192.09,5261.58,5719.0,0.0,0.0
870.52,38.57,39.93,37.9,37.81,8191.45,5261.23,5720.5,0.0,0.0
870.67,38.57,39.93,37.9,37.81,8190.81,5261.23,5721.26,0.0,0.0
870.77,38.56,39.93,37.9,37.81,8191.77,5261.23,5720.88,0.0,0.0
870.93,38.57,39.92,37.9,37.81,8191.45,5261.58,5721.63,0.0,0.0
871.02,38.56,39.93,37.9,37.81,8191.77,5261.23,5720.5,0.0,0.0
871.12,38.56,39.93,37.9,37.81,8191.77,5261.23,5720.5,0.0,0.0
871.32,38.58,39.93,37.91,37.81,8189.53,5261.23,5719.37,0.0,0.0
871.43,38.57,39.93,37.91,37.81,8192.09,5261.23,5719.37,0.0,0.0
871.54,38.57,39.93,37.91,37.81,8191.45,5261.23,5719.37,0.0,0.0
871.65,38.56,39.93,37.9,37.81,8191.77,5261.23,5720.88,0.0,0.0
871.83,38.57,39.93,37.9,37.81,8191.13,5261.23,5720.88,0.0,0.0
871.96,38.57,39.93,37.9,37.81,8190.81,5261.23,5720.88,0.0,0.0
872.19,38.57,39.93,37.89,37.81,8192.09,5261.23,5723.89,0.0,0.0
872.22,38.57,39.93,37.9,37.81,8191.45,5261.23,5721.26,0.0,0.0
872.27,38.57,39.93,37.9,37.81,8190.81,5261.23,5721.26,0.0,0.0
872.43,38.57,39.93,37.9,37.81,8190.81,5261.23,5720.88,0.0,0.0
872.62,38.58,39.93,37.91,37.81,8190.49,5261.23,5719.75,0.0,0.0
872.72,38.57,39.93,37.9,37.81,8191.13,5261.23,5720.13,0.0,0.0
872.9,38.58,39.93,37.91,37.81,8189.53,5261.23,5717.87,0.0,0.0
872.98,38.58,39.92,37.92,37.81,8190.49,5261.94,5717.12,0.0,0.0
873.05,38.58,39.93,37.93,37.81,8190.17,5261.23,5712.98,0.0,0.0
873.2,38.6,39.93,37.94,37.81,8189.21,5261.23,5712.6,0.0,0.0
873.29,38.57,39.93,37.94,37.81,8190.81,5261.23,5712.6,0.0,0.0
873.38,38.58,39.93,37.94,37.81,8190.17,5260.87,5710.72,0.0,0.0
873.57,38.61,39.93,37.95,37.81,8187.93,5261.23,5708.47,0.0,0.0
873.73,38.6,39.92,37.96,37.81,8188.57,5261.58,5707.72,0.0,0.0
873.85,38.58,39.93,37.96,37.81,8189.53,5261.23,5706.59,0.0,0.0
873.95,38.6,39.93,37.95,37.81,8188.57,5261.23,5708.09,0.0,0.0
874.08,38.57,39.93,37.96,37.81,8191.45,5261.23,5706.96,0.0,0.0
874.09,38.58,39.93,37.97,37.82,8190.49,5261.23,5705.46,0.0,0.0
874.16,38.58,39.93,37.96,37.82,8189.53,5261.23,5706.96,0.0,0.0
874.23,38.6,39.92,37.96,37.82,8189.21,5261.58,5705.84,0.0,0.0
874.34,38.6,39.92,37.96,37.82,8189.85,5261.58,5705.84,0.0,0.0
874.42,38.6,39.92,37.97,37.82,8189.85,5261.58,5705.46,0.0,0.0
874.6,38.57,39.92,37.96,37.82,8190.81,5262.65,5705.84,0.0,0.0
874.7,38.58,39.92,37.97,37.82,8190.17,5261.58,5705.08,0.0,0.0
874.85,38.6,39.93,37.97,37.82,8189.85,5261.23,5705.08,0.0,0.0
875.01,38.6,39.93,37.97,37.82,8188.89,5261.23,5705.46,0.0,0.0
875.11,38.58,39.91,37.97,37.82,8190.17,5263.71,5705.46,0.0,0.0
875.26,38.58,39.92,37.97,37.82,8190.17,5263.36,5705.08,0.0,0.0
875.36,38.58,39.92,37.97,37.82,8190.17,5262.65,5704.71,0.0,0.0
875.56,38.6,39.92,37.97,37.82,8189.85,5262.65,5705.08,0.0,0.0
875.75,38.6,39.92,37.97,37.82,8188.89,5262.29,5705.08,0.0,0.0
875.87,38.6,39.92,37.97,37.82,8189.21,5263.0,5704.33,0.0,0.0
876.15,38.58,39.91,37.97,37.82,8190.17,5264.42,5705.08,0.0,0.0
876.27,38.6,39.92,37.97,37.82,8189.85,5262.65,5704.33,0.0,0.0
876.36,38.6,39.92,37.97,37.82,8189.85,5262.65,5704.71,0.0,0.0
876.49,38.57,39.91,37.97,37.82,8191.13,5264.77,5705.08,0.0,0.0
876.52,38.57,39.92,37.97,37.82,8190.81,5263.36,5705.08,0.0,0.0
876.53,38.6,39.91,37.97,37.82,8189.21,5264.42,5705.08,0.0,0.0
876.61,38.58,39.91,37.97,37.82,8190.49,5265.48,5705.08,0.0,0.0
876.86,38.58,39.9,37.97,37.82,8190.49,5266.19,5705.08,0.0,0.0
876.98,38.58,39.9,37.97,37.82,8190.49,5266.19,5704.71,0.0,0.0
877.17,38.57,39.9,37.97,37.82,8190.81,5267.61,5705.08,0.0,0.0
877.25,38.6,39.89,37.97,37.82,8189.21,5267.97,5705.08,0.0,0.0
877.35,38.58,39.89,37.97,37.82,8189.53,5268.68,5705.08,0.0,0.0
877.45,38.6,39.88,37.97,37.82,8189.85,5270.45,5704.71,0.0,0.0
877.54,38.6,39.89,37.97,37.82,8189.21,5269.39,5705.08,0.0,0.0
877.61,38.57,39.87,37.97,37.82,8190.81,5272.94,5705.08,0.0,0.0
877.64,38.6,39.88,37.97,37.82,8189.85,5272.23,5704.33,0.0,0.0
877.74,38.57,39.87,37.97,37.82,8190.81,5274.0,5704.71,0.0,0.0
877.92,38.58,39.87,37.97,37.82,8190.17,5274.36,5705.08,0.0,0.0
878.02,38.57,39.87,37.97,37.82,8191.13,5274.0,5705.08,0.0,0.0
878.13,38.56,39.86,37.97,37.82,8191.77,5275.78,5705.08,0.0,0.0
878.3,38.56,39.86,37.97,37.82,8191.77,5274.72,5705.08,0.0,0.0
878.38,38.57,39.86,37.97,37.82,8190.81,5275.43,5704.71,0.0,0.0
878.53,38.6,39.86,37.97,37.82,8189.85,5275.78,5705.08,0.0,0.0
878.65,38.56,39.86,37.97,37.82,8191.77,5276.14,5705.08,0.0,0.0
878.73,38.57,39.85,37.97,37.82,8190.81,5278.27,5705.08,0.0,0.0
878.8,38.57,39.86,37.97,37.82,8192.09,5274.72,5705.08,0.0,0.0
878.87,38.56,39.86,37.97,37.82,8192.41,5276.49,5705.08,0.0,0.0
879.04,38.56,39.86,37.97,37.82,8191.77,5276.49,5704.71,0.0,0.0
879.11,38.58,39.84,37.97,37.83,8190.49,5278.98,5705.08,0.0,0.0
879.14,38.57,39.86,37.97,37.83,8190.81,5276.49,5705.08,0.0,0.0
879.14,38.57,39.86,37.97,37.83,8192.09,5276.49,5704.71,0.0,0.0
879.25,38.58,39.85,37.97,37.83,8190.17,5277.56,5705.08,0.0,0.0
879.35,38.57,39.86,37.97,37.83,8191.13,5275.07,5705.08,0.0,0.0
879.5,38.57,39.85,37.97,37.83,8190.81,5277.2,5705.08,0.0,0.0
879.61,38.57,39.84,37.97,37.82,8191.45,5279.34,5705.08,0.0,0.0
879.7,38.57,39.85,37.97,37.83,8190.81,5278.27,5705.08,0.0,0.0
879.85,38.57,39.85,37.97,37.83,8192.09,5277.56,5705.08,0.0,0.0
879.88,38.57,39.85,37.97,37.83,8191.45,5277.91,5705.08,0.0,0.0
880.06,38.56,39.85,37.97,37.82,8191.77,5278.27,5705.08,0.0,0.0
880.26,38.57,39.83,37.97,37.82,8191.13,5281.11,5705.08,0.0,0.0
880.38,38.57,39.84,37.97,37.82,8192.09,5280.05,5705.08,0.0,0.0
880.55,38.57,39.84,37.97,37.82,8192.09,5280.76,5705.08,0.0,0.0
880.65,38.56,39.84,37.97,37.82,8192.41,5280.76,5705.08,0.0,0.0
880.85,38.56,39.84,37.97,37.82,8192.41,5280.76,5705.08,0.0,0.0
881.03,38.57,39.83,37.97,37.82,8191.45,5282.18,5705.08,0.0,0.0
881.14,38.56,39.82,37.97,37.82,8192.41,5283.25,5705.08,0.0,0.0
881.3,38.56,39.82,37.97,37.82,8191.77,5283.6,5705.08,0.0,0.0
881.41,38.57,39.83,37.97,37.82,8192.09,5281.47,5705.08,0.0,0.0
881.59,38.56,39.83,37.97,37.82,8192.41,5282.18,5705.08,0.0,0.0
881.76,38.56,39.83,37.97,37.82,8192.41,5282.89,5705.46,0.0,0.0
881.88,38.56,39.83,37.97,37.82,8192.41,5282.18,5705.08,0.0,0.0
882.07,38.57,39.82,37.96,37.82,8191.45,5283.25,5706.21,0.0,0.0
882.11,38.56,39.82,37.97,37.82,8192.41,5283.6,5705.08,0.0,0.0
882.25,38.56,39.82,37.97,37.82,8191.77,5283.96,5705.46,0.0,0.0
882.46,38.57,39.82,37.96,37.82,8190.81,5283.96,5706.21,0.0,0.0
882.55,38.57,39.82,37.96,37.82,8191.45,5283.96,5706.21,0.0,0.0
882.79,38.56,39.82,37.96,37.82,8193.05,5283.25,5706.21,0.0,0.0
882.94,38.56,39.82,37.96,37.82,8191.77,5283.6,5706.21,0.0,0.0
883.05,38.56,39.82,37.96,37.82,8191.77,5283.6,5706.59,0.0,0.0
883.26,38.57,39.83,37.96,37.82,8192.09,5282.89,5707.72,0.0,0.0
883.47,38.57,39.82,37.96,37.82,8192.09,5283.96,5706.21,0.0,0.0
883.64,38.56,39.82,37.96,37.82,8192.41,5283.6,5705.84,0.0,0.0
883.75,38.57,39.82,37.96,37.82,8190.81,5283.96,5707.34,0.0,0.0
883.93,38.57,39.82,37.96,37.82,8192.09,5283.25,5706.59,0.0,0.0
884.0,38.57,39.82,37.96,37.82,8190.81,5283.6,5706.59,0.0,0.0
884.12,38.57,39.82,37.96,37.82,8191.13,5283.25,5705.84,0.0,0.0
884.29,38.57,39.82,37.96,37.82,8191.13,5283.96,5706.21,0.0,0.0
884.43,38.58,39.82,37.96,37.82,8190.49,5283.6,5706.21,0.0,0.0
884.61,38.57,39.82,37.96,37.82,8191.13,5283.6,5706.21,0.0,0.0
884.81,38.57,39.82,37.97,37.82,8192.09,5283.96,5705.46,0.0,0.0
884.88,38.56,39.82,37.96,37.82,8191.77,5283.25,5706.96,0.0,0.0
885.03,38.57,39.82,37.96,37.82,8191.45,5283.6,5706.21,0.0,0.0
885.19,38.57,39.82,37.96,37.82,8192.09,5283.96,5706.59,0.0,0.0
885.29,38.56,39.82,37.96,37.82,8192.41,5283.96,5705.84,0.0,0.0
885.57,38.57,39.82,37.95,37.82,8191.45,5283.96,5709.22,0.0,0.0
885.69,38.56,39.82,37.95,37.82,8191.77,5283.96,5708.84,0.0,0.0
885.88,38.56,39.82,37.94,37.82,8191.77,5283.96,5710.72,0.0,0.0
886.0,38.57,39.82,37.94,37.82,8192.09,5283.96,5712.23,0.0,0.0
886.2,38.57,39.82,37.94,37.82,8192.73,5283.96,5712.6,0.0,0.0
886.3,38.57,39.82,37.94,37.82,8192.09,5283.96,5711.47,0.0,0.0
886.41,38.56,39.82,37.94,37.82,8192.41,5283.6,5712.23,0.0,0.0
886.63,38.57,39.82,37.93,37.82,8192.73,5283.96,5713.73,0.0,0.0
886.75,38.56,39.82,37.93,37.82,8192.41,5283.6,5713.73,0.0,0.0
886.92,38.57,39.82,37.93,37.82,8191.45,5283.96,5714.48,0.0,0.0
887.1,38.57,39.82,37.93,37.82,8192.73,5283.96,5714.48,0.0,0.0
887.21,38.57,39.82,37.93,37.82,8191.45,5283.96,5714.48,0.0,0.0
887.33,38.57,39.82,37.93,37.82,8191.45,5283.96,5714.48,0.0,0.0
887.6,38.56,39.82,37.93,37.82,8192.41,5283.96,5713.35,0.0,0.0
887.73,38.56,39.82,37.94,37.82,8192.41,5283.96,5711.47,0.0,0.0
887.95,38.56,39.82,37.94,37.82,8191.77,5283.96,5710.35,0.0,0.0
888.05,38.56,39.82,37.95,37.82,8193.05,5283.96,5709.59,0.0,0.0
888.17,38.56,39.82,37.95,37.82,8192.41,5283.96,5708.84,0.0,0.0
888.38,38.56,39.82,37.95,37.82,8193.05,5283.96,5708.09,0.0,0.0
888.46,38.56,39.82,37.96,37.82,8193.05,5283.96,5707.72,0.0,0.0
888.62,38.56,39.82,37.95,37.82,8193.05,5283.96,5708.09,0.0,0.0
888.75,38.57,39.82,37.96,37.82,8192.09,5283.96,5706.96,0.0,0.0
888.77,38.56,39.82,37.96,37.82,8193.37,5283.96,5707.72,0.0,0.0
888.88,38.57,39.82,37.96,37.82,8192.09,5283.96,5707.34,0.0,0.0
889.09,38.56,39.82,37.96,37.82,8193.05,5283.96,5707.72,0.0,0.0
889.22,38.56,39.82,37.95,37.82,8191.77,5283.96,5708.47,0.0,0.0
889.36,38.57,39.82,37.95,37.82,8192.09,5284.31,5708.84,0.0,0.0
889.55,38.56,39.82,37.95,37.82,8193.37,5283.96,5708.84,0.0,0.0
889.66,38.56,39.82,37.96,37.82,8191.77,5283.96,5707.72,0.0,0.0
889.79,38.57,39.82,37.96,37.82,8192.73,5283.96,5707.72,0.0,0.0
889.98,38.56,39.82,37.96,37.82,8191.77,5283.96,5707.34,0.0,0.0
890.19,38.56,39.82,37.96,37.82,8192.41,5283.96,5707.72,0.0,0.0
890.39,38.57,39.82,37.96,37.82,8192.09,5283.96,5706.21,0.0,0.0
890.5,38.56,39.82,37.96,37.82,8193.05,5283.96,5707.34,0.0,0.0
890.74,38.56,39.82,37.96,37.82,8192.41,5283.96,5706.96,0.0,0.0
890.78,38.56,39.82,37.96,37.82,8192.41,5283.96,5706.59,0.0,0.0
890.87,38.57,39.82,37.96,37.82,8192.73,5283.96,5705.84,0.0,0.0
891.07,38.56,39.82,37.96,37.82,8191.77,5283.96,5707.34,0.0,0.0
891.28,38.57,39.82,37.96,37.82,8192.73,5283.96,5706.59,0.0,0.0
891.44,38.57,39.82,37.97,37.82,8191.45,5283.96,5704.71,0.0,0.0
891.54,38.56,39.82,37.96,37.82,8193.37,5283.96,5706.21,0.0,0.0
891.67,38.56,39.82,37.96,37.82,8191.77,5283.96,5706.96,0.0,0.0
891.86,38.56,39.82,37.96,37.82,8193.37,5283.96,5705.84,0.0,0.0
892.07,38.57,39.82,37.97,37.82,8192.73,5283.96,5705.46,0.0,0.0
892.07,38.57,39.82,37.96,37.82,8191.13,5283.96,5705.84,0.0,0.0
892.18,38.57,39.82,37.97,37.82,8192.73,5283.96,5705.46,0.0,0.0
892.29,38.57,39.82,37.96,37.82,8192.09,5283.96,5705.84,0.0,0.0
892.48,38.56,39.82,37.97,37.82,8192.41,5283.96,5705.46,0.0,0.0
892.67,38.56,39.82,37.97,37.82,8192.41,5283.96,5705.46,0.0,0.0
892.77,38.57,39.82,37.97,37.82,8192.73,5283.96,5705.08,0.0,0.0
892.97,38.56,39.82,37.97,37.82,8192.41,5283.96,5705.08,0.0,0.0
893.06,38.57,39.82,37.97,37.82,8192.73,5283.96,5705.08,0.0,0.0
893.15,38.56,39.82,37.97,37.82,8191.77,5283.96,5705.46,0.0,0.0
893.33,38.56,39.82,37.97,37.82,8191.77,5284.31,5705.08,0.0,0.0
893.5,38.57,39.82,37.97,37.82,8191.45,5283.96,5705.08,0.0,0.0
893.61,38.56,39.82,37.97,37.82,8191.77,5283.96,5705.08,0.0,0.0
893.69,38.57,39.82,37.97,37.82,8192.09,5283.96,5705.46,0.0,0.0
893.88,38.57,39.82,37.97,37.82,8190.81,5283.96,5704.71,0.0,0.0
893.99,38.57,39.82,37.97,37.82,8192.09,5283.96,5705.08,0.0,0.0
894.1,38.57,39.82,37.97,37.82,8192.09,5283.96,5705.08,0.0,0.0
894.29,38.57,39.82,37.97,37.81,8192.09,5283.96,5705.46,0.0,0.0
894.4,38.56,39.82,37.97,37.81,8191.77,5283.96,5705.08,0.0,0.0
894.49,38.57,39.82,37.97,37.81,8192.09,5283.96,5705.46,0.0,0.0
894.64,38.57,39.82,37.97,37.81,8191.45,5283.96,5705.08,0.0,0.0
894.73,38.57,39.82,37.97,37.81,8192.73,5283.96,5705.08,0.0,0.0
894.89,38.58,39.82,37.97,37.81,8190.49,5283.96,5705.08,0.0,0.0
895.03,38.58,39.82,37.97,37.81,8190.49,5283.96,5705.08,0.0,0.0
895.1,38.57,39.82,37.97,37.81,8191.13,5283.96,5705.08,0.0,0.0
895.19,38.57,39.82,37.97,37.81,8192.09,5283.96,5704.71,0.0,0.0
895.23,38.57,39.82,37.97,37.81,8190.81,5283.96,5705.08,0.0,0.0
895.27,38.57,39.82,37.97,37.81,8190.81,5283.96,5705.08,0.0,0.0
895.32,38.57,39.82,37.97,37.81,8190.81,5283.96,5704.71,0.0,0.0
895.32,38.57,39.82,37.97,37.81,8190.81,5283.96,5705.08,0.0,0.0
895.32,38.57,39.82,37.97,37.81,8191.45,5283.96,5705.08,0.0,0.0
895.35,38.58,39.82,37.97,37.81,8190.49,5283.96,5705.08,0.0,0.0
895.35,38.58,39.82,37.97,37.81,8190.49,5283.96,5705.08,0.0,0.0
895.35,38.58,39.82,37.97,37.81,8189.53,5283.96,5705.08,0.0,0.0
895.38,38.57,39.82,37.97,37.81,8191.45,5283.96,5705.08,0.0,0.0
895.4,38.58,39.82,37.97,37.81,8190.49,5283.96,5704.71,0.0,0.0
895.45,38.57,39.82,37.97,37.81,8191.45,5283.96,5705.08,0.0,0.0
895.5,38.56,39.82,37.97,37.81,8191.77,5283.96,5705.08,0.0,0.0
895.57,38.57,39.82,37.97,37.81,8191.45,5283.96,5704.71,0.0,0.0
895.68,38.57,39.82,37.97,37.81,8190.81,5283.96,5704.71,0.0,0.0
895.74,38.57,39.82,37.97,37.81,8190.81,5283.96,5705.08,0.0,0.0
895.77,38.57,39.82,37.97,37.81,8190.81,5283.96,5705.08,0.0,0.0
895.78,38.57,39.82,37.97,37.81,8192.09,5283.96,5705.08,0.0,0.0
895.81,38.58,39.82,37.97,37.81,8190.49,5283.96,5704.71,0.0,0.0
895.91,38.58,39.82,37.97,37.81,8190.17,5283.96,5705.08,0.0,0.0
895.95,38.6,39.82,37.97,37.81,8189.85,5283.96,5705.08,0.0,0.0
896.02,38.57,39.82,37.97,37.81,8190.81,5283.96,5705.08,0.0,0.0
896.13,38.58,39.82,37.97,37.81,8190.49,5283.96,5705.08,0.0,0.0
896.19,38.57,39.82,37.97,37.81,8191.45,5283.96,5705.08,0.0,0.0
896.22,38.6,39.82,37.97,37.81,8189.85,5283.96,5705.08,0.0,0.0
896.23,38.6,39.82,37.97,37.81,8189.85,5283.6,5705.08,0.0,0.0
896.26,38.58,39.82,37.97,37.81,8190.17,5283.6,5704.71,0.0,0.0
896.26,38.58,39.82,37.97,37.81,8190.17,5283.6,5704.71,0.0,0.0
896.27,38.58,39.82,37.97,37.81,8190.49,5283.96,5705.08,0.0,0.0
896.27,38.57,39.83,37.97,37.81,8191.13,5282.89,5705.08,0.0,0.0
896.27,38.58,39.82,37.97,37.81,8190.17,5283.96,5705.08,0.0,0.0
896.28,38.58,39.82,37.97,37.81,8190.17,5283.25,5705.08,0.0,0.0
896.28,38.58,39.83,37.97,37.81,8190.17,5282.89,5704.71,0.0,0.0
896.29,38.6,39.83,37.97,37.81,8188.89,5281.82,5705.08,0.0,0.0
896.29,38.58,39.83,37.97,37.81,8190.49,5281.47,5705.08,0.0,0.0
896.3,38.58,39.85,37.97,37.81,8190.17,5278.27,5704.33,0.0,0.0
896.31,38.58,39.84,37.97,37.81,8190.17,5279.34,5704.71,0.0,0.0
896.31,38.58,39.85,37.97,37.81,8190.17,5277.56,5704.71,0.0,0.0
896.33,38.57,39.86,37.97,37.81,8190.81,5275.78,5704.71,0.0,0.0
896.33,38.58,39.86,37.97,37.81,8189.53,5275.43,5704.71,0.0,0.0
896.35,38.6,39.87,37.97,37.81,8189.21,5274.0,5705.08,0.0,0.0
896.46,38.58,39.87,37.97,37.81,8189.53,5272.58,5705.08,0.0,0.0
896.47,38.57,39.87,37.97,37.81,8191.13,5272.58,5704.71,0.0,0.0
896.47,38.61,39.89,37.97,37.81,8188.25,5269.74,5705.08,0.0,0.0
896.47,38.6,39.89,37.97,37.81,8188.89,5267.97,5704.71,0.0,0.0
896.47,38.6,39.9,37.97,37.81,8189.21,5267.26,5705.08,0.0,0.0
896.48,38.6,39.91,37.97,37.81,8189.21,5264.06,5705.08,0.0,0.0
896.48,38.58,39.91,37.97,37.81,8190.49,5263.71,5704.71,0.0,0.0
896.48,38.58,39.92,37.97,37.81,8190.17,5262.65,5704.71,0.0,0.0
896.49,38.6,39.92,37.97,37.81,8189.21,5262.29,5704.33,0.0,0.0
896.49,38.58,39.93,37.97,37.81,8189.53,5261.23,5704.71,0.0,0.0
896.49,38.58,39.92,37.97,37.81,8189.53,5261.58,5704.71,0.0,0.0
896.5,38.62,39.93,37.97,37.81,8187.29,5261.23,5704.71,0.0,0.0
896.5,38.62,39.93,37.97,37.81,8187.29,5261.23,5704.33,0.0,0.0
896.53,38.6,39.93,37.97,37.81,8188.89,5261.23,5704.33,0.0,0.0
896.53,38.6,39.93,37.97,37.81,8188.89,5261.23,5705.08,0.0,0.0
896.54,38.62,39.93,37.97,37.81,8187.29,5261.23,5705.08,0.0,0.0
896.55,38.62,39.93,37.97,37.81,8187.29,5261.23,5704.33,0.0,0.0
896.56,38.65,39.93,37.97,37.81,8184.73,5261.23,5704.71,0.0,0.0
896.56,38.63,39.93,37.97,37.81,8186.33,5261.23,5705.08,0.0,0.0
896.57,38.6,39.93,37.97,37.81,8188.89,5261.23,5704.33,0.0,0.0
896.57,38.61,39.93,37.97,37.81,8188.25,5261.23,5705.08,0.0,0.0
896.57,38.63,39.93,37.97,37.81,8186.65,5261.23,5704.71,0.0,0.0
896.58,38.63,39.93,37.97,37.81,8186.97,5261.23,5704.71,0.0,0.0
896.58,38.63,39.93,37.97,37.81,8186.97,5260.87,5704.33,0.0,0.0
896.58,38.63,39.93,37.97,37.81,8186.97,5261.23,5704.33,0.0,0.0
896.59,38.61,39.93,37.97,37.82,8188.25,5261.23,5704.33,0.0,0.0
896.6,38.63,39.93,37.97,37.82,8186.97,5260.52,5703.96,0.0,0.0
896.6,38.63,39.93,37.97,37.82,8186.33,5261.23,5704.71,0.0,0.0
896.6,38.64,39.93,37.97,37.82,8185.05,5261.23,5704.71,0.0,0.0
896.6,38.65,39.93,37.97,37.82,8184.73,5260.87,5703.96,0.0,0.0
896.61,38.64,39.93,37.97,37.82,8186.01,5260.87,5703.96,0.0,0.0
896.61,38.63,39.93,37.98,37.82,8186.97,5259.81,5702.83,0.0,0.0
896.65,38.62,39.93,37.97,37.82,8187.29,5260.52,5703.21,0.0,0.0
896.65,38.65,39.93,37.97,37.82,8184.73,5260.52,5703.96,0.0,0.0
896.73,38.64,39.93,37.98,37.82,8185.05,5260.87,5700.95,0.0,0.0
896.77,38.68,39.93,37.99,37.82,8182.49,5260.52,5700.2,0.0,0.0
896.77,38.64,39.93,37.99,37.82,8186.01,5260.16,5699.83,0.0,0.0
896.82,38.66,39.93,37.99,37.82,8184.41,5259.81,5700.2,0.0,0.0
896.84,38.67,39.93,37.97,37.82,8183.45,5260.16,5704.33,0.0,0.0
896.85,38.64,39.93,37.98,37.82,8185.37,5259.81,5700.95,0.0,0.0
896.86,38.68,39.93,37.97,37.82,8182.17,5260.16,5703.58,0.0,0.0
896.88,38.71,39.93,37.97,37.82,8179.61,5260.16,5703.21,0.0,0.0
896.88,38.68,39.94,37.97,37.82,8182.49,5259.1,5703.96,0.0,0.0
896.89,38.67,39.94,37.98,37.82,8183.13,5259.1,5702.83,0.0,0.0
896.89,38.66,39.94,37.97,37.82,8184.41,5258.75,5703.58,0.0,0.0
896.9,38.67,39.93,37.97,37.82,8182.81,5260.16,5703.58,0.0,0.0
896.9,38.68,39.93,37.97,37.82,8182.49,5259.81,5703.21,0.0,0.0
896.91,38.71,39.94,37.97,37.82,8180.89,5258.39,5703.96,0.0,0.0
897.02,38.67,39.94,37.98,37.82,8182.81,5257.33,5702.83,0.0,0.0
897.1,38.71,39.94,37.97,37.82,8179.61,5257.68,5704.33,0.0,0.0
897.15,38.7,39.95,37.97,37.82,8181.53,5255.91,5703.96,0.0,0.0
897.15,38.71,39.94,37.97,37.82,8180.89,5257.33,5703.96,0.0,0.0
897.15,38.7,39.96,37.98,37.82,8181.53,5254.14,5700.95,0.0,0.0
897.17,38.69,39.96,37.98,37.82,8181.85,5254.49,5702.08,0.0,0.0
897.17,38.67,39.95,37.99,37.82,8183.45,5255.91,5699.45,0.0,0.0
897.19,38.71,39.97,37.99,37.82,8180.89,5251.66,5699.83,0.0,0.0
897.19,38.67,39.97,37.99,37.82,8183.13,5250.95,5700.2,0.0,0.0
897.2,38.68,39.98,37.99,37.82,8182.49,5250.6,5699.83,0.0,0.0
897.22,38.68,39.99,38.0,37.83,8182.49,5247.41,5697.57,0.0,0.0
897.23,38.68,40.01,38.01,37.83,8182.17,5242.46,5695.7,0.0,0.0
897.23,38.7,40.0,38.01,37.83,8181.21,5244.58,5695.32,0.0,0.0
897.33,38.71,40.01,38.02,37.83,8180.89,5242.81,5693.07,0.0,0.0
897.48,38.7,40.02,38.02,37.83,8181.53,5241.75,5693.45,0.0,0.0
897.53,38.68,40.02,38.02,37.83,8182.49,5241.04,5692.7,0.0,0.0
897.75,38.71,40.02,38.03,37.83,8180.89,5240.33,5689.7,0.0,0.0
897.82,38.68,40.02,38.04,37.83,8182.17,5240.69,5687.45,0.0,0.0
897.92,38.71,40.02,38.05,37.83,8180.57,5240.33,5686.32,0.0,0.0
897.99,38.7,40.03,38.06,37.83,8181.53,5239.27,5683.7,0.0,0.0
898.04,38.7,40.02,38.06,37.83,8181.21,5239.98,5684.07,0.0,0.0
898.13,38.7,40.03,38.06,37.83,8181.21,5238.56,5682.58,0.0,0.0
898.26,38.71,40.03,38.07,37.83,8180.89,5238.92,5681.83,0.0,0.0
898.32,38.71,40.03,38.07,37.83,8180.57,5238.92,5681.83,0.0,0.0
898.6,38.68,40.03,38.07,37.83,8182.17,5238.92,5681.45,0.0,0.0
898.75,38.71,40.03,38.07,37.83,8180.89,5238.56,5681.45,0.0,0.0
898.96,38.67,40.03,38.07,37.83,8182.81,5239.27,5681.08,0.0,0.0
899.06,38.71,40.03,38.07,37.83,8180.89,5238.56,5681.08,0.0,0.0
899.12,38.68,40.03,38.07,37.83,8182.17,5239.27,5681.45,0.0,0.0
899.15,38.71,40.03,38.07,37.83,8179.93,5238.92,5681.08,0.0,0.0
899.15,38.68,40.03,38.07,37.84,8182.17,5239.27,5681.08,0.0,0.0
899.16,38.67,40.02,38.07,37.84,8183.13,5239.98,5681.08,0.0,0.0
899.26,38.69,40.03,38.07,37.84,8181.85,5239.63,5681.45,0.0,0.0
899.35,38.68,40.02,38.07,37.84,8182.49,5241.04,5680.7,0.0,0.0
899.44,38.7,40.02,38.07,37.84,8181.53,5241.04,5681.45,0.0,0.0
899.57,38.72,40.0,38.07,37.84,8179.29,5244.93,5681.08,0.0,0.0
899.64,38.7,40.0,38.07,37.84,8181.53,5245.99,5681.08,0.0,0.0
899.75,38.67,39.98,38.07,37.84,8183.13,5250.24,5681.08,0.0,0.0
899.85,38.64,39.97,38.07,37.84,8185.69,5252.01,5681.08,0.0,0.0
899.93,38.7,39.96,38.07,37.84,8181.53,5254.14,5681.45,0.0,0.0
900.08,38.7,39.95,38.07,37.84,8181.53,5256.97,5681.08,0.0,0.0
900.14,38.67,39.95,38.07,37.84,8183.13,5256.97,5681.45,0.0,0.0
900.28,38.69,39.94,38.07,37.84,8181.85,5258.04,5681.08,0.0,0.0
900.35,38.68,39.93,38.07,37.84,8182.17,5260.16,5681.08,0.0,0.0
900.48,38.67,39.94,38.07,37.84,8183.13,5258.04,5681.08,0.0,0.0
900.55,38.65,39.93,38.07,37.84,8183.77,5259.81,5681.45,0.0,0.0
900.63,38.64,39.93,38.07,37.84,8185.37,5260.87,5681.45,0.0,0.0
900.73,38.67,39.93,38.07,37.85,8184.09,5260.87,5681.83,0.0,0.0
900.84,38.64,39.93,38.07,37.85,8185.69,5260.16,5681.08,0.0,0.0
900.93,38.65,39.93,38.07,37.85,8183.77,5260.52,5681.08,0.0,0.0
901.05,38.65,39.93,38.06,37.85,8184.73,5260.87,5682.2,0.0,0.0
901.13,38.63,39.93,38.07,37.85,8186.33,5260.52,5681.45,0.0,0.0
901.24,38.64,39.93,38.07,37.85,8185.05,5260.87,5681.45,0.0,0.0
901.35,38.63,39.93,38.07,37.85,8186.33,5260.87,5681.08,0.0,0.0
901.59,38.64,39.93,38.06,37.85,8185.69,5261.23,5682.2,0.0,0.0
901.6,38.63,39.93,38.07,37.85,8186.65,5260.16,5681.45,0.0,0.0
901.67,38.63,39.93,38.07,37.85,8186.65,5260.16,5681.45,0.0,0.0
901.75,38.62,39.93,38.06,37.85,8187.61,5260.87,5682.58,0.0,0.0
901.83,38.64,39.93,38.07,37.85,8186.01,5260.52,5681.83,0.0,0.0
901.93,38.64,39.93,38.07,37.85,8185.69,5261.23,5681.08,0.0,0.0
902.03,38.63,39.93,38.07,37.85,8186.65,5260.52,5681.83,0.0,0.0
902.15,38.63,39.93,38.07,37.85,8186.65,5260.87,5681.45,0.0,0.0
902.26,38.64,39.93,38.06,37.85,8185.69,5260.52,5682.2,0.0,0.0
902.37,38.64,39.93,38.06,37.85,8186.01,5260.52,5682.95,0.0,0.0
902.44,38.62,39.93,38.07,37.85,8187.29,5261.23,5681.83,0.0,0.0
902.55,38.64,39.93,38.07,37.85,8186.01,5260.52,5681.83,0.0,0.0
902.63,38.63,39.93,38.06,37.85,8186.97,5260.87,5682.2,0.0,0.0
902.74,38.63,39.93,38.06,37.85,8186.97,5261.23,5682.2,0.0,0.0
902.85,38.63,39.93,38.06,37.85,8186.65,5260.87,5683.7,0.0,0.0
902.94,38.62,39.93,38.06,37.85,8187.29,5260.87,5682.58,0.0,0.0
903.18,38.62,39.93,38.04,37.85,8187.61,5260.52,5686.7,0.0,0.0
903.2,38.63,39.93,38.04,37.85,8186.97,5261.23,5688.57,0.0,0.0
903.29,38.66,39.93,38.03,37.85,8184.41,5261.23,5689.7,0.0,0.0
903.37,38.63,39.93,38.01,37.85,8186.97,5260.87,5695.32,0.0,0.0
903.51,38.63,39.93,38.0,37.85,8186.97,5260.87,5696.45,0.0,0.0
903.53,38.64,39.93,38.0,37.85,8186.01,5260.87,5698.33,0.0,0.0
903.66,38.63,39.93,37.98,37.85,8186.33,5261.23,5702.45,0.0,0.0
903.88,38.62,39.93,37.99,37.85,8187.61,5260.87,5699.83,0.0,0.0
903.89,38.64,39.93,37.98,37.85,8185.37,5260.52,5701.7,0.0,0.0
903.96,38.64,39.93,37.98,37.85,8185.69,5261.23,5702.45,0.0,0.0
904.04,38.63,39.93,37.98,37.85,8186.65,5261.23,5702.08,0.0,0.0
904.15,38.64,39.93,37.98,37.85,8185.37,5260.16,5702.83,0.0,0.0
904.23,38.64,39.93,37.98,37.85,8185.05,5261.23,5702.45,0.0,0.0
904.33,38.64,39.93,37.98,37.85,8185.37,5260.87,5701.7,0.0,0.0
904.49,38.64,39.93,37.98,37.85,8185.37,5260.87,5702.83,0.0,0.0
904.54,38.63,39.93,37.97,37.85,8186.33,5261.23,5703.58,0.0,0.0
904.66,38.66,39.93,37.97,37.85,8184.41,5260.52,5703.58,0.0,0.0
904.75,38.65,39.93,37.97,37.85,8183.77,5261.23,5703.21,0.0,0.0
904.87,38.67,39.93,37.98,37.85,8184.09,5261.23,5702.45,0.0,0.0
904.95,38.64,39.93,37.97,37.85,8185.05,5261.23,5704.33,0.0,0.0
905.04,38.66,39.93,37.98,37.85,8184.41,5260.87,5702.45,0.0,0.0
905.15,38.67,39.93,37.97,37.85,8184.09,5260.87,5703.96,0.0,0.0
905.24,38.64,39.93,37.97,37.85,8186.01,5261.23,5703.21,0.0,0.0
905.34,38.67,39.93,37.97,37.85,8183.45,5260.87,5703.21,0.0,0.0
905.45,38.63,39.93,37.98,37.85,8186.33,5260.87,5702.83,0.0,0.0
905.58,38.69,39.93,37.97,37.85,8181.85,5261.23,5703.21,0.0,0.0
905.63,38.62,39.93,37.98,37.85,8187.29,5261.23,5702.83,0.0,0.0
905.75,38.63,39.93,37.98,37.85,8186.65,5261.23,5701.7,0.0,0.0
905.85,38.66,39.93,37.98,37.85,8184.41,5261.23,5700.95,0.0,0.0
905.94,38.65,39.93,37.98,37.85,8184.73,5261.23,5702.83,0.0,0.0
906.03,38.64,39.93,37.98,37.85,8185.37,5261.23,5702.45,0.0,0.0
906.15,38.63,39.93,37.98,37.85,8186.33,5261.23,5701.7,0.0,0.0
906.36,38.63,39.93,37.98,37.85,8186.97,5261.23,5702.83,0.0,0.0
906.36,38.65,39.93,37.98,37.85,8184.73,5260.52,5701.33,0.0,0.0
906.45,38.64,39.93,37.98,37.86,8186.01,5261.23,5701.7,0.0,0.0
906.54,38.63,39.93,37.98,37.86,8186.33,5260.52,5700.95,0.0,0.0
906.69,38.6,39.93,37.99,37.86,8189.21,5260.87,5698.7,0.0,0.0
906.81,38.61,39.93,37.99,37.86,8187.93,5261.23,5699.45,0.0,0.0
906.84,38.64,39.93,37.99,37.86,8186.01,5260.52,5700.2,0.0,0.0
906.95,38.6,39.93,38.0,37.86,8188.57,5261.23,5698.33,0.0,0.0
907.04,38.64,39.93,38.0,37.86,8185.05,5261.23,5697.2,0.0,0.0
907.19,38.63,39.93,38.02,37.86,8186.65,5260.87,5693.45,0.0,0.0
907.24,38.64,39.93,38.03,37.86,8186.01,5260.87,5691.2,0.0,0.0
907.35,38.63,39.93,38.03,37.86,8186.33,5260.87,5691.2,0.0,0.0
907.46,38.64,39.93,38.03,37.86,8185.37,5261.23,5688.95,0.0,0.0
907.54,38.61,39.93,38.05,37.86,8187.93,5261.23,5685.57,0.0,0.0
907.7,38.64,39.93,38.06,37.86,8186.01,5260.52,5683.7,0.0,0.0
907.75,38.62,39.93,38.07,37.86,8187.29,5260.87,5681.83,0.0,0.0
907.84,38.63,39.93,38.07,37.86,8186.33,5260.52,5681.83,0.0,0.0
907.94,38.67,39.93,38.07,37.86,8183.45,5260.87,5681.45,0.0,0.0
908.05,38.63,39.93,38.07,37.86,8186.33,5260.87,5681.83,0.0,0.0
908.15,38.64,39.93,38.07,37.86,8185.37,5260.87,5681.08,0.0,0.0
908.24,38.65,39.93,38.07,37.86,8184.73,5259.81,5681.08,0.0,0.0
908.35,38.65,39.93,38.07,37.86,8184.73,5260.52,5681.08,0.0,0.0
908.45,38.65,39.93,38.07,37.86,8184.73,5259.45,5681.45,0.0,0.0
908.59,38.67,39.94,38.07,37.86,8183.45,5258.75,5681.45,0.0,0.0
908.66,38.65,39.93,38.07,37.86,8184.73,5259.45,5681.08,0.0,0.0
908.81,38.66,39.94,38.07,37.86,8184.41,5258.39,5681.08,0.0,0.0
908.88,38.67,39.95,38.07,37.86,8184.09,5256.97,5680.33,0.0,0.0
908.99,38.63,39.95,38.07,37.86,8186.65,5256.97,5681.08,0.0,0.0
909.1,38.65,39.95,38.07,37.86,8183.77,5256.62,5681.08,0.0,0.0
909.18,38.65,39.97,38.07,37.86,8183.77,5252.01,5681.08,0.0,0.0
909.32,38.62,39.97,38.07,37.86,8187.29,5251.3,5681.08,0.0,0.0
909.42,38.65,39.98,38.07,37.86,8184.73,5249.89,5681.08,0.0,0.0
909.5,38.65,40.0,38.07,37.86,8183.77,5245.99,5680.7,0.0,0.0
909.61,38.64,40.0,38.07,37.86,8185.05,5244.93,5681.08,0.0,0.0
909.65,38.63,40.01,38.07,37.86,8186.97,5243.16,5679.95,0.0,0.0
909.8,38.7,40.02,38.07,37.86,8181.53,5241.04,5680.7,0.0,0.0
909.85,38.68,40.02,38.07,37.86,8182.49,5239.98,5681.08,0.0,0.0
910.06,38.67,40.02,38.07,37.86,8182.81,5240.33,5681.08,0.0,0.0
910.1,38.65,40.03,38.07,37.86,8183.77,5239.27,5681.08,0.0,0.0
910.15,38.67,40.03,38.07,37.86,8182.81,5239.27,5681.08,0.0,0.0
910.32,38.67,40.03,38.07,37.86,8184.09,5238.92,5679.95,0.0,0.0
910.44,38.68,40.03,38.07,37.86,8182.49,5238.56,5680.7,0.0,0.0
910.53,38.67,40.03,38.07,37.86,8184.09,5238.56,5680.7,0.0,0.0
910.6,38.69,40.03,38.07,37.86,8181.85,5238.92,5680.7,0.0,0.0
910.65,38.67,40.03,38.07,37.86,8182.81,5238.56,5681.08,0.0,0.0
910.77,38.65,40.03,38.07,37.86,8183.77,5238.56,5681.08,0.0,0.0
910.89,38.67,40.03,38.07,37.86,8183.45,5238.56,5680.7,0.0,0.0
910.95,38.7,40.03,38.07,37.86,8181.21,5238.56,5680.33,0.0,0.0
911.05,38.71,40.03,38.07,37.86,8180.25,5238.56,5681.08,0.0,0.0
911.14,38.69,40.03,38.07,37.86,8181.85,5238.56,5681.08,0.0,0.0
911.36,38.71,40.03,38.07,37.87,8179.61,5238.56,5681.08,0.0,0.0
911.42,38.71,40.03,38.07,37.87,8179.61,5238.56,5681.08,0.0,0.0
911.45,38.72,40.03,38.07,37.87,8178.97,5238.56,5680.7,0.0,0.0
911.55,38.7,40.03,38.07,37.87,8181.53,5238.56,5681.08,0.0,0.0
911.82,38.71,40.03,38.07,37.87,8180.57,5238.56,5681.08,0.0,0.0
911.93,38.71,40.03,38.07,37.87,8179.61,5238.56,5680.33,0.0,0.0
911.97,38.72,40.03,38.07,37.87,8178.33,5238.56,5680.7,0.0,0.0
911.97,38.73,40.03,38.07,37.87,8178.01,5238.56,5680.7,0.0,0.0
912.05,38.72,40.03,38.07,37.87,8178.97,5238.56,5680.7,0.0,0.0
912.16,38.74,40.03,38.07,37.87,8178.65,5238.56,5680.7,0.0,0.0
912.25,38.73,40.03,38.07,37.87,8177.69,5238.56,5681.08,0.0,0.0
912.38,38.73,40.03,38.07,37.87,8177.69,5238.56,5680.7,0.0,0.0
912.44,38.75,40.03,38.07,37.87,8176.41,5238.56,5681.08,0.0,0.0
912.57,38.73,40.03,38.07,37.87,8177.37,5238.56,5681.08,0.0,0.0
912.65,38.76,40.03,38.07,37.87,8176.09,5238.56,5681.08,0.0,0.0
912.76,38.73,40.03,38.07,37.87,8177.37,5238.56,5681.08,0.0,0.0
912.86,38.76,40.03,38.07,37.87,8175.77,5238.56,5681.08,0.0,0.0
913.03,38.75,40.03,38.07,37.87,8177.05,5238.56,5680.7,0.0,0.0
913.05,38.76,40.03,38.07,37.87,8175.13,5238.56,5680.33,0.0,0.0
913.41,38.76,40.03,38.07,37.87,8176.09,5238.56,5680.7,0.0,0.0
913.52,38.79,40.03,38.07,37.87,8173.21,5238.56,5681.08,0.0,0.0
913.65,38.76,40.03,38.07,37.88,8176.73,5238.56,5680.7,0.0,0.0
913.84,38.74,40.03,38.07,37.88,8178.65,5238.56,5681.08,0.0,0.0
913.95,38.76,40.03,38.07,37.88,8175.45,5238.56,5680.7,0.0,0.0
914.08,38.75,40.03,38.07,37.88,8177.05,5238.56,5680.7,0.0,0.0
914.22,38.76,40.03,38.07,37.88,8175.13,5238.56,5680.7,0.0,0.0
914.29,38.75,40.03,38.07,37.88,8177.05,5238.56,5680.7,0.0,0.0
914.41,38.76,40.03,38.07,37.88,8175.45,5238.56,5681.08,0.0,0.0
914.5,38.76,40.03,38.07,37.88,8175.13,5238.56,5681.08,0.0,0.0
914.65,38.79,40.03,38.07,37.88,8173.53,5238.56,5681.08,0.0,0.0
914.71,38.76,40.03,38.07,37.88,8175.13,5238.56,5680.7,0.0,0.0
914.85,38.78,40.03,38.07,37.88,8174.49,5238.56,5679.95,0.0,0.0
915.07,38.8,40.03,38.07,37.88,8172.89,5238.56,5680.33,0.0,0.0
915.15,38.76,40.03,38.07,37.88,8175.45,5238.56,5681.08,0.0,0.0
915.26,38.76,40.03,38.07,37.88,8176.09,5238.56,5680.7,0.0,0.0
915.33,38.75,40.03,38.07,37.88,8176.41,5238.21,5681.08,0.0,0.0
915.34,38.76,40.03,38.07,37.88,8175.13,5238.56,5681.08,0.0,0.0
915.4,38.76,40.03,38.07,37.88,8175.45,5238.56,5680.7,0.0,0.0
915.45,38.76,40.03,38.07,37.88,8175.77,5238.56,5680.7,0.0,0.0
915.47,38.79,40.03,38.07,37.88,8173.85,5238.56,5680.7,0.0,0.0
915.47,38.79,40.03,38.07,37.88,8173.53,5238.56,5681.08,0.0,0.0
915.47,38.79,40.03,38.07,37.88,8173.85,5238.56,5680.7,0.0,0.0
915.5,38.78,40.03,38.07,37.88,8174.81,5238.56,5680.33,0.0,0.0
915.56,38.78,40.03,38.07,37.88,8174.81,5238.56,5681.08,0.0,0.0
915.67,38.78,40.03,38.07,37.89,8174.49,5238.56,5681.08,0.0,0.0
915.74,38.79,40.03,38.07,37.89,8173.85,5238.56,5681.08,0.0,0.0
915.88,38.78,40.03,38.07,37.89,8174.81,5238.56,5680.7,0.0,0.0
915.97,38.76,40.03,38.07,37.89,8176.09,5238.56,5680.7,0.0,0.0
916.12,38.78,40.03,38.07,37.89,8174.49,5238.56,5681.08,0.0,0.0
916.17,38.78,40.03,38.07,37.89,8174.81,5238.56,5681.08,0.0,0.0
916.25,38.79,40.03,38.07,37.89,8173.53,5238.56,5681.08,0.0,0.0
916.36,38.78,40.03,38.07,37.89,8174.17,5238.56,5681.45,0.0,0.0
916.45,38.78,40.03,38.07,37.89,8174.17,5238.56,5681.08,0.0,0.0
916.55,38.78,40.03,38.07,37.89,8174.81,5238.56,5681.08,0.0,0.0
916.65,38.79,40.03,38.06,37.89,8173.21,5238.56,5682.2,0.0,0.0
916.77,38.78,40.03,38.07,37.89,8174.81,5238.21,5681.45,0.0,0.0
916.88,38.78,40.03,38.06,37.89,8174.49,5238.56,5682.95,0.0,0.0
916.95,38.79,40.03,38.07,37.89,8173.53,5238.56,5681.45,0.0,0.0
917.06,38.79,40.03,38.06,37.89,8173.21,5238.56,5684.07,0.0,0.0
917.18,38.76,40.03,38.05,37.89,8175.13,5238.56,5685.57,0.0,0.0
917.27,38.79,40.03,38.04,37.89,8173.85,5238.56,5688.57,0.0,0.0
917.38,38.76,40.03,38.03,37.89,8176.73,5238.56,5690.07,0.0,0.0
917.52,38.78,40.03,38.02,37.89,8174.81,5238.56,5691.95,0.0,0.0
917.55,38.73,40.03,38.01,37.89,8177.69,5238.56,5695.7,0.0,0.0
917.65,38.73,40.03,38.0,37.89,8177.37,5238.92,5696.07,0.0,0.0
917.76,38.75,40.03,37.99,37.89,8176.41,5238.56,5699.08,0.0,0.0
917.86,38.76,40.03,37.98,37.89,8175.13,5238.56,5701.33,0.0,0.0
917.95,38.76,40.03,37.98,37.89,8175.77,5238.92,5701.7,0.0,0.0
918.06,38.75,40.03,37.97,37.89,8177.05,5238.56,5703.96,0.0,0.0
918.14,38.73,40.03,37.97,37.9,8177.69,5238.56,5704.71,0.0,0.0
918.3,38.73,40.03,37.97,37.9,8177.37,5238.92,5704.71,0.0,0.0
918.36,38.75,40.01,37.97,37.9,8177.05,5243.16,5704.71,0.0,0.0
918.51,38.73,40.01,37.97,37.9,8177.37,5242.81,5705.08,0.0,0.0
918.62,38.7,40.0,37.97,37.9,8181.21,5246.35,5704.71,0.0,0.0
918.65,38.72,39.98,37.97,37.9,8178.97,5249.18,5704.33,0.0,0.0
918.81,38.73,39.97,37.97,37.9,8177.37,5252.72,5704.33,0.0,0.0
918.86,38.73,39.95,37.97,37.9,8177.69,5256.26,5704.71,0.0,0.0
918.95,38.72,39.95,37.97,37.9,8178.33,5256.62,5705.08,0.0,0.0
919.05,38.72,39.94,37.97,37.9,8178.97,5257.33,5705.08,0.0,0.0
919.16,38.72,39.94,37.97,37.9,8178.33,5259.1,5705.08,0.0,0.0
919.26,38.72,39.93,37.97,37.9,8179.29,5259.81,5704.71,0.0,0.0
919.38,38.71,39.93,37.97,37.9,8180.57,5259.45,5704.71,0.0,0.0
919.46,38.71,39.93,37.97,37.9,8180.89,5260.87,5705.08,0.0,0.0
919.57,38.71,39.93,37.97,37.9,8180.57,5259.81,5705.08,0.0,0.0
919.65,38.7,39.93,37.97,37.9,8181.21,5260.16,5705.08,0.0,0.0
919.75,38.68,39.93,37.97,37.9,8182.49,5261.23,5705.08,0.0,0.0
919.86,38.7,39.93,37.97,37.9,8181.21,5261.23,5705.08,0.0,0.0
919.95,38.7,39.93,37.97,37.9,8181.21,5261.23,5705.08,0.0,0.0
920.07,38.68,39.93,37.97,37.9,8182.17,5260.87,5705.08,0.0,0.0
920.16,38.67,39.93,37.97,37.9,8184.09,5261.23,5705.08,0.0,0.0
920.26,38.65,39.93,37.97,37.9,8184.73,5260.52,5705.08,0.0,0.0
920.37,38.64,39.93,37.97,37.9,8185.37,5261.23,5705.08,0.0,0.0
920.46,38.65,39.93,37.97,37.9,8183.77,5261.23,5705.08,0.0,0.0
920.56,38.65,39.93,37.97,37.9,8184.73,5261.23,5705.08,0.0,0.0
920.65,38.62,39.93,37.96,37.9,8187.29,5261.23,5706.21,0.0,0.0
920.75,38.62,39.93,37.96,37.9,8187.61,5261.23,5706.21,0.0,0.0
920.91,38.64,39.93,37.95,37.9,8186.01,5261.23,5708.47,0.0,0.0
920.97,38.63,39.93,37.95,37.9,8186.97,5261.23,5709.97,0.0,0.0
921.05,38.63,39.93,37.93,37.9,8186.65,5261.23,5713.73,0.0,0.0
921.15,38.61,39.93,37.91,37.9,8188.25,5261.23,5718.25,0.0,0.0
921.26,38.63,39.93,37.9,37.9,8186.33,5261.23,5720.5,0.0,0.0
921.39,38.6,39.93,37.89,37.9,8188.89,5261.23,5722.76,0.0,0.0
921.47,38.61,39.93,37.89,37.9,8187.93,5261.23,5723.52,0.0,0.0
921.56,38.62,39.93,37.88,37.9,8187.29,5261.23,5726.15,0.0,0.0
921.66,38.6,39.93,37.88,37.9,8188.89,5261.23,5725.78,0.0,0.0
921.77,38.62,39.93,37.87,37.9,8187.61,5261.23,5727.66,0.0,0.0
921.88,38.6,39.93,37.87,37.9,8189.85,5261.23,5727.66,0.0,0.0
921.96,38.6,39.93,37.87,37.9,8188.57,5261.23,5728.04,0.0,0.0
922.05,38.6,39.93,37.87,37.9,8188.57,5261.23,5727.66,0.0,0.0
922.15,38.6,39.93,37.87,37.9,8189.85,5261.23,5727.66,0.0,0.0
922.26,38.58,39.93,37.87,37.9,8189.53,5261.23,5728.79,0.0,0.0
922.37,38.58,39.92,37.87,37.9,8189.53,5261.58,5728.41,0.0,0.0
922.47,38.58,39.93,37.87,37.9,8190.17,5261.23,5728.79,0.0,0.0
922.58,38.57,39.92,37.87,37.9,8190.81,5261.94,5728.41,0.0,0.0
922.66,38.6,39.92,37.87,37.9,8188.89,5261.94,5728.04,0.0,0.0
922.75,38.6,39.91,37.87,37.9,8189.21,5264.42,5729.17,0.0,0.0
922.86,38.58,39.91,37.87,37.9,8190.49,5264.42,5728.79,0.0,0.0
922.96,38.6,39.89,37.87,37.9,8188.57,5268.32,5728.79,0.0,0.0
923.07,38.58,39.89,37.87,37.9,8189.53,5267.97,5728.79,0.0,0.0
923.15,38.58,39.88,37.87,37.9,8190.49,5270.81,5728.79,0.0,0.0
923.26,38.58,39.87,37.87,37.9,8189.53,5274.0,5728.79,0.0,0.0
923.45,38.58,39.86,37.87,37.9,8190.17,5274.72,5728.79,0.0,0.0
923.47,38.57,39.85,37.87,37.9,8191.13,5277.2,5728.79,0.0,0.0
923.73,38.57,39.85,37.87,37.9,8190.81,5277.91,5729.17,0.0,0.0
923.74,38.58,39.84,37.87,37.9,8190.49,5280.4,5728.79,0.0,0.0
923.8,38.58,39.84,37.87,37.9,8190.49,5279.69,5728.79,0.0,0.0
923.85,38.57,39.83,37.87,37.9,8191.45,5282.54,5728.79,0.0,0.0
923.98,38.57,39.83,37.87,37.9,8191.13,5282.18,5728.79,0.0,0.0
924.08,38.57,39.83,37.87,37.9,8191.13,5282.54,5728.41,0.0,0.0
924.17,38.56,39.82,37.87,37.9,8192.41,5283.6,5728.79,0.0,0.0
924.26,38.58,39.82,37.87,37.9,8190.49,5283.6,5728.79,0.0,0.0
924.42,38.6,39.82,37.87,37.9,8189.85,5283.6,5728.79,0.0,0.0
924.49,38.57,39.82,37.87,37.9,8191.45,5283.25,5729.17,0.0,0.0
924.56,38.57,39.82,37.87,37.9,8190.81,5283.25,5729.17,0.0,0.0
924.66,38.57,39.82,37.87,37.9,8191.13,5283.25,5728.79,0.0,0.0
924.75,38.58,39.82,37.87,37.9,8190.17,5283.96,5728.79,0.0,0.0
924.86,38.57,39.82,37.87,37.89,8191.45,5283.6,5729.17,0.0,0.0
924.98,38.6,39.82,37.87,37.89,8189.85,5283.25,5728.79,0.0,0.0
925.07,38.58,39.83,37.87,37.89,8190.49,5282.89,5729.17,0.0,0.0
925.18,38.57,39.82,37.87,37.89,8191.45,5283.25,5728.41,0.0,0.0
925.26,38.57,39.83,37.87,37.89,8191.13,5281.82,5728.04,0.0,0.0
925.45,38.58,39.82,37.87,37.89,8190.49,5283.25,5728.04,0.0,0.0
925.48,38.56,39.84,37.87,37.89,8192.41,5280.4,5728.41,0.0,0.0
925.67,38.56,39.84,37.87,37.89,8191.77,5280.76,5727.66,0.0,0.0
925.72,38.57,39.84,37.87,37.89,8191.13,5279.69,5728.41,0.0,0.0
925.77,38.57,39.84,37.87,37.89,8191.13,5279.69,5728.04,0.0,0.0
925.88,38.57,39.84,37.87,37.89,8191.13,5279.34,5728.04,0.0,0.0
925.96,38.57,39.85,37.88,37.89,8192.09,5277.2,5725.78,0.0,0.0
926.11,38.57,39.86,37.88,37.89,8191.13,5275.78,5726.15,0.0,0.0
926.16,38.57,39.86,37.89,37.89,8191.13,5274.72,5723.89,0.0,0.0
926.27,38.58,39.87,37.89,37.89,8189.53,5274.36,5723.14,0.0,0.0
926.35,38.57,39.87,37.91,37.89,8191.13,5274.0,5719.37,0.0,0.0
926.46,38.57,39.88,37.92,37.89,8190.81,5272.23,5715.24,0.0,0.0
926.6,38.58,39.88,37.93,37.89,8190.49,5271.16,5712.98,0.0,0.0
926.7,38.57,39.89,37.95,37.89,8191.13,5269.74,5709.22,0.0,0.0
926.76,38.6,39.9,37.96,37.89,8189.85,5267.26,5707.34,0.0,0.0
926.88,38.58,39.9,37.96,37.89,8189.53,5267.26,5705.84,0.0,0.0
926.99,38.58,39.9,37.96,37.89,8190.49,5265.84,5707.72,0.0,0.0
927.06,38.61,39.91,37.97,37.89,8188.25,5263.71,5705.46,0.0,0.0
927.16,38.61,39.92,37.97,37.89,8188.25,5263.36,5705.08,0.0,0.0
927.28,38.6,39.92,37.97,37.89,8188.89,5261.94,5705.08,0.0,0.0
927.45,38.6,39.93,37.97,37.89,8189.21,5261.23,5705.08,0.0,0.0
927.48,38.61,39.93,37.97,37.89,8188.25,5261.23,5705.08,0.0,0.0
927.56,38.62,39.93,37.97,37.88,8187.61,5261.23,5705.08,0.0,0.0
927.68,38.64,39.93,37.97,37.88,8186.01,5261.23,5705.08,0.0,0.0
927.77,38.6,39.93,37.97,37.88,8188.57,5261.23,5704.71,0.0,0.0
927.86,38.62,39.93,37.97,37.88,8187.61,5261.23,5705.08,0.0,0.0
927.98,38.64,39.93,37.97,37.88,8186.01,5261.23,5704.71,0.0,0.0
928.08,38.63,39.93,37.97,37.88,8186.65,5261.23,5705.08,0.0,0.0
928.17,38.63,39.93,37.97,37.88,8186.33,5261.23,5704.71,0.0,0.0
928.29,38.62,39.93,37.97,37.88,8187.61,5261.23,5705.08,0.0,0.0
928.36,38.65,39.93,37.97,37.88,8184.73,5261.23,5705.08,0.0,0.0
928.45,38.65,39.92,37.97,37.88,8183.77,5261.58,5705.08,0.0,0.0
928.56,38.64,39.93,37.97,37.88,8185.37,5261.23,5705.08,0.0,0.0
928.73,38.63,39.93,37.97,37.88,8186.33,5261.23,5705.08,0.0,0.0
928.76,38.64,39.93,37.97,37.88,8185.69,5261.23,5705.08,0.0,0.0
928.86,38.65,39.93,37.97,37.88,8183.77,5261.23,5705.08,0.0,0.0
928.95,38.66,39.93,37.97,37.88,8184.41,5261.23,5705.08,0.0,0.0
929.07,38.66,39.93,37.97,37.88,8184.41,5261.23,5703.96,0.0,0.0
929.17,38.69,39.93,37.97,37.88,8181.85,5261.23,5704.71,0.0,0.0
929.3,38.65,39.93,37.97,37.88,8183.77,5261.23,5705.08,0.0,0.0
929.36,38.67,39.93,37.97,37.88,8182.81,5260.87,5705.08,0.0,0.0
929.46,38.67,39.93,37.97,37.88,8182.81,5261.23,5705.08,0.0,0.0
929.59,38.68,39.93,37.97,37.88,8182.17,5261.23,5705.08,0.0,0.0
929.67,38.65,39.93,37.97,37.88,8183.77,5260.87,5705.08,0.0,0.0
929.78,38.71,39.93,37.97,37.88,8180.89,5261.23,5705.08,0.0,0.0
929.87,38.67,39.93,37.97,37.88,8182.81,5261.23,5704.33,0.0,0.0
929.98,38.68,39.93,37.97,37.88,8182.17,5261.23,5704.71,0.0,0.0
930.07,38.71,39.93,37.97,37.88,8180.57,5261.23,5705.08,0.0,0.0
930.16,38.72,39.93,37.97,37.88,8179.29,5260.87,5704.71,0.0,0.0
930.37,38.67,39.93,37.97,37.88,8184.09,5261.23,5704.33,0.0,0.0
930.4,38.71,39.93,37.97,37.88,8180.57,5260.87,5703.58,0.0,0.0
930.46,38.67,39.93,37.97,37.88,8183.45,5260.52,5705.08,0.0,0.0
930.56,38.7,39.93,37.97,37.88,8181.53,5259.81,5704.71,0.0,0.0
930.67,38.71,39.93,37.97,37.88,8180.89,5260.52,5704.71,0.0,0.0
930.75,38.71,39.93,37.97,37.88,8179.93,5259.81,5704.33,0.0,0.0
930.86,38.72,39.94,37.98,37.88,8179.29,5258.39,5701.7,0.0,0.0
930.97,38.71,39.94,37.97,37.88,8180.25,5258.39,5703.96,0.0,0.0
931.06,38.69,39.94,37.98,37.88,8181.85,5258.39,5702.45,0.0,0.0
931.19,38.72,39.95,37.99,37.88,8178.97,5255.56,5700.58,0.0,0.0
931.27,38.73,39.95,37.99,37.88,8178.01,5255.2,5700.2,0.0,0.0
931.36,38.71,39.97,37.99,37.88,8179.61,5252.01,5698.7,0.0,0.0
931.46,38.71,39.97,38.0,37.88,8180.89,5252.37,5697.95,0.0,0.0
931.56,38.73,39.99,37.99,37.88,8177.37,5248.12,5698.7,0.0,0.0
931.67,38.7,39.99,38.0,37.88,8181.21,5248.12,5698.33,0.0,0.0
931.8,38.72,40.0,38.01,37.88,8179.29,5245.64,5695.32,0.0,0.0
931.86,38.74,40.01,38.01,37.88,8178.65,5243.16,5694.57,0.0,0.0
931.97,38.71,40.02,38.0,37.88,8180.25,5240.33,5696.82,0.0,0.0
932.08,38.73,40.02,38.0,37.88,8177.37,5241.39,5696.45,0.0,0.0
932.18,38.73,40.02,38.01,37.88,8177.69,5240.33,5694.57,0.0,0.0
932.25,38.73,40.03,38.01,37.88,8177.37,5239.63,5694.95,0.0,0.0
932.36,38.71,40.03,38.01,37.89,8179.61,5238.92,5694.57,0.0,0.0
932.46,38.75,40.03,38.03,37.89,8177.05,5238.92,5690.82,0.0,0.0
932.6,38.72,40.03,38.03,37.89,8179.29,5238.56,5688.95,0.0,0.0
932.68,38.73,40.03,38.04,37.89,8177.69,5238.92,5688.2,0.0,0.0
932.76,38.72,40.03,38.05,37.89,8178.33,5239.27,5684.45,0.0,0.0
932.86,38.76,40.03,38.05,37.89,8176.73,5238.56,5685.95,0.0,0.0
932.95,38.76,40.03,38.06,37.89,8176.09,5238.92,5683.7,0.0,0.0
933.07,38.78,40.03,38.07,37.89,8174.81,5238.56,5681.45,0.0,0.0
933.19,38.73,40.03,38.07,37.89,8177.37,5238.56,5681.45,0.0,0.0
933.29,38.76,40.03,38.07,37.89,8176.09,5238.56,5681.45,0.0,0.0
933.36,38.74,40.03,38.07,37.89,8178.65,5238.56,5681.08,0.0,0.0
933.47,38.73,40.03,38.07,37.89,8177.69,5238.56,5681.45,0.0,0.0
933.57,38.73,40.03,38.07,37.89,8177.37,5238.56,5681.45,0.0,0.0
933.67,38.73,40.03,38.07,37.89,8177.37,5238.56,5681.45,0.0,0.0
933.78,38.75,40.03,38.07,37.89,8177.05,5238.56,5681.08,0.0,0.0
933.9,38.76,40.03,38.07,37.89,8175.45,5238.56,5680.7,0.0,0.0
933.97,38.73,40.03,38.07,37.89,8177.69,5238.56,5681.08,0.0,0.0
934.09,38.73,40.03,38.07,37.89,8177.37,5238.56,5681.08,0.0,0.0
934.16,38.76,40.03,38.07,37.89,8175.45,5238.56,5680.7,0.0,0.0
934.27,38.76,40.03,38.07,37.89,8176.09,5238.56,5681.08,0.0,0.0
934.36,38.76,40.03,38.07,37.89,8175.77,5238.56,5681.08,0.0,0.0
934.46,38.75,40.03,38.07,37.89,8176.41,5238.56,5681.08,0.0,0.0
934.78,38.75,40.03,38.07,37.89,8177.05,5238.56,5681.08,0.0,0.0
934.79,38.75,40.03,38.07,37.89,8176.41,5238.56,5680.7,0.0,0.0
934.82,38.76,40.03,38.07,37.89,8176.09,5238.56,5680.7,0.0,0.0
934.86,38.73,40.03,38.07,37.89,8177.69,5238.56,5680.7,0.0,0.0
934.99,38.75,40.03,38.07,37.89,8176.41,5238.56,5680.7,0.0,0.0
935.06,38.76,40.03,38.07,37.89,8175.45,5238.56,5680.7,0.0,0.0
935.16,38.76,40.03,38.07,37.9,8175.45,5238.56,5680.7,0.0,0.0
935.32,38.78,40.03,38.07,37.9,8174.17,5238.56,5681.08,0.0,0.0
935.36,38.78,40.03,38.07,37.9,8174.81,5238.56,5681.08,0.0,0.0
935.46,38.76,40.03,38.07,37.9,8176.09,5238.56,5680.7,0.0,0.0
935.57,38.76,40.03,38.07,37.9,8175.13,5238.56,5680.33,0.0,0.0
935.67,38.75,40.03,38.07,37.9,8177.05,5238.56,5680.33,0.0,0.0
935.89,38.76,40.03,38.07,37.9,8176.73,5238.56,5680.7,0.0,0.0
935.97,38.76,40.03,38.07,37.9,8176.73,5238.56,5681.08,0.0,0.0
936.06,38.76,40.03,38.07,37.9,8175.45,5238.56,5681.08,0.0,0.0
936.13,38.74,40.03,38.07,37.9,8178.65,5238.56,5681.08,0.0,0.0
936.26,38.75,40.03,38.07,37.9,8177.05,5238.56,5680.33,0.0,0.0
936.35,38.76,40.03,38.07,37.9,8176.09,5238.56,5680.33,0.0,0.0
936.38,38.76,40.03,38.07,37.9,8176.09,5238.56,5680.7,0.0,0.0
936.47,38.72,40.03,38.07,37.9,8178.97,5238.56,5680.7,0.0,0.0
936.6,38.73,40.03,38.07,37.9,8177.37,5238.56,5680.7,0.0,0.0
936.66,38.76,40.03,38.07,37.9,8176.73,5238.56,5680.33,0.0,0.0
936.87,38.76,40.03,38.07,37.9,8176.09,5238.56,5680.7,0.0,0.0
936.9,38.78,40.03,38.07,37.9,8174.17,5238.56,5681.08,0.0,0.0
937.08,38.76,40.03,38.07,37.9,8176.73,5238.56,5680.33,0.0,0.0
937.12,38.75,40.03,38.07,37.9,8177.05,5238.56,5680.7,0.0,0.0
937.26,38.75,40.03,38.07,37.9,8177.05,5238.56,5679.95,0.0,0.0
937.39,38.75,40.03,38.07,37.9,8177.05,5238.56,5681.08,0.0,0.0
937.5,38.76,40.03,38.07,37.9,8176.73,5238.56,5680.7,0.0,0.0
937.62,38.76,40.03,38.07,37.9,8175.13,5238.56,5680.7,0.0,0.0
937.67,38.76,40.03,38.07,37.9,8176.73,5238.56,5680.33,0.0,0.0
937.69,38.73,40.03,38.07,37.9,8177.37,5238.56,5680.7,0.0,0.0
937.76,38.76,40.03,38.07,37.9,8176.73,5238.56,5680.33,0.0,0.0
937.93,38.73,40.03,38.07,37.9,8177.69,5238.56,5680.7,0.0,0.0
938.09,38.73,40.03,38.07,37.9,8178.01,5238.56,5680.7,0.0,0.0
938.18,38.76,40.03,38.07,37.91,8175.13,5238.56,5680.33,0.0,0.0
938.19,38.76,40.03,38.07,37.91,8175.13,5238.56,5680.33,0.0,0.0
938.28,38.76,40.03,38.07,37.91,8175.77,5238.56,5679.95,0.0,0.0
938.4,38.76,40.03,38.07,37.91,8176.73,5238.56,5680.7,0.0,0.0
938.48,38.76,40.03,38.07,37.91,8175.77,5238.56,5680.33,0.0,0.0
938.57,38.78,40.03,38.07,37.91,8174.81,5238.56,5681.08,0.0,0.0
938.73,38.78,40.03,38.07,37.91,8174.81,5238.56,5680.7,0.0,0.0
938.86,38.79,40.03,38.07,37.91,8173.21,5238.56,5680.7,0.0,0.0
938.88,38.79,40.03,38.07,37.91,8173.85,5238.56,5679.95,0.0,0.0
938.96,38.79,40.03,38.07,37.91,8173.53,5238.56,5680.33,0.0,0.0
939.07,38.76,40.03,38.07,37.91,8175.13,5238.56,5680.33,0.0,0.0
939.18,38.78,40.03,38.07,37.91,8174.81,5238.56,5679.95,0.0,0.0
939.26,38.79,40.03,38.07,37.91,8173.85,5238.56,5681.08,0.0,0.0
939.44,38.79,40.03,38.07,37.91,8173.53,5238.56,5680.33,0.0,0.0
939.51,38.78,40.03,38.07,37.91,8174.81,5238.56,5680.33,0.0,0.0
939.66,38.79,40.03,38.07,37.91,8173.21,5238.56,5680.7,0.0,0.0
939.67,38.78,40.03,38.07,37.91,8174.17,5238.56,5680.33,0.0,0.0
939.75,38.76,40.03,38.07,37.91,8175.13,5238.56,5679.95,0.0,0.0
939.88,38.76,40.03,38.07,37.91,8175.13,5238.56,5680.7,0.0,0.0
939.96,38.76,40.03,38.07,37.91,8175.45,5238.56,5680.7,0.0,0.0
940.09,38.8,40.03,38.07,37.91,8172.57,5238.56,5680.7,0.0,0.0
940.19,38.73,40.03,38.07,37.91,8177.69,5238.56,5680.7,0.0,0.0
940.33,38.8,40.03,38.07,37.91,8172.25,5238.56,5680.33,0.0,0.0
940.44,38.79,40.03,38.07,37.91,8173.53,5238.56,5680.7,0.0,0.0
940.5,38.76,40.03,38.07,37.91,8175.77,5238.56,5679.95,0.0,0.0
940.58,38.78,40.03,38.08,37.91,8174.81,5238.56,5679.2,0.0,0.0
940.7,38.76,40.03,38.07,37.91,8175.45,5238.56,5680.7,0.0,0.0
940.8,38.79,40.03,38.07,37.91,8173.85,5238.56,5680.7,0.0,0.0
940.94,38.78,40.03,38.07,37.91,8174.81,5238.56,5680.7,0.0,0.0
941.06,38.78,40.03,38.07,37.91,8174.49,5238.56,5680.7,0.0,0.0
941.09,38.78,40.03,38.07,37.91,8174.17,5238.56,5680.33,0.0,0.0
941.25,38.79,40.03,38.07,37.91,8173.53,5238.56,5680.7,0.0,0.0
941.4,38.8,40.03,38.07,37.92,8172.89,5238.56,5680.7,0.0,0.0
941.48,38.8,40.03,38.07,37.92,8172.89,5238.56,5680.7,0.0,0.0
941.48,38.79,40.03,38.07,37.92,8173.85,5238.56,5680.7,0.0,0.0
941.64,38.78,40.03,38.07,37.92,8174.81,5238.56,5681.08,0.0,0.0
941.68,38.78,40.03,38.07,37.92,8174.49,5238.56,5681.08,0.0,0.0
941.76,38.79,40.03,38.07,37.92,8173.53,5238.56,5680.7,0.0,0.0
942.1,38.79,40.03,38.07,37.92,8173.21,5238.56,5681.08,0.0,0.0
942.23,38.79,40.03,38.07,37.92,8173.21,5238.56,5680.7,0.0,0.0
942.3,38.8,40.03,38.07,37.92,8171.93,5238.56,5679.95,0.0,0.0
942.38,38.8,40.03,38.07,37.92,8172.89,5238.56,5680.7,0.0,0.0
942.5,38.78,40.03,38.07,37.92,8174.49,5238.56,5679.95,0.0,0.0
942.6,38.8,40.03,38.07,37.92,8172.57,5238.56,5681.08,0.0,0.0
942.63,38.78,40.03,38.07,37.92,8174.49,5238.56,5680.7,0.0,0.0
942.63,38.79,40.03,38.07,37.92,8173.21,5238.56,5680.7,0.0,0.0
942.68,38.79,40.03,38.07,37.92,8173.21,5238.21,5680.33,0.0,0.0
942.79,38.8,40.03,38.07,37.92,8172.57,5238.56,5680.33,0.0,0.0
942.92,38.78,40.03,38.07,37.92,8174.49,5238.56,5680.7,0.0,0.0
943.08,38.79,40.03,38.07,37.92,8173.21,5238.56,5680.7,0.0,0.0
943.17,38.79,40.03,38.07,37.92,8173.53,5238.21,5680.7,0.0,0.0
943.19,38.78,40.03,38.07,37.92,8174.17,5238.56,5680.33,0.0,0.0
943.35,38.78,40.03,38.07,37.92,8174.81,5238.56,5681.08,0.0,0.0
943.47,38.79,40.03,38.07,37.92,8173.85,5238.56,5680.7,0.0,0.0
943.63,38.76,40.03,38.07,37.92,8175.77,5238.56,5679.95,0.0,0.0
943.64,38.78,40.03,38.08,37.92,8174.17,5238.56,5679.2,0.0,0.0
943.74,38.79,40.03,38.07,37.92,8173.85,5238.56,5679.58,0.0,0.0
943.91,38.78,40.03,38.08,37.92,8174.81,5237.86,5679.2,0.0,0.0
943.91,38.78,40.03,38.08,37.92,8174.17,5238.56,5678.83,0.0,0.0
944.01,38.78,40.03,38.08,37.92,8174.81,5238.21,5677.33,0.0,0.0
944.11,38.79,40.03,38.08,37.92,8173.53,5238.56,5678.08,0.0,0.0
944.38,38.79,40.03,38.08,37.92,8173.21,5238.56,5677.71,0.0,0.0
944.49,38.79,40.03,38.08,37.92,8173.53,5238.56,5677.71,0.0,0.0
944.58,38.8,40.03,38.1,37.92,8171.93,5238.56,5673.22,0.0,0.0
944.77,38.8,40.03,38.1,37.92,8172.57,5238.56,5673.59,0.0,0.0
944.85,38.79,40.03,38.11,37.92,8173.21,5238.56,5670.97,0.0,0.0
944.95,38.8,40.03,38.12,37.92,8171.93,5238.56,5669.1,0.0,0.0
945.07,38.8,40.03,38.13,37.92,8172.57,5238.56,5666.11,0.0,0.0
945.17,38.8,40.03,38.14,37.92,8172.89,5238.56,5664.99,0.0,0.0
945.27,38.8,40.03,38.15,37.92,8172.25,5238.56,5661.25,0.0,0.0
945.45,38.8,40.03,38.16,37.92,8172.89,5238.56,5659.76,0.0,0.0
945.6,38.8,40.03,38.15,37.93,8172.25,5238.56,5662.75,0.0,0.0
945.79,38.8,40.03,38.16,37.93,8172.57,5238.56,5659.76,0.0,0.0
945.88,38.82,40.03,38.17,37.93,8171.61,5238.56,5658.26,0.0,0.0
945.98,38.83,40.03,38.16,37.93,8171.29,5237.86,5658.64,0.0,0.0
946.11,38.82,40.03,38.16,37.93,8171.61,5237.86,5659.38,0.0,0.0
946.19,38.83,40.03,38.17,37.93,8171.29,5238.56,5657.52,0.0,0.0
946.28,38.8,40.03,38.17,37.93,8172.25,5238.56,5657.52,0.0,0.0
946.43,38.82,40.03,38.17,37.93,8171.61,5238.56,5657.52,0.0,0.0
946.44,38.82,40.03,38.17,37.93,8170.97,5238.21,5658.26,0.0,0.0
946.45,38.82,40.04,38.17,37.93,8170.97,5237.5,5658.26,0.0,0.0
946.51,38.83,40.03,38.17,37.93,8170.01,5238.21,5658.26,0.0,0.0
946.53,38.83,40.03,38.17,37.93,8170.33,5237.86,5657.89,0.0,0.0
946.6,38.82,40.04,38.17,37.93,8171.61,5237.5,5657.89,0.0,0.0
946.67,38.82,40.03,38.17,37.93,8171.61,5237.86,5657.14,0.0,0.0
946.73,38.83,40.04,38.17,37.93,8170.01,5236.44,5657.52,0.0,0.0
946.73,38.83,40.05,38.17,37.93,8170.65,5233.97,5657.89,0.0,0.0
946.96,38.83,40.06,38.17,37.93,8170.65,5231.85,5657.89,0.0,0.0
947.09,38.83,40.07,38.17,37.93,8170.65,5230.44,5657.89,0.0,0.0
947.19,38.83,40.07,38.17,37.93,8170.33,5229.38,5658.26,0.0,0.0
947.35,38.83,40.09,38.16,37.93,8170.33,5225.14,5658.64,0.0,0.0
947.41,38.83,40.1,38.17,37.93,8170.65,5223.73,5658.26,0.0,0.0
947.51,38.83,40.11,38.16,37.93,8170.65,5221.97,5658.64,0.0,0.0
947.71,38.83,40.11,38.17,37.93,8170.33,5220.91,5657.89,0.0,0.0
947.72,38.83,40.12,38.16,37.93,8170.65,5219.14,5658.64,0.0,0.0
947.81,38.83,40.13,38.16,37.93,8170.65,5218.09,5658.64,0.0,0.0
947.96,38.83,40.13,38.16,37.93,8170.65,5216.68,5659.01,0.0,0.0
948.04,38.83,40.13,38.16,37.93,8171.29,5217.03,5658.64,0.0,0.0
948.09,38.85,40.13,38.16,37.93,8168.41,5216.32,5658.64,0.0,0.0
948.09,38.84,40.13,38.17,37.93,8169.69,5216.32,5657.14,0.0,0.0
948.12,38.83,40.14,38.17,37.93,8170.01,5215.97,5657.14,0.0,0.0
948.36,38.82,40.14,38.17,37.93,8170.97,5215.97,5657.52,0.0,0.0
948.43,38.82,40.14,38.17,37.93,8170.97,5215.97,5657.52,0.0,0.0
948.55,38.82,40.14,38.17,37.93,8170.97,5215.97,5657.52,0.0,0.0
948.67,38.83,40.14,38.17,37.93,8169.37,5215.97,5657.89,0.0,0.0
948.77,38.83,40.14,38.17,37.94,8170.01,5215.97,5657.52,0.0,0.0
948.95,38.84,40.14,38.17,37.94,8169.69,5215.97,5657.52,0.0,0.0
949.04,38.83,40.14,38.17,37.94,8170.65,5215.97,5657.14,0.0,0.0
949.12,38.83,40.14,38.17,37.94,8171.29,5215.97,5657.52,0.0,0.0
949.15,38.85,40.14,38.17,37.94,8168.41,5215.97,5657.52,0.0,0.0
949.15,38.87,40.14,38.17,37.94,8167.13,5215.62,5657.14,0.0,0.0
949.19,38.85,40.14,38.17,37.94,8168.41,5215.62,5657.14,0.0,0.0
949.32,38.84,40.14,38.17,37.94,8169.69,5215.97,5657.14,0.0,0.0
949.44,38.83,40.14,38.17,37.94,8169.37,5215.97,5656.4,0.0,0.0
949.47,38.86,40.14,38.17,37.94,8167.78,5215.97,5657.14,0.0,0.0
949.58,38.85,40.14,38.17,37.94,8168.73,5215.97,5657.14,0.0,0.0
949.73,38.83,40.14,38.17,37.94,8170.33,5215.62,5657.14,0.0,0.0
949.79,38.85,40.14,38.17,37.94,8168.41,5215.62,5656.77,0.0,0.0
949.88,38.87,40.14,38.17,37.94,8167.46,5215.97,5656.77,0.0,0.0
950.05,38.86,40.14,38.17,37.94,8167.78,5215.97,5657.14,0.0,0.0
950.22,38.86,40.14,38.17,37.94,8167.78,5215.97,5657.14,0.0,0.0
950.3,38.86,40.14,38.17,37.94,8168.1,5215.62,5657.14,0.0,0.0
950.43,38.86,40.14,38.17,37.95,8168.1,5215.97,5657.14,0.0,0.0
950.49,38.86,40.14,38.17,37.95,8168.1,5215.97,5657.14,0.0,0.0
950.58,38.87,40.14,38.17,37.95,8167.13,5215.97,5656.77,0.0,0.0
950.73,38.86,40.14,38.17,37.95,8167.78,5215.97,5656.77,0.0,0.0
950.81,38.88,40.14,38.17,37.95,8166.5,5215.97,5657.14,0.0,0.0
950.86,38.89,40.14,38.17,37.95,8164.9,5215.26,5657.14,0.0,0.0
951.03,38.87,40.14,38.17,37.95,8166.17,5215.97,5656.4,0.0,0.0
951.16,38.89,40.14,38.17,37.95,8164.9,5215.62,5656.77,0.0,0.0
951.35,38.88,40.14,38.17,37.95,8165.85,5215.97,5656.77,0.0,0.0
951.45,38.89,40.14,38.17,37.95,8164.9,5215.97,5656.02,0.0,0.0
951.53,38.87,40.14,38.17,37.95,8167.46,5215.97,5657.14,0.0,0.0
951.58,38.89,40.14,38.17,37.95,8164.9,5215.26,5657.14,0.0,0.0
951.65,38.89,40.14,38.17,37.95,8164.26,5215.97,5656.77,0.0,0.0
951.74,38.88,40.14,38.17,37.95,8166.5,5215.97,5656.77,0.0,0.0
951.77,38.93,40.14,38.17,37.95,8161.06,5215.97,5656.77,0.0,0.0
951.92,38.91,40.14,38.17,37.95,8162.98,5215.62,5657.14,0.0,0.0
952.01,38.92,40.14,38.17,37.95,8162.34,5214.91,5656.77,0.0,0.0
952.06,38.92,40.14,38.17,37.95,8162.34,5214.56,5656.77,0.0,0.0
952.16,38.91,40.14,38.17,37.95,8163.3,5215.97,5656.77,0.0,0.0
952.21,38.91,40.14,38.17,37.96,8162.66,5214.91,5657.14,0.0,0.0
952.28,38.93,40.14,38.17,37.96,8161.06,5215.26,5657.14,0.0,0.0
952.49,38.89,40.14,38.17,37.96,8164.9,5215.62,5657.14,0.0,0.0
952.61,38.94,40.14,38.17,37.96,8161.38,5214.91,5657.14,0.0,0.0
952.78,38.92,40.14,38.17,37.96,8162.34,5214.91,5657.14,0.0,0.0
952.87,38.92,40.14,38.17,37.96,8162.34,5215.97,5656.77,0.0,0.0
953.0,38.93,40.14,38.17,37.96,8161.7,5215.62,5656.4,0.0,0.0
953.07,38.94,40.14,38.17,37.96,8161.38,5215.62,5656.02,0.0,0.0
953.17,38.96,40.14,38.17,37.96,8160.1,5215.97,5656.4,0.0,0.0
953.27,38.96,40.14,38.17,37.96,8159.78,5215.97,5656.77,0.0,0.0
953.41,38.91,40.14,38.17,37.96,8162.66,5215.97,5656.77,0.0,0.0
953.48,38.93,40.14,38.17,37.96,8161.06,5215.62,5657.14,0.0,0.0
953.48,38.94,40.14,38.17,37.96,8160.74,5215.62,5656.77,0.0,0.0
953.52,38.97,40.14,38.17,37.96,8159.46,5215.97,5656.77,0.0,0.0
953.65,38.98,40.14,38.17,37.96,8158.18,5215.62,5656.77,0.0,0.0
953.68,38.98,40.14,38.17,37.96,8158.5,5215.62,5656.77,0.0,0.0
953.81,38.96,40.14,38.17,37.96,8160.1,5215.62,5657.14,0.0,0.0
953.93,38.98,40.14,38.17,37.96,8158.18,5215.62,5656.77,0.0,0.0
953.98,38.99,40.14,38.17,37.96,8156.9,5215.62,5656.4,0.0,0.0
954.2,38.98,40.15,38.17,37.96,8158.18,5213.85,5656.4,0.0,0.0
954.26,38.93,40.14,38.17,37.97,8161.06,5215.62,5657.14,0.0,0.0
954.34,38.96,40.14,38.17,37.97,8159.14,5215.26,5657.14,0.0,0.0
954.38,38.98,40.14,38.17,37.97,8158.18,5214.91,5656.77,0.0,0.0
954.52,38.99,40.14,38.17,37.97,8156.9,5214.91,5656.4,0.0,0.0
954.58,39.01,40.14,38.17,37.97,8155.62,5214.91,5657.14,0.0,0.0
954.76,38.99,40.14,38.17,37.97,8156.9,5215.26,5657.14,0.0,0.0
954.85,38.98,40.15,38.17,37.97,8157.86,5213.15,5657.14,0.0,0.0
954.89,38.98,40.14,38.17,37.97,8158.5,5214.91,5656.4,0.0,0.0
955.06,38.97,40.14,38.17,37.97,8157.22,5214.21,5657.14,0.0,0.0
955.1,39.0,40.14,38.17,37.97,8156.58,5214.91,5656.77,0.0,0.0
955.21,39.01,40.15,38.17,37.97,8155.3,5212.8,5656.77,0.0,0.0
955.29,38.99,40.15,38.17,37.97,8156.26,5212.8,5656.02,0.0,0.0
955.38,39.0,40.15,38.17,37.97,8155.94,5212.8,5656.77,0.0,0.0
955.49,38.99,40.15,38.17,37.97,8156.26,5213.15,5656.4,0.0,0.0
955.59,39.0,40.16,38.17,37.97,8156.58,5210.68,5656.77,0.0,0.0
955.7,39.0,40.16,38.17,37.97,8156.58,5210.33,5657.14,0.0,0.0
955.79,39.01,40.16,38.17,37.97,8155.62,5209.98,5656.77,0.0,0.0
955.89,38.98,40.18,38.17,37.97,8157.54,5207.16,5656.77,0.0,0.0
956.0,39.01,40.17,38.17,37.97,8155.3,5208.22,5656.4,0.0,0.0
956.08,39.01,40.18,38.17,37.97,8155.3,5206.46,5656.4,0.0,0.0
956.18,39.02,40.19,38.17,37.97,8154.02,5204.35,5656.4,0.0,0.0
956.28,39.0,40.2,38.17,37.98,8155.94,5203.29,5657.14,0.0,0.0
956.39,39.0,40.19,38.17,37.98,8155.94,5204.7,5656.77,0.0,0.0
956.48,39.02,40.19,38.17,37.98,8154.66,5203.64,5657.14,0.0,0.0
956.58,38.99,40.19,38.17,37.98,8156.26,5204.35,5656.02,0.0,0.0
956.68,39.02,40.2,38.17,37.98,8154.66,5201.53,5657.14,0.0,0.0
956.81,39.01,40.21,38.17,37.98,8155.3,5201.18,5657.14,0.0,0.0
956.88,39.02,40.21,38.17,37.98,8154.02,5200.12,5656.02,0.0,0.0
957.06,39.01,40.2,38.17,37.98,8154.98,5202.94,5656.4,0.0,0.0
957.14,39.03,40.21,38.17,37.98,8153.7,5200.47,5656.77,0.0,0.0
957.18,39.01,40.2,38.17,37.98,8154.34,5201.53,5657.14,0.0,0.0
957.3,39.01,40.21,38.17,37.98,8154.98,5201.18,5656.77,0.0,0.0
957.38,39.03,40.21,38.17,37.98,8153.07,5201.18,5656.4,0.0,0.0
957.55,39.02,40.21,38.17,37.98,8153.38,5200.83,5656.4,0.0,0.0
957.6,39.01,40.21,38.17,37.98,8154.34,5200.47,5656.77,0.0,0.0
957.69,39.03,40.2,38.17,37.98,8153.07,5202.94,5656.77,0.0,0.0
957.79,39.03,40.21,38.17,37.98,8153.7,5200.47,5656.4,0.0,0.0
957.9,39.02,40.2,38.17,37.98,8154.02,5202.23,5656.77,0.0,0.0
957.99,39.03,40.21,38.18,37.99,8153.7,5200.83,5655.28,0.0,0.0
958.08,39.03,40.21,38.17,37.99,8153.07,5199.77,5657.14,0.0,0.0
958.18,39.03,40.21,38.17,37.99,8153.7,5200.47,5656.77,0.0,0.0
958.31,39.04,40.2,38.17,37.99,8152.74,5202.23,5656.77,0.0,0.0
958.39,39.02,40.2,38.17,37.99,8154.66,5202.94,5656.77,0.0,0.0
958.51,39.01,40.2,38.17,37.99,8154.34,5203.29,5656.4,0.0,0.0
958.61,39.03,40.19,38.18,37.99,8153.07,5204.7,5655.65,0.0,0.0
958.78,39.07,40.19,38.17,37.99,8151.79,5203.99,5656.4,0.0,0.0
958.85,39.03,40.18,38.17,37.99,8153.7,5206.46,5656.77,0.0,0.0
958.88,39.03,40.19,38.17,37.99,8153.07,5205.4,5656.02,0.0,0.0
958.99,39.01,40.18,38.17,37.99,8154.34,5207.16,5656.4,0.0,0.0
959.16,39.05,40.18,38.17,37.99,8151.47,5207.16,5656.77,0.0,0.0
959.19,39.05,40.18,38.17,37.99,8152.11,5206.11,5656.77,0.0,0.0
959.29,39.03,40.19,38.18,37.99,8153.07,5203.99,5655.65,0.0,0.0
959.39,39.02,40.18,38.17,37.99,8153.38,5205.75,5656.02,0.0,0.0
959.49,39.07,40.18,38.17,37.99,8151.79,5205.75,5656.4,0.0,0.0
959.65,39.07,40.18,38.17,38.0,8151.79,5207.16,5657.14,0.0,0.0
959.73,39.07,40.16,38.17,38.0,8151.79,5209.98,5657.14,0.0,0.0
959.82,39.02,40.17,38.17,38.0,8153.38,5208.22,5656.77,0.0,0.0
959.9,39.03,40.17,38.17,38.0,8153.07,5208.57,5657.14,0.0,0.0
960.05,39.02,40.17,38.17,38.0,8153.38,5208.57,5656.77,0.0,0.0
960.13,39.04,40.17,38.17,38.0,8152.74,5207.87,5656.77,0.0,0.0
960.22,39.07,40.17,38.17,38.0,8151.79,5207.87,5657.14,0.0,0.0
960.32,39.05,40.16,38.17,38.0,8151.47,5210.68,5656.77,0.0,0.0
960.46,39.05,40.17,38.17,38.0,8151.47,5208.92,5656.77,0.0,0.0
960.5,39.07,40.17,38.17,38.0,8151.79,5207.87,5656.77,0.0,0.0
960.6,39.05,40.17,38.17,38.0,8151.47,5208.92,5656.4,0.0,0.0
960.69,39.07,40.17,38.17,38.0,8151.15,5208.22,5656.4,0.0,0.0
960.83,39.04,40.18,38.17,38.0,8152.74,5205.75,5657.14,0.0,0.0
960.94,39.05,40.18,38.17,38.0,8152.42,5206.81,5656.77,0.0,0.0
961.01,39.05,40.18,38.17,38.0,8151.47,5206.46,5656.77,0.0,0.0
961.16,39.05,40.19,38.17,38.0,8151.47,5205.05,5656.77,0.0,0.0
961.21,39.07,40.19,38.17,38.0,8151.15,5203.99,5657.14,0.0,0.0
961.29,39.07,40.19,38.17,38.0,8150.51,5204.35,5656.77,0.0,0.0
961.47,39.05,40.2,38.17,38.0,8152.42,5202.59,5656.02,0.0,0.0
961.52,39.07,40.2,38.17,38.0,8151.15,5202.94,5656.77,0.0,0.0
961.58,39.07,40.2,38.17,38.0,8151.79,5202.94,5656.77,0.0,0.0
961.69,39.05,40.21,38.17,38.01,8152.42,5200.83,5657.14,0.0,0.0
961.8,39.05,40.22,38.17,38.01,8152.11,5198.36,5656.4,0.0,0.0
961.93,39.07,40.21,38.17,38.01,8151.79,5200.12,5656.4,0.0,0.0
962.0,39.05,40.22,38.17,38.01,8151.47,5199.07,5656.77,0.0,0.0
962.09,39.05,40.21,38.17,38.01,8152.11,5201.18,5656.4,0.0,0.0
962.19,39.05,40.21,38.17,38.01,8151.47,5200.12,5656.4,0.0,0.0
962.29,39.07,40.21,38.17,38.01,8150.51,5199.42,5656.4,0.0,0.0
962.45,39.08,40.21,38.17,38.01,8150.83,5199.77,5656.4,0.0,0.0
962.49,39.08,40.2,38.17,38.01,8150.83,5201.88,5656.77,0.0,0.0
962.59,39.05,40.21,38.17,38.01,8151.47,5200.12,5656.02,0.0,0.0
962.7,39.05,40.2,38.17,38.01,8151.47,5203.29,5657.14,0.0,0.0
962.78,39.05,40.2,38.17,38.01,8151.47,5201.53,5656.77,0.0,0.0
963.01,39.05,40.2,38.17,38.01,8151.47,5202.94,5656.77,0.0,0.0
963.1,39.05,40.2,38.17,38.01,8151.47,5202.23,5656.77,0.0,0.0
963.21,39.05,40.19,38.18,38.01,8152.11,5203.64,5655.65,0.0,0.0
963.24,39.07,40.21,38.18,38.01,8151.79,5200.83,5654.53,0.0,0.0
963.31,39.07,40.2,38.18,38.01,8150.51,5203.29,5655.28,0.0,0.0
963.43,39.07,40.2,38.18,38.01,8151.15,5202.94,5654.53,0.0,0.0
963.49,39.07,40.2,38.18,38.01,8151.79,5201.88,5655.28,0.0,0.0
963.61,39.07,40.21,38.19,38.02,8151.15,5201.18,5653.04,0.0,0.0
963.7,39.07,40.21,38.19,38.02,8151.15,5200.47,5653.04,0.0,0.0
963.79,39.08,40.19,38.2,38.02,8150.19,5205.05,5649.68,0.0,0.0
964.01,39.07,40.2,38.21,38.02,8151.15,5202.94,5648.56,0.0,0.0
964.04,39.08,40.2,38.22,38.02,8150.83,5203.29,5645.95,0.0,0.0
964.09,39.07,40.2,38.22,38.02,8151.15,5202.23,5646.32,0.0,0.0
964.21,39.05,40.2,38.23,38.02,8151.47,5203.29,5642.97,0.0,0.0
964.41,39.07,40.2,38.22,38.02,8151.15,5202.94,5644.83,0.0,0.0
964.52,39.08,40.19,38.23,38.02,8150.83,5205.4,5643.71,0.0,0.0
964.57,39.08,40.18,38.23,38.02,8150.83,5206.11,5642.97,0.0,0.0
964.67,39.08,40.18,38.23,38.02,8150.83,5205.75,5642.22,0.0,0.0
964.8,39.07,40.18,38.23,38.02,8151.79,5206.81,5641.85,0.0,0.0
964.85,39.07,40.18,38.23,38.02,8150.51,5207.51,5642.97,0.0,0.0
964.93,39.07,40.18,38.23,38.02,8151.15,5206.46,5642.22,0.0,0.0
965.0,39.07,40.18,38.24,38.02,8150.51,5207.51,5640.36,0.0,0.0
965.19,39.07,40.17,38.25,38.02,8151.15,5207.87,5638.87,0.0,0.0
965.24,39.05,40.18,38.25,38.02,8151.47,5206.46,5638.5,0.0,0.0
965.3,39.08,40.17,38.24,38.02,8150.83,5208.22,5640.36,0.0,0.0
965.41,39.07,40.18,38.25,38.02,8150.51,5207.51,5638.87,0.0,0.0
965.52,39.08,40.18,38.26,38.02,8150.83,5207.51,5636.63,0.0,0.0
965.66,39.08,40.19,38.26,38.02,8150.83,5204.7,5637.01,0.0,0.0
965.73,39.07,40.19,38.26,38.02,8151.79,5203.99,5636.63,0.0,0.0
965.8,39.08,40.19,38.26,38.03,8150.19,5205.4,5636.63,0.0,0.0
965.91,39.08,40.18,38.27,38.03,8150.83,5206.11,5634.77,0.0,0.0
966.03,39.07,40.19,38.26,38.03,8151.15,5205.4,5635.52,0.0,0.0
966.16,39.07,40.19,38.27,38.03,8149.55,5205.05,5633.65,0.0,0.0
966.2,39.07,40.18,38.27,38.03,8151.15,5206.11,5632.91,0.0,0.0
966.38,39.07,40.19,38.27,38.03,8151.15,5203.99,5633.65,0.0,0.0
966.42,39.07,40.18,38.27,38.03,8150.51,5206.81,5633.28,0.0,0.0
966.53,39.08,40.17,38.27,38.03,8150.19,5207.87,5633.28,0.0,0.0
966.7,39.05,40.19,38.27,38.03,8151.47,5205.4,5633.28,0.0,0.0
966.75,39.08,40.19,38.27,38.03,8150.83,5204.7,5633.28,0.0,0.0
966.8,39.08,40.18,38.27,38.03,8149.87,5206.46,5633.65,0.0,0.0
966.95,39.05,40.18,38.27,38.03,8151.47,5206.11,5633.28,0.0,0.0
967.09,39.08,40.17,38.27,38.03,8150.83,5208.22,5633.65,0.0,0.0
967.19,39.07,40.17,38.27,38.03,8150.51,5208.57,5634.4,0.0,0.0
967.2,39.07,40.16,38.27,38.03,8151.15,5209.98,5633.28,0.0,0.0
967.29,39.08,40.16,38.27,38.03,8150.83,5210.33,5633.65,0.0,0.0
967.39,39.08,40.17,38.27,38.03,8150.19,5209.63,5633.28,0.0,0.0
967.49,39.07,40.16,38.27,38.03,8151.15,5211.04,5633.28,0.0,0.0
967.61,39.07,40.15,38.27,38.03,8150.51,5212.8,5633.28,0.0,0.0
967.71,39.07,40.15,38.27,38.03,8151.79,5213.15,5633.28,0.0,0.0
967.79,39.05,40.14,38.27,38.03,8151.47,5214.21,5633.65,0.0,0.0
967.9,39.07,40.14,38.27,38.03,8150.51,5214.56,5633.28,0.0,0.0
968.05,39.05,40.14,38.27,38.03,8151.47,5214.56,5632.91,0.0,0.0
968.1,39.08,40.14,38.27,38.03,8150.19,5215.26,5633.28,0.0,0.0
968.26,39.08,40.14,38.27,38.03,8150.83,5214.91,5633.28,0.0,0.0
968.29,39.05,40.14,38.27,38.03,8151.47,5214.21,5633.28,0.0,0.0
968.4,39.08,40.14,38.27,38.03,8149.87,5215.62,5632.91,0.0,0.0
968.51,39.07,40.14,38.27,38.03,8151.15,5214.56,5632.54,0.0,0.0
968.66,39.07,40.14,38.27,38.03,8151.79,5215.26,5632.91,0.0,0.0
968.72,39.07,40.14,38.27,38.04,8150.51,5215.62,5633.28,0.0,0.0
968.8,39.08,40.14,38.27,38.04,8150.83,5214.91,5633.28,0.0,0.0
968.89,39.08,40.14,38.27,38.04,8150.83,5214.21,5633.28,0.0,0.0
969.01,39.08,40.14,38.27,38.04,8150.83,5215.26,5633.28,0.0,0.0
969.15,39.08,40.14,38.27,38.04,8150.83,5214.56,5632.54,0.0,0.0
969.21,39.07,40.14,38.27,38.04,8151.79,5215.26,5633.28,0.0,0.0
969.29,39.07,40.15,38.27,38.04,8151.15,5213.85,5632.91,0.0,0.0
969.43,39.08,40.14,38.27,38.04,8150.83,5214.21,5633.28,0.0,0.0
969.5,39.05,40.15,38.27,38.04,8151.47,5212.09,5633.28,0.0,0.0
969.64,39.08,40.14,38.27,38.04,8149.87,5214.21,5632.91,0.0,0.0
969.78,39.05,40.15,38.27,38.04,8151.47,5212.8,5632.54,0.0,0.0
969.9,39.07,40.15,38.27,38.04,8151.15,5213.15,5632.54,0.0,0.0
970.0,39.07,40.15,38.27,38.04,8151.15,5212.45,5632.91,0.0,0.0
970.03,39.08,40.16,38.27,38.04,8149.87,5210.68,5632.91,0.0,0.0
970.1,39.08,40.17,38.27,38.04,8150.19,5208.92,5632.91,0.0,0.0
970.19,39.08,40.16,38.27,38.04,8150.83,5210.33,5632.91,0.0,0.0
970.3,39.07,40.17,38.27,38.04,8151.15,5207.87,5633.28,0.0,0.0
970.39,39.08,40.18,38.27,38.04,8149.87,5205.75,5632.91,0.0,0.0
970.56,39.07,40.19,38.27,38.04,8151.15,5205.05,5632.54,0.0,0.0
970.62,39.07,40.2,38.27,38.04,8151.15,5201.88,5632.91,0.0,0.0
970.71,39.05,40.2,38.27,38.04,8151.47,5202.94,5632.91,0.0,0.0
970.82,39.07,40.21,38.27,38.04,8151.15,5200.83,5633.28,0.0,0.0
970.9,39.05,40.21,38.27,38.04,8151.47,5200.83,5632.91,0.0,0.0
970.99,39.08,40.21,38.27,38.04,8150.83,5200.47,5633.28,0.0,0.0
971.11,39.07,40.21,38.27,38.04,8150.51,5199.42,5632.91,0.0,0.0
971.22,39.05,40.22,38.27,38.04,8151.47,5199.07,5632.91,0.0,0.0
971.36,39.07,40.21,38.27,38.04,8150.51,5199.42,5632.91,0.0,0.0
971.48,39.07,40.21,38.27,38.04,8151.79,5200.12,5633.28,0.0,0.0
971.51,39.07,40.22,38.27,38.04,8151.79,5197.31,5633.28,0.0,0.0
971.73,39.05,40.23,38.27,38.04,8151.47,5196.61,5632.91,0.0,0.0
971.78,39.07,40.23,38.27,38.04,8151.15,5196.96,5632.54,0.0,0.0
971.8,39.07,40.23,38.27,38.04,8151.15,5195.9,5633.28,0.0,0.0
971.95,39.08,40.23,38.27,38.04,8150.83,5196.61,5633.28,0.0,0.0
972.01,39.05,40.23,38.27,38.04,8152.42,5196.61,5632.91,0.0,0.0
972.1,39.07,40.23,38.27,38.04,8149.55,5195.2,5633.28,0.0,0.0
972.29,39.07,40.24,38.27,38.04,8150.51,5194.15,5633.28,0.0,0.0
972.4,39.07,40.24,38.27,38.04,8150.51,5194.15,5632.91,0.0,0.0
972.5,39.08,40.24,38.27,38.04,8150.83,5194.15,5632.91,0.0,0.0
972.58,39.05,40.24,38.27,38.04,8151.47,5193.79,5632.91,0.0,0.0
972.7,39.08,40.24,38.27,38.05,8150.83,5194.5,5633.28,0.0,0.0
972.71,39.07,40.24,38.27,38.05,8151.15,5193.44,5633.28,0.0,0.0
972.86,39.08,40.24,38.27,38.05,8150.83,5193.79,5633.28,0.0,0.0
973.01,39.08,40.24,38.27,38.05,8150.19,5193.79,5632.91,0.0,0.0
973.12,39.08,40.24,38.27,38.05,8150.83,5194.15,5632.91,0.0,0.0
973.28,39.07,40.24,38.27,38.05,8149.55,5193.44,5633.28,0.0,0.0
973.34,39.08,40.24,38.27,38.05,8150.19,5193.79,5632.91,0.0,0.0
973.43,39.08,40.24,38.27,38.05,8150.83,5194.15,5633.28,0.0,0.0
973.58,39.08,40.24,38.27,38.05,8149.87,5194.15,5633.28,0.0,0.0
973.63,39.08,40.24,38.27,38.05,8150.19,5194.15,5632.54,0.0,0.0
973.65,39.07,40.24,38.27,38.05,8151.15,5194.15,5633.28,0.0,0.0
973.73,39.05,40.24,38.27,38.05,8152.11,5194.15,5633.28,0.0,0.0
973.88,39.08,40.24,38.27,38.05,8150.83,5194.15,5633.28,0.0,0.0
973.97,39.07,40.24,38.27,38.05,8151.15,5193.79,5633.28,0.0,0.0
974.1,39.07,40.24,38.27,38.05,8150.51,5193.79,5632.54,0.0,0.0
974.16,39.08,40.24,38.27,38.05,8150.83,5193.79,5633.28,0.0,0.0
974.21,39.08,40.24,38.27,38.05,8150.83,5193.79,5632.91,0.0,0.0
974.31,39.09,40.24,38.27,38.05,8148.27,5193.44,5632.91,0.0,0.0
974.39,39.08,40.24,38.27,38.05,8149.23,5193.44,5633.28,0.0,0.0
974.5,39.08,40.24,38.27,38.05,8150.19,5193.44,5633.65,0.0,0.0
974.66,39.08,40.24,38.27,38.06,8150.83,5193.79,5633.28,0.0,0.0
974.73,39.07,40.24,38.27,38.06,8149.55,5193.44,5633.28,0.0,0.0
974.88,39.07,40.24,38.27,38.06,8149.55,5193.79,5633.28,0.0,0.0
974.96,39.08,40.24,38.27,38.06,8149.87,5193.79,5632.54,0.0,0.0
975.0,39.08,40.24,38.27,38.06,8149.87,5193.79,5633.28,0.0,0.0
975.12,39.08,40.24,38.27,38.06,8149.87,5193.44,5632.91,0.0,0.0
975.32,39.07,40.24,38.27,38.06,8150.51,5193.44,5632.54,0.0,0.0
975.34,39.07,40.24,38.27,38.06,8149.55,5193.44,5633.28,0.0,0.0
975.43,39.08,40.24,38.27,38.06,8150.83,5193.44,5632.91,0.0,0.0
975.59,39.08,40.24,38.27,38.06,8150.19,5193.44,5633.28,0.0,0.0
975.69,39.07,40.24,38.27,38.06,8149.55,5193.44,5633.28,0.0,0.0
975.7,39.08,40.24,38.27,38.06,8148.59,5193.44,5632.91,0.0,0.0
975.81,39.08,40.24,38.27,38.06,8148.59,5193.44,5633.28,0.0,0.0
975.9,39.08,40.24,38.27,38.06,8149.87,5193.44,5633.28,0.0,0.0
976.01,39.05,40.24,38.27,38.06,8151.47,5193.44,5633.28,0.0,0.0
976.12,39.07,40.24,38.27,38.06,8151.15,5193.44,5632.91,0.0,0.0
976.33,39.08,40.24,38.27,38.06,8149.87,5193.44,5633.28,0.0,0.0
976.45,39.08,40.24,38.27,38.06,8150.19,5193.44,5633.28,0.0,0.0
976.58,39.08,40.24,38.27,38.06,8150.83,5193.44,5632.54,0.0,0.0
976.63,39.08,40.24,38.27,38.06,8149.23,5193.44,5633.28,0.0,0.0
976.7,39.07,40.24,38.27,38.06,8150.51,5193.44,5632.91,0.0,0.0
976.81,39.09,40.24,38.27,38.06,8148.91,5193.44,5632.91,0.0,0.0
976.91,39.08,40.24,38.27,38.07,8150.19,5193.44,5633.28,0.0,0.0
976.93,39.08,40.24,38.27,38.07,8149.23,5193.44,5632.91,0.0,0.0
977.03,39.08,40.24,38.27,38.07,8149.87,5193.44,5633.28,0.0,0.0
977.11,39.08,40.24,38.27,38.07,8150.19,5193.44,5632.91,0.0,0.0
977.27,39.08,40.24,38.27,38.07,8149.87,5193.44,5632.91,0.0,0.0
977.31,39.08,40.24,38.27,38.07,8148.59,5193.09,5632.91,0.0,0.0
977.47,39.08,40.24,38.27,38.07,8150.19,5193.44,5633.28,0.0,0.0
977.5,39.07,40.24,38.27,38.07,8150.51,5193.44,5632.91,0.0,0.0
977.61,39.08,40.24,38.27,38.07,8150.19,5193.44,5632.91,0.0,0.0
977.71,39.08,40.24,38.27,38.07,8150.83,5193.44,5632.54,0.0,0.0
977.81,39.05,40.24,38.28,38.07,8151.47,5193.44,5632.17,0.0,0.0
977.91,39.07,40.24,38.27,38.07,8151.15,5193.44,5632.54,0.0,0.0
978.0,39.08,40.24,38.27,38.07,8150.83,5193.44,5632.54,0.0,0.0
978.12,39.07,40.24,38.27,38.07,8151.15,5193.44,5632.54,0.0,0.0
978.22,39.08,40.24,38.27,38.07,8149.87,5193.44,5633.28,0.0,0.0
978.44,39.08,40.24,38.27,38.07,8149.87,5193.44,5632.91,0.0,0.0
978.47,39.07,40.24,38.27,38.07,8150.51,5193.44,5632.91,0.0,0.0
978.53,39.07,40.24,38.28,38.07,8150.51,5193.44,5632.17,0.0,0.0
978.64,39.07,40.24,38.28,38.07,8150.51,5193.44,5632.17,0.0,0.0
978.78,39.08,40.24,38.27,38.07,8150.19,5193.44,5632.91,0.0,0.0
978.86,39.08,40.24,38.28,38.07,8149.87,5193.44,5632.17,0.0,0.0
978.94,39.08,40.24,38.28,38.07,8150.19,5193.44,5631.79,0.0,0.0
979.05,39.08,40.24,38.27,38.07,8149.87,5193.44,5632.91,0.0,0.0
979.12,39.07,40.24,38.27,38.07,8150.51,5193.44,5632.54,0.0,0.0
979.25,39.11,40.24,38.27,38.08,8147.63,5193.44,5632.54,0.0,0.0
979.34,39.09,40.24,38.27,38.08,8148.91,5193.44,5632.54,0.0,0.0
979.41,39.07,40.24,38.27,38.08,8149.55,5193.44,5632.54,0.0,0.0
979.5,39.07,40.24,38.27,38.08,8149.55,5193.44,5632.91,0.0,0.0
979.61,39.05,40.24,38.27,38.08,8151.47,5193.09,5632.54,0.0,0.0
979.72,39.08,40.24,38.27,38.08,8150.19,5193.44,5632.91,0.0,0.0
979.81,39.08,40.24,38.28,38.08,8150.83,5193.44,5632.17,0.0,0.0
979.96,39.09,40.24,38.28,38.08,8148.91,5193.44,5631.05,0.0,0.0
980.03,39.08,40.24,38.28,38.08,8150.19,5193.44,5631.05,0.0,0.0
980.19,39.08,40.24,38.29,38.08,8150.83,5193.44,5628.07,0.0,0.0
980.28,39.09,40.24,38.28,38.08,8148.91,5193.44,5630.68,0.0,0.0
980.4,39.08,40.24,38.28,38.08,8149.87,5193.44,5631.42,0.0,0.0
980.45,39.08,40.24,38.27,38.08,8149.87,5193.44,5632.54,0.0,0.0
980.52,39.08,40.24,38.28,38.08,8150.83,5193.44,5631.79,0.0,0.0
980.69,39.07,40.24,38.28,38.08,8149.55,5193.44,5630.68,0.0,0.0
980.77,39.08,40.24,38.28,38.08,8150.83,5193.44,5631.79,0.0,0.0
980.94,39.05,40.24,38.28,38.08,8151.47,5193.44,5632.17,0.0,0.0
981.03,39.07,40.24,38.28,38.08,8151.15,5193.09,5631.79,0.0,0.0
981.08,39.08,40.24,38.28,38.08,8149.23,5193.44,5631.79,0.0,0.0
981.2,39.07,40.24,38.28,38.08,8150.51,5193.44,5631.79,0.0,0.0
981.2,39.07,40.24,38.27,38.08,8149.55,5193.09,5632.91,0.0,0.0
981.37,39.08,40.24,38.27,38.08,8149.23,5193.44,5632.91,0.0,0.0
981.42,39.07,40.24,38.27,38.08,8150.51,5193.09,5632.54,0.0,0.0
981.53,39.07,40.24,38.27,38.08,8149.55,5193.44,5632.91,0.0,0.0
981.62,39.08,40.24,38.27,38.08,8150.19,5193.09,5633.28,0.0,0.0
981.7,39.08,40.24,38.27,38.08,8150.19,5193.09,5632.54,0.0,0.0
982.0,39.09,40.24,38.28,38.09,8148.27,5193.09,5631.79,0.0,0.0
982.1,39.07,40.24,38.28,38.09,8149.55,5193.09,5632.17,0.0,0.0
982.15,39.05,40.25,38.28,38.09,8151.47,5192.74,5632.17,0.0,0.0
982.21,39.07,40.25,38.27,38.09,8149.55,5192.74,5632.54,0.0,0.0
982.23,39.08,40.24,38.27,38.09,8150.83,5193.09,5632.54,0.0,0.0
982.35,39.08,40.24,38.28,38.09,8149.87,5193.09,5631.42,0.0,0.0
982.53,39.08,40.25,38.28,38.09,8149.87,5192.04,5632.17,0.0,0.0
982.55,39.08,40.24,38.27,38.09,8149.87,5193.09,5632.91,0.0,0.0
982.62,39.07,40.25,38.27,38.09,8151.15,5192.04,5632.54,0.0,0.0
982.72,39.08,40.26,38.28,38.09,8149.87,5189.93,5632.17,0.0,0.0
982.8,39.08,40.26,38.27,38.09,8149.87,5190.28,5632.91,0.0,0.0
982.98,39.08,40.26,38.27,38.09,8149.87,5189.93,5632.91,0.0,0.0
983.02,39.08,40.27,38.27,38.09,8150.19,5187.47,5633.28,0.0,0.0
983.1,39.08,40.27,38.28,38.09,8150.83,5187.82,5632.17,0.0,0.0
983.23,39.08,40.27,38.27,38.09,8149.87,5187.82,5633.28,0.0,0.0
983.33,39.09,40.28,38.27,38.09,8148.91,5185.71,5633.28,0.0,0.0
983.4,39.08,40.28,38.27,38.09,8149.87,5184.66,5633.28,0.0,0.0
983.53,39.07,40.29,38.27,38.09,8150.51,5182.91,5632.91,0.0,0.0
983.74,39.08,40.3,38.27,38.09,8150.19,5181.85,5632.91,0.0,0.0
983.83,39.08,40.3,38.28,38.09,8148.59,5180.1,5631.79,0.0,0.0
983.83,39.07,40.3,38.28,38.09,8149.55,5181.5,5631.79,0.0,0.0
984.01,39.09,40.31,38.27,38.09,8148.91,5179.75,5632.91,0.0,0.0
984.09,39.07,40.3,38.27,38.09,8150.51,5180.8,5632.91,0.0,0.0
984.15,39.08,40.3,38.27,38.09,8149.87,5180.1,5632.91,0.0,0.0
984.22,39.07,40.3,38.28,38.09,8149.55,5182.2,5632.17,0.0,0.0
984.3,39.07,40.3,38.27,38.09,8149.55,5180.45,5632.91,0.0,0.0
984.41,39.07,40.3,38.27,38.09,8150.51,5180.1,5632.91,0.0,0.0
984.5,39.09,40.3,38.27,38.1,8148.91,5181.85,5632.91,0.0,0.0
984.62,39.09,40.3,38.27,38.1,8148.91,5181.85,5633.28,0.0,0.0
984.72,39.08,40.29,38.27,38.1,8150.83,5182.56,5633.28,0.0,0.0
984.8,39.08,40.3,38.27,38.1,8149.87,5181.5,5632.91,0.0,0.0
984.95,39.08,40.29,38.28,38.1,8148.59,5183.61,5632.17,0.0,0.0
985.01,39.07,40.29,38.27,38.1,8150.51,5183.96,5632.91,0.0,0.0
985.13,39.09,40.29,38.27,38.1,8148.91,5183.96,5632.91,0.0,0.0
985.21,39.08,40.29,38.27,38.1,8150.19,5182.56,5632.54,0.0,0.0
985.32,39.08,40.29,38.28,38.1,8150.83,5183.61,5632.17,0.0,0.0
985.41,39.07,40.29,38.28,38.1,8150.51,5182.56,5631.79,0.0,0.0
985.51,39.09,40.3,38.27,38.1,8147.95,5181.5,5632.91,0.0,0.0
985.63,39.08,40.29,38.27,38.1,8150.19,5182.91,5632.91,0.0,0.0
985.71,39.08,40.3,38.27,38.1,8148.59,5182.2,5632.54,0.0,0.0
985.82,39.08,40.31,38.28,38.1,8149.23,5179.4,5632.17,0.0,0.0
985.9,39.09,40.3,38.27,38.1,8147.95,5180.1,5632.91,0.0,0.0
986.01,39.08,40.32,38.27,38.1,8148.59,5177.64,5632.54,0.0,0.0
986.13,39.09,40.32,38.27,38.1,8148.27,5176.94,5632.91,0.0,0.0
986.22,39.07,40.32,38.27,38.1,8149.55,5176.94,5632.54,0.0,0.0
986.4,39.09,40.33,38.28,38.1,8148.27,5175.19,5631.79,0.0,0.0
986.62,39.09,40.33,38.27,38.1,8148.27,5174.84,5632.54,0.0,0.0
986.76,39.12,40.33,38.27,38.11,8146.99,5174.84,5632.91,0.0,0.0
986.88,39.09,40.33,38.28,38.11,8148.91,5174.49,5631.79,0.0,0.0
987.12,39.08,40.34,38.28,38.11,8148.59,5173.08,5631.42,0.0,0.0
987.12,39.08,40.34,38.27,38.11,8148.59,5173.08,5632.54,0.0,0.0
987.25,39.09,40.33,38.28,38.11,8148.91,5175.19,5631.79,0.0,0.0
987.46,39.07,40.33,38.27,38.11,8149.55,5174.84,5632.54,0.0,0.0
987.57,39.12,40.32,38.27,38.11,8146.99,5176.59,5632.54,0.0,0.0
987.67,39.11,40.33,38.28,38.11,8147.31,5175.54,5631.42,0.0,0.0
987.76,39.09,40.33,38.28,38.11,8148.27,5173.79,5632.17,0.0,0.0
987.83,39.09,40.33,38.28,38.11,8147.95,5175.54,5631.79,0.0,0.0
987.84,39.11,40.33,38.28,38.11,8147.31,5174.49,5632.17,0.0,0.0
987.9,39.09,40.33,38.27,38.11,8147.95,5173.79,5632.54,0.0,0.0
987.98,39.12,40.33,38.28,38.11,8146.35,5175.54,5631.79,0.0,0.0
988.02,39.12,40.33,38.28,38.11,8146.99,5175.54,5632.17,0.0,0.0
988.03,39.09,40.32,38.28,38.11,8148.27,5176.24,5632.17,0.0,0.0
988.15,39.12,40.32,38.28,38.11,8146.99,5176.94,5631.05,0.0,0.0
988.22,39.12,40.33,38.28,38.11,8146.35,5175.19,5632.17,0.0,0.0
988.26,39.14,40.32,38.28,38.11,8146.03,5176.59,5631.05,0.0,0.0
988.4,39.12,40.32,38.28,38.12,8146.99,5177.64,5630.68,0.0,0.0
988.52,39.11,40.3,38.28,38.12,8147.63,5180.45,5631.05,0.0,0.0
988.71,39.14,40.31,38.27,38.12,8145.39,5179.75,5632.91,0.0,0.0
988.73,39.14,40.3,38.28,38.12,8145.07,5182.2,5631.42,0.0,0.0
988.85,39.12,40.29,38.28,38.12,8146.99,5183.96,5632.17,0.0,0.0
989.05,39.14,40.29,38.27,38.12,8146.03,5184.31,5632.54,0.0,0.0
989.1,39.14,40.29,38.27,38.12,8146.03,5184.31,5632.91,0.0,0.0
989.2,39.12,40.28,38.28,38.12,8146.99,5185.01,5631.79,0.0,0.0
989.25,39.12,40.28,38.27,38.12,8146.99,5185.01,5632.54,0.0,0.0
989.36,39.11,40.27,38.28,38.12,8146.67,5187.82,5632.17,0.0,0.0
989.36,39.14,40.27,38.27,38.12,8144.43,5187.12,5633.28,0.0,0.0
989.54,39.12,40.28,38.27,38.12,8146.35,5185.71,5632.91,0.0,0.0
989.67,39.14,40.27,38.27,38.12,8145.39,5187.82,5632.54,0.0,0.0
989.75,39.14,40.27,38.27,38.12,8143.79,5187.82,5632.54,0.0,0.0
989.81,39.14,40.26,38.27,38.12,8146.03,5189.58,5632.91,0.0,0.0
989.88,39.16,40.26,38.27,38.12,8143.15,5189.23,5632.54,0.0,0.0
989.95,39.17,40.26,38.27,38.12,8142.83,5189.23,5632.91,0.0,0.0
990.1,39.13,40.25,38.27,38.12,8144.75,5191.33,5633.28,0.0,0.0
990.22,39.14,40.25,38.27,38.12,8146.03,5190.98,5633.28,0.0,0.0
990.22,39.14,40.26,38.27,38.12,8145.39,5190.28,5632.91,0.0,0.0
990.43,39.11,40.26,38.27,38.12,8147.31,5190.28,5633.28,0.0,0.0
990.54,39.12,40.26,38.27,38.12,8145.71,5189.58,5633.28,0.0,0.0
990.55,39.14,40.26,38.27,38.12,8144.43,5190.28,5632.91,0.0,0.0
990.61,39.15,40.26,38.27,38.12,8144.11,5188.87,5632.91,0.0,0.0
990.82,39.11,40.25,38.27,38.13,8147.63,5192.04,5633.28,0.0,0.0
990.9,39.14,40.26,38.27,38.13,8145.39,5190.63,5632.54,0.0,0.0
991.11,39.14,40.25,38.27,38.13,8143.79,5192.04,5632.91,0.0,0.0
991.14,39.12,40.26,38.27,38.13,8145.71,5190.63,5632.91,0.0,0.0
991.25,39.14,40.25,38.27,38.13,8144.43,5191.33,5633.28,0.0,0.0
991.53,39.14,40.25,38.27,38.13,8145.07,5191.33,5632.54,0.0,0.0
991.65,39.12,40.25,38.27,38.13,8146.35,5191.69,5632.91,0.0,0.0
991.8,39.15,40.25,38.27,38.13,8144.11,5192.04,5632.54,0.0,0.0
991.87,39.13,40.25,38.27,38.13,8144.75,5192.04,5632.91,0.0,0.0
992.04,39.12,40.25,38.27,38.13,8145.71,5192.04,5632.91,0.0,0.0
992.16,39.12,40.25,38.27,38.13,8145.71,5192.04,5632.91,0.0,0.0
992.25,39.13,40.25,38.27,38.13,8144.75,5192.04,5633.28,0.0,0.0
992.28,39.12,40.25,38.27,38.13,8146.35,5191.33,5632.54,0.0,0.0
992.35,39.14,40.25,38.27,38.13,8143.79,5190.98,5633.28,0.0,0.0
992.36,39.18,40.25,38.27,38.13,8141.55,5192.74,5632.91,0.0,0.0
992.46,39.14,40.25,38.27,38.13,8144.43,5192.39,5632.54,0.0,0.0
992.63,39.14,40.25,38.27,38.13,8146.03,5191.69,5632.54,0.0,0.0
992.65,39.14,40.25,38.27,38.13,8146.03,5191.69,5632.54,0.0,0.0
992.74,39.15,40.25,38.27,38.13,8144.11,5191.33,5632.91,0.0,0.0
992.87,39.15,40.25,38.27,38.13,8144.11,5192.39,5632.91,0.0,0.0
992.96,39.14,40.25,38.27,38.13,8143.79,5192.39,5632.91,0.0,0.0
993.11,39.17,40.25,38.27,38.13,8142.83,5192.39,5633.28,0.0,0.0
993.18,39.17,40.25,38.27,38.13,8142.51,5192.74,5633.28,0.0,0.0
993.2,39.17,40.25,38.27,38.13,8142.51,5191.33,5632.91,0.0,0.0
993.2,39.16,40.25,38.27,38.13,8143.15,5192.74,5633.28,0.0,0.0
993.22,39.15,40.25,38.27,38.13,8143.47,5191.69,5632.54,0.0,0.0
993.4,39.14,40.25,38.28,38.13,8144.43,5191.33,5632.17,0.0,0.0
993.52,39.15,40.26,38.27,38.13,8144.11,5190.63,5632.54,0.0,0.0
993.64,39.15,40.25,38.27,38.13,8144.11,5190.98,5632.91,0.0,0.0
993.85,39.17,40.26,38.27,38.13,8142.51,5188.87,5632.91,0.0,0.0
994.01,39.15,40.26,38.27,38.13,8144.11,5189.58,5632.54,0.0,0.0
994.08,39.14,40.26,38.27,38.13,8144.43,5189.93,5633.28,0.0,0.0
994.29,39.16,40.27,38.27,38.13,8143.15,5187.12,5633.28,0.0,0.0
994.44,39.14,40.28,38.27,38.13,8145.39,5184.66,5633.28,0.0,0.0
994.6,39.19,40.28,38.27,38.13,8140.91,5185.01,5633.28,0.0,0.0
994.78,39.19,40.29,38.27,38.13,8140.91,5184.31,5632.91,0.0,0.0
994.88,39.17,40.3,38.27,38.13,8142.51,5180.8,5633.28,0.0,0.0
995.0,39.13,40.31,38.27,38.13,8144.75,5179.4,5632.91,0.0,0.0
995.11,39.17,40.31,38.27,38.13,8142.51,5179.4,5632.91,0.0,0.0
995.3,39.19,40.32,38.28,38.13,8140.91,5176.94,5632.17,0.0,0.0
995.39,39.15,40.33,38.27,38.13,8143.47,5175.54,5632.91,0.0,0.0
995.66,39.19,40.32,38.28,38.13,8140.28,5176.94,5632.17,0.0,0.0
995.79,39.19,40.33,38.28,38.13,8140.6,5174.84,5631.79,0.0,0.0
995.86,39.15,40.33,38.27,38.13,8144.11,5173.79,5632.54,0.0,0.0
996.02,39.16,40.34,38.27,38.13,8141.87,5172.38,5633.28,0.0,0.0
996.15,39.18,40.34,38.27,38.13,8142.19,5172.38,5632.54,0.0,0.0
996.3,39.19,40.34,38.28,38.13,8140.6,5171.68,5631.05,0.0,0.0
996.4,39.18,40.35,38.28,38.14,8142.19,5171.33,5632.17,0.0,0.0
996.51,39.17,40.34,38.28,38.14,8142.51,5172.03,5631.42,0.0,0.0
996.68,39.22,40.35,38.28,38.14,8139.64,5171.33,5632.17,0.0,0.0
996.74,39.15,40.35,38.28,38.14,8144.11,5170.98,5631.05,0.0,0.0
996.85,39.18,40.34,38.28,38.14,8141.23,5171.68,5632.17,0.0,0.0
997.02,39.16,40.35,38.28,38.14,8141.87,5170.98,5630.68,0.0,0.0
997.14,39.18,40.35,38.28,38.14,8142.19,5170.98,5631.79,0.0,0.0
997.28,39.17,40.35,38.28,38.14,8142.51,5170.98,5631.42,0.0,0.0
997.45,39.19,40.35,38.28,38.14,8140.28,5170.98,5631.42,0.0,0.0
997.54,39.21,40.35,38.28,38.14,8138.36,5170.98,5632.17,0.0,0.0
997.67,39.22,40.35,38.28,38.14,8139.64,5170.98,5630.68,0.0,0.0
997.92,39.19,40.35,38.29,38.14,8140.28,5170.98,5629.93,0.0,0.0
998.03,39.16,40.35,38.28,38.14,8141.87,5170.98,5630.68,0.0,0.0
998.17,39.22,40.35,38.29,38.14,8137.4,5170.98,5629.56,0.0,0.0
998.28,39.19,40.35,38.29,38.14,8140.91,5170.98,5628.82,0.0,0.0
998.39,39.19,40.35,38.29,38.14,8140.6,5170.98,5629.56,0.0,0.0
998.48,39.18,40.35,38.29,38.14,8141.55,5170.98,5628.44,0.0,0.0
998.5,39.18,40.35,38.3,38.14,8141.23,5170.98,5626.96,0.0,0.0
998.52,39.19,40.35,38.31,38.14,8140.28,5170.98,5624.72,0.0,0.0
998.65,39.18,40.35,38.31,38.14,8141.55,5170.98,5625.1,0.0,0.0
998.76,39.17,40.35,38.31,38.14,8142.83,5170.98,5623.98,0.0,0.0
998.92,39.17,40.35,38.31,38.15,8142.83,5170.98,5624.72,0.0,0.0
999.04,39.21,40.35,38.31,38.15,8139.32,5170.98,5623.24,0.0,0.0
999.1,39.18,40.35,38.31,38.15,8141.55,5170.98,5623.24,0.0,0.0
999.2,39.18,40.35,38.32,38.15,8142.19,5170.98,5621.75,0.0,0.0
999.35,39.19,40.35,38.32,38.15,8140.28,5170.98,5622.87,0.0,0.0
999.48,39.18,40.35,38.32,38.15,8142.19,5170.98,5622.12,0.0,0.0
999.58,39.19,40.35,38.32,38.15,8140.28,5170.98,5621.01,0.0,0.0
999.67,39.19,40.35,38.32,38.15,8140.28,5170.98,5621.38,0.0,0.0
999.7,39.19,40.35,38.33,38.15,8140.91,5170.98,5618.78,0.0,0.0
999.75,39.22,40.35,38.34,38.15,8138.04,5170.98,5618.04,0.0,0.0
999.87,39.21,40.35,38.33,38.15,8139.0,5170.98,5619.89,0.0,0.0
999.98,39.2,40.35,38.34,38.15,8139.96,5170.98,5616.18,0.0,0.0
1000.03,39.21,40.35,38.35,38.15,8139.32,5170.98,5615.43,0.0,0.0
1000.04,39.15,40.35,38.35,38.15,8143.47,5170.98,5613.95,0.0,0.0
1000.1,39.18,40.35,38.36,38.15,8141.55,5170.98,5612.46,0.0,0.0
1000.13,39.22,40.35,38.36,38.15,8138.68,5170.98,5612.84,0.0,0.0
1000.13,39.19,40.35,38.36,38.15,8140.6,5170.98,5612.09,0.0,0.0
1000.15,39.16,40.35,38.36,38.15,8141.87,5170.98,5613.21,0.0,0.0
1000.15,39.18,40.35,38.37,38.15,8141.23,5170.98,5610.98,0.0,0.0
1000.17,39.19,40.35,38.37,38.15,8140.28,5170.98,5610.98,0.0,0.0
1000.2,39.2,40.35,38.36,38.15,8139.96,5170.98,5611.72,0.0,0.0
1000.22,39.21,40.35,38.37,38.16,8139.32,5170.98,5610.61,0.0,0.0
1000.27,39.22,40.35,38.37,38.16,8138.04,5170.98,5610.24,0.0,0.0
1000.36,39.19,40.35,38.37,38.16,8140.91,5170.98,5609.49,0.0,0.0
1000.52,39.18,40.35,38.37,38.16,8141.55,5170.98,5610.24,0.0,0.0
1000.54,39.19,40.35,38.37,38.16,8140.28,5170.98,5610.24,0.0,0.0
1000.54,39.19,40.35,38.37,38.16,8140.6,5170.98,5609.49,0.0,0.0
1000.61,39.16,40.35,38.37,38.16,8141.87,5170.98,5609.87,0.0,0.0
1000.76,39.17,40.35,38.37,38.16,8142.51,5170.98,5609.49,0.0,0.0
1000.76,39.22,40.35,38.37,38.16,8138.68,5170.98,5609.87,0.0,0.0
1000.83,39.19,40.35,38.37,38.16,8140.91,5170.98,5609.49,0.0,0.0
1000.86,39.18,40.35,38.37,38.16,8141.23,5170.98,5609.49,0.0,0.0
1000.95,39.22,40.35,38.37,38.16,8139.64,5170.98,5609.49,0.0,0.0
1000.95,39.16,40.35,38.37,38.16,8141.87,5170.98,5609.49,0.0,0.0
1000.96,39.17,40.35,38.37,38.16,8142.51,5170.98,5609.49,0.0,0.0
1001.05,39.2,40.35,38.37,38.16,8139.96,5170.98,5609.49,0.0,0.0
1001.12,39.16,40.35,38.37,38.16,8141.87,5170.98,5609.49,0.0,0.0
1001.22,39.17,40.35,38.37,38.16,8142.51,5170.98,5609.49,0.0,0.0
1001.34,39.16,40.35,38.38,38.16,8141.87,5170.98,5609.12,0.0,0.0
1001.47,39.13,40.35,38.37,38.16,8144.75,5170.98,5609.49,0.0,0.0
1001.53,39.22,40.35,38.38,38.16,8139.64,5170.98,5609.12,0.0,0.0
1001.63,39.21,40.35,38.37,38.16,8139.32,5170.98,5609.49,0.0,0.0
1001.73,39.22,40.35,38.38,38.16,8139.64,5170.98,5609.12,0.0,0.0
1001.87,39.19,40.35,38.38,38.16,8140.6,5170.98,5609.12,0.0,0.0
1001.93,39.17,40.35,38.37,38.17,8142.83,5170.98,5609.49,0.0,0.0
1002.05,39.21,40.35,38.37,38.17,8139.32,5170.98,5609.49,0.0,0.0
1002.12,39.19,40.35,38.37,38.17,8140.28,5170.98,5609.49,0.0,0.0
1002.32,39.22,40.35,38.38,38.17,8139.64,5170.98,5609.12,0.0,0.0
1002.37,39.19,40.35,38.37,38.17,8140.91,5170.98,5609.49,0.0,0.0
1002.42,39.18,40.35,38.37,38.17,8141.23,5170.98,5609.49,0.0,0.0
1002.52,39.22,40.35,38.38,38.17,8138.68,5170.98,5609.12,0.0,0.0
1002.62,39.21,40.35,38.38,38.17,8139.32,5170.98,5608.75,0.0,0.0
1002.72,39.2,40.35,38.37,38.17,8139.96,5170.98,5609.49,0.0,0.0
1002.82,39.19,40.35,38.38,38.17,8140.28,5170.98,5609.12,0.0,0.0
1002.95,39.21,40.35,38.37,38.17,8139.32,5170.98,5609.49,0.0,0.0
1003.07,39.18,40.35,38.38,38.17,8142.19,5170.98,5609.12,0.0,0.0
1003.12,39.16,40.35,38.38,38.17,8141.87,5170.98,5609.12,0.0,0.0
1003.22,39.19,40.35,38.38,38.17,8140.28,5170.98,5609.12,0.0,0.0
1003.32,39.18,40.35,38.38,38.17,8141.23,5170.98,5609.12,0.0,0.0
1003.44,39.21,40.35,38.38,38.17,8138.36,5170.98,5608.75,0.0,0.0
1003.54,39.18,40.35,38.38,38.17,8142.19,5170.98,5609.12,0.0,0.0
1003.63,39.22,40.35,38.38,38.17,8139.64,5170.98,5609.12,0.0,0.0
1003.8,39.14,40.35,38.38,38.17,8144.43,5170.98,5608.75,0.0,0.0
1003.87,39.17,40.35,38.37,38.17,8142.83,5170.98,5609.49,0.0,0.0
1003.94,39.19,40.35,38.38,38.17,8140.6,5170.98,5609.12,0.0,0.0
1004.08,39.22,40.35,38.38,38.17,8139.64,5170.98,5609.12,0.0,0.0
1004.12,39.19,40.35,38.37,38.17,8140.28,5170.98,5609.49,0.0,0.0
1004.24,39.18,40.35,38.37,38.17,8141.55,5170.98,5609.49,0.0,0.0
1004.34,39.19,40.35,38.37,38.17,8140.91,5170.98,5609.49,0.0,0.0
1004.45,39.2,40.35,38.38,38.17,8139.96,5170.98,5609.12,0.0,0.0
1004.52,39.22,40.35,38.37,38.18,8138.04,5170.98,5609.49,0.0,0.0
1004.63,39.17,40.35,38.38,38.18,8142.83,5170.98,5608.75,0.0,0.0
1004.72,39.2,40.35,38.38,38.18,8139.96,5170.98,5609.12,0.0,0.0
1004.91,39.18,40.35,38.38,38.18,8142.19,5170.98,5609.12,0.0,0.0
1004.92,39.18,40.35,38.38,38.18,8141.23,5170.98,5608.75,0.0,0.0
1005.13,39.2,40.35,38.38,38.18,8139.96,5170.63,5609.12,0.0,0.0
1005.19,39.22,40.35,38.37,38.18,8137.72,5170.98,5609.49,0.0,0.0
1005.22,39.18,40.35,38.38,38.18,8141.23,5170.98,5609.12,0.0,0.0
1005.32,39.22,40.35,38.38,38.18,8139.64,5170.98,5609.12,0.0,0.0
1005.41,39.19,40.35,38.38,38.18,8140.28,5170.98,5609.12,0.0,0.0
1005.52,39.2,40.35,38.38,38.18,8139.96,5170.98,5609.12,0.0,0.0
1005.63,39.19,40.35,38.37,38.18,8140.91,5170.98,5609.49,0.0,0.0
1005.72,39.19,40.35,38.37,38.18,8140.28,5170.98,5609.49,0.0,0.0
1005.82,39.16,40.35,38.38,38.18,8141.87,5170.98,5609.12,0.0,0.0
1005.92,39.18,40.35,38.37,38.18,8141.55,5170.98,5609.49,0.0,0.0
1006.02,39.15,40.35,38.37,38.18,8143.47,5170.98,5609.49,0.0,0.0
1006.13,39.18,40.35,38.38,38.18,8141.23,5170.98,5609.12,0.0,0.0
1006.29,39.19,40.35,38.38,38.18,8140.6,5170.98,5609.12,0.0,0.0
1006.35,39.19,40.35,38.38,38.18,8140.91,5170.98,5608.75,0.0,0.0
1006.43,39.21,40.35,38.38,38.18,8139.32,5170.98,5609.12,0.0,0.0
1006.54,39.18,40.35,38.38,38.18,8141.55,5170.98,5608.75,0.0,0.0
1006.63,39.19,40.35,38.38,38.18,8140.28,5170.98,5608.75,0.0,0.0
1006.73,39.19,40.35,38.38,38.18,8140.6,5170.98,5609.12,0.0,0.0
1006.85,39.21,40.35,38.38,38.18,8139.32,5170.98,5608.75,0.0,0.0
1006.93,39.19,40.35,38.38,38.18,8140.6,5170.98,5609.12,0.0,0.0
1007.03,39.22,40.35,38.37,38.18,8139.64,5170.98,5609.49,0.0,0.0
1007.12,39.16,40.35,38.37,38.18,8141.87,5170.98,5609.49,0.0,0.0
1007.22,39.19,40.35,38.38,38.18,8140.91,5170.98,5608.75,0.0,0.0
1007.32,39.22,40.35,38.37,38.18,8137.4,5170.98,5609.49,0.0,0.0
1007.44,39.19,40.35,38.38,38.19,8140.91,5170.98,5609.12,0.0,0.0
1007.51,39.21,40.35,38.37,38.19,8139.32,5170.98,5609.49,0.0,0.0
1007.63,39.2,40.35,38.38,38.19,8139.96,5170.98,5609.12,0.0,0.0
1007.78,39.19,40.35,38.38,38.19,8140.6,5170.98,5608.75,0.0,0.0
1007.82,39.21,40.35,38.38,38.19,8139.0,5170.98,5609.12,0.0,0.0
1007.94,39.2,40.35,38.38,38.19,8139.96,5170.98,5609.12,0.0,0.0
1008.02,39.19,40.35,38.38,38.19,8140.6,5170.98,5608.38,0.0,0.0
1008.12,39.22,40.35,38.38,38.19,8138.68,5170.98,5609.12,0.0,0.0
1008.25,39.22,40.35,38.38,38.19,8138.68,5170.98,5608.38,0.0,0.0
1008.32,39.22,40.35,38.38,38.19,8139.64,5170.98,5608.38,0.0,0.0
1008.45,39.21,40.35,38.38,38.19,8139.32,5170.28,5609.12,0.0,0.0
1008.52,39.22,40.35,38.38,38.19,8137.72,5170.98,5609.12,0.0,0.0
1008.63,39.22,40.35,38.38,38.19,8138.04,5170.63,5608.38,0.0,0.0
1008.72,39.17,40.35,38.39,38.19,8142.51,5170.63,5605.78,0.0,0.0
1008.83,39.22,40.35,38.38,38.19,8139.64,5170.98,5607.64,0.0,0.0
1008.92,39.22,40.35,38.38,38.19,8139.64,5170.98,5607.27,0.0,0.0
1009.05,39.22,40.35,38.39,38.19,8139.64,5170.63,5605.78,0.0,0.0
1009.28,39.21,40.35,38.39,38.19,8138.36,5170.63,5605.78,0.0,0.0
1009.41,39.22,40.35,38.4,38.19,8139.64,5170.28,5604.3,0.0,0.0
1009.42,39.25,40.35,38.4,38.19,8135.16,5170.28,5602.82,0.0,0.0
1009.46,39.19,40.35,38.4,38.19,8140.6,5170.63,5603.19,0.0,0.0
1009.54,39.21,40.35,38.41,38.19,8139.0,5170.63,5601.33,0.0,0.0
1009.63,39.22,40.35,38.41,38.19,8138.68,5170.63,5600.59,0.0,0.0
1009.73,39.24,40.35,38.41,38.19,8135.8,5170.98,5601.33,0.0,0.0
1009.94,39.22,40.35,38.42,38.19,8138.68,5169.93,5597.63,0.0,0.0
1010.0,39.21,40.35,38.43,38.19,8138.36,5170.28,5596.15,0.0,0.0
1010.07,39.23,40.35,38.44,38.19,8137.08,5169.58,5595.03,0.0,0.0
1010.13,39.22,40.35,38.43,38.19,8138.04,5170.28,5595.78,0.0,0.0
1010.28,39.22,40.35,38.45,38.19,8138.04,5169.93,5592.07,0.0,0.0
1010.34,39.24,40.36,38.45,38.19,8135.8,5169.23,5591.33,0.0,0.0
1010.46,39.26,40.36,38.46,38.19,8134.84,5168.88,5589.11,0.0,0.0
1010.56,39.25,40.36,38.46,38.19,8135.16,5168.53,5589.48,0.0,0.0
1010.64,39.24,40.35,38.46,38.19,8136.12,5169.93,5588.37,0.0,0.0
1010.73,39.25,40.35,38.47,38.19,8136.76,5169.58,5586.15,0.0,0.0
1010.84,39.25,40.36,38.47,38.2,8135.48,5168.53,5588.0,0.0,0.0
1010.96,39.25,40.35,38.47,38.2,8136.76,5169.58,5586.52,0.0,0.0
1011.09,39.25,40.35,38.47,38.2,8135.48,5169.93,5586.52,0.0,0.0
1011.13,39.24,40.36,38.47,38.2,8136.12,5167.83,5586.15,0.0,0.0
1011.24,39.25,40.36,38.48,38.2,8135.16,5168.18,5585.78,0.0,0.0
1011.35,39.24,40.36,38.47,38.2,8135.8,5169.23,5586.15,0.0,0.0
1011.43,39.23,40.36,38.48,38.2,8137.08,5168.88,5585.78,0.0,0.0
1011.62,39.25,40.36,38.48,38.2,8135.16,5167.48,5585.78,0.0,0.0
1011.68,39.29,40.36,38.48,38.2,8133.24,5167.48,5585.78,0.0,0.0
1011.75,39.24,40.35,38.48,38.2,8136.12,5169.58,5585.78,0.0,0.0
1011.86,39.24,40.36,38.48,38.2,8136.12,5167.83,5585.41,0.0,0.0
1011.96,39.23,40.35,38.48,38.2,8136.44,5169.93,5585.78,0.0,0.0
1012.09,39.19,40.36,38.48,38.2,8140.28,5169.23,5585.78,0.0,0.0
1012.19,39.24,40.36,38.48,38.2,8135.8,5168.88,5585.78,0.0,0.0
1012.26,39.23,40.36,38.48,38.2,8137.08,5169.23,5585.78,0.0,0.0
1012.33,39.24,40.35,38.48,38.2,8136.12,5169.93,5585.78,0.0,0.0
1012.43,39.28,40.36,38.48,38.2,8134.2,5167.83,5585.78,0.0,0.0
1012.55,39.29,40.35,38.48,38.2,8133.24,5170.28,5585.41,0.0,0.0
1012.64,39.23,40.35,38.48,38.2,8136.44,5170.98,5585.41,0.0,0.0
1012.78,39.26,40.35,38.48,38.2,8134.84,5170.63,5585.78,0.0,0.0
1012.88,39.24,40.35,38.48,38.2,8135.8,5170.63,5585.41,0.0,0.0
1012.94,39.26,40.35,38.48,38.2,8134.84,5170.98,5585.41,0.0,0.0
1013.11,39.26,40.35,38.47,38.2,8134.84,5170.28,5586.15,0.0,0.0
1013.12,39.24,40.35,38.48,38.2,8135.8,5170.63,5585.41,0.0,0.0
1013.22,39.27,40.35,38.47,38.2,8133.88,5170.63,5586.15,0.0,0.0
1013.37,39.26,40.35,38.48,38.2,8134.84,5170.63,5585.78,0.0,0.0
1013.43,39.28,40.35,38.47,38.2,8133.56,5170.98,5586.15,0.0,0.0
1013.71,39.27,40.35,38.47,38.2,8134.52,5170.98,5586.15,0.0,0.0
1013.77,39.27,40.35,38.47,38.2,8133.88,5170.98,5586.15,0.0,0.0
1013.8,39.29,40.35,38.48,38.2,8133.24,5170.98,5585.78,0.0,0.0
1013.84,39.27,40.35,38.48,38.2,8134.52,5170.98,5585.41,0.0,0.0
1013.94,39.27,40.35,38.48,38.2,8133.88,5170.63,5585.41,0.0,0.0
1014.03,39.24,40.35,38.47,38.2,8135.8,5170.63,5586.15,0.0,0.0
1014.14,39.28,40.35,38.47,38.2,8134.2,5170.63,5586.15,0.0,0.0
1014.27,39.25,40.35,38.47,38.2,8135.16,5170.98,5586.15,0.0,0.0
1014.36,39.27,40.35,38.48,38.21,8134.52,5170.98,5585.78,0.0,0.0
1014.43,39.23,40.35,38.48,38.21,8137.08,5170.98,5585.78,0.0,0.0
1014.54,39.28,40.35,38.48,38.21,8134.2,5170.98,5585.78,0.0,0.0
1014.63,39.28,40.35,38.48,38.21,8133.56,5170.98,5585.41,0.0,0.0
1014.79,39.25,40.35,38.48,38.21,8135.16,5170.98,5585.78,0.0,0.0
1014.85,39.27,40.35,38.48,38.21,8133.88,5170.98,5585.41,0.0,0.0
1014.95,39.28,40.35,38.48,38.21,8133.56,5170.98,5585.78,0.0,0.0
1015.13,39.27,40.35,38.47,38.21,8134.52,5170.98,5586.15,0.0,0.0
1015.16,39.25,40.35,38.48,38.21,8135.48,5170.98,5585.41,0.0,0.0
1015.23,39.27,40.35,38.48,38.21,8134.52,5170.98,5585.41,0.0,0.0
1015.35,39.25,40.35,38.48,38.21,8136.76,5170.98,5585.41,0.0,0.0
1015.45,39.26,40.35,38.48,38.21,8134.84,5170.98,5585.78,0.0,0.0
1015.57,39.25,40.35,38.48,38.21,8135.48,5170.98,5585.78,0.0,0.0
1015.63,39.27,40.35,38.47,38.21,8134.52,5170.98,5586.15,0.0,0.0
1015.74,39.25,40.35,38.48,38.21,8135.16,5170.98,5585.78,0.0,0.0
1015.84,39.26,40.35,38.48,38.21,8134.84,5170.98,5585.41,0.0,0.0
1015.99,39.24,40.35,38.48,38.21,8135.8,5170.98,5585.78,0.0,0.0
1016.04,39.27,40.35,38.47,38.21,8133.88,5170.98,5586.52,0.0,0.0
1016.2,39.28,40.35,38.47,38.21,8134.2,5170.98,5586.15,0.0,0.0
1016.43,39.23,40.35,38.47,38.21,8136.44,5170.98,5586.15,0.0,0.0
1016.51,39.24,40.35,38.48,38.21,8135.8,5170.98,5585.78,0.0,0.0
1016.53,39.25,40.35,38.48,38.21,8135.48,5170.98,5585.78,0.0,0.0
1016.56,39.27,40.35,38.48,38.21,8134.52,5170.98,5585.78,0.0,0.0
1016.68,39.25,40.35,38.48,38.21,8136.76,5170.98,5585.78,0.0,0.0
1016.83,39.25,40.35,38.48,38.21,8135.48,5170.98,5585.78,0.0,0.0
1016.89,39.27,40.35,38.47,38.21,8134.52,5170.98,5586.52,0.0,0.0
1016.95,39.24,40.35,38.47,38.21,8136.12,5170.98,5586.15,0.0,0.0
1017.18,39.28,40.35,38.47,38.21,8134.2,5170.98,5586.15,0.0,0.0
1017.31,39.23,40.35,38.48,38.21,8137.08,5170.98,5585.78,0.0,0.0
1017.44,39.25,40.35,38.47,38.21,8135.48,5170.98,5586.15,0.0,0.0
1017.56,39.25,40.35,38.48,38.21,8135.48,5170.98,5585.78,0.0,0.0
1017.57,39.24,40.35,38.47,38.21,8135.8,5170.98,5586.15,0.0,0.0
1017.58,39.27,40.35,38.48,38.21,8134.52,5170.98,5585.78,0.0,0.0
1017.72,39.23,40.35,38.48,38.21,8137.08,5170.98,5585.78,0.0,0.0
1017.88,39.25,40.35,38.47,38.21,8136.76,5170.98,5587.26,0.0,0.0
1018.01,39.22,40.35,38.47,38.21,8138.04,5170.98,5586.15,0.0,0.0
1018.17,39.24,40.35,38.47,38.21,8135.8,5171.33,5586.15,0.0,0.0
1018.22,39.23,40.35,38.47,38.21,8136.44,5170.98,5586.52,0.0,0.0
1018.22,39.21,40.35,38.47,38.21,8138.36,5170.98,5586.15,0.0,0.0
1018.29,39.27,40.35,38.48,38.21,8134.52,5170.98,5585.78,0.0,0.0
1018.41,39.22,40.34,38.48,38.21,8138.04,5171.68,5585.78,0.0,0.0
1018.46,39.21,40.35,38.48,38.21,8139.0,5170.98,5585.78,0.0,0.0
1018.57,39.21,40.35,38.48,38.21,8139.32,5171.33,5585.78,0.0,0.0
1018.78,39.23,40.35,38.48,38.21,8136.44,5170.98,5585.78,0.0,0.0
1018.94,39.19,40.35,38.47,38.21,8140.28,5170.98,5586.15,0.0,0.0
1019.08,39.23,40.35,38.47,38.21,8136.44,5170.98,5586.15,0.0,0.0
1019.28,39.22,40.35,38.48,38.21,8137.4,5170.98,5585.41,0.0,0.0
1019.43,39.25,40.35,38.48,38.21,8135.16,5170.98,5585.41,0.0,0.0
1019.56,39.23,40.35,38.48,38.21,8136.44,5170.98,5585.04,0.0,0.0
1019.8,39.22,40.35,38.48,38.22,8138.68,5170.98,5585.41,0.0,0.0
1019.98,39.22,40.35,38.48,38.22,8138.04,5170.98,5585.78,0.0,0.0
1020.08,39.28,40.35,38.48,38.22,8133.56,5170.98,5585.78,0.0,0.0
1020.2,39.22,40.35,38.48,38.22,8138.04,5170.98,5585.78,0.0,0.0
1020.21,39.25,40.35,38.48,38.22,8135.16,5170.98,5585.41,0.0,0.0
1020.32,39.24,40.35,38.48,38.22,8135.8,5170.98,5585.41,0.0,0.0
1020.48,39.24,40.35,38.48,38.22,8136.12,5170.98,5585.78,0.0,0.0
1020.55,39.27,40.35,38.48,38.22,8133.88,5170.98,5585.78,0.0,0.0
1020.63,39.29,40.35,38.48,38.22,8133.24,5170.98,5585.78,0.0,0.0
1020.78,39.24,40.35,38.48,38.22,8136.12,5170.98,5585.78,0.0,0.0
1020.83,39.23,40.35,38.48,38.22,8137.08,5170.98,5585.78,0.0,0.0
1020.94,39.27,40.35,38.48,38.22,8133.88,5170.98,5585.41,0.0,0.0
1021.03,39.28,40.35,38.48,38.22,8133.56,5170.98,5585.41,0.0,0.0
1021.13,39.26,40.35,38.48,38.22,8134.84,5170.98,5585.78,0.0,0.0
1021.15,39.26,40.35,38.48,38.22,8134.84,5170.98,5585.78,0.0,0.0
1021.15,39.29,40.35,38.48,38.22,8132.6,5170.98,5585.41,0.0,0.0
1021.15,39.25,40.35,38.48,38.22,8135.16,5170.98,5585.78,0.0,0.0
1021.16,39.25,40.35,38.48,38.22,8135.16,5170.98,5585.41,0.0,0.0
1021.17,39.28,40.35,38.48,38.22,8133.56,5170.98,5585.78,0.0,0.0
1021.18,39.3,40.35,38.48,38.22,8132.29,5170.98,5585.78,0.0,0.0
1021.25,39.27,40.35,38.47,38.22,8134.52,5170.98,5586.15,0.0,0.0
1021.34,39.29,40.35,38.48,38.22,8133.24,5170.98,5585.78,0.0,0.0
1021.43,39.25,40.35,38.47,38.22,8135.48,5170.98,5586.15,0.0,0.0
1021.54,39.27,40.35,38.47,38.22,8132.92,5170.98,5588.0,0.0,0.0
1021.76,39.27,40.35,38.45,38.22,8134.52,5170.98,5590.96,0.0,0.0
1021.87,39.3,40.35,38.44,38.22,8131.64,5170.98,5594.66,0.0,0.0
1021.93,39.28,40.35,38.42,38.22,8133.56,5170.98,5598.37,0.0,0.0
1022.07,39.29,40.35,38.41,38.22,8133.24,5170.98,5601.7,0.0,0.0
1022.07,39.24,40.35,38.39,38.22,8135.8,5170.98,5604.67,0.0,0.0
1022.15,39.27,40.35,38.39,38.22,8132.92,5170.98,5606.53,0.0,0.0
1022.28,39.27,40.35,38.38,38.22,8133.88,5170.98,5608.38,0.0,0.0
1022.33,39.27,40.35,38.38,38.22,8132.92,5170.98,5608.75,0.0,0.0
1022.56,39.24,40.35,38.38,38.22,8135.8,5170.98,5609.12,0.0,0.0
1022.7,39.27,40.35,38.38,38.22,8133.88,5170.98,5609.12,0.0,0.0
1022.88,39.28,40.35,38.38,38.22,8133.56,5170.98,5609.12,0.0,0.0
1022.94,39.29,40.35,38.38,38.22,8133.24,5170.98,5609.12,0.0,0.0
1022.98,39.29,40.35,38.38,38.22,8133.24,5170.98,5609.12,0.0,0.0
1022.98,39.23,40.35,38.38,38.22,8137.08,5170.98,5609.12,0.0,0.0
1023.08,39.29,40.35,38.37,38.22,8131.97,5171.33,5609.49,0.0,0.0
1023.14,39.29,40.35,38.38,38.22,8132.6,5171.33,5609.12,0.0,0.0
1023.24,39.28,40.35,38.37,38.22,8134.2,5171.33,5609.49,0.0,0.0
1023.35,39.26,40.34,38.37,38.22,8134.84,5172.38,5609.49,0.0,0.0
1023.45,39.25,40.34,38.38,38.22,8135.48,5171.68,5609.12,0.0,0.0
1023.56,39.29,40.34,38.38,38.22,8133.24,5172.73,5609.12,0.0,0.0
1023.74,39.28,40.33,38.37,38.22,8133.56,5175.19,5609.49,0.0,0.0
1023.76,39.28,40.32,38.37,38.22,8133.56,5175.89,5609.49,0.0,0.0
1023.86,39.27,40.31,38.37,38.22,8134.52,5179.05,5609.49,0.0,0.0
1023.94,39.25,40.29,38.38,38.22,8135.16,5182.56,5609.12,0.0,0.0
1024.05,39.27,40.29,38.38,38.22,8134.52,5183.96,5609.12,0.0,0.0
1024.14,39.25,40.27,38.37,38.22,8135.16,5186.77,5609.49,0.0,0.0
1024.27,39.28,40.28,38.37,38.22,8133.56,5185.36,5609.49,0.0,0.0
1024.34,39.25,40.27,38.38,38.22,8135.16,5187.82,5609.12,0.0,0.0
1024.45,39.27,40.27,38.37,38.22,8134.52,5188.17,5609.49,0.0,0.0
1024.56,39.23,40.28,38.37,38.22,8136.44,5186.07,5609.49,0.0,0.0
1024.68,39.27,40.27,38.37,38.22,8134.52,5187.12,5609.49,0.0,0.0
1024.73,39.25,40.27,38.37,38.22,8135.16,5187.47,5609.49,0.0,0.0
1024.84,39.26,40.27,38.37,38.22,8134.84,5187.82,5609.49,0.0,0.0
1024.94,39.25,40.27,38.37,38.22,8136.76,5186.77,5609.49,0.0,0.0
1025.03,39.25,40.27,38.37,38.22,8136.76,5187.47,5609.49,0.0,0.0
1025.14,39.24,40.26,38.37,38.22,8135.8,5190.28,5609.49,0.0,0.0
1025.24,39.25,40.26,38.37,38.22,8135.48,5189.58,5609.87,0.0,0.0
1025.36,39.25,40.25,38.37,38.22,8136.76,5190.98,5609.49,0.0,0.0
1025.45,39.27,40.26,38.37,38.22,8133.88,5189.58,5609.49,0.0,0.0
1025.56,39.25,40.26,38.37,38.22,8136.76,5190.63,5609.49,0.0,0.0
1025.66,39.22,40.26,38.37,38.22,8138.04,5189.93,5609.87,0.0,0.0
1025.75,39.23,40.26,38.37,38.22,8136.44,5189.23,5609.49,0.0,0.0
1025.87,39.24,40.26,38.37,38.22,8135.8,5189.23,5609.87,0.0,0.0
1025.94,39.24,40.26,38.37,38.22,8135.8,5189.93,5609.49,0.0,0.0
1026.04,39.23,40.26,38.37,38.22,8136.44,5189.58,5609.49,0.0,0.0
1026.15,39.24,40.25,38.37,38.22,8136.12,5191.33,5609.49,0.0,0.0
1026.31,39.22,40.26,38.37,38.22,8138.04,5189.23,5609.49,0.0,0.0
1026.33,39.22,40.25,38.37,38.22,8137.72,5192.04,5609.49,0.0,0.0
1026.45,39.25,40.26,38.37,38.22,8136.76,5190.63,5609.49,0.0,0.0
1026.54,39.24,40.25,38.37,38.22,8135.8,5190.98,5609.49,0.0,0.0
1026.64,39.25,40.25,38.37,38.22,8135.16,5190.98,5609.49,0.0,0.0
1026.74,39.25,40.25,38.38,38.22,8135.48,5191.33,5608.75,0.0,0.0
1026.83,39.23,40.25,38.38,38.22,8136.44,5192.39,5609.12,0.0,0.0
1026.94,39.23,40.25,38.37,38.22,8137.08,5192.04,5609.49,0.0,0.0
1027.05,39.22,40.25,38.37,38.22,8139.64,5192.04,5609.49,0.0,0.0
1027.15,39.24,40.24,38.37,38.22,8135.8,5193.09,5609.49,0.0,0.0
1027.24,39.21,40.25,38.37,38.22,8138.36,5192.74,5609.49,0.0,0.0
1027.34,39.22,40.25,38.37,38.22,8138.04,5192.04,5609.49,0.0,0.0
1027.49,39.21,40.25,38.37,38.22,8139.0,5192.39,5609.49,0.0,0.0
1027.55,39.23,40.24,38.38,38.22,8136.44,5193.09,5609.12,0.0,0.0
1027.68,39.21,40.24,38.38,38.22,8139.32,5193.44,5609.12,0.0,0.0
1027.77,39.21,40.24,38.37,38.22,8138.36,5193.44,5609.49,0.0,0.0
1027.84,39.2,40.24,38.37,38.22,8139.96,5193.09,5609.49,0.0,0.0
1027.94,39.19,40.24,38.37,38.22,8140.91,5193.09,5609.49,0.0,0.0
1028.07,39.22,40.24,38.37,38.22,8137.4,5193.09,5609.49,0.0,0.0
1028.14,39.2,40.24,38.37,38.22,8139.96,5193.09,5609.49,0.0,0.0
1028.23,39.22,40.24,38.38,38.22,8139.64,5193.44,5609.12,0.0,0.0
1028.39,39.19,40.25,38.37,38.22,8140.6,5192.39,5609.49,0.0,0.0
1028.47,39.19,40.24,38.38,38.22,8140.91,5193.09,5609.12,0.0,0.0
1028.54,39.16,40.24,38.37,38.22,8141.87,5193.44,5609.49,0.0,0.0
1028.67,39.17,40.24,38.37,38.22,8142.51,5193.09,5609.49,0.0,0.0
1028.76,39.17,40.25,38.37,38.22,8142.83,5192.74,5609.49,0.0,0.0
1028.89,39.18,40.24,38.37,38.22,8142.19,5193.09,5609.49,0.0,0.0
1028.96,39.15,40.25,38.37,38.22,8143.47,5192.04,5609.49,0.0,0.0
1029.12,39.14,40.25,38.37,38.22,8144.43,5192.74,5609.49,0.0,0.0
1029.15,39.18,40.25,38.37,38.22,8142.19,5192.74,5609.49,0.0,0.0
1029.25,39.16,40.24,38.38,38.22,8141.87,5193.09,5609.12,0.0,0.0
1029.38,39.14,40.25,38.37,38.21,8143.79,5192.39,5609.49,0.0,0.0
1029.44,39.17,40.25,38.37,38.21,8142.83,5192.04,5609.49,0.0,0.0
1029.55,39.19,40.25,38.37,38.21,8140.91,5192.39,5609.49,0.0,0.0
1029.7,39.17,40.25,38.38,38.21,8142.83,5191.69,5609.12,0.0,0.0
1029.75,39.16,40.25,38.37,38.21,8143.15,5192.74,5609.49,0.0,0.0
1029.87,39.19,40.25,38.38,38.21,8140.6,5192.39,5609.12,0.0,0.0
1029.96,39.17,40.25,38.37,38.21,8142.51,5192.74,5609.49,0.0,0.0
1030.05,39.22,40.25,38.37,38.21,8139.64,5192.74,5609.49,0.0,0.0
1030.17,39.19,40.24,38.37,38.21,8140.6,5193.44,5609.49,0.0,0.0
1030.24,39.15,40.24,38.38,38.21,8143.47,5193.09,5609.12,0.0,0.0
1030.34,39.13,40.25,38.37,38.21,8144.75,5192.74,5609.49,0.0,0.0
1030.46,39.15,40.25,38.38,38.21,8144.11,5192.74,5609.12,0.0,0.0
1030.54,39.14,40.24,38.37,38.21,8146.03,5193.44,5609.49,0.0,0.0
1030.64,39.17,40.24,38.37,38.21,8142.83,5193.44,5609.49,0.0,0.0
1030.75,39.14,40.24,38.37,38.21,8144.43,5193.09,5609.49,0.0,0.0
1030.84,39.12,40.25,38.38,38.21,8145.71,5192.74,5609.12,0.0,0.0
1031.01,39.16,40.24,38.38,38.21,8143.15,5193.09,5609.12,0.0,0.0
1031.05,39.17,40.24,38.38,38.21,8142.51,5193.44,5608.75,0.0,0.0
1031.16,39.16,40.24,38.38,38.21,8143.15,5193.09,5609.12,0.0,0.0
1031.27,39.12,40.25,38.37,38.21,8145.71,5192.39,5609.49,0.0,0.0
1031.36,39.13,40.24,38.38,38.21,8144.75,5193.09,5609.12,0.0,0.0
1031.45,39.15,40.24,38.38,38.21,8143.47,5193.09,5609.12,0.0,0.0
1031.6,39.14,40.24,38.37,38.21,8146.03,5193.44,5609.49,0.0,0.0
1031.67,39.14,40.25,38.38,38.21,8144.43,5192.04,5609.12,0.0,0.0
1031.75,39.15,40.25,38.37,38.21,8143.47,5192.74,5609.49,0.0,0.0
1031.86,39.17,40.24,38.38,38.21,8142.83,5193.44,5609.12,0.0,0.0
1031.98,39.14,40.24,38.38,38.21,8144.43,5193.44,5608.75,0.0,0.0
1032.06,39.17,40.25,38.38,38.21,8142.51,5192.74,5609.12,0.0,0.0
1032.19,39.12,40.24,38.37,38.21,8146.35,5193.09,5609.49,0.0,0.0
1032.24,39.18,40.24,38.37,38.21,8141.55,5193.09,5609.49,0.0,0.0
1032.35,39.17,40.24,38.37,38.21,8142.51,5193.44,5609.49,0.0,0.0
1032.46,39.13,40.24,38.38,38.21,8144.75,5193.09,5609.12,0.0,0.0
1032.55,39.12,40.25,38.38,38.21,8146.35,5192.74,5609.12,0.0,0.0
1032.68,39.14,40.25,38.38,38.21,8144.43,5192.74,5608.75,0.0,0.0
1032.8,39.14,40.25,38.37,38.21,8145.07,5192.39,5609.49,0.0,0.0
1032.85,39.17,40.25,38.37,38.21,8142.51,5192.74,5609.49,0.0,0.0
1032.98,39.14,40.24,38.37,38.21,8145.39,5193.09,5609.49,0.0,0.0
1033.05,39.11,40.25,38.38,38.21,8146.67,5192.39,5609.12,0.0,0.0
1033.18,39.16,40.25,38.37,38.21,8143.15,5192.74,5609.49,0.0,0.0
1033.24,39.14,40.25,38.38,38.21,8145.39,5192.39,5609.12,0.0,0.0
1033.35,39.14,40.25,38.37,38.21,8145.39,5192.74,5609.49,0.0,0.0
1033.47,39.14,40.25,38.37,38.21,8146.03,5192.74,5609.49,0.0,0.0
1033.56,39.11,40.25,38.37,38.21,8146.67,5192.74,5609.49,0.0,0.0
1033.67,39.11,40.24,38.38,38.21,8147.63,5193.44,5609.12,0.0,0.0
1033.76,39.09,40.25,38.37,38.21,8148.27,5192.74,5609.49,0.0,0.0
1033.89,39.12,40.24,38.37,38.21,8146.35,5193.44,5609.49,0.0,0.0
1033.97,39.09,40.24,38.37,38.21,8148.27,5193.44,5609.49,0.0,0.0
1034.07,39.11,40.25,38.37,38.21,8146.67,5192.74,5609.49,0.0,0.0
1034.23,39.12,40.24,38.37,38.21,8146.35,5193.44,5609.49,0.0,0.0
1034.3,39.08,40.25,38.38,38.21,8149.23,5192.74,5609.12,0.0,0.0
1034.42,39.09,40.24,38.37,38.2,8148.27,5193.44,5609.49,0.0,0.0
1034.48,39.08,40.24,38.37,38.2,8150.19,5193.44,5609.87,0.0,0.0
1034.59,39.08,40.24,38.37,38.2,8148.59,5193.44,5610.24,0.0,0.0
1034.67,39.09,40.24,38.37,38.2,8148.91,5193.44,5609.87,0.0,0.0
1034.86,39.07,40.24,38.37,38.2,8150.51,5193.09,5610.61,0.0,0.0
1034.9,39.08,40.24,38.36,38.2,8149.23,5193.44,5612.84,0.0,0.0
1034.99,39.09,40.24,38.35,38.2,8148.27,5193.44,5615.81,0.0,0.0
1035.19,39.08,40.24,38.34,38.2,8149.23,5193.44,5616.18,0.0,0.0
1035.26,39.08,40.24,38.32,38.2,8149.23,5193.44,5621.75,0.0,0.0
1035.39,39.07,40.24,38.31,38.2,8149.55,5193.09,5623.24,0.0,0.0
1035.45,39.09,40.24,38.31,38.2,8148.91,5193.09,5623.61,0.0,0.0
1035.45,39.11,40.24,38.31,38.2,8147.63,5193.44,5623.98,0.0,0.0
1035.55,39.09,40.24,38.31,38.2,8148.91,5193.44,5623.98,0.0,0.0
1035.66,39.09,40.24,38.32,38.2,8148.91,5193.44,5621.38,0.0,0.0
1035.76,39.08,40.24,38.31,38.2,8148.59,5193.44,5624.35,0.0,0.0
1035.86,39.08,40.24,38.31,38.2,8148.59,5193.44,5625.1,0.0,0.0
1035.94,39.09,40.24,38.31,38.2,8147.95,5193.44,5623.24,0.0,0.0
1036.04,39.09,40.24,38.32,38.2,8148.91,5193.09,5622.49,0.0,0.0
1036.18,39.09,40.24,38.33,38.2,8148.91,5193.44,5620.26,0.0,0.0
1036.26,39.08,40.24,38.31,38.2,8148.59,5193.44,5623.24,0.0,0.0
1036.36,39.08,40.24,38.33,38.2,8149.23,5193.44,5620.64,0.0,0.0
1036.46,39.08,40.24,38.33,38.2,8148.59,5193.44,5619.89,0.0,0.0
1036.55,39.08,40.24,38.34,38.2,8148.59,5193.44,5618.04,0.0,0.0
1036.68,39.08,40.24,38.34,38.2,8148.59,5193.44,5616.92,0.0,0.0
1036.75,39.09,40.24,38.35,38.2,8148.91,5193.44,5615.06,0.0,0.0
1036.85,39.08,40.24,38.36,38.2,8148.59,5193.09,5613.21,0.0,0.0
1036.95,39.08,40.24,38.37,38.2,8148.59,5193.09,5611.35,0.0,0.0
1037.12,39.11,40.24,38.37,38.2,8147.31,5193.44,5610.61,0.0,0.0
1037.15,39.09,40.24,38.37,38.2,8147.95,5193.09,5610.24,0.0,0.0
1037.25,39.09,40.25,38.37,38.2,8147.95,5192.39,5609.49,0.0,0.0
1037.37,39.11,40.25,38.37,38.2,8147.63,5192.74,5609.87,0.0,0.0
1037.46,39.08,40.24,38.37,38.2,8149.23,5193.09,5609.49,0.0,0.0
1037.55,39.08,40.25,38.37,38.2,8148.59,5191.69,5609.49,0.0,0.0
1037.66,39.09,40.25,38.37,38.2,8147.95,5192.04,5609.49,0.0,0.0
1037.76,39.08,40.26,38.37,38.2,8148.59,5190.28,5609.49,0.0,0.0
1037.86,39.11,40.27,38.37,38.2,8146.67,5187.47,5609.49,0.0,0.0
1037.96,39.12,40.27,38.37,38.2,8146.99,5187.12,5609.49,0.0,0.0
1038.04,39.12,40.29,38.37,38.2,8146.99,5183.61,5609.49,0.0,0.0
1038.15,39.11,40.3,38.37,38.2,8147.31,5181.15,5609.49,0.0,0.0
1038.31,39.12,40.32,38.38,38.2,8146.35,5177.64,5609.12,0.0,0.0
1038.37,39.12,40.32,38.37,38.2,8146.35,5176.94,5609.49,0.0,0.0
1038.46,39.11,40.33,38.37,38.2,8147.63,5175.19,5609.49,0.0,0.0
1038.56,39.12,40.33,38.37,38.2,8146.99,5173.79,5609.49,0.0,0.0
1038.65,39.11,40.34,38.37,38.2,8147.63,5171.68,5609.49,0.0,0.0
1038.75,39.12,40.34,38.38,38.2,8146.99,5172.38,5609.12,0.0,0.0
1038.88,39.12,40.34,38.37,38.2,8145.71,5171.68,5609.49,0.0,0.0
1038.94,39.13,40.35,38.37,38.2,8144.75,5170.98,5609.49,0.0,0.0
1039.15,39.13,40.35,38.37,38.2,8144.75,5170.98,5609.49,0.0,0.0
1039.24,39.11,40.35,38.37,38.2,8147.63,5170.98,5609.49,0.0,0.0
1039.25,39.14,40.35,38.37,38.2,8146.03,5170.98,5609.49,0.0,0.0
1039.38,39.14,40.35,38.38,38.2,8146.03,5170.98,5609.12,0.0,0.0
1039.45,39.14,40.35,38.37,38.2,8145.39,5170.98,5609.49,0.0,0.0
1039.64,39.11,40.35,38.38,38.2,8147.31,5170.98,5609.12,0.0,0.0
1039.65,39.11,40.35,38.37,38.2,8146.67,5170.98,5609.49,0.0,0.0
1039.75,39.12,40.35,38.37,38.2,8145.71,5170.98,5609.49,0.0,0.0
1039.86,39.11,40.35,38.37,38.2,8147.63,5170.98,5609.49,0.0,0.0
1039.94,39.14,40.35,38.37,38.2,8145.07,5170.98,5609.49,0.0,0.0
1040.05,39.12,40.35,38.38,38.2,8146.35,5170.98,5608.75,0.0,0.0
1040.22,39.12,40.35,38.38,38.2,8146.35,5170.98,5609.12,0.0,0.0
1040.27,39.13,40.35,38.38,38.2,8144.75,5170.98,5609.12,0.0,0.0
1040.36,39.14,40.35,38.37,38.2,8146.03,5170.98,5609.49,0.0,0.0
1040.46,39.14,40.35,38.38,38.2,8145.39,5170.98,5608.75,0.0,0.0
1040.58,39.15,40.35,38.38,38.2,8144.11,5170.98,5608.75,0.0,0.0
1040.67,39.12,40.35,38.38,38.2,8146.35,5170.98,5609.12,0.0,0.0
1040.77,39.12,40.35,38.38,38.2,8146.99,5170.98,5609.12,0.0,0.0
1040.86,39.11,40.35,38.38,38.2,8147.31,5170.98,5609.12,0.0,0.0
1040.96,39.14,40.35,38.37,38.2,8145.39,5170.98,5609.49,0.0,0.0
1041.06,39.13,40.35,38.38,38.2,8144.75,5170.98,5609.12,0.0,0.0
1041.21,39.12,40.35,38.38,38.2,8145.71,5170.98,5608.75,0.0,0.0
1041.27,39.14,40.35,38.37,38.2,8145.39,5170.98,5609.49,0.0,0.0
1041.35,39.12,40.35,38.38,38.2,8146.99,5170.98,5609.12,0.0,0.0
1041.48,39.12,40.35,38.38,38.2,8145.71,5170.98,5609.12,0.0,0.0
1041.55,39.11,40.35,38.38,38.2,8147.63,5170.98,5609.12,0.0,0.0
1041.65,39.14,40.35,38.38,38.2,8145.39,5170.98,5609.12,0.0,0.0
1041.75,39.14,40.35,38.38,38.2,8146.03,5170.98,5608.75,0.0,0.0
1041.85,39.12,40.35,38.38,38.2,8145.71,5170.63,5609.12,0.0,0.0
1041.95,39.12,40.35,38.38,38.2,8146.35,5170.63,5609.12,0.0,0.0
1042.06,39.11,40.35,38.38,38.2,8146.67,5170.98,5608.75,0.0,0.0
1042.2,39.11,40.35,38.38,38.2,8146.67,5170.63,5608.75,0.0,0.0
1042.27,39.16,40.35,38.38,38.2,8141.87,5170.98,5608.38,0.0,0.0
1042.35,39.11,40.35,38.38,38.21,8146.67,5170.98,5608.38,0.0,0.0
1042.45,39.11,40.35,38.38,38.21,8146.67,5170.63,5608.75,0.0,0.0
1042.56,39.11,40.35,38.38,38.21,8147.31,5170.63,5608.75,0.0,0.0
1042.71,39.11,40.35,38.38,38.21,8146.67,5170.98,5609.12,0.0,0.0
1042.76,39.09,40.35,38.38,38.21,8148.27,5170.98,5608.75,0.0,0.0
1042.89,39.11,40.35,38.38,38.21,8147.63,5170.98,5609.12,0.0,0.0
1042.99,39.12,40.35,38.38,38.21,8146.99,5170.28,5609.12,0.0,0.0
1043.08,39.09,40.35,38.38,38.21,8148.91,5170.28,5609.12,0.0,0.0
1043.17,39.12,40.35,38.38,38.21,8146.99,5169.93,5609.12,0.0,0.0
1043.26,39.11,40.35,38.38,38.21,8146.67,5169.93,5608.75,0.0,0.0
1043.35,39.11,40.35,38.38,38.21,8147.31,5169.93,5609.12,0.0,0.0
1043.45,39.11,40.35,38.38,38.21,8146.67,5169.93,5608.01,0.0,0.0
1043.56,39.08,40.35,38.38,38.21,8149.23,5169.58,5608.38,0.0,0.0
1043.74,39.12,40.36,38.38,38.21,8146.99,5169.23,5608.75,0.0,0.0
1043.76,39.09,40.35,38.38,38.21,8147.95,5169.58,5609.12,0.0,0.0
1043.94,39.12,40.35,38.38,38.21,8146.35,5169.93,5608.38,0.0,0.0
1043.97,39.09,40.35,38.38,38.21,8147.95,5169.93,5608.01,0.0,0.0
1044.05,39.08,40.35,38.38,38.21,8149.23,5170.63,5608.01,0.0,0.0
1044.17,39.09,40.35,38.38,38.21,8147.95,5170.63,5609.12,0.0,0.0
1044.26,39.11,40.35,38.38,38.21,8147.31,5170.98,5608.75,0.0,0.0
1044.35,39.09,40.35,38.38,38.21,8148.91,5169.93,5608.75,0.0,0.0
1044.49,39.09,40.35,38.38,38.21,8148.91,5169.58,5609.12,0.0,0.0
1044.55,39.09,40.35,38.37,38.21,8147.95,5170.63,5609.49,0.0,0.0
1044.66,39.09,40.35,38.38,38.21,8148.91,5169.58,5608.38,0.0,0.0
1044.8,39.09,40.35,38.38,38.21,8148.27,5170.98,5608.75,0.0,0.0
1044.85,39.07,40.35,38.38,38.21,8149.55,5170.63,5608.75,0.0,0.0
1044.99,39.08,40.35,38.37,38.21,8149.23,5170.63,5609.49,0.0,0.0
1045.05,39.09,40.35,38.37,38.21,8147.95,5170.98,5609.49,0.0,0.0
1045.15,39.08,40.35,38.38,38.21,8149.23,5170.98,5609.12,0.0,0.0
1045.29,39.08,40.35,38.38,38.21,8150.19,5170.63,5609.12,0.0,0.0
1045.36,39.07,40.35,38.38,38.21,8150.51,5170.98,5609.12,0.0,0.0
1045.46,39.07,40.35,38.38,38.21,8150.51,5170.98,5608.01,0.0,0.0
1045.57,39.07,40.35,38.38,38.21,8149.55,5170.63,5609.12,0.0,0.0
1045.65,39.07,40.35,38.38,38.21,8150.51,5170.98,5609.12,0.0,0.0
1045.76,39.08,40.35,38.38,38.21,8150.83,5170.98,5608.38,0.0,0.0
1045.86,39.08,40.35,38.37,38.21,8150.83,5170.98,5609.49,0.0,0.0
1045.96,39.08,40.35,38.38,38.21,8148.59,5170.98,5609.12,0.0,0.0
1046.07,39.07,40.35,38.37,38.21,8150.51,5170.98,5609.49,0.0,0.0
1046.2,39.09,40.35,38.37,38.21,8148.91,5170.98,5609.49,0.0,0.0
1046.27,39.08,40.35,38.38,38.21,8150.19,5170.98,5609.12,0.0,0.0
1046.35,39.08,40.35,38.38,38.21,8150.19,5170.98,5609.12,0.0,0.0
1046.49,39.08,40.35,38.37,38.21,8149.87,5170.98,5609.49,0.0,0.0
1046.55,39.08,40.35,38.38,38.21,8149.87,5170.98,5609.12,0.0,0.0
1046.65,39.07,40.35,38.38,38.21,8151.15,5170.98,5609.12,0.0,0.0
1046.75,39.08,40.35,38.38,38.21,8150.83,5170.98,5608.75,0.0,0.0
1046.86,39.08,40.35,38.38,38.21,8150.19,5170.98,5608.75,0.0,0.0
1046.96,39.08,40.35,38.38,38.21,8149.87,5170.98,5609.12,0.0,0.0
1047.06,39.11,40.35,38.38,38.22,8147.63,5170.98,5609.12,0.0,0.0
1047.17,39.08,40.35,38.38,38.22,8149.87,5170.98,5608.75,0.0,0.0
1047.26,39.07,40.35,38.38,38.22,8149.55,5170.98,5608.75,0.0,0.0
1047.36,39.08,40.35,38.37,38.22,8148.59,5170.98,5609.49,0.0,0.0
1047.47,39.08,40.35,38.37,38.22,8150.19,5170.98,5609.49,0.0,0.0
1047.57,39.09,40.35,38.37,38.22,8148.91,5170.98,5609.49,0.0,0.0
1047.73,39.08,40.35,38.37,38.22,8149.87,5170.98,5609.49,0.0,0.0
1047.75,39.08,40.35,38.38,38.22,8149.23,5170.98,5609.12,0.0,0.0
1047.86,39.08,40.35,38.38,38.22,8149.23,5170.98,5609.12,0.0,0.0
1047.97,39.11,40.35,38.37,38.22,8147.63,5170.98,5609.49,0.0,0.0
1048.05,39.08,40.35,38.38,38.22,8149.23,5170.98,5609.12,0.0,0.0
1048.17,39.08,40.35,38.38,38.22,8149.23,5170.98,5608.75,0.0,0.0
1048.27,39.11,40.35,38.37,38.22,8147.63,5170.98,5609.49,0.0,0.0
1048.36,39.11,40.35,38.38,38.22,8147.31,5170.98,5609.12,0.0,0.0
1048.46,39.08,40.35,38.37,38.22,8150.19,5170.98,5609.49,0.0,0.0
1048.58,39.09,40.35,38.37,38.22,8148.91,5170.98,5609.49,0.0,0.0
1048.66,39.07,40.35,38.37,38.22,8150.51,5170.98,5609.49,0.0,0.0
1048.75,39.07,40.35,38.38,38.22,8149.55,5170.98,5609.12,0.0,0.0
1048.86,39.09,40.35,38.38,38.22,8147.95,5170.98,5609.12,0.0,0.0
1048.96,39.08,40.35,38.37,38.22,8150.19,5170.98,5609.49,0.0,0.0
1049.06,39.08,40.35,38.37,38.22,8150.19,5170.98,5609.49,0.0,0.0
1049.17,39.08,40.35,38.38,38.22,8148.59,5170.98,5608.75,0.0,0.0
1049.36,39.08,40.35,38.38,38.22,8149.23,5170.98,5608.75,0.0,0.0
1049.39,39.09,40.35,38.38,38.22,8148.91,5170.98,5609.12,0.0,0.0
1049.48,39.08,40.35,38.38,38.22,8150.19,5170.98,5609.12,0.0,0.0
1049.56,39.07,40.35,38.38,38.22,8149.55,5170.98,5608.75,0.0,0.0
1049.7,39.09,40.35,38.38,38.22,8148.27,5170.63,5608.38,0.0,0.0
1049.76,39.09,40.35,38.38,38.22,8148.91,5170.98,5608.75,0.0,0.0
1049.92,39.08,40.35,38.38,38.22,8149.23,5170.98,5608.38,0.0,0.0
1049.95,39.08,40.35,38.38,38.22,8150.19,5170.98,5608.38,0.0,0.0
1050.06,39.08,40.35,38.38,38.22,8150.19,5170.98,5608.75,0.0,0.0
1050.22,39.08,40.35,38.38,38.22,8150.19,5170.98,5607.64,0.0,0.0
1050.33,39.08,40.35,38.38,38.22,8149.87,5170.98,5606.9,0.0,0.0
1050.38,39.08,40.35,38.39,38.22,8150.19,5170.98,5605.04,0.0,0.0
1050.46,39.08,40.35,38.39,38.22,8150.19,5170.98,5605.04,0.0,0.0
1050.56,39.05,40.35,38.41,38.22,8151.47,5170.98,5602.08,0.0,0.0
1050.79,39.08,40.35,38.41,38.22,8150.19,5170.98,5600.96,0.0,0.0
1050.8,39.09,40.35,38.42,38.22,8148.91,5170.98,5598.0,0.0,0.0
1050.9,39.08,40.35,38.42,38.22,8150.19,5170.63,5598.37,0.0,0.0
1050.96,39.08,40.35,38.43,38.22,8149.87,5170.98,5596.52,0.0,0.0
1051.07,39.09,40.35,38.42,38.22,8148.91,5170.98,5598.0,0.0,0.0
1051.16,39.08,40.35,38.43,38.22,8150.19,5169.58,5597.26,0.0,0.0
1051.27,39.08,40.35,38.44,38.22,8149.87,5170.98,5593.92,0.0,0.0
1051.42,39.09,40.35,38.46,38.22,8148.91,5170.98,5590.22,0.0,0.0
1051.45,39.08,40.35,38.46,38.22,8149.87,5170.63,5589.85,0.0,0.0
1051.56,39.08,40.35,38.46,38.22,8149.87,5169.93,5589.48,0.0,0.0
1051.68,39.09,40.35,38.46,38.22,8148.27,5170.98,5589.11,0.0,0.0
1051.76,39.08,40.35,38.47,38.22,8149.23,5170.63,5587.63,0.0,0.0
1051.89,39.08,40.35,38.46,38.22,8149.87,5170.28,5588.74,0.0,0.0
1052.17,39.08,40.35,38.46,38.22,8149.23,5170.28,5588.37,0.0,0.0
1052.28,39.08,40.35,38.47,38.22,8148.59,5170.63,5587.63,0.0,0.0
1052.28,39.09,40.35,38.47,38.22,8148.27,5170.98,5588.0,0.0,0.0
1052.32,39.08,40.35,38.46,38.22,8150.19,5170.98,5588.37,0.0,0.0
1052.36,39.09,40.35,38.47,38.22,8148.91,5170.98,5587.63,0.0,0.0
1052.45,39.08,40.35,38.45,38.22,8149.87,5170.98,5590.59,0.0,0.0
1052.58,39.07,40.35,38.46,38.22,8150.51,5170.98,5589.11,0.0,0.0
1052.66,39.08,40.35,38.45,38.22,8150.19,5170.98,5591.7,0.0,0.0
1052.86,39.08,40.35,38.44,38.22,8149.23,5170.98,5593.92,0.0,0.0
1052.87,39.08,40.35,38.43,38.22,8150.19,5170.98,5596.52,0.0,0.0
1052.97,39.08,40.35,38.43,38.22,8150.83,5170.98,5597.26,0.0,0.0
1053.05,39.08,40.35,38.41,38.22,8149.23,5170.63,5600.96,0.0,0.0
1053.19,39.07,40.35,38.4,38.23,8149.55,5170.98,5604.3,0.0,0.0
1053.26,39.07,40.35,38.39,38.23,8151.15,5170.63,5605.41,0.0,0.0
1053.44,39.07,40.35,38.38,38.23,8150.51,5170.98,5606.9,0.0,0.0
1053.47,39.08,40.35,38.38,38.23,8149.23,5170.98,5608.01,0.0,0.0
1053.56,39.08,40.35,38.38,38.23,8149.87,5170.98,5608.75,0.0,0.0
1053.69,39.08,40.35,38.38,38.23,8150.19,5170.98,5608.38,0.0,0.0
1053.76,39.08,40.35,38.38,38.23,8150.19,5170.63,5608.75,0.0,0.0
1053.86,39.08,40.35,38.38,38.23,8150.19,5170.98,5608.75,0.0,0.0
1053.98,39.08,40.35,38.38,38.23,8150.19,5170.28,5608.38,0.0,0.0
1054.07,39.07,40.35,38.38,38.23,8151.15,5170.98,5608.75,0.0,0.0
1054.16,39.08,40.35,38.38,38.23,8149.87,5170.98,5608.75,0.0,0.0
1054.26,39.08,40.35,38.38,38.23,8149.23,5170.98,5608.75,0.0,0.0
1054.38,39.08,40.35,38.38,38.23,8149.87,5170.98,5609.12,0.0,0.0
1054.64,39.08,40.35,38.37,38.23,8149.87,5170.98,5609.49,0.0,0.0
1054.74,39.08,40.35,38.38,38.23,8150.83,5170.98,5609.12,0.0,0.0
1054.76,39.08,40.35,38.38,38.23,8150.19,5170.98,5608.75,0.0,0.0
1054.77,39.07,40.35,38.38,38.23,8149.55,5170.98,5608.75,0.0,0.0
1054.87,39.07,40.35,38.38,38.23,8149.55,5170.98,5608.75,0.0,0.0
1054.99,39.08,40.35,38.37,38.23,8150.19,5170.98,5609.49,0.0,0.0
1055.07,39.07,40.35,38.38,38.23,8149.55,5170.98,5609.12,0.0,0.0
1055.21,39.07,40.35,38.38,38.23,8149.55,5170.98,5609.12,0.0,0.0
1055.29,39.07,40.35,38.38,38.23,8151.15,5170.98,5608.75,0.0,0.0
1055.37,39.08,40.35,38.37,38.23,8149.23,5170.98,5609.49,0.0,0.0
1055.51,39.07,40.35,38.38,38.23,8149.55,5170.98,5609.12,0.0,0.0
1055.55,39.07,40.35,38.37,38.23,8150.51,5170.98,5609.49,0.0,0.0
1055.68,39.08,40.35,38.38,38.23,8148.59,5170.98,5608.75,0.0,0.0
1055.76,39.08,40.35,38.38,38.23,8149.23,5170.98,5609.12,0.0,0.0
1055.87,39.09,40.35,38.37,38.23,8148.91,5170.98,5609.49,0.0,0.0
1055.96,39.08,40.35,38.37,38.23,8149.23,5170.98,5609.49,0.0,0.0
1056.06,39.11,40.35,38.37,38.23,8147.31,5170.98,5609.49,0.0,0.0
1056.17,39.07,40.35,38.37,38.23,8149.55,5170.98,5609.49,0.0,0.0
1056.28,39.11,40.35,38.38,38.23,8147.63,5170.98,5609.12,0.0,0.0
1056.38,39.09,40.35,38.38,38.23,8148.91,5170.98,5608.75,0.0,0.0
1056.47,39.09,40.35,38.38,38.23,8147.95,5170.98,5609.12,0.0,0.0
1056.57,39.09,40.35,38.37,38.23,8148.27,5170.98,5609.49,0.0,0.0
1056.67,39.08,40.35,38.38,38.23,8149.23,5170.98,5609.12,0.0,0.0
1056.83,39.09,40.35,38.38,38.23,8148.91,5170.98,5609.12,0.0,0.0
1056.92,39.12,40.35,38.38,38.23,8146.35,5170.98,5608.75,0.0,0.0
1056.96,39.12,40.35,38.38,38.23,8146.35,5170.98,5609.12,0.0,0.0
1057.17,39.09,40.35,38.37,38.23,8147.95,5170.98,5609.49,0.0,0.0
1057.2,39.12,40.35,38.38,38.23,8146.99,5170.98,5609.12,0.0,0.0
1057.29,39.09,40.35,38.37,38.23,8147.95,5170.98,5609.49,0.0,0.0
1057.41,39.12,40.35,38.37,38.23,8145.71,5170.98,5609.49,0.0,0.0
1057.46,39.11,40.35,38.38,38.23,8146.67,5170.98,5609.12,0.0,0.0
1057.59,39.14,40.35,38.38,38.23,8145.39,5170.98,5609.12,0.0,0.0
1057.67,39.14,40.35,38.37,38.23,8144.43,5170.98,5609.49,0.0,0.0
1057.82,39.12,40.35,38.37,38.23,8146.99,5170.98,5609.49,0.0,0.0
1057.86,39.12,40.35,38.38,38.23,8146.35,5170.98,5609.12,0.0,0.0
1057.98,39.13,40.35,38.38,38.23,8144.75,5170.98,5609.12,0.0,0.0
1058.06,39.11,40.35,38.37,38.23,8147.31,5170.98,5609.49,0.0,0.0
1058.17,39.12,40.35,38.37,38.23,8145.71,5170.98,5609.49,0.0,0.0
1058.27,39.11,40.35,38.37,38.23,8147.31,5170.98,5609.49,0.0,0.0
1058.36,39.14,40.35,38.38,38.23,8144.43,5170.98,5609.12,0.0,0.0
1058.47,39.14,40.35,38.37,38.23,8146.03,5170.98,5609.49,0.0,0.0
1058.57,39.09,40.35,38.38,38.23,8147.95,5171.33,5609.12,0.0,0.0
1058.69,39.12,40.35,38.37,38.23,8145.71,5170.98,5609.49,0.0,0.0
1058.77,39.11,40.35,38.37,38.23,8147.63,5170.98,5609.49,0.0,0.0
1058.88,39.13,40.35,38.37,38.23,8144.75,5170.98,5609.49,0.0,0.0
1058.99,39.11,40.35,38.37,38.23,8147.31,5170.98,5609.49,0.0,0.0
1059.07,39.15,40.35,38.37,38.23,8144.11,5170.98,5609.49,0.0,0.0
1059.16,39.11,40.35,38.37,38.23,8147.63,5170.98,5609.49,0.0,0.0
1059.27,39.11,40.35,38.37,38.23,8147.63,5170.98,5609.49,0.0,0.0
1059.38,39.09,40.35,38.37,38.23,8147.95,5170.98,5609.49,0.0,0.0
1059.51,39.14,40.35,38.38,38.23,8146.03,5171.33,5609.12,0.0,0.0
1059.57,39.09,40.35,38.37,38.23,8148.27,5170.98,5609.49,0.0,0.0
1059.68,39.11,40.35,38.37,38.23,8147.31,5170.98,5609.49,0.0,0.0
1059.76,39.11,40.35,38.37,38.23,8147.31,5171.33,5609.49,0.0,0.0
1059.87,39.09,40.34,38.37,38.23,8148.27,5171.68,5609.49,0.0,0.0
1059.99,39.11,40.34,38.37,38.23,8147.63,5172.73,5609.49,0.0,0.0
1060.07,39.11,40.34,38.37,38.23,8147.63,5173.44,5609.49,0.0,0.0
1060.19,39.11,40.33,38.37,38.23,8147.31,5174.14,5609.49,0.0,0.0
1060.27,39.08,40.34,38.37,38.23,8148.59,5172.73,5609.49,0.0,0.0
1060.37,39.11,40.33,38.37,38.23,8146.67,5174.14,5609.49,0.0,0.0
1060.48,39.09,40.33,38.37,38.23,8148.27,5173.79,5609.49,0.0,0.0
1060.58,39.12,40.33,38.37,38.23,8146.35,5174.84,5609.49,0.0,0.0
1060.66,39.11,40.33,38.37,38.23,8147.31,5174.84,5609.49,0.0,0.0
1060.77,39.09,40.33,38.37,38.23,8148.91,5175.19,5609.49,0.0,0.0
1060.87,39.08,40.32,38.37,38.23,8149.87,5176.24,5609.49,0.0,0.0
1060.99,39.12,40.31,38.37,38.23,8146.99,5178.34,5609.49,0.0,0.0
1061.06,39.09,40.32,38.37,38.23,8147.95,5176.24,5609.49,0.0,0.0
1061.17,39.09,40.33,38.37,38.23,8147.95,5174.49,5609.87,0.0,0.0
1061.28,39.11,40.32,38.37,38.23,8147.63,5175.89,5609.49,0.0,0.0
1061.4,39.14,40.33,38.37,38.23,8145.39,5174.84,5609.49,0.0,0.0
1061.47,39.14,40.34,38.37,38.23,8145.39,5173.44,5609.49,0.0,0.0
1061.59,39.12,40.34,38.38,38.23,8145.71,5173.44,5609.12,0.0,0.0
1061.68,39.14,40.34,38.37,38.23,8145.07,5173.44,5609.49,0.0,0.0
1061.78,39.12,40.33,38.37,38.23,8146.35,5174.14,5609.49,0.0,0.0
1061.86,39.14,40.33,38.37,38.23,8146.03,5173.79,5609.49,0.0,0.0
1061.97,39.09,40.33,38.37,38.23,8148.27,5175.54,5609.49,0.0,0.0
1062.11,39.13,40.33,38.37,38.23,8144.75,5174.84,5609.49,0.0,0.0
1062.3,39.11,40.33,38.37,38.23,8147.31,5175.19,5609.49,0.0,0.0
1062.34,39.12,40.32,38.37,38.23,8145.71,5176.94,5609.49,0.0,0.0
1062.44,39.11,40.32,38.37,38.23,8147.63,5175.89,5609.49,0.0,0.0
1062.47,39.11,40.32,38.37,38.23,8146.67,5177.29,5609.49,0.0,0.0
1062.64,39.12,40.31,38.37,38.23,8146.35,5178.34,5609.49,0.0,0.0
1062.66,39.14,40.31,38.37,38.23,8145.39,5179.05,5609.49,0.0,0.0
1062.77,39.09,40.31,38.37,38.23,8148.27,5179.4,5609.49,0.0,0.0
1062.86,39.14,40.29,38.38,38.23,8144.43,5182.91,5609.12,0.0,0.0
1062.97,39.12,40.31,38.37,38.23,8145.71,5178.7,5609.49,0.0,0.0
1063.07,39.12,40.3,38.37,38.23,8146.99,5180.1,5609.87,0.0,0.0
1063.16,39.12,40.31,38.37,38.23,8145.71,5179.4,5609.49,0.0,0.0
1063.27,39.12,40.31,38.37,38.23,8146.35,5178.34,5609.49,0.0,0.0
1063.44,39.12,40.31,38.37,38.23,8145.71,5177.99,5609.49,0.0,0.0
1063.47,39.14,40.32,38.37,38.23,8143.79,5177.64,5609.49,0.0,0.0
1063.57,39.12,40.33,38.37,38.23,8146.35,5175.19,5609.49,0.0,0.0
1063.66,39.14,40.32,38.37,38.23,8145.39,5176.59,5609.49,0.0,0.0
1063.81,39.14,40.32,38.37,38.23,8144.43,5177.64,5609.49,0.0,0.0
1063.89,39.12,40.33,38.37,38.23,8145.71,5174.49,5609.49,0.0,0.0
1064.01,39.13,40.34,38.37,38.23,8144.75,5173.44,5609.49,0.0,0.0
1064.15,39.17,40.34,38.37,38.23,8142.51,5173.08,5609.49,0.0,0.0
1064.16,39.12,40.34,38.37,38.23,8146.35,5173.44,5609.49,0.0,0.0
1064.31,39.14,40.34,38.37,38.23,8144.43,5172.73,5609.49,0.0,0.0
1064.39,39.17,40.34,38.37,38.23,8142.83,5172.73,5609.49,0.0,0.0
1064.51,39.18,40.34,38.37,38.23,8142.19,5172.73,5609.49,0.0,0.0
1064.59,39.15,40.34,38.37,38.23,8143.47,5172.73,5609.49,0.0,0.0
1064.7,39.14,40.34,38.37,38.23,8143.79,5172.03,5609.49,0.0,0.0
1064.78,39.15,40.34,38.37,38.23,8144.11,5173.08,5609.49,0.0,0.0
1064.87,39.16,40.34,38.37,38.23,8143.15,5171.68,5609.49,0.0,0.0
1064.99,39.14,40.34,38.37,38.23,8145.07,5172.03,5609.87,0.0,0.0
1065.1,39.14,40.35,38.37,38.23,8145.07,5171.33,5609.49,0.0,0.0
1065.17,39.14,40.35,38.37,38.23,8143.79,5171.33,5609.49,0.0,0.0
1065.26,39.14,40.35,38.37,38.23,8143.79,5171.33,5609.87,0.0,0.0
1065.4,39.15,40.34,38.37,38.23,8144.11,5171.68,5609.49,0.0,0.0
1065.47,39.14,40.35,38.37,38.23,8145.07,5170.98,5609.49,0.0,0.0
1065.58,39.14,40.35,38.37,38.23,8145.39,5171.33,5609.49,0.0,0.0
1065.67,39.14,40.35,38.37,38.23,8144.43,5170.98,5609.49,0.0,0.0
1065.78,39.18,40.35,38.37,38.23,8142.19,5170.98,5609.49,0.0,0.0
1065.87,39.15,40.35,38.37,38.23,8143.47,5170.98,5609.49,0.0,0.0
1065.97,39.15,40.35,38.37,38.23,8143.47,5170.98,5609.87,0.0,0.0
1066.09,39.17,40.35,38.37,38.23,8142.51,5170.98,5609.49,0.0,0.0
1066.17,39.18,40.35,38.38,38.24,8142.19,5170.98,5609.12,0.0,0.0
1066.28,39.17,40.35,38.37,38.24,8142.51,5170.98,5609.49,0.0,0.0
1066.38,39.17,40.35,38.37,38.24,8142.83,5170.98,5609.49,0.0,0.0
1066.47,39.17,40.35,38.37,38.24,8142.51,5170.98,5609.49,0.0,0.0
1066.61,39.14,40.35,38.37,38.24,8145.07,5170.98,5609.49,0.0,0.0
1066.67,39.13,40.35,38.37,38.24,8144.75,5170.98,5609.49,0.0,0.0
1066.77,39.14,40.35,38.37,38.24,8144.43,5170.98,5609.49,0.0,0.0
1066.87,39.13,40.35,38.37,38.24,8144.75,5170.98,5609.87,0.0,0.0
1066.99,39.15,40.35,38.37,38.24,8143.47,5170.98,5609.49,0.0,0.0
1067.08,39.14,40.35,38.37,38.24,8143.79,5170.98,5609.49,0.0,0.0
1067.19,39.16,40.35,38.37,38.24,8143.15,5170.98,5609.49,0.0,0.0
1067.27,39.14,40.35,38.37,38.24,8145.07,5170.98,5609.49,0.0,0.0
1067.38,39.12,40.35,38.38,38.24,8145.71,5170.98,5609.12,0.0,0.0
1067.49,39.17,40.35,38.37,38.24,8142.51,5170.98,5609.49,0.0,0.0
1067.58,39.17,40.35,38.37,38.24,8142.83,5170.98,5609.49,0.0,0.0
1067.68,39.16,40.35,38.37,38.24,8141.87,5170.98,5609.49,0.0,0.0
1067.77,39.2,40.35,38.37,38.24,8139.96,5170.98,5609.49,0.0,0.0
1067.88,39.18,40.35,38.37,38.24,8142.19,5171.33,5609.49,0.0,0.0
1068.0,39.19,40.35,38.37,38.24,8140.28,5170.98,5609.87,0.0,0.0
1068.07,39.14,40.35,38.37,38.24,8143.79,5170.98,5609.49,0.0,0.0
1068.18,39.18,40.35,38.37,38.24,8141.23,5170.98,5609.49,0.0,0.0
1068.29,39.16,40.35,38.37,38.24,8143.15,5170.98,5609.49,0.0,0.0
1068.47,39.2,40.35,38.37,38.24,8139.96,5170.98,5609.49,0.0,0.0
1068.48,39.19,40.35,38.37,38.24,8140.6,5170.98,5609.49,0.0,0.0
1068.61,39.18,40.35,38.37,38.24,8142.19,5171.33,5609.49,0.0,0.0
1068.75,39.21,40.35,38.37,38.24,8139.32,5170.98,5609.49,0.0,0.0
1068.77,39.16,40.35,38.37,38.24,8141.87,5170.98,5609.49,0.0,0.0
1068.9,39.21,40.35,38.37,38.24,8139.32,5170.98,5609.49,0.0,0.0
1068.98,39.2,40.35,38.37,38.24,8139.96,5170.98,5609.49,0.0,0.0
1069.07,39.19,40.35,38.37,38.24,8140.6,5170.98,5609.87,0.0,0.0
1069.19,39.24,40.35,38.37,38.24,8136.12,5171.33,5610.24,0.0,0.0
1069.28,39.24,40.35,38.37,38.24,8136.12,5170.98,5610.98,0.0,0.0
1069.4,39.22,40.35,38.37,38.24,8138.04,5170.98,5609.87,0.0,0.0
1069.51,39.22,40.35,38.37,38.24,8137.72,5170.98,5610.24,0.0,0.0
1069.58,39.24,40.35,38.37,38.24,8135.8,5171.33,5610.61,0.0,0.0
1069.67,39.22,40.35,38.37,38.24,8137.72,5171.33,5610.61,0.0,0.0
1069.79,39.23,40.35,38.37,38.24,8137.08,5171.33,5610.61,0.0,0.0
1069.89,39.22,40.35,38.36,38.24,8137.4,5170.98,5611.72,0.0,0.0
1070.0,39.22,40.35,38.35,38.24,8138.04,5171.33,5613.95,0.0,0.0
1070.08,39.24,40.35,38.35,38.24,8136.12,5170.98,5614.69,0.0,0.0
1070.26,39.28,40.35,38.35,38.24,8134.2,5171.33,5615.06,0.0,0.0
1070.29,39.26,40.35,38.35,38.24,8134.84,5171.33,5614.32,0.0,0.0
1070.47,39.25,40.34,38.35,38.24,8136.76,5171.68,5614.69,0.0,0.0
1070.48,39.23,40.35,38.35,38.24,8136.44,5170.98,5615.06,0.0,0.0
1070.59,39.22,40.35,38.35,38.24,8137.4,5170.98,5614.69,0.0,0.0
1070.74,39.27,40.34,38.35,38.24,8134.52,5171.68,5615.43,0.0,0.0
1070.78,39.29,40.35,38.35,38.24,8133.24,5170.98,5615.43,0.0,0.0
1070.88,39.28,40.35,38.35,38.24,8134.2,5170.98,5614.69,0.0,0.0
1071.0,39.28,40.35,38.36,38.24,8134.2,5170.98,5612.09,0.0,0.0
1071.08,39.28,40.35,38.35,38.24,8134.2,5170.98,5615.81,0.0,0.0
1071.21,39.28,40.35,38.35,38.24,8134.2,5170.98,5615.43,0.0,0.0
1071.33,39.27,40.35,38.36,38.24,8134.52,5170.98,5612.84,0.0,0.0
1071.39,39.27,40.35,38.36,38.24,8132.92,5170.98,5613.58,0.0,0.0
1071.5,39.26,40.35,38.37,38.24,8134.84,5170.98,5611.35,0.0,0.0
1071.6,39.29,40.35,38.36,38.24,8132.6,5170.98,5612.09,0.0,0.0
1071.7,39.29,40.35,38.37,38.24,8133.24,5170.98,5610.98,0.0,0.0
1071.77,39.27,40.35,38.36,38.24,8133.88,5170.98,5612.46,0.0,0.0
1071.91,39.29,40.35,38.37,38.24,8132.6,5170.98,5610.24,0.0,0.0
1072.0,39.3,40.35,38.37,38.24,8132.29,5170.98,5610.61,0.0,0.0
1072.08,39.29,40.35,38.37,38.24,8131.97,5170.98,5610.61,0.0,0.0
1072.19,39.28,40.35,38.37,38.24,8133.56,5170.98,5610.24,0.0,0.0
1072.29,39.27,40.35,38.37,38.24,8133.88,5170.98,5609.49,0.0,0.0
1072.41,39.3,40.35,38.37,38.24,8131.64,5170.98,5609.87,0.0,0.0
1072.49,39.27,40.35,38.37,38.24,8132.92,5170.98,5609.49,0.0,0.0
1072.58,39.29,40.35,38.37,38.24,8133.24,5170.98,5609.49,0.0,0.0
1072.68,39.27,40.35,38.37,38.24,8132.92,5170.98,5609.49,0.0,0.0
1072.79,39.29,40.35,38.37,38.24,8131.97,5170.98,5609.49,0.0,0.0
1072.88,39.27,40.35,38.37,38.24,8132.92,5170.98,5609.49,0.0,0.0
1072.98,39.27,40.35,38.38,38.24,8134.52,5170.98,5609.12,0.0,0.0
1073.08,39.27,40.35,38.37,38.24,8132.92,5170.98,5609.49,0.0,0.0
1073.2,39.27,40.35,38.37,38.24,8133.88,5170.63,5609.49,0.0,0.0
1073.31,39.3,40.35,38.37,38.24,8132.29,5170.98,5609.49,0.0,0.0
1073.41,39.29,40.35,38.37,38.24,8133.24,5170.98,5609.49,0.0,0.0
1073.48,39.28,40.35,38.37,38.24,8133.56,5170.63,5609.49,0.0,0.0
1073.58,39.24,40.35,38.37,38.24,8135.8,5170.98,5609.49,0.0,0.0
1073.68,39.24,40.35,38.37,38.24,8135.8,5170.63,5609.49,0.0,0.0
1073.83,39.27,40.35,38.38,38.24,8134.52,5170.98,5609.12,0.0,0.0
1073.88,39.27,40.35,38.38,38.24,8134.52,5170.63,5609.12,0.0,0.0
1073.98,39.24,40.35,38.37,38.24,8135.8,5170.98,5609.49,0.0,0.0
1074.09,39.21,40.35,38.37,38.24,8139.0,5170.98,5609.49,0.0,0.0
1074.2,39.23,40.35,38.38,38.24,8136.44,5170.98,5609.12,0.0,0.0
1074.36,39.23,40.35,38.38,38.24,8136.44,5170.63,5608.75,0.0,0.0
1074.38,39.22,40.35,38.38,38.24,8137.72,5170.63,5608.38,0.0,0.0
1074.49,39.22,40.35,38.38,38.24,8137.72,5170.98,5608.38,0.0,0.0
1074.64,39.23,40.35,38.38,38.24,8136.44,5170.98,5607.64,0.0,0.0
1074.72,39.22,40.35,38.38,38.24,8139.64,5170.98,5609.12,0.0,0.0
1074.83,39.24,40.35,38.38,38.24,8136.12,5170.98,5608.01,0.0,0.0
1074.88,39.23,40.35,38.38,38.24,8137.08,5170.98,5609.12,0.0,0.0
1075.02,39.2,40.35,38.38,38.24,8139.96,5170.98,5607.27,0.0,0.0
1075.28,39.19,40.35,38.38,38.24,8140.28,5170.98,5608.75,0.0,0.0
1075.39,39.21,40.35,38.38,38.24,8138.36,5170.98,5607.27,0.0,0.0
1075.41,39.21,40.35,38.38,38.24,8138.36,5170.98,5608.01,0.0,0.0
1075.5,39.18,40.35,38.38,38.24,8141.23,5170.98,5608.01,0.0,0.0
1075.65,39.19,40.35,38.38,38.24,8140.91,5170.98,5607.27,0.0,0.0
1075.8,39.19,40.35,38.38,38.24,8140.91,5170.98,5606.9,0.0,0.0
1075.88,39.19,40.35,38.38,38.24,8140.6,5170.98,5608.01,0.0,0.0
1076.02,39.16,40.35,38.38,38.24,8141.87,5170.98,5608.01,0.0,0.0
1076.11,39.16,40.35,38.38,38.24,8143.15,5170.98,5606.9,0.0,0.0
1076.24,39.18,40.35,38.38,38.24,8141.55,5170.98,5608.38,0.0,0.0
1076.29,39.17,40.35,38.39,38.24,8142.51,5170.98,5606.53,0.0,0.0
1076.3,39.13,40.35,38.38,38.24,8144.75,5170.98,5607.64,0.0,0.0
1076.3,39.14,40.35,38.38,38.24,8145.07,5170.98,5607.27,0.0,0.0
1076.41,39.18,40.35,38.38,38.24,8142.19,5170.98,5606.9,0.0,0.0
1076.48,39.14,40.35,38.39,38.24,8145.39,5170.98,5606.53,0.0,0.0
1076.59,39.14,40.35,38.39,38.24,8144.43,5170.98,5606.16,0.0,0.0
1076.72,39.14,40.35,38.4,38.24,8145.39,5170.63,5604.3,0.0,0.0
1076.78,39.15,40.35,38.39,38.24,8144.11,5170.98,5604.67,0.0,0.0
1076.88,39.15,40.35,38.4,38.24,8144.11,5170.98,5602.45,0.0,0.0
1077.07,39.12,40.35,38.42,38.24,8146.35,5170.98,5599.85,0.0,0.0
1077.15,39.17,40.35,38.43,38.24,8142.83,5170.98,5597.26,0.0,0.0
1077.18,39.12,40.35,38.43,38.24,8146.35,5170.98,5596.89,0.0,0.0
1077.3,39.12,40.35,38.43,38.24,8146.35,5170.98,5596.89,0.0,0.0
1077.43,39.14,40.35,38.45,38.24,8145.39,5170.98,5592.81,0.0,0.0
1077.49,39.12,40.35,38.46,38.24,8146.99,5170.98,5589.11,0.0,0.0
1077.6,39.12,40.35,38.46,38.24,8146.99,5170.98,5588.37,0.0,0.0
1077.68,39.15,40.35,38.46,38.24,8143.47,5170.63,5588.37,0.0,0.0
1077.8,39.12,40.35,38.47,38.24,8146.35,5170.98,5587.63,0.0,0.0
1077.88,39.12,40.35,38.47,38.24,8145.71,5170.98,5587.63,0.0,0.0
1077.99,39.14,40.35,38.47,38.24,8146.03,5170.98,5587.26,0.0,0.0
1078.11,39.14,40.35,38.48,38.24,8144.43,5170.28,5585.78,0.0,0.0
1078.19,39.11,40.35,38.47,38.24,8146.67,5170.28,5586.15,0.0,0.0
1078.29,39.13,40.35,38.47,38.24,8144.75,5170.98,5586.52,0.0,0.0
1078.47,39.13,40.35,38.47,38.24,8144.75,5170.98,5586.89,0.0,0.0
1078.5,39.14,40.35,38.47,38.24,8144.43,5169.93,5586.15,0.0,0.0
1078.59,39.13,40.35,38.47,38.24,8144.75,5170.98,5586.15,0.0,0.0
1078.68,39.14,40.35,38.47,38.24,8145.07,5170.98,5586.15,0.0,0.0
1078.79,39.12,40.35,38.47,38.24,8146.35,5169.58,5586.15,0.0,0.0
1078.92,39.12,40.35,38.47,38.24,8145.71,5169.93,5586.89,0.0,0.0
1078.99,39.14,40.36,38.47,38.24,8144.43,5167.83,5586.15,0.0,0.0
1079.08,39.14,40.37,38.48,38.24,8145.39,5167.13,5585.78,0.0,0.0
1079.21,39.14,40.37,38.48,38.24,8144.43,5165.38,5585.78,0.0,0.0
1079.29,39.11,40.38,38.47,38.24,8147.63,5165.03,5586.15,0.0,0.0
1079.45,39.12,40.37,38.47,38.24,8146.35,5165.38,5586.15,0.0,0.0
1079.5,39.11,40.38,38.48,38.24,8146.67,5163.63,5585.78,0.0,0.0
1079.69,39.11,40.37,38.48,38.24,8146.67,5166.78,5585.78,0.0,0.0
1079.71,39.11,40.37,38.47,38.24,8147.31,5165.38,5586.15,0.0,0.0
1079.78,39.09,40.36,38.48,38.24,8147.95,5167.48,5585.78,0.0,0.0
1079.87,39.11,40.37,38.48,38.24,8147.31,5166.08,5585.78,0.0,0.0
1079.97,39.12,40.35,38.47,38.24,8146.99,5169.58,5586.15,0.0,0.0
1080.1,39.12,40.35,38.48,38.24,8146.35,5169.93,5585.78,0.0,0.0
1080.2,39.08,40.35,38.47,38.25,8148.59,5169.58,5586.15,0.0,0.0
1080.33,39.07,40.35,38.47,38.25,8149.55,5170.63,5586.52,0.0,0.0
1080.42,39.09,40.35,38.47,38.25,8147.95,5170.63,5586.52,0.0,0.0
1080.49,39.09,40.35,38.47,38.25,8148.91,5170.63,5587.26,0.0,0.0
1080.59,39.11,40.35,38.47,38.25,8147.31,5170.98,5586.15,0.0,0.0
1080.68,39.09,40.35,38.47,38.25,8147.95,5170.98,5586.52,0.0,0.0
1080.79,39.09,40.35,38.47,38.25,8148.27,5170.98,5587.63,0.0,0.0
1080.91,39.08,40.35,38.45,38.25,8148.59,5170.63,5590.59,0.0,0.0
1081.05,39.08,40.35,38.46,38.25,8148.59,5170.98,5590.22,0.0,0.0
1081.18,39.08,40.35,38.46,38.25,8150.83,5170.98,5588.74,0.0,0.0
1081.2,39.08,40.35,38.45,38.25,8150.19,5170.98,5592.07,0.0,0.0
1081.29,39.09,40.35,38.44,38.25,8148.27,5170.98,5594.29,0.0,0.0
1081.41,39.09,40.35,38.42,38.25,8148.91,5170.98,5597.63,0.0,0.0
1081.51,39.08,40.35,38.42,38.25,8150.19,5170.98,5598.37,0.0,0.0
1081.6,39.08,40.35,38.4,38.25,8149.23,5170.98,5604.3,0.0,0.0
1081.76,39.08,40.35,38.39,38.25,8149.87,5170.98,5606.53,0.0,0.0
1081.79,39.08,40.35,38.39,38.25,8149.23,5170.98,5605.41,0.0,0.0
1081.87,39.07,40.35,38.38,38.25,8149.55,5170.98,5607.27,0.0,0.0
1081.99,39.08,40.35,38.38,38.25,8149.23,5170.98,5608.38,0.0,0.0
1082.1,39.07,40.35,38.38,38.25,8149.55,5170.98,5608.38,0.0,0.0
1082.23,39.07,40.35,38.38,38.25,8149.55,5170.98,5608.75,0.0,0.0
1082.3,39.08,40.35,38.38,38.25,8150.19,5170.98,5609.12,0.0,0.0
1082.38,39.07,40.35,38.38,38.25,8150.51,5170.98,5608.75,0.0,0.0
1082.54,39.07,40.35,38.38,38.25,8149.55,5171.33,5608.75,0.0,0.0
1082.58,39.08,40.35,38.38,38.25,8148.59,5170.98,5608.38,0.0,0.0
1082.68,39.08,40.35,38.38,38.25,8150.19,5170.98,5608.75,0.0,0.0
1082.81,39.09,40.35,38.38,38.25,8148.27,5170.98,5608.75,0.0,0.0
1082.97,39.09,40.35,38.37,38.25,8148.91,5170.98,5609.49,0.0,0.0
1083.12,39.07,40.35,38.38,38.25,8149.55,5170.98,5609.12,0.0,0.0
1083.17,39.07,40.35,38.37,38.25,8149.55,5170.98,5609.49,0.0,0.0
1083.19,39.08,40.35,38.37,38.25,8149.23,5170.98,5609.49,0.0,0.0
1083.28,39.09,40.35,38.38,38.25,8148.27,5170.98,5609.12,0.0,0.0
1083.4,39.08,40.35,38.37,38.25,8149.23,5170.98,5609.49,0.0,0.0
1083.51,39.07,40.35,38.37,38.25,8149.55,5170.98,5609.49,0.0,0.0
1083.59,39.09,40.35,38.38,38.25,8148.91,5170.98,5607.64,0.0,0.0
1083.69,39.09,40.35,38.38,38.25,8148.27,5170.98,5608.75,0.0,0.0
1083.8,39.08,40.35,38.38,38.25,8150.19,5170.98,5609.12,0.0,0.0
1083.9,39.08,40.35,38.38,38.25,8149.87,5170.98,5608.75,0.0,0.0
1084.03,39.09,40.35,38.38,38.25,8148.91,5170.98,5608.75,0.0,0.0
1084.11,39.08,40.35,38.38,38.25,8149.23,5170.98,5608.75,0.0,0.0
1084.25,39.08,40.35,38.38,38.25,8149.87,5170.98,5608.38,0.0,0.0
1084.36,39.08,40.35,38.38,38.25,8149.23,5170.98,5607.64,0.0,0.0
1084.38,39.08,40.35,38.38,38.25,8148.59,5170.98,5608.01,0.0,0.0
1084.51,39.09,40.35,38.38,38.25,8148.91,5170.98,5607.64,0.0,0.0
1084.58,39.08,40.35,38.38,38.25,8149.87,5170.98,5608.38,0.0,0.0
1084.7,39.07,40.35,38.38,38.25,8149.55,5170.98,5608.75,0.0,0.0
1084.79,39.08,40.35,38.38,38.25,8149.87,5171.33,5609.12,0.0,0.0
1084.9,39.08,40.35,38.38,38.25,8149.87,5170.98,5608.75,0.0,0.0
1085.07,39.09,40.34,38.37,38.25,8148.91,5171.68,5609.49,0.0,0.0
1085.11,39.08,40.35,38.38,38.25,8150.19,5170.98,5608.75,0.0,0.0
1085.19,39.08,40.34,38.38,38.25,8150.83,5171.68,5608.75,0.0,0.0
1085.3,39.08,40.34,38.38,38.25,8150.19,5171.68,5608.38,0.0,0.0
1085.4,39.08,40.34,38.38,38.25,8149.87,5171.68,5608.38,0.0,0.0
1085.5,39.08,40.35,38.38,38.25,8150.19,5170.98,5608.75,0.0,0.0
1085.7,39.07,40.34,38.38,38.25,8149.55,5172.03,5607.64,0.0,0.0
1085.7,39.08,40.34,38.38,38.25,8150.19,5172.73,5607.27,0.0,0.0
1085.79,39.07,40.34,38.38,38.25,8150.51,5171.68,5607.64,0.0,0.0
1085.89,39.07,40.34,38.39,38.25,8150.51,5172.38,5605.41,0.0,0.0
1086.0,39.07,40.35,38.38,38.25,8149.55,5171.33,5606.9,0.0,0.0
1086.09,39.07,40.34,38.39,38.25,8151.15,5171.68,5605.04,0.0,0.0
1086.2,39.07,40.34,38.4,38.25,8149.55,5172.03,5603.56,0.0,0.0
1086.35,39.08,40.35,38.41,38.25,8150.83,5171.33,5600.22,0.0,0.0
1086.45,39.08,40.34,38.42,38.25,8150.83,5172.03,5599.11,0.0,0.0
1086.53,39.07,40.35,38.44,38.25,8151.15,5171.33,5593.92,0.0,0.0
1086.64,39.05,40.35,38.44,38.25,8152.42,5170.98,5594.29,0.0,0.0
1086.7,39.08,40.35,38.45,38.25,8150.19,5171.33,5590.59,0.0,0.0
1086.79,39.07,40.35,38.45,38.25,8151.15,5171.33,5591.7,0.0,0.0
1086.89,39.05,40.35,38.46,38.25,8151.47,5171.33,5588.37,0.0,0.0
1087.01,39.07,40.35,38.47,38.25,8151.79,5171.33,5587.26,0.0,0.0
1087.16,39.07,40.35,38.47,38.25,8151.79,5170.98,5586.52,0.0,0.0
1087.23,39.08,40.35,38.47,38.25,8150.83,5170.98,5587.26,0.0,0.0
1087.35,39.07,40.35,38.47,38.25,8151.15,5171.33,5586.89,0.0,0.0
1087.4,39.05,40.35,38.47,38.25,8151.47,5170.98,5586.89,0.0,0.0
1087.5,39.05,40.35,38.47,38.25,8151.47,5170.98,5586.52,0.0,0.0
1087.67,39.07,40.35,38.47,38.25,8150.51,5170.98,5587.26,0.0,0.0
1087.7,39.05,40.35,38.48,38.25,8151.47,5170.98,5585.78,0.0,0.0
1087.8,39.05,40.35,38.47,38.25,8152.42,5170.98,5586.15,0.0,0.0
1087.89,39.07,40.35,38.48,38.25,8151.79,5170.98,5585.78,0.0,0.0
1087.99,39.04,40.35,38.47,38.25,8152.74,5170.98,5586.15,0.0,0.0
1088.09,39.07,40.35,38.48,38.25,8151.15,5170.98,5585.78,0.0,0.0
1088.21,39.07,40.35,38.48,38.25,8151.79,5170.98,5585.78,0.0,0.0
1088.34,39.05,40.35,38.48,38.25,8151.47,5170.98,5585.78,0.0,0.0
1088.39,39.05,40.35,38.47,38.25,8151.47,5170.98,5586.15,0.0,0.0
1088.49,39.05,40.35,38.48,38.25,8152.11,5170.98,5585.41,0.0,0.0
1088.61,39.04,40.35,38.48,38.25,8152.74,5170.98,5585.78,0.0,0.0
1088.69,39.07,40.35,38.48,38.25,8151.79,5170.98,5585.78,0.0,0.0
1088.79,39.07,40.35,38.47,38.25,8151.15,5170.98,5586.52,0.0,0.0
1088.89,39.05,40.35,38.47,38.25,8152.42,5170.98,5587.26,0.0,0.0
1089.0,39.05,40.35,38.48,38.25,8152.42,5170.98,5585.78,0.0,0.0
1089.09,39.05,40.35,38.47,38.25,8152.11,5170.98,5586.52,0.0,0.0
1089.2,39.03,40.35,38.46,38.25,8153.7,5170.98,5588.37,0.0,0.0
1089.33,39.05,40.35,38.46,38.25,8152.42,5170.98,5589.48,0.0,0.0
1089.4,39.05,40.35,38.44,38.25,8151.47,5170.98,5593.92,0.0,0.0
1089.53,39.05,40.35,38.44,38.25,8152.42,5170.98,5593.92,0.0,0.0
1089.62,39.07,40.35,38.42,38.25,8151.79,5171.33,5598.74,0.0,0.0
1089.73,39.05,40.35,38.4,38.25,8151.47,5170.98,5602.82,0.0,0.0
1089.83,39.07,40.34,38.4,38.25,8151.79,5171.68,5602.45,0.0,0.0
1089.91,39.05,40.35,38.4,38.25,8152.42,5170.98,5603.56,0.0,0.0
1089.99,39.07,40.35,38.38,38.25,8151.79,5171.33,5608.01,0.0,0.0
1090.1,39.05,40.35,38.38,38.25,8152.11,5171.33,5606.9,0.0,0.0
1090.24,39.05,40.35,38.38,38.25,8152.11,5171.33,5607.27,0.0,0.0
1090.29,39.02,40.34,38.38,38.25,8153.38,5171.68,5608.75,0.0,0.0
1090.41,39.07,40.34,38.38,38.25,8151.79,5171.68,5608.01,0.0,0.0
1090.51,39.07,40.35,38.38,38.25,8150.51,5171.33,5608.38,0.0,0.0
1090.6,39.05,40.34,38.38,38.25,8152.42,5172.03,5609.12,0.0,0.0
1090.69,39.05,40.35,38.38,38.25,8152.42,5170.98,5609.12,0.0,0.0
1090.79,39.05,40.35,38.37,38.25,8151.47,5171.33,5609.49,0.0,0.0
1090.89,39.05,40.34,38.38,38.25,8151.47,5171.68,5609.12,0.0,0.0
1091.0,39.05,40.35,38.38,38.25,8152.11,5171.33,5609.12,0.0,0.0
1091.1,39.05,40.34,38.38,38.25,8151.47,5172.38,5608.75,0.0,0.0
1091.28,39.05,40.34,38.38,38.25,8151.47,5172.73,5608.75,0.0,0.0
1091.31,39.07,40.33,38.38,38.25,8151.79,5173.79,5608.75,0.0,0.0
1091.4,39.07,40.34,38.38,38.25,8151.79,5173.44,5609.12,0.0,0.0
1091.51,39.05,40.33,38.38,38.25,8152.11,5174.49,5609.12,0.0,0.0
1091.59,39.03,40.32,38.38,38.25,8153.07,5176.24,5608.38,0.0,0.0
1091.74,39.07,40.32,38.38,38.25,8151.79,5175.89,5609.12,0.0,0.0
1091.8,39.07,40.31,38.38,38.25,8151.79,5178.34,5609.12,0.0,0.0
1091.89,39.05,40.31,38.37,38.25,8152.42,5178.7,5609.49,0.0,0.0
1092.0,39.05,40.3,38.37,38.25,8152.42,5181.5,5609.49,0.0,0.0
1092.11,39.05,40.28,38.38,38.25,8152.11,5184.66,5609.12,0.0,0.0
1092.2,39.05,40.28,38.38,38.25,8152.11,5185.71,5609.12,0.0,0.0
1092.3,39.03,40.27,38.37,38.25,8153.7,5188.52,5609.49,0.0,0.0
1092.41,39.05,40.27,38.38,38.25,8152.42,5188.17,5609.12,0.0,0.0
1092.5,39.05,40.26,38.37,38.25,8152.42,5190.63,5609.49,0.0,0.0
1092.61,39.05,40.25,38.38,38.25,8152.11,5192.04,5609.12,0.0,0.0
1092.69,39.02,40.25,38.37,38.25,8154.02,5191.69,5609.49,0.0,0.0
1092.79,39.01,40.25,38.38,38.25,8154.98,5191.69,5609.12,0.0,0.0
1092.89,39.07,40.25,38.38,38.25,8151.79,5192.04,5609.12,0.0,0.0
1093.01,39.03,40.25,38.37,38.25,8153.7,5192.74,5609.49,0.0,0.0
1093.12,39.05,40.25,38.37,38.25,8152.11,5192.74,5609.49,0.0,0.0
1093.22,39.04,40.25,38.37,38.25,8152.74,5192.39,5609.49,0.0,0.0
1093.34,39.03,40.25,38.38,38.25,8153.7,5191.33,5609.12,0.0,0.0
1093.42,39.04,40.25,38.38,38.25,8152.74,5191.33,5608.75,0.0,0.0
1093.49,39.02,40.25,38.38,38.25,8154.66,5192.74,5609.12,0.0,0.0
1093.6,39.01,40.26,38.38,38.25,8154.34,5189.58,5608.75,0.0,0.0
1093.69,39.02,40.26,38.37,38.25,8153.38,5190.28,5609.49,0.0,0.0
1093.84,39.05,40.26,38.38,38.25,8152.11,5189.93,5609.12,0.0,0.0
1093.98,39.03,40.26,38.38,38.25,8153.7,5189.58,5609.12,0.0,0.0
1094.02,39.03,40.27,38.38,38.25,8153.7,5188.52,5608.75,0.0,0.0
1094.1,39.04,40.28,38.38,38.25,8152.74,5186.07,5609.12,0.0,0.0
1094.21,39.07,40.27,38.38,38.25,8151.79,5187.12,5609.12,0.0,0.0
1094.3,39.07,40.27,38.38,38.24,8151.79,5186.77,5609.12,0.0,0.0
1094.4,39.02,40.27,38.38,38.24,8154.02,5187.82,5609.12,0.0,0.0
1094.51,39.07,40.28,38.37,38.24,8151.15,5186.07,5609.49,0.0,0.0
1094.68,39.01,40.28,38.38,38.24,8154.34,5186.07,5608.75,0.0,0.0
1094.79,39.01,40.28,38.38,38.24,8154.34,5185.71,5609.12,0.0,0.0
1094.8,39.05,40.29,38.37,38.24,8151.47,5184.31,5609.49,0.0,0.0
1094.9,39.05,40.3,38.37,38.24,8152.11,5182.2,5609.49,0.0,0.0
1094.99,39.05,40.3,38.37,38.24,8152.42,5181.5,5609.49,0.0,0.0
1095.09,39.02,40.3,38.38,38.24,8153.38,5182.2,5609.12,0.0,0.0
1095.21,39.02,40.3,38.38,38.24,8153.38,5180.8,5609.12,0.0,0.0
1095.3,39.07,40.29,38.37,38.24,8151.79,5183.26,5609.49,0.0,0.0
1095.41,39.04,40.3,38.38,38.24,8152.74,5181.85,5609.12,0.0,0.0
1095.5,39.04,40.29,38.37,38.24,8152.74,5182.56,5609.49,0.0,0.0
1095.65,39.07,40.3,38.38,38.24,8151.79,5181.15,5609.12,0.0,0.0
1095.72,39.05,40.3,38.38,38.24,8152.11,5182.2,5609.12,0.0,0.0
1095.8,39.05,40.29,38.37,38.24,8152.42,5182.91,5609.49,0.0,0.0
1095.92,39.05,40.31,38.37,38.24,8152.11,5179.4,5609.49,0.0,0.0
1096.0,39.05,40.31,38.37,38.24,8152.11,5178.34,5609.49,0.0,0.0
1096.11,39.05,40.3,38.37,38.24,8152.11,5180.1,5609.49,0.0,0.0
1096.2,39.07,40.31,38.37,38.24,8151.79,5179.4,5609.49,0.0,0.0
1096.3,39.08,40.32,38.37,38.24,8150.83,5176.59,5609.49,0.0,0.0
1096.4,39.04,40.33,38.37,38.24,8152.74,5175.54,5609.49,0.0,0.0
1096.51,39.07,40.33,38.37,38.24,8151.79,5173.79,5609.49,0.0,0.0
1096.61,39.05,40.33,38.37,38.24,8151.47,5174.84,5609.49,0.0,0.0
1096.75,39.05,40.34,38.37,38.24,8151.47,5173.44,5609.49,0.0,0.0
1096.82,39.07,40.34,38.37,38.24,8151.79,5171.68,5609.49,0.0,0.0
1096.9,39.08,40.35,38.38,38.24,8150.19,5170.98,5609.12,0.0,0.0
1097.03,39.07,40.35,38.37,38.24,8151.79,5171.33,5609.49,0.0,0.0
1097.11,39.08,40.35,38.37,38.24,8150.83,5170.98,5609.49,0.0,0.0
1097.19,39.05,40.35,38.38,38.24,8152.11,5171.33,5608.75,0.0,0.0
1097.31,39.05,40.35,38.37,38.24,8151.47,5170.98,5609.49,0.0,0.0
1097.4,39.07,40.35,38.37,38.24,8151.15,5170.98,5609.49,0.0,0.0
1097.5,39.08,40.35,38.37,38.24,8150.83,5171.33,5609.49,0.0,0.0
1097.6,39.05,40.35,38.37,38.24,8151.47,5170.98,5609.49,0.0,0.0
1097.69,39.07,40.35,38.37,38.24,8151.79,5170.98,5609.49,0.0,0.0
1097.88,39.07,40.35,38.38,38.24,8151.15,5170.98,5609.12,0.0,0.0
1097.91,39.05,40.35,38.38,38.24,8151.47,5170.98,5609.12,0.0,0.0
1098.02,39.08,40.35,38.38,38.24,8150.19,5170.98,5609.12,0.0,0.0
1098.1,39.07,40.35,38.38,38.24,8151.79,5170.98,5609.12,0.0,0.0
1098.21,39.08,40.35,38.37,38.24,8150.83,5170.98,5609.49,0.0,0.0
1098.35,39.07,40.35,38.37,38.24,8150.51,5170.98,5609.49,0.0,0.0
1098.4,39.08,40.35,38.37,38.24,8150.19,5170.98,5609.49,0.0,0.0
1098.5,39.07,40.35,38.38,38.24,8151.15,5170.98,5609.12,0.0,0.0
1098.6,39.07,40.35,38.38,38.24,8151.15,5170.98,5609.12,0.0,0.0
1098.71,39.08,40.35,38.37,38.24,8150.19,5170.98,5609.49,0.0,0.0
1098.82,39.08,40.35,38.37,38.24,8150.83,5170.98,5609.49,0.0,0.0
1098.92,39.08,40.35,38.37,38.24,8150.83,5170.98,5609.49,0.0,0.0
1098.99,39.07,40.35,38.38,38.24,8150.51,5170.98,5609.12,0.0,0.0
1099.12,39.07,40.35,38.37,38.24,8149.55,5170.98,5609.49,0.0,0.0
1099.2,39.08,40.35,38.38,38.24,8149.87,5170.98,5609.12,0.0,0.0
1099.31,39.09,40.35,38.38,38.24,8148.91,5170.98,5609.12,0.0,0.0
1099.41,39.08,40.35,38.38,38.24,8149.23,5170.98,5609.12,0.0,0.0
1099.51,39.12,40.35,38.38,38.24,8146.99,5170.98,5608.75,0.0,0.0
1099.6,39.11,40.35,38.37,38.24,8147.31,5170.98,5609.49,0.0,0.0
1099.78,39.08,40.35,38.37,38.24,8150.19,5170.98,5609.49,0.0,0.0
1099.8,39.08,40.35,38.37,38.24,8149.23,5170.98,5609.49,0.0,0.0
1099.94,39.09,40.35,38.37,38.24,8148.91,5170.98,5609.49,0.0,0.0
1100.01,39.09,40.35,38.37,38.24,8148.91,5170.98,5609.49,0.0,0.0
1100.1,39.11,40.35,38.37,38.24,8147.63,5170.98,5609.49,0.0,0.0
1100.2,39.08,40.35,38.37,38.24,8149.23,5170.98,5609.49,0.0,0.0
1100.3,39.08,40.35,38.37,38.24,8149.87,5170.98,5609.49,0.0,0.0
1100.4,39.08,40.35,38.37,38.24,8149.23,5170.98,5609.49,0.0,0.0
1100.51,39.09,40.35,38.37,38.24,8148.91,5170.98,5609.49,0.0,0.0
1100.69,39.08,40.35,38.37,38.24,8149.23,5170.98,5609.49,0.0,0.0
1100.7,39.08,40.35,38.38,38.24,8149.23,5170.98,5609.12,0.0,0.0
1100.81,39.08,40.35,38.38,38.24,8148.59,5170.98,5608.75,0.0,0.0
1100.98,39.07,40.35,38.38,38.24,8149.55,5170.98,5609.12,0.0,0.0
1101.0,39.08,40.35,38.38,38.24,8149.23,5170.98,5609.12,0.0,0.0
1101.1,39.08,40.35,38.37,38.24,8150.19,5170.98,5609.49,0.0,0.0
1101.2,39.08,40.35,38.37,38.24,8149.87,5170.98,5609.49,0.0,0.0
1101.3,39.08,40.35,38.38,38.24,8150.19,5170.98,5608.75,0.0,0.0
1101.41,39.07,40.35,38.38,38.24,8150.51,5170.98,5608.75,0.0,0.0
1101.5,39.08,40.35,38.38,38.24,8150.83,5170.98,5609.12,0.0,0.0
1101.63,39.08,40.35,38.38,38.24,8150.83,5170.98,5609.12,0.0,0.0
1101.72,39.08,40.35,38.37,38.24,8149.87,5170.98,5609.49,0.0,0.0
1101.85,39.08,40.35,38.37,38.24,8149.87,5170.98,5609.49,0.0,0.0
1101.93,39.08,40.35,38.37,38.24,8150.19,5170.98,5609.49,0.0,0.0
1102.01,39.07,40.35,38.38,38.24,8149.55,5170.98,5608.75,0.0,0.0
1102.11,39.07,40.35,38.38,38.24,8149.55,5170.98,5609.12,0.0,0.0
1102.22,39.07,40.35,38.38,38.24,8149.55,5170.98,5608.75,0.0,0.0
1102.31,39.08,40.35,38.38,38.24,8150.83,5170.98,5609.12,0.0,0.0
1102.42,39.07,40.35,38.38,38.24,8151.15,5170.98,5609.12,0.0,0.0
1102.51,39.09,40.35,38.37,38.24,8148.91,5170.98,5609.49,0.0,0.0
1102.61,39.08,40.35,38.38,38.24,8150.83,5170.98,5609.12,0.0,0.0
1102.72,39.07,40.35,38.38,38.24,8150.51,5170.98,5609.12,0.0,0.0
1102.8,39.07,40.35,38.37,38.24,8149.55,5170.98,5609.49,0.0,0.0
1102.91,39.09,40.35,38.38,38.24,8148.27,5170.98,5608.38,0.0,0.0
1103.01,39.05,40.35,38.38,38.24,8151.47,5170.98,5608.75,0.0,0.0
1103.16,39.09,40.35,38.38,38.24,8148.91,5170.98,5609.12,0.0,0.0
1103.22,39.08,40.35,38.38,38.24,8150.19,5170.98,5608.75,0.0,0.0
1103.3,39.08,40.35,38.38,38.24,8149.87,5170.98,5609.12,0.0,0.0
1103.4,39.08,40.35,38.38,38.24,8149.87,5170.98,5609.12,0.0,0.0
1103.54,39.07,40.35,38.38,38.24,8150.51,5170.98,5609.12,0.0,0.0
1103.72,39.07,40.35,38.37,38.24,8150.51,5170.98,5609.49,0.0,0.0
1103.72,39.08,40.35,38.38,38.24,8149.87,5170.98,5608.75,0.0,0.0
1103.83,39.09,40.35,38.38,38.24,8148.91,5170.98,5608.75,0.0,0.0
1103.9,39.08,40.35,38.38,38.24,8149.23,5170.98,5608.75,0.0,0.0
1104.06,39.09,40.35,38.38,38.24,8148.91,5170.98,5609.12,0.0,0.0
1104.14,39.08,40.35,38.38,38.24,8148.59,5170.98,5609.12,0.0,0.0
1104.3,39.08,40.35,38.38,38.24,8150.19,5170.98,5609.12,0.0,0.0
1104.37,39.08,40.35,38.38,38.24,8149.23,5170.98,5608.75,0.0,0.0
1104.41,39.07,40.35,38.37,38.24,8149.55,5170.98,5609.49,0.0,0.0
1104.51,39.08,40.35,38.38,38.24,8150.19,5170.98,5608.75,0.0,0.0
1104.65,39.09,40.35,38.38,38.24,8148.91,5170.98,5607.27,0.0,0.0
1104.74,39.11,40.35,38.38,38.24,8146.67,5170.98,5608.75,0.0,0.0
1104.81,39.07,40.35,38.38,38.24,8149.55,5170.98,5608.38,0.0,0.0
1104.92,39.07,40.35,38.38,38.24,8149.55,5170.98,5609.12,0.0,0.0
1105.0,39.09,40.35,38.38,38.24,8148.91,5170.98,5608.75,0.0,0.0
1105.14,39.08,40.35,38.38,38.24,8149.23,5170.98,5608.38,0.0,0.0
1105.22,39.12,40.35,38.38,38.24,8146.99,5170.98,5609.12,0.0,0.0
1105.31,39.09,40.35,38.38,38.24,8148.27,5170.98,5608.01,0.0,0.0
1105.42,39.09,40.35,38.38,38.24,8147.95,5170.98,5608.75,0.0,0.0
1105.5,39.07,40.35,38.38,38.24,8149.55,5170.98,5608.75,0.0,0.0
1105.66,39.08,40.35,38.38,38.24,8149.23,5170.98,5608.75,0.0,0.0
1105.72,39.09,40.35,38.38,38.24,8148.91,5170.98,5607.64,0.0,0.0
1105.85,39.09,40.35,38.38,38.24,8148.91,5170.98,5608.75,0.0,0.0
1105.9,39.12,40.35,38.38,38.24,8146.35,5170.98,5608.38,0.0,0.0
1106.01,39.09,40.35,38.38,38.24,8148.91,5170.98,5609.12,0.0,0.0
1106.14,39.09,40.35,38.38,38.24,8148.91,5170.98,5606.9,0.0,0.0
1106.2,39.11,40.35,38.38,38.24,8147.31,5170.98,5608.38,0.0,0.0
1106.31,39.08,40.35,38.38,38.24,8149.87,5170.98,5608.38,0.0,0.0
1106.42,39.14,40.35,38.38,38.24,8145.07,5170.98,5608.01,0.0,0.0
1106.51,39.09,40.35,38.38,38.24,8147.95,5170.98,5608.38,0.0,0.0
1106.6,39.14,40.35,38.38,38.24,8145.07,5170.98,5608.01,0.0,0.0
1106.7,39.14,40.35,38.38,38.24,8146.03,5170.98,5609.12,0.0,0.0
1106.85,39.09,40.35,38.38,38.24,8148.27,5170.98,5609.12,0.0,0.0
1106.94,39.09,40.35,38.37,38.24,8147.95,5170.63,5609.49,0.0,0.0
1107.07,39.09,40.35,38.38,38.24,8147.95,5170.63,5608.38,0.0,0.0
1107.1,39.09,40.35,38.38,38.24,8148.27,5170.63,5608.75,0.0,0.0
1107.21,39.12,40.35,38.38,38.25,8145.71,5170.63,5608.75,0.0,0.0
1107.4,39.12,40.35,38.38,38.25,8146.99,5170.98,5608.01,0.0,0.0
1107.41,39.11,40.35,38.38,38.25,8147.31,5170.98,5608.38,0.0,0.0
1107.68,39.09,40.35,38.38,38.25,8147.95,5170.98,5607.64,0.0,0.0
1107.75,39.11,40.35,38.38,38.25,8146.67,5170.63,5608.38,0.0,0.0
1107.77,39.09,40.35,38.38,38.25,8148.27,5170.63,5608.38,0.0,0.0
1107.91,39.08,40.35,38.38,38.25,8148.59,5170.98,5607.64,0.0,0.0
1108.02,39.12,40.35,38.39,38.25,8145.71,5170.98,5606.53,0.0,0.0
1108.09,39.12,40.35,38.39,38.25,8145.71,5170.98,5605.78,0.0,0.0
1108.21,39.14,40.35,38.4,38.25,8145.39,5170.98,5603.93,0.0,0.0
1108.21,39.14,40.35,38.4,38.25,8143.79,5170.98,5604.3,0.0,0.0
1108.31,39.14,40.35,38.41,38.25,8145.39,5170.98,5602.08,0.0,0.0
1108.43,39.14,40.35,38.4,38.25,8143.79,5170.98,5603.56,0.0,0.0
1108.56,39.14,40.35,38.41,38.25,8143.79,5170.98,5602.08,0.0,0.0
1108.67,39.18,40.35,38.42,38.25,8142.19,5170.98,5598.37,0.0,0.0
1108.71,39.13,40.35,38.42,38.25,8144.75,5170.63,5598.0,0.0,0.0
1108.82,39.14,40.35,38.43,38.25,8145.07,5170.63,5596.52,0.0,0.0
1108.97,39.15,40.35,38.43,38.25,8143.47,5170.98,5596.52,0.0,0.0
1109.04,39.14,40.35,38.44,38.25,8144.43,5170.98,5593.18,0.0,0.0
1109.12,39.14,40.35,38.45,38.25,8143.79,5170.98,5590.96,0.0,0.0
1109.23,39.15,40.35,38.46,38.25,8144.11,5170.98,5589.48,0.0,0.0
1109.31,39.16,40.35,38.46,38.25,8141.87,5170.98,5589.11,0.0,0.0
1109.41,39.15,40.35,38.46,38.25,8143.47,5170.98,5589.48,0.0,0.0
1109.52,39.18,40.35,38.46,38.25,8141.23,5170.98,5590.22,0.0,0.0
1109.67,39.16,40.35,38.46,38.25,8143.15,5170.98,5588.74,0.0,0.0
1109.72,39.19,40.35,38.46,38.25,8140.28,5170.98,5588.37,0.0,0.0
1109.86,39.15,40.35,38.47,38.25,8143.47,5170.98,5587.63,0.0,0.0
1109.91,39.18,40.35,38.47,38.25,8141.55,5170.98,5587.63,0.0,0.0
1110.01,39.19,40.35,38.47,38.25,8140.6,5170.98,5588.0,0.0,0.0
1110.12,39.16,40.35,38.47,38.25,8141.87,5170.98,5587.63,0.0,0.0
1110.25,39.19,40.35,38.48,38.25,8140.28,5170.28,5585.78,0.0,0.0
1110.3,39.25,40.35,38.47,38.25,8136.76,5170.63,5586.52,0.0,0.0
1110.41,39.2,40.35,38.47,38.25,8139.96,5170.63,5586.15,0.0,0.0
1110.52,39.18,40.35,38.47,38.25,8142.19,5170.98,5586.15,0.0,0.0
1110.7,39.19,40.35,38.48,38.25,8140.28,5170.63,5585.78,0.0,0.0
1110.72,39.21,40.35,38.48,38.25,8139.0,5170.63,5585.41,0.0,0.0
1110.8,39.21,40.35,38.48,38.25,8138.36,5170.63,5585.78,0.0,0.0
1110.91,39.21,40.35,38.48,38.25,8138.36,5170.63,5585.78,0.0,0.0
1111.02,39.19,40.35,38.47,38.25,8140.91,5170.63,5586.15,0.0,0.0
1111.14,39.19,40.35,38.48,38.25,8140.91,5170.28,5585.78,0.0,0.0
1111.24,39.18,40.35,38.48,38.25,8141.55,5170.63,5585.78,0.0,0.0
1111.32,39.21,40.35,38.48,38.25,8139.0,5170.63,5585.78,0.0,0.0
1111.5,39.2,40.35,38.48,38.25,8139.96,5170.28,5585.78,0.0,0.0
1111.51,39.19,40.36,38.48,38.25,8140.28,5169.23,5585.78,0.0,0.0
1111.61,39.22,40.36,38.48,38.25,8137.72,5169.23,5585.41,0.0,0.0
1111.75,39.16,40.36,38.48,38.25,8141.87,5168.18,5585.04,0.0,0.0
1111.8,39.22,40.36,38.48,38.25,8139.64,5168.53,5585.78,0.0,0.0
1111.9,39.18,40.38,38.48,38.25,8141.23,5165.03,5585.41,0.0,0.0
1112.01,39.2,40.38,38.48,38.25,8139.96,5164.68,5585.78,0.0,0.0
1112.12,39.2,40.4,38.48,38.25,8139.96,5160.48,5585.78,0.0,0.0
1112.22,39.22,40.41,38.48,38.25,8139.64,5157.33,5585.41,0.0,0.0
1112.3,39.21,40.42,38.48,38.25,8139.0,5156.63,5585.04,0.0,0.0
1112.43,39.19,40.44,38.48,38.25,8140.28,5152.08,5585.78,0.0,0.0
1112.51,39.22,40.44,38.48,38.25,8139.64,5151.03,5585.78,0.0,0.0
1112.61,39.19,40.44,38.48,38.25,8140.6,5151.73,5585.78,0.0,0.0
1112.74,39.22,40.44,38.48,38.25,8138.68,5151.73,5585.78,0.0,0.0
1112.8,39.19,40.45,38.48,38.25,8140.6,5149.99,5585.78,0.0,0.0
1112.93,39.19,40.44,38.48,38.25,8140.91,5151.73,5585.04,0.0,0.0
1113.01,39.19,40.45,38.48,38.25,8140.91,5150.34,5585.78,0.0,0.0
1113.11,39.21,40.43,38.48,38.25,8139.32,5153.13,5585.04,0.0,0.0
1113.26,39.19,40.43,38.48,38.25,8140.28,5153.48,5585.41,0.0,0.0
1113.31,39.17,40.43,38.48,38.25,8142.51,5153.13,5585.78,0.0,0.0
1113.43,39.17,40.43,38.48,38.25,8142.83,5153.48,5585.41,0.0,0.0
1113.51,39.16,40.43,38.48,38.25,8141.87,5153.83,5585.78,0.0,0.0
1113.61,39.14,40.43,38.48,38.25,8144.43,5154.18,5585.04,0.0,0.0
1113.78,39.16,40.41,38.48,38.25,8141.87,5157.33,5585.78,0.0,0.0
1113.81,39.14,40.41,38.48,38.25,8144.43,5158.73,5585.41,0.0,0.0
1113.92,39.16,40.41,38.48,38.25,8143.15,5157.33,5585.41,0.0,0.0
1114.03,39.14,40.4,38.48,38.25,8146.03,5160.83,5585.78,0.0,0.0
1114.12,39.14,40.4,38.48,38.25,8145.39,5159.78,5585.41,0.0,0.0
1114.22,39.15,40.4,38.48,38.25,8144.11,5159.78,5585.78,0.0,0.0
1114.34,39.11,40.39,38.48,38.25,8146.67,5162.23,5585.78,0.0,0.0
1114.4,39.14,40.39,38.48,38.25,8145.39,5162.23,5585.78,0.0,0.0
1114.71,39.12,40.38,38.48,38.25,8146.35,5163.98,5585.78,0.0,0.0
1114.78,39.12,40.38,38.48,38.25,8145.71,5165.03,5585.78,0.0,0.0
1114.85,39.14,40.36,38.48,38.25,8144.43,5168.53,5585.41,0.0,0.0
1114.87,39.12,40.36,38.47,38.25,8145.71,5168.18,5586.15,0.0,0.0
1114.91,39.13,40.36,38.48,38.25,8144.75,5167.83,5585.04,0.0,0.0
1115.03,39.15,40.37,38.48,38.25,8143.47,5166.78,5585.04,0.0,0.0
1115.11,39.11,40.36,38.48,38.25,8147.63,5168.18,5585.78,0.0,0.0
1115.31,39.11,40.36,38.48,38.26,8147.31,5168.18,5585.41,0.0,0.0
1115.31,39.14,40.36,38.48,38.26,8146.03,5169.23,5585.78,0.0,0.0
1115.41,39.11,40.35,38.48,38.26,8147.31,5169.58,5585.41,0.0,0.0
1115.52,39.14,40.35,38.48,38.26,8146.03,5169.58,5585.78,0.0,0.0
1115.61,39.14,40.36,38.47,38.26,8146.03,5169.23,5586.15,0.0,0.0
1115.72,39.15,40.36,38.48,38.26,8143.47,5168.88,5585.78,0.0,0.0
1115.83,39.14,40.36,38.48,38.26,8144.43,5168.88,5585.78,0.0,0.0
1115.94,39.12,40.35,38.48,38.26,8146.35,5169.93,5585.78,0.0,0.0
1116.02,39.14,40.36,38.48,38.26,8145.39,5168.88,5585.78,0.0,0.0
1116.12,39.15,40.36,38.48,38.26,8143.47,5168.88,5585.78,0.0,0.0
1116.23,39.14,40.36,38.47,38.26,8145.07,5169.23,5586.52,0.0,0.0
1116.35,39.14,40.36,38.48,38.26,8145.39,5168.53,5585.78,0.0,0.0
1116.41,39.16,40.36,38.47,38.26,8143.15,5168.88,5586.15,0.0,0.0
1116.5,39.14,40.35,38.47,38.26,8145.07,5169.58,5586.15,0.0,0.0
1116.62,39.14,40.36,38.47,38.26,8143.79,5168.53,5586.89,0.0,0.0
1116.73,39.12,40.35,38.48,38.26,8145.71,5169.93,5585.78,0.0,0.0
1116.95,39.14,40.36,38.47,38.26,8145.39,5168.88,5586.15,0.0,0.0
1116.97,39.16,40.36,38.47,38.26,8143.15,5169.23,5586.52,0.0,0.0
1117.05,39.17,40.35,38.47,38.26,8142.83,5170.28,5587.26,0.0,0.0
1117.12,39.16,40.35,38.47,38.26,8143.15,5169.58,5587.63,0.0,0.0
1117.24,39.17,40.36,38.47,38.26,8142.51,5169.23,5587.63,0.0,0.0
1117.31,39.16,40.36,38.47,38.26,8141.87,5168.88,5587.63,0.0,0.0
1117.43,39.14,40.36,38.46,38.26,8144.43,5169.23,5589.11,0.0,0.0
1117.52,39.18,40.35,38.46,38.26,8142.19,5170.28,5588.74,0.0,0.0
1117.62,39.15,40.35,38.46,38.26,8144.11,5170.28,5589.85,0.0,0.0
1117.76,39.19,40.35,38.46,38.26,8140.6,5170.98,5589.11,0.0,0.0
1117.82,39.16,40.35,38.46,38.26,8141.87,5169.58,5588.74,0.0,0.0
1117.98,39.18,40.35,38.45,38.26,8141.23,5170.63,5590.59,0.0,0.0
1118.02,39.18,40.35,38.46,38.26,8141.55,5170.28,5588.37,0.0,0.0
1118.12,39.15,40.35,38.45,38.26,8143.47,5170.63,5590.59,0.0,0.0
1118.24,39.18,40.35,38.45,38.26,8142.19,5170.63,5590.59,0.0,0.0
1118.38,39.18,40.35,38.46,38.26,8141.23,5170.63,5590.22,0.0,0.0
1118.49,39.19,40.35,38.45,38.26,8140.6,5170.28,5590.59,0.0,0.0
1118.54,39.21,40.35,38.45,38.26,8139.32,5170.98,5592.44,0.0,0.0
1118.63,39.21,40.35,38.45,38.26,8139.32,5170.63,5592.81,0.0,0.0
1118.72,39.21,40.35,38.45,38.26,8138.36,5170.98,5591.7,0.0,0.0
1118.82,39.21,40.35,38.44,38.26,8139.32,5170.98,5593.92,0.0,0.0
1118.92,39.22,40.35,38.45,38.26,8137.4,5169.58,5592.81,0.0,0.0
1119.02,39.21,40.35,38.45,38.26,8139.32,5169.58,5592.07,0.0,0.0
1119.11,39.21,40.35,38.44,38.26,8139.0,5170.63,5594.29,0.0,0.0
1119.22,39.23,40.35,38.44,38.26,8137.08,5170.63,5595.03,0.0,0.0
1119.39,39.25,40.35,38.42,38.26,8135.48,5170.98,5597.63,0.0,0.0
1119.43,39.22,40.35,38.43,38.26,8137.4,5170.98,5597.26,0.0,0.0
1119.54,39.22,40.35,38.42,38.26,8138.04,5170.63,5597.63,0.0,0.0
1119.65,39.22,40.35,38.42,38.26,8137.72,5170.63,5599.85,0.0,0.0
1119.72,39.23,40.35,38.41,38.26,8137.08,5170.63,5601.33,0.0,0.0
1119.91,39.23,40.35,38.42,38.26,8137.08,5170.63,5598.74,0.0,0.0
1119.94,39.25,40.35,38.4,38.26,8136.76,5170.28,5604.3,0.0,0.0
1120.01,39.22,40.35,38.42,38.26,8137.72,5170.98,5599.85,0.0,0.0
1120.13,39.25,40.36,38.4,38.26,8135.16,5169.23,5603.19,0.0,0.0
1120.22,39.24,40.35,38.41,38.26,8135.8,5170.28,5601.7,0.0,0.0
1120.33,39.28,40.35,38.4,38.26,8134.2,5170.63,5602.45,0.0,0.0
1120.41,39.26,40.35,38.41,38.26,8134.84,5170.28,5602.08,0.0,0.0
1120.51,39.23,40.35,38.4,38.26,8136.44,5170.63,5603.93,0.0,0.0
1120.65,39.27,40.35,38.4,38.26,8134.52,5170.63,5603.19,0.0,0.0
1120.71,39.25,40.35,38.41,38.26,8135.16,5170.28,5600.96,0.0,0.0
1120.82,39.26,40.35,38.4,38.26,8134.84,5169.93,5602.45,0.0,0.0
1120.95,39.28,40.36,38.41,38.26,8134.2,5168.18,5602.08,0.0,0.0
1121.01,39.22,40.35,38.4,38.26,8138.68,5169.58,5602.82,0.0,0.0
1121.16,39.3,40.36,38.4,38.26,8132.29,5168.88,5602.82,0.0,0.0
1121.24,39.29,40.36,38.41,38.26,8133.24,5168.53,5600.22,0.0,0.0
1121.33,39.27,40.36,38.42,38.26,8133.88,5168.88,5599.48,0.0,0.0
1121.43,39.29,40.36,38.4,38.26,8131.97,5168.18,5602.82,0.0,0.0
1121.54,39.29,40.37,38.4,38.26,8132.6,5166.43,5603.19,0.0,0.0
1121.64,39.3,40.37,38.41,38.26,8131.33,5165.38,5601.33,0.0,0.0
1121.72,39.28,40.38,38.42,38.26,8134.2,5165.03,5599.85,0.0,0.0
1121.82,39.27,40.37,38.42,38.26,8133.88,5165.38,5599.11,0.0,0.0
1121.91,39.29,40.37,38.42,38.26,8131.97,5166.43,5598.0,0.0,0.0
1122.01,39.29,40.38,38.42,38.26,8131.97,5163.98,5599.11,0.0,0.0
1122.12,39.29,40.37,38.43,38.26,8132.6,5166.43,5596.52,0.0,0.0
1122.37,39.3,40.37,38.43,38.26,8132.29,5165.38,5596.89,0.0,0.0
1122.51,39.3,40.38,38.43,38.26,8131.33,5165.03,5595.78,0.0,0.0
1122.53,39.3,40.37,38.44,38.26,8132.29,5166.43,5594.29,0.0,0.0
1122.53,39.27,40.37,38.44,38.26,8132.92,5166.08,5594.29,0.0,0.0
1122.62,39.3,40.37,38.45,38.26,8132.29,5165.73,5592.07,0.0,0.0
1122.77,39.3,40.38,38.45,38.26,8131.64,5164.68,5590.96,0.0,0.0
1122.81,39.3,40.37,38.46,38.26,8131.33,5165.73,5589.11,0.0,0.0
1122.92,39.31,40.37,38.46,38.26,8130.69,5166.08,5589.85,0.0,0.0
1123.01,39.3,40.38,38.45,38.26,8131.33,5165.03,5590.96,0.0,0.0
1123.12,39.3,40.37,38.46,38.26,8131.33,5166.08,5588.74,0.0,0.0
1123.23,39.32,40.38,38.46,38.26,8131.01,5164.33,5589.48,0.0,0.0
1123.4,39.3,40.38,38.46,38.26,8131.33,5163.63,5589.11,0.0,0.0
1123.42,39.31,40.38,38.46,38.26,8130.69,5164.33,5589.85,0.0,0.0
1123.55,39.32,40.38,38.47,38.26,8131.01,5165.03,5588.0,0.0,0.0
1123.63,39.3,40.37,38.47,38.26,8132.29,5165.38,5587.63,0.0,0.0
1123.72,39.3,40.38,38.47,38.26,8131.64,5163.63,5587.26,0.0,0.0
1123.86,39.32,40.38,38.47,38.26,8131.01,5164.33,5586.52,0.0,0.0
1124.0,39.32,40.39,38.47,38.26,8131.01,5162.58,5586.89,0.0,0.0
1124.03,39.3,40.39,38.47,38.26,8131.33,5161.53,5586.15,0.0,0.0
1124.16,39.29,40.41,38.47,38.26,8132.6,5158.73,5586.15,0.0,0.0
1124.24,39.3,40.41,38.47,38.26,8131.64,5157.33,5586.52,0.0,0.0
1124.33,39.29,40.41,38.48,38.26,8131.97,5156.98,5585.78,0.0,0.0
1124.42,39.27,40.41,38.48,38.26,8132.92,5158.73,5585.78,0.0,0.0
1124.52,39.29,40.42,38.48,38.26,8131.97,5156.28,5585.78,0.0,0.0
1124.69,39.29,40.4,38.48,38.26,8132.6,5159.08,5585.78,0.0,0.0
1124.72,39.3,40.41,38.48,38.26,8132.29,5158.38,5585.78,0.0,0.0
1124.82,39.29,40.4,38.48,38.26,8133.24,5159.08,5585.78,0.0,0.0
1124.94,39.28,40.41,38.48,38.26,8133.56,5158.73,5585.78,0.0,0.0
1125.02,39.26,40.39,38.48,38.26,8134.84,5161.18,5585.78,0.0,0.0
1125.16,39.29,40.38,38.48,38.26,8132.6,5164.33,5585.78,0.0,0.0
1125.24,39.28,40.37,38.48,38.26,8134.2,5165.38,5585.78,0.0,0.0
1125.32,39.25,40.37,38.48,38.26,8135.16,5166.08,5585.78,0.0,0.0
1125.44,39.28,40.37,38.48,38.26,8133.56,5166.43,5585.78,0.0,0.0
1125.54,39.25,40.36,38.48,38.26,8136.76,5169.23,5585.41,0.0,0.0
1125.63,39.28,40.36,38.48,38.26,8133.56,5168.53,5585.78,0.0,0.0
1125.74,39.22,40.35,38.48,38.26,8137.4,5169.93,5585.78,0.0,0.0
1125.82,39.25,40.36,38.48,38.26,8135.48,5168.88,5585.41,0.0,0.0
1125.93,39.25,40.35,38.48,38.26,8135.48,5169.58,5585.78,0.0,0.0
1126.05,39.24,40.35,38.48,38.26,8136.12,5170.28,5585.78,0.0,0.0
1126.13,39.23,40.35,38.48,38.26,8136.44,5170.28,5585.04,0.0,0.0
1126.26,39.25,40.35,38.48,38.26,8135.48,5170.28,5585.41,0.0,0.0
1126.34,39.25,40.35,38.48,38.26,8136.76,5170.63,5585.41,0.0,0.0
1126.43,39.23,40.35,38.48,38.26,8136.44,5170.63,5585.78,0.0,0.0
1126.54,39.22,40.35,38.48,38.26,8138.04,5169.93,5585.78,0.0,0.0
1126.63,39.23,40.35,38.48,38.26,8137.08,5169.58,5585.04,0.0,0.0
1126.71,39.22,40.35,38.48,38.26,8138.68,5169.58,5585.78,0.0,0.0
1126.84,39.2,40.35,38.48,38.26,8139.96,5169.93,5585.41,0.0,0.0
1126.92,39.22,40.35,38.48,38.26,8138.04,5170.28,5585.41,0.0,0.0
1127.01,39.19,40.35,38.48,38.26,8140.6,5169.93,5585.78,0.0,0.0
1127.12,39.19,40.35,38.48,38.26,8140.28,5170.28,5585.78,0.0,0.0
1127.23,39.21,40.35,38.48,38.26,8139.32,5169.93,5585.78,0.0,0.0
1127.36,39.22,40.35,38.48,38.26,8138.68,5169.93,5585.04,0.0,0.0
1127.42,39.21,40.36,38.48,38.26,8139.0,5169.23,5585.04,0.0,0.0
1127.56,39.23,40.36,38.48,38.26,8136.44,5169.23,5585.41,0.0,0.0
1127.64,39.19,40.35,38.48,38.26,8140.91,5170.28,5585.41,0.0,0.0
1127.73,39.22,40.36,38.48,38.26,8139.64,5168.53,5585.41,0.0,0.0
1127.83,39.21,40.35,38.48,38.26,8139.32,5169.58,5585.78,0.0,0.0
1127.92,39.21,40.36,38.48,38.26,8138.36,5168.53,5585.41,0.0,0.0
1128.03,39.23,40.37,38.48,38.26,8136.44,5167.13,5585.41,0.0,0.0
1128.12,39.23,40.37,38.48,38.26,8137.08,5166.08,5585.78,0.0,0.0
1128.23,39.22,40.37,38.48,38.26,8138.68,5166.43,5585.41,0.0,0.0
1128.32,39.22,40.38,38.48,38.26,8137.72,5163.28,5585.78,0.0,0.0
1128.42,39.18,40.38,38.48,38.26,8141.23,5164.68,5585.78,0.0,0.0
1128.53,39.22,40.38,38.48,38.26,8137.4,5163.98,5585.78,0.0,0.0
1128.62,39.22,40.39,38.48,38.26,8138.68,5161.53,5585.41,0.0,0.0
1128.75,39.2,40.4,38.48,38.26,8139.96,5159.08,5585.41,0.0,0.0
1128.83,39.25,40.41,38.48,38.26,8135.16,5158.73,5585.41,0.0,0.0
1128.91,39.21,40.41,38.48,38.26,8138.36,5157.68,5584.67,0.0,0.0
1129.14,39.22,40.42,38.48,38.26,8137.72,5154.88,5585.04,0.0,0.0
1129.22,39.22,40.43,38.48,38.26,8138.04,5153.48,5585.78,0.0,0.0
1129.25,39.21,40.43,38.48,38.26,8138.36,5152.78,5585.78,0.0,0.0
1129.34,39.18,40.43,38.48,38.26,8141.55,5153.13,5585.41,0.0,0.0
1129.42,39.2,40.44,38.48,38.26,8139.96,5152.08,5585.04,0.0,0.0
1129.53,39.19,40.45,38.48,38.26,8140.28,5149.64,5585.04,0.0,0.0
1129.64,39.24,40.43,38.48,38.26,8136.12,5153.13,5585.41,0.0,0.0
1129.72,39.21,40.44,38.48,38.26,8139.0,5151.38,5585.41,0.0,0.0
1129.83,39.22,40.45,38.48,38.26,8138.68,5149.99,5585.41,0.0,0.0
1129.95,39.22,40.44,38.48,38.26,8139.64,5150.68,5585.04,0.0,0.0
1130.15,39.21,40.45,38.48,38.26,8138.36,5149.64,5585.41,0.0,0.0
1130.16,39.22,40.45,38.48,38.26,8137.72,5149.29,5585.04,0.0,0.0
1130.25,39.23,40.45,38.48,38.26,8137.08,5150.34,5585.04,0.0,0.0
1130.33,39.21,40.45,38.48,38.26,8139.0,5149.29,5585.41,0.0,0.0
1130.43,39.27,40.45,38.48,38.26,8134.52,5148.94,5585.41,0.0,0.0
1130.57,39.21,40.45,38.48,38.27,8139.0,5149.29,5585.41,0.0,0.0
1130.62,39.22,40.45,38.48,38.27,8137.72,5148.94,5585.04,0.0,0.0
1130.76,39.22,40.45,38.48,38.27,8137.4,5148.59,5585.41,0.0,0.0
1130.82,39.25,40.45,38.48,38.27,8135.48,5149.29,5585.78,0.0,0.0
1130.93,39.21,40.45,38.48,38.27,8138.36,5148.94,5585.41,0.0,0.0
1131.09,39.22,40.45,38.48,38.27,8137.4,5148.59,5585.78,0.0,0.0
1131.2,39.24,40.45,38.48,38.27,8136.12,5148.94,5585.78,0.0,0.0
1131.23,39.25,40.45,38.48,38.27,8136.76,5148.94,5585.41,0.0,0.0
1131.32,39.25,40.45,38.48,38.27,8136.76,5148.59,5585.41,0.0,0.0
1131.44,39.22,40.45,38.48,38.27,8137.72,5148.59,5584.67,0.0,0.0
1131.53,39.22,40.45,38.48,38.27,8137.4,5148.59,5585.04,0.0,0.0
1131.72,39.22,40.45,38.48,38.27,8137.72,5148.94,5585.41,0.0,0.0
1131.79,39.23,40.45,38.48,38.27,8137.08,5148.94,5585.41,0.0,0.0
1131.83,39.21,40.45,38.48,38.27,8138.36,5148.59,5585.41,0.0,0.0
1131.98,39.23,40.45,38.48,38.27,8136.44,5148.59,5585.04,0.0,0.0
1132.08,39.21,40.45,38.48,38.27,8138.36,5148.59,5585.04,0.0,0.0
1132.12,39.21,40.45,38.48,38.27,8139.32,5148.59,5585.41,0.0,0.0
1132.26,39.22,40.45,38.48,38.27,8138.04,5148.59,5585.41,0.0,0.0
1132.32,39.25,40.45,38.48,38.27,8136.76,5148.59,5585.41,0.0,0.0
1132.53,39.2,40.45,38.48,38.27,8139.96,5148.59,5585.78,0.0,0.0
1132.55,39.22,40.45,38.48,38.27,8137.72,5148.59,5585.41,0.0,0.0
1132.63,39.21,40.45,38.48,38.27,8138.36,5148.94,5585.04,0.0,0.0
1132.76,39.22,40.45,38.48,38.27,8138.04,5148.59,5585.78,0.0,0.0
1132.84,39.19,40.45,38.48,38.27,8140.91,5148.94,5585.04,0.0,0.0
1132.92,39.23,40.45,38.48,38.27,8136.44,5148.59,5585.41,0.0,0.0
1133.05,39.25,40.45,38.48,38.27,8136.76,5148.94,5585.78,0.0,0.0
1133.16,39.22,40.45,38.48,38.27,8137.4,5148.94,5585.41,0.0,0.0
1133.22,39.22,40.45,38.48,38.27,8138.68,5148.94,5585.41,0.0,0.0
1133.34,39.22,40.45,38.48,38.27,8137.72,5148.59,5585.41,0.0,0.0
1133.45,39.22,40.45,38.48,38.28,8137.4,5148.59,5585.78,0.0,0.0
1133.53,39.22,40.45,38.48,38.28,8138.04,5149.64,5585.78,0.0,0.0
1133.63,39.22,40.45,38.48,38.28,8138.68,5149.29,5585.78,0.0,0.0
1133.72,39.23,40.45,38.48,38.28,8136.44,5148.59,5585.78,0.0,0.0
1133.84,39.24,40.45,38.48,38.28,8135.8,5148.59,5585.78,0.0,0.0
1133.94,39.22,40.44,38.48,38.28,8138.04,5151.03,5585.41,0.0,0.0
1134.03,39.23,40.45,38.48,38.28,8136.44,5150.34,5585.04,0.0,0.0
1134.15,39.22,40.44,38.48,38.28,8137.4,5151.38,5585.78,0.0,0.0
1134.34,39.22,40.44,38.48,38.28,8138.68,5151.03,5585.41,0.0,0.0
1134.39,39.22,40.44,38.48,38.28,8137.72,5152.43,5585.41,0.0,0.0
1134.46,39.22,40.44,38.48,38.28,8138.04,5152.43,5585.41,0.0,0.0
1134.52,39.22,40.43,38.48,38.28,8137.72,5154.53,5585.78,0.0,0.0
1134.62,39.21,40.43,38.48,38.28,8139.0,5153.13,5585.78,0.0,0.0
1134.75,39.23,40.42,38.48,38.28,8137.08,5154.88,5585.41,0.0,0.0
1134.82,39.23,40.41,38.48,38.28,8137.08,5156.98,5585.41,0.0,0.0
1134.93,39.21,40.41,38.48,38.28,8139.0,5156.98,5585.78,0.0,0.0
1135.05,39.19,40.41,38.48,38.28,8140.91,5157.33,5585.41,0.0,0.0
1135.16,39.19,40.39,38.48,38.28,8140.91,5161.53,5585.04,0.0,0.0
1135.23,39.21,40.39,38.48,38.28,8139.32,5161.18,5585.41,0.0,0.0
1135.34,39.22,40.39,38.48,38.28,8138.04,5162.23,5585.78,0.0,0.0
1135.44,39.22,40.39,38.48,38.28,8138.68,5161.53,5585.41,0.0,0.0
1135.52,39.18,40.4,38.48,38.28,8141.23,5159.43,5585.41,0.0,0.0
1135.65,39.16,40.39,38.48,38.28,8141.87,5161.53,5585.41,0.0,0.0
1135.75,39.19,40.39,38.48,38.28,8140.91,5162.58,5585.41,0.0,0.0
1135.83,39.19,40.38,38.48,38.28,8140.28,5164.68,5585.41,0.0,0.0
1135.94,39.22,40.38,38.48,38.28,8139.64,5163.98,5585.41,0.0,0.0
1136.03,39.22,40.39,38.48,38.28,8138.68,5162.23,5585.41,0.0,0.0
1136.14,39.2,40.39,38.48,38.28,8139.96,5162.58,5585.04,0.0,0.0
1136.25,39.21,40.38,38.48,38.28,8139.0,5163.28,5585.04,0.0,0.0
1136.34,39.21,40.38,38.48,38.28,8139.32,5163.98,5585.41,0.0,0.0
1136.43,39.21,40.38,38.48,38.28,8138.36,5163.63,5585.78,0.0,0.0
1136.54,39.19,40.37,38.48,38.28,8140.28,5165.73,5585.78,0.0,0.0
1136.64,39.22,40.37,38.48,38.28,8138.68,5165.73,5585.41,0.0,0.0
1136.76,39.21,40.37,38.48,38.28,8139.0,5167.13,5585.04,0.0,0.0
1136.83,39.22,40.38,38.48,38.28,8138.68,5165.03,5584.3,0.0,0.0
1136.95,39.19,40.38,38.48,38.28,8140.91,5165.03,5585.04,0.0,0.0
1137.07,39.19,40.38,38.48,38.28,8140.28,5165.03,5584.67,0.0,0.0
1137.14,39.22,40.37,38.48,38.28,8139.64,5165.73,5584.3,0.0,0.0
1137.23,39.21,40.37,38.48,38.28,8139.32,5166.08,5584.3,0.0,0.0
1137.35,39.21,40.37,38.48,38.28,8139.32,5166.43,5585.04,0.0,0.0
1137.43,39.21,40.38,38.49,38.28,8139.32,5164.33,5583.19,0.0,0.0
1137.53,39.19,40.38,38.49,38.28,8140.91,5164.68,5582.82,0.0,0.0
1137.69,39.21,40.38,38.49,38.28,8139.32,5163.28,5583.56,0.0,0.0
1137.73,39.2,40.38,38.49,38.28,8139.96,5163.98,5582.82,0.0,0.0
1137.83,39.19,40.38,38.5,38.28,8140.28,5165.03,5579.12,0.0,0.0
1137.96,39.19,40.38,38.5,38.28,8140.91,5164.33,5579.12,0.0,0.0
1138.04,39.21,40.39,38.51,38.28,8138.36,5162.58,5578.38,0.0,0.0
1138.19,39.2,40.38,38.52,38.28,8139.96,5163.63,5574.69,0.0,0.0
1138.24,39.21,40.39,38.53,38.28,8139.0,5161.53,5574.32,0.0,0.0
1138.33,39.21,40.39,38.54,38.28,8139.32,5161.53,5570.99,0.0,0.0
1138.43,39.22,40.41,38.55,38.28,8138.04,5158.38,5569.15,0.0,0.0
1138.53,39.22,40.42,38.55,38.28,8139.64,5156.63,5568.04,0.0,0.0
1138.64,39.24,40.41,38.57,38.28,8136.12,5157.33,5564.35,0.0,0.0
1138.74,39.21,40.41,38.57,38.28,8139.0,5157.68,5564.35,0.0,0.0
1138.85,39.22,40.42,38.57,38.28,8138.68,5156.63,5563.24,0.0,0.0
1138.94,39.22,40.41,38.58,38.28,8137.4,5157.33,5562.14,0.0,0.0
1139.04,39.23,40.42,38.57,38.28,8136.44,5155.58,5562.87,0.0,0.0
1139.14,39.22,40.42,38.57,38.28,8138.68,5154.88,5562.87,0.0,0.0
1139.25,39.23,40.42,38.57,38.28,8136.44,5155.58,5563.24,0.0,0.0
1139.34,39.2,40.42,38.58,38.28,8139.96,5155.23,5562.51,0.0,0.0
1139.43,39.25,40.43,38.57,38.28,8135.48,5153.83,5562.87,0.0,0.0
1139.56,39.22,40.43,38.58,38.28,8138.04,5153.13,5562.51,0.0,0.0
1139.64,39.23,40.43,38.57,38.28,8137.08,5152.78,5563.24,0.0,0.0
1139.73,39.24,40.44,38.58,38.28,8135.8,5151.38,5562.51,0.0,0.0
1139.85,39.28,40.45,38.58,38.28,8134.2,5150.34,5562.51,0.0,0.0
1139.98,39.24,40.45,38.57,38.28,8136.12,5149.64,5563.24,0.0,0.0
1140.06,39.25,40.45,38.58,38.28,8135.16,5149.64,5562.51,0.0,0.0
1140.13,39.26,40.45,38.58,38.28,8134.84,5149.29,5562.14,0.0,0.0
1140.24,39.29,40.45,38.58,38.28,8133.24,5148.94,5562.51,0.0,0.0
1140.34,39.27,40.45,38.57,38.28,8133.88,5148.94,5563.61,0.0,0.0
1140.47,39.27,40.45,38.58,38.28,8134.52,5148.59,5562.14,0.0,0.0
1140.54,39.27,40.45,38.58,38.28,8133.88,5148.94,5562.14,0.0,0.0
1140.63,39.27,40.45,38.58,38.28,8133.88,5148.59,5562.14,0.0,0.0
1140.76,39.29,40.45,38.58,38.29,8132.6,5148.59,5562.51,0.0,0.0
1140.85,39.27,40.45,38.58,38.29,8134.52,5148.59,5562.14,0.0,0.0
1140.93,39.29,40.45,38.58,38.29,8133.24,5148.59,5562.14,0.0,0.0
1141.05,39.29,40.45,38.58,38.29,8133.24,5148.59,5562.14,0.0,0.0
1141.13,39.29,40.45,38.58,38.29,8132.6,5148.59,5562.14,0.0,0.0
1141.27,39.28,40.45,38.58,38.29,8133.56,5148.59,5562.14,0.0,0.0
1141.39,39.28,40.45,38.58,38.29,8133.56,5148.59,5562.14,0.0,0.0
1141.43,39.29,40.45,38.58,38.29,8133.24,5148.59,5562.14,0.0,0.0
1141.55,39.29,40.45,38.58,38.29,8131.97,5148.59,5561.77,0.0,0.0
1141.64,39.3,40.45,38.58,38.29,8132.29,5148.59,5562.14,0.0,0.0
1141.73,39.29,40.45,38.58,38.29,8133.24,5148.59,5562.14,0.0,0.0
1141.9,39.3,40.45,38.58,38.29,8131.64,5148.59,5562.14,0.0,0.0
1141.95,39.29,40.45,38.58,38.29,8131.97,5148.59,5561.77,0.0,0.0
1142.06,39.29,40.45,38.58,38.29,8131.97,5148.59,5562.14,0.0,0.0
1142.2,39.29,40.45,38.58,38.29,8131.97,5148.59,5561.77,0.0,0.0
1142.26,39.31,40.45,38.58,38.29,8130.69,5148.59,5562.14,0.0,0.0
1142.36,39.3,40.46,38.58,38.29,8131.33,5148.24,5562.14,0.0,0.0
1142.43,39.3,40.45,38.58,38.29,8131.64,5148.59,5562.14,0.0,0.0
1142.55,39.27,40.45,38.58,38.29,8132.92,5148.59,5562.14,0.0,0.0
1142.63,39.3,40.45,38.58,38.29,8132.29,5148.59,5561.77,0.0,0.0
1142.76,39.31,40.45,38.58,38.29,8130.37,5148.59,5562.14,0.0,0.0
1142.86,39.32,40.45,38.58,38.29,8130.05,5148.59,5561.77,0.0,0.0
1142.94,39.3,40.45,38.58,38.29,8131.33,5148.59,5562.14,0.0,0.0
1143.04,39.3,40.45,38.58,38.29,8131.64,5148.59,5562.14,0.0,0.0
1143.13,39.29,40.45,38.58,38.29,8132.6,5148.59,5562.14,0.0,0.0
1143.23,39.3,40.45,38.58,38.29,8131.33,5148.59,5561.77,0.0,0.0
1143.34,39.29,40.45,38.58,38.29,8131.97,5148.59,5562.14,0.0,0.0
1143.43,39.3,40.45,38.58,38.29,8131.64,5148.59,5561.77,0.0,0.0
1143.54,39.32,40.45,38.58,38.29,8131.01,5148.59,5561.77,0.0,0.0
1143.64,39.29,40.45,38.58,38.29,8131.97,5148.59,5561.4,0.0,0.0
1143.74,39.3,40.45,38.58,38.29,8131.33,5148.59,5561.77,0.0,0.0
1143.84,39.32,40.45,38.58,38.29,8130.05,5148.59,5562.14,0.0,0.0
1143.94,39.3,40.45,38.58,38.29,8131.64,5148.59,5562.14,0.0,0.0
1144.04,39.29,40.45,38.58,38.29,8131.97,5148.59,5561.77,0.0,0.0
1144.16,39.32,40.45,38.58,38.29,8130.05,5148.59,5562.14,0.0,0.0
1144.28,39.32,40.45,38.58,38.29,8131.01,5148.59,5562.14,0.0,0.0
1144.35,39.3,40.45,38.58,38.29,8131.64,5148.59,5562.14,0.0,0.0
1144.44,39.32,40.45,38.58,38.29,8131.01,5148.59,5561.77,0.0,0.0
1144.54,39.31,40.45,38.58,38.3,8130.69,5148.59,5562.14,0.0,0.0
1144.65,39.31,40.45,38.58,38.3,8130.69,5148.59,5562.14,0.0,0.0
1144.73,39.32,40.45,38.58,38.3,8131.01,5148.59,5562.14,0.0,0.0
1144.83,39.32,40.45,38.58,38.3,8129.41,5148.59,5562.14,0.0,0.0
1144.95,39.32,40.45,38.58,38.3,8131.01,5148.59,5562.14,0.0,0.0
1145.09,39.31,40.45,38.58,38.3,8130.37,5148.59,5562.14,0.0,0.0
1145.17,39.31,40.45,38.58,38.3,8130.37,5148.59,5562.14,0.0,0.0
1145.25,39.3,40.45,38.58,38.3,8131.64,5148.59,5562.14,0.0,0.0
1145.37,39.32,40.45,38.58,38.3,8130.05,5148.59,5562.14,0.0,0.0
1145.45,39.32,40.45,38.58,38.3,8130.05,5148.59,5562.14,0.0,0.0
1145.55,39.32,40.45,38.58,38.3,8131.01,5148.59,5562.14,0.0,0.0
1145.65,39.33,40.45,38.58,38.3,8129.73,5148.59,5561.77,0.0,0.0
1145.75,39.33,40.45,38.58,38.3,8129.73,5148.59,5562.14,0.0,0.0
1145.86,39.32,40.45,38.58,38.3,8131.01,5148.59,5561.77,0.0,0.0
1145.97,39.32,40.45,38.58,38.3,8129.41,5148.59,5562.14,0.0,0.0
1146.06,39.31,40.45,38.58,38.3,8130.69,5148.59,5562.14,0.0,0.0
1146.15,39.32,40.45,38.58,38.3,8131.01,5148.59,5562.14,0.0,0.0
1146.33,39.32,40.45,38.58,38.3,8131.01,5148.59,5561.77,0.0,0.0
1146.38,39.32,40.46,38.58,38.3,8131.01,5148.24,5562.14,0.0,0.0
1146.46,39.31,40.46,38.58,38.3,8130.37,5147.89,5562.14,0.0,0.0
1146.57,39.31,40.46,38.58,38.3,8130.69,5148.24,5561.77,0.0,0.0
1146.66,39.33,40.45,38.58,38.3,8129.73,5148.59,5562.14,0.0,0.0
1146.75,39.32,40.45,38.58,38.3,8130.05,5148.59,5562.14,0.0,0.0
1146.85,39.31,40.45,38.58,38.3,8130.69,5148.59,5562.14,0.0,0.0
1146.94,39.31,40.45,38.58,38.3,8130.69,5148.59,5562.14,0.0,0.0
1147.04,39.31,40.45,38.58,38.3,8130.37,5148.59,5561.77,0.0,0.0
1147.14,39.32,40.45,38.58,38.3,8129.41,5148.59,5562.14,0.0,0.0
1147.25,39.31,40.45,38.58,38.3,8130.69,5148.59,5562.14,0.0,0.0
1147.34,39.31,40.46,38.58,38.3,8130.37,5148.24,5562.14,0.0,0.0
1147.47,39.31,40.45,38.58,38.3,8130.37,5148.59,5561.77,0.0,0.0
1147.54,39.32,40.45,38.58,38.3,8130.05,5148.59,5561.77,0.0,0.0
1147.64,39.32,40.45,38.58,38.3,8131.01,5148.59,5561.77,0.0,0.0
1147.75,39.32,40.45,38.58,38.3,8130.05,5148.59,5562.14,0.0,0.0
1147.85,39.31,40.45,38.58,38.3,8130.37,5148.59,5562.14,0.0,0.0
1147.95,39.32,40.45,38.58,38.3,8130.05,5148.59,5562.14,0.0,0.0
1148.06,39.31,40.45,38.58,38.3,8130.69,5148.59,5562.14,0.0,0.0
1148.15,39.33,40.45,38.58,38.3,8129.73,5148.59,5562.14,0.0,0.0
1148.32,39.31,40.45,38.58,38.3,8130.37,5148.59,5562.14,0.0,0.0
1148.35,39.32,40.45,38.58,38.3,8130.05,5148.59,5562.14,0.0,0.0
1148.45,39.33,40.45,38.58,38.3,8129.09,5148.59,5562.14,0.0,0.0
1148.54,39.32,40.45,38.58,38.3,8130.05,5148.59,5562.14,0.0,0.0
1148.65,39.32,40.45,38.58,38.3,8130.05,5148.59,5562.14,0.0,0.0
1148.74,39.32,40.45,38.58,38.3,8130.05,5148.59,5562.14,0.0,0.0
1148.85,39.31,40.45,38.58,38.3,8130.37,5148.59,5562.14,0.0,0.0
1148.98,39.31,40.45,38.58,38.3,8130.69,5148.59,5562.14,0.0,0.0
1149.04,39.32,40.45,38.58,38.31,8130.05,5148.59,5562.14,0.0,0.0
1149.15,39.31,40.45,38.58,38.31,8130.37,5148.59,5562.14,0.0,0.0
1149.26,39.31,40.45,38.58,38.31,8130.37,5148.59,5562.14,0.0,0.0
1149.37,39.32,40.45,38.58,38.31,8131.01,5148.59,5562.14,0.0,0.0
1149.46,39.32,40.45,38.58,38.31,8130.05,5148.59,5562.14,0.0,0.0
1149.56,39.32,40.45,38.58,38.31,8130.05,5148.59,5562.14,0.0,0.0
1149.7,39.31,40.45,38.58,38.31,8130.69,5148.59,5562.14,0.0,0.0
1149.76,39.31,40.45,38.58,38.31,8130.69,5148.59,5562.14,0.0,0.0
1149.86,39.31,40.45,38.58,38.31,8130.69,5148.59,5562.14,0.0,0.0
1150.0,39.31,40.45,38.58,38.31,8130.37,5148.59,5562.14,0.0,0.0
1150.14,39.31,40.45,38.58,38.31,8130.69,5148.59,5562.14,0.0,0.0
1150.16,39.31,40.45,38.58,38.31,8130.69,5148.59,5562.14,0.0,0.0
1150.29,39.3,40.45,38.58,38.31,8131.33,5148.59,5562.14,0.0,0.0
1150.36,39.32,40.45,38.58,38.31,8130.05,5148.59,5562.14,0.0,0.0
1150.46,39.32,40.45,38.58,38.31,8131.01,5148.59,5562.14,0.0,0.0
1150.56,39.3,40.45,38.58,38.31,8131.64,5148.59,5562.14,0.0,0.0
1150.66,39.3,40.45,38.58,38.31,8131.33,5148.59,5562.14,0.0,0.0
1150.74,39.29,40.45,38.57,38.31,8131.97,5148.59,5562.87,0.0,0.0
1150.85,39.31,40.45,38.57,38.31,8130.69,5148.59,5562.87,0.0,0.0
1150.97,39.3,40.45,38.58,38.31,8131.33,5148.59,5562.51,0.0,0.0
1151.05,39.32,40.45,38.57,38.31,8131.01,5148.59,5563.24,0.0,0.0
1151.15,39.3,40.45,38.58,38.31,8131.33,5148.59,5562.51,0.0,0.0
1151.25,39.32,40.45,38.57,38.31,8131.01,5148.59,5562.87,0.0,0.0
1151.34,39.3,40.45,38.57,38.31,8131.33,5148.59,5563.24,0.0,0.0
1151.44,39.3,40.45,38.57,38.31,8131.64,5148.59,5562.87,0.0,0.0
1151.63,39.32,40.45,38.57,38.31,8131.01,5148.59,5562.87,0.0,0.0
1151.79,39.29,40.45,38.57,38.31,8131.97,5148.59,5562.87,0.0,0.0
1151.85,39.3,40.45,38.58,38.31,8131.33,5148.59,5562.51,0.0,0.0
1151.87,39.3,40.46,38.57,38.31,8131.64,5148.24,5563.61,0.0,0.0
1151.94,39.31,40.45,38.58,38.31,8130.69,5148.59,5562.51,0.0,0.0
1152.05,39.31,40.45,38.58,38.31,8130.69,5148.59,5562.14,0.0,0.0
1152.15,39.3,40.45,38.58,38.31,8131.64,5148.59,5562.14,0.0,0.0
1152.25,39.32,40.45,38.58,38.31,8131.01,5148.59,5562.51,0.0,0.0
1152.44,39.3,40.45,38.58,38.31,8131.33,5148.59,5562.51,0.0,0.0
1152.47,39.32,40.45,38.57,38.31,8131.01,5148.59,5563.24,0.0,0.0
1152.62,39.3,40.45,38.57,38.31,8131.64,5148.59,5563.61,0.0,0.0
1152.65,39.29,40.45,38.57,38.31,8131.97,5148.59,5564.35,0.0,0.0
1152.76,39.31,40.45,38.56,38.31,8130.69,5148.59,5566.56,0.0,0.0
1152.85,39.3,40.45,38.55,38.31,8132.29,5148.59,5568.78,0.0,0.0
1152.97,39.29,40.45,38.55,38.31,8131.97,5148.59,5567.67,0.0,0.0
1153.05,39.3,40.45,38.54,38.31,8132.29,5148.59,5570.63,0.0,0.0
1153.23,39.31,40.45,38.53,38.31,8130.69,5148.59,5572.47,0.0,0.0
1153.24,39.3,40.45,38.52,38.31,8131.64,5148.59,5575.43,0.0,0.0
1153.36,39.3,40.45,38.51,38.31,8131.33,5148.59,5576.91,0.0,0.0
1153.46,39.3,40.45,38.51,38.31,8131.64,5148.59,5577.27,0.0,0.0
1153.56,39.31,40.45,38.5,38.31,8130.69,5148.59,5580.23,0.0,0.0
1153.67,39.31,40.45,38.51,38.31,8130.37,5148.59,5578.38,0.0,0.0
1153.74,39.32,40.45,38.5,38.31,8129.41,5148.59,5580.97,0.0,0.0
1153.86,39.32,40.45,38.49,38.31,8131.01,5148.59,5582.08,0.0,0.0
1154.01,39.32,40.45,38.49,38.31,8131.01,5148.59,5581.71,0.0,0.0
1154.1,39.3,40.45,38.5,38.31,8131.33,5148.59,5580.97,0.0,0.0
1154.14,39.29,40.45,38.49,38.31,8131.97,5148.59,5582.45,0.0,0.0
1154.25,39.31,40.45,38.49,38.31,8130.69,5148.59,5583.56,0.0,0.0
1154.35,39.3,40.45,38.48,38.31,8131.33,5148.59,5583.93,0.0,0.0
1154.45,39.31,40.45,38.49,38.31,8130.69,5148.59,5582.82,0.0,0.0
1154.59,39.31,40.45,38.49,38.31,8130.69,5148.59,5583.19,0.0,0.0
1154.7,39.31,40.45,38.49,38.31,8130.37,5148.59,5583.19,0.0,0.0
1154.75,39.3,40.45,38.49,38.31,8132.29,5148.59,5583.56,0.0,0.0
1154.86,39.32,40.45,38.49,38.32,8131.01,5148.59,5582.82,0.0,0.0
1154.96,39.31,40.45,38.49,38.32,8130.37,5148.59,5583.19,0.0,0.0
1155.17,39.32,40.45,38.49,38.32,8131.01,5148.59,5583.56,0.0,0.0
1155.25,39.3,40.45,38.49,38.32,8131.33,5148.59,5583.19,0.0,0.0
1155.27,39.31,40.45,38.49,38.32,8130.37,5148.59,5582.45,0.0,0.0
1155.35,39.32,40.45,38.49,38.32,8131.01,5148.59,5583.19,0.0,0.0
1155.44,39.3,40.45,38.49,38.32,8131.33,5148.59,5582.08,0.0,0.0
1155.56,39.3,40.45,38.49,38.32,8131.33,5148.59,5582.08,0.0,0.0
1155.72,39.3,40.45,38.5,38.32,8131.33,5148.59,5580.97,0.0,0.0
1155.77,39.3,40.45,38.5,38.32,8131.64,5148.59,5579.12,0.0,0.0
1155.89,39.32,40.45,38.5,38.32,8130.05,5148.59,5580.6,0.0,0.0
1155.97,39.32,40.45,38.49,38.32,8131.01,5148.59,5581.34,0.0,0.0
1156.14,39.32,40.45,38.49,38.32,8130.05,5148.59,5581.34,0.0,0.0
1156.26,39.31,40.45,38.5,38.32,8130.37,5148.59,5580.6,0.0,0.0
1156.34,39.31,40.45,38.49,38.32,8130.37,5148.59,5581.71,0.0,0.0
1156.35,39.32,40.45,38.48,38.32,8130.05,5148.59,5583.93,0.0,0.0
1156.5,39.31,40.45,38.49,38.32,8130.37,5148.59,5582.45,0.0,0.0
1156.56,39.33,40.45,38.48,38.32,8129.73,5148.59,5584.3,0.0,0.0
1156.78,39.32,40.45,38.49,38.32,8131.01,5148.59,5582.08,0.0,0.0
1156.78,39.32,40.45,38.49,38.32,8129.41,5148.59,5582.45,0.0,0.0
1156.85,39.33,40.45,38.49,38.32,8129.73,5148.59,5583.56,0.0,0.0
1157.0,39.34,40.45,38.48,38.32,8127.81,5148.59,5584.3,0.0,0.0
1157.12,39.32,40.45,38.48,38.32,8130.05,5148.59,5584.67,0.0,0.0
1157.16,39.32,40.45,38.48,38.32,8129.41,5148.59,5584.3,0.0,0.0
1157.27,39.33,40.45,38.48,38.32,8128.77,5148.59,5585.04,0.0,0.0
1157.35,39.33,40.45,38.48,38.32,8129.73,5148.59,5585.04,0.0,0.0
1157.45,39.33,40.45,38.48,38.32,8129.09,5148.59,5585.41,0.0,0.0
1157.56,39.33,40.45,38.48,38.32,8129.09,5148.59,5585.78,0.0,0.0
1157.73,39.33,40.45,38.48,38.32,8128.77,5148.59,5585.41,0.0,0.0
1157.75,39.31,40.45,38.48,38.32,8130.37,5148.59,5585.41,0.0,0.0
1157.85,39.32,40.45,38.48,38.32,8129.41,5148.59,5585.41,0.0,0.0
1157.95,39.34,40.45,38.48,38.32,8128.45,5148.59,5585.04,0.0,0.0
1158.05,39.33,40.45,38.48,38.32,8129.09,5148.59,5585.78,0.0,0.0
1158.19,39.34,40.45,38.48,38.32,8128.13,5148.59,5585.41,0.0,0.0
1158.35,39.34,40.45,38.48,38.32,8128.13,5148.59,5585.41,0.0,0.0
1158.45,39.35,40.45,38.48,38.32,8126.85,5148.59,5585.04,0.0,0.0
1158.48,39.34,40.45,38.48,38.32,8128.45,5148.59,5585.78,0.0,0.0
1158.55,39.33,40.45,38.48,38.32,8129.09,5148.59,5585.41,0.0,0.0
1158.67,39.36,40.45,38.48,38.32,8126.53,5148.59,5585.41,0.0,0.0
1158.85,39.34,40.45,38.48,38.32,8128.13,5148.59,5585.78,0.0,0.0
1158.98,39.32,40.45,38.48,38.32,8129.41,5148.59,5585.04,0.0,0.0
1159.02,39.34,40.45,38.48,38.32,8128.45,5148.59,5585.78,0.0,0.0
1159.11,39.33,40.45,38.48,38.32,8129.73,5148.59,5585.78,0.0,0.0
1159.18,39.32,40.45,38.48,38.32,8130.05,5148.59,5585.78,0.0,0.0
1159.31,39.32,40.45,38.48,38.32,8129.41,5148.59,5585.41,0.0,0.0
1159.36,39.33,40.45,38.48,38.32,8129.73,5148.59,5585.04,0.0,0.0
1159.48,39.34,40.45,38.48,38.32,8128.45,5148.59,5585.04,0.0,0.0
1159.59,39.31,40.45,38.48,38.32,8130.37,5148.59,5585.41,0.0,0.0
1159.66,39.31,40.45,38.48,38.32,8130.69,5148.59,5585.78,0.0,0.0
1159.78,39.31,40.45,38.48,38.32,8130.37,5148.59,5585.78,0.0,0.0
1159.88,39.3,40.45,38.48,38.32,8131.33,5148.59,5585.78,0.0,0.0
1159.96,39.33,40.45,38.48,38.32,8129.73,5148.59,5585.78,0.0,0.0
1160.08,39.31,40.45,38.48,38.32,8130.37,5148.59,5585.41,0.0,0.0
1160.21,39.32,40.45,38.48,38.32,8131.01,5148.59,5585.41,0.0,0.0
1160.26,39.32,40.45,38.47,38.32,8131.01,5148.59,5586.15,0.0,0.0
1160.4,39.3,40.45,38.48,38.32,8131.33,5148.59,5585.78,0.0,0.0
1160.46,39.3,40.45,38.47,38.32,8131.33,5148.59,5586.89,0.0,0.0
1160.56,39.3,40.45,38.47,38.32,8131.64,5148.94,5587.26,0.0,0.0
1160.7,39.3,40.45,38.46,38.32,8131.64,5148.59,5588.37,0.0,0.0
1160.75,39.3,40.45,38.46,38.32,8131.33,5149.99,5590.22,0.0,0.0
1160.87,39.3,40.45,38.45,38.32,8132.29,5150.34,5590.96,0.0,0.0
1161.0,39.3,40.44,38.45,38.32,8131.33,5150.68,5592.07,0.0,0.0
1161.08,39.3,40.44,38.44,38.32,8131.33,5152.43,5593.18,0.0,0.0
1161.18,39.27,40.44,38.43,38.32,8132.92,5151.03,5595.78,0.0,0.0
1161.27,39.29,40.43,38.43,38.32,8131.97,5154.53,5596.89,0.0,0.0
1161.36,39.27,40.43,38.42,38.32,8133.88,5154.53,5598.37,0.0,0.0
1161.52,39.27,40.41,38.42,38.32,8133.88,5158.73,5597.63,0.0,0.0
1161.57,39.29,40.41,38.42,38.32,8133.24,5158.73,5597.63,0.0,0.0
1161.71,39.3,40.4,38.42,38.32,8131.64,5160.13,5599.48,0.0,0.0
1161.76,39.28,40.38,38.41,38.32,8133.56,5163.28,5600.96,0.0,0.0
1161.89,39.25,40.39,38.41,38.32,8135.48,5162.93,5601.33,0.0,0.0
1162.01,39.29,40.39,38.41,38.32,8133.24,5162.58,5600.96,0.0,0.0
1162.05,39.28,40.37,38.4,38.32,8134.2,5167.13,5602.45,0.0,0.0
1162.21,39.24,40.37,38.4,38.32,8135.8,5166.08,5602.82,0.0,0.0
1162.26,39.25,40.38,38.41,38.32,8135.16,5165.03,5602.08,0.0,0.0
1162.39,39.25,40.38,38.4,38.32,8136.76,5165.03,5604.3,0.0,0.0
1162.45,39.28,40.38,38.41,38.32,8133.56,5163.98,5601.33,0.0,0.0
1162.56,39.24,40.39,38.41,38.32,8136.12,5162.93,5601.7,0.0,0.0
1162.66,39.24,40.38,38.41,38.32,8136.12,5164.33,5600.59,0.0,0.0
1162.78,39.23,40.38,38.42,38.32,8137.08,5164.68,5598.74,0.0,0.0
1162.89,39.24,40.38,38.44,38.32,8135.8,5164.33,5595.03,0.0,0.0
1163.03,39.25,40.38,38.43,38.32,8135.16,5165.03,5595.41,0.0,0.0
1163.08,39.23,40.38,38.44,38.32,8137.08,5163.63,5593.18,0.0,0.0
1163.16,39.23,40.38,38.44,38.32,8137.08,5163.63,5593.55,0.0,0.0
1163.25,39.22,40.38,38.45,38.32,8137.72,5163.98,5590.96,0.0,0.0
1163.36,39.25,40.39,38.46,38.32,8135.16,5162.93,5589.11,0.0,0.0
1163.51,39.22,40.39,38.47,38.32,8137.72,5161.53,5586.89,0.0,0.0
1163.56,39.22,40.4,38.47,38.32,8138.04,5159.43,5586.89,0.0,0.0
1163.71,39.22,40.41,38.47,38.32,8137.4,5158.38,5586.52,0.0,0.0
1163.77,39.23,40.42,38.47,38.32,8137.08,5156.28,5586.15,0.0,0.0
1163.9,39.24,40.43,38.48,38.32,8135.8,5154.18,5585.78,0.0,0.0
1163.98,39.22,40.42,38.47,38.32,8138.04,5155.58,5586.15,0.0,0.0
1164.05,39.24,40.43,38.48,38.32,8136.12,5153.48,5585.78,0.0,0.0
1164.2,39.25,40.44,38.48,38.32,8136.76,5152.43,5585.41,0.0,0.0
1164.25,39.25,40.45,38.48,38.32,8135.48,5149.99,5585.78,0.0,0.0
1164.36,39.24,40.45,38.48,38.32,8135.8,5149.29,5585.41,0.0,0.0
1164.5,39.24,40.45,38.48,38.32,8135.8,5148.94,5585.41,0.0,0.0
1164.56,39.23,40.45,38.48,38.32,8136.44,5148.59,5585.78,0.0,0.0
1164.67,39.25,40.45,38.48,38.32,8136.76,5148.94,5585.78,0.0,0.0
1164.82,39.22,40.45,38.48,38.32,8137.4,5148.59,5585.78,0.0,0.0
1164.86,39.25,40.45,38.48,38.32,8136.76,5148.59,5585.04,0.0,0.0
1164.99,39.21,40.45,38.48,38.32,8138.36,5148.59,5585.41,0.0,0.0
1165.08,39.25,40.45,38.48,38.32,8136.76,5148.59,5585.41,0.0,0.0
1165.19,39.24,40.45,38.48,38.32,8135.8,5148.59,5585.41,0.0,0.0
1165.29,39.25,40.45,38.48,38.32,8135.16,5148.59,5585.78,0.0,0.0
1165.36,39.22,40.45,38.48,38.32,8137.4,5148.94,5585.41,0.0,0.0
1165.49,39.25,40.45,38.48,38.32,8135.48,5148.59,5585.78,0.0,0.0
1165.58,39.25,40.45,38.48,38.32,8135.48,5148.59,5585.78,0.0,0.0
1165.68,39.23,40.45,38.48,38.32,8137.08,5148.59,5585.41,0.0,0.0
1165.79,39.24,40.45,38.48,38.32,8136.12,5148.59,5585.41,0.0,0.0
1165.89,39.28,40.45,38.48,38.32,8134.2,5148.59,5585.41,0.0,0.0
1166.0,39.23,40.45,38.48,38.32,8136.44,5148.59,5585.41,0.0,0.0
1166.05,39.25,40.45,38.48,38.32,8135.16,5148.59,5585.78,0.0,0.0
1166.16,39.25,40.45,38.48,38.32,8135.16,5148.59,5585.41,0.0,0.0
1166.31,39.27,40.45,38.48,38.32,8132.92,5148.59,5585.41,0.0,0.0
1166.38,39.25,40.45,38.48,38.32,8135.48,5148.59,5584.67,0.0,0.0
1166.47,39.25,40.45,38.48,38.32,8136.76,5148.59,5584.3,0.0,0.0
1166.58,39.27,40.45,38.48,38.32,8133.88,5148.59,5584.67,0.0,0.0
1166.68,39.24,40.45,38.48,38.32,8135.8,5148.59,5585.78,0.0,0.0
1166.77,39.25,40.45,38.48,38.32,8135.16,5148.59,5585.04,0.0,0.0
1166.86,39.24,40.45,38.48,38.32,8135.8,5148.59,5585.04,0.0,0.0
1167.01,39.27,40.45,38.48,38.32,8133.88,5148.59,5583.93,0.0,0.0
1167.05,39.27,40.45,38.48,38.32,8133.88,5148.59,5583.93,0.0,0.0
1167.18,39.27,40.45,38.48,38.32,8133.88,5148.59,5583.93,0.0,0.0
1167.31,39.27,40.45,38.49,38.32,8133.88,5148.59,5583.19,0.0,0.0
1167.36,39.27,40.45,38.48,38.32,8132.92,5148.59,5583.93,0.0,0.0
1167.49,39.28,40.45,38.49,38.32,8133.56,5148.59,5583.19,0.0,0.0
1167.61,39.29,40.45,38.49,38.32,8131.97,5148.59,5583.56,0.0,0.0
1167.69,39.32,40.45,38.49,38.32,8131.01,5148.59,5581.71,0.0,0.0
1167.79,39.32,40.45,38.49,38.32,8131.01,5148.59,5581.34,0.0,0.0
1167.89,39.3,40.45,38.5,38.32,8131.64,5148.59,5580.97,0.0,0.0
1167.97,39.3,40.45,38.5,38.32,8131.64,5148.59,5579.49,0.0,0.0
1168.1,39.32,40.46,38.5,38.32,8131.01,5148.24,5580.97,0.0,0.0
1168.18,39.3,40.45,38.51,38.32,8132.29,5148.59,5577.27,0.0,0.0
1168.27,39.3,40.45,38.51,38.32,8131.33,5148.59,5577.27,0.0,0.0
1168.4,39.3,40.45,38.51,38.32,8131.64,5148.59,5578.01,0.0,0.0
1168.48,39.3,40.46,38.52,38.32,8131.33,5148.24,5575.8,0.0,0.0
1168.56,39.31,40.46,38.53,38.32,8130.69,5147.89,5572.84,0.0,0.0
1168.68,39.3,40.45,38.53,38.33,8131.33,5148.59,5573.95,0.0,0.0
1168.76,39.3,40.46,38.53,38.33,8132.29,5148.24,5572.47,0.0,0.0
1168.89,39.32,40.46,38.54,38.33,8131.01,5147.19,5570.99,0.0,0.0
1169.01,39.32,40.46,38.54,38.33,8131.01,5147.54,5571.73,0.0,0.0
1169.08,39.3,40.47,38.55,38.33,8131.64,5146.14,5568.04,0.0,0.0
1169.21,39.31,40.46,38.54,38.33,8130.37,5146.49,5570.26,0.0,0.0
1169.25,39.32,40.47,38.55,38.33,8131.01,5145.79,5569.15,0.0,0.0
1169.38,39.31,40.47,38.55,38.33,8130.37,5144.4,5568.41,0.0,0.0
1169.52,39.31,40.47,38.56,38.33,8130.69,5144.4,5566.2,0.0,0.0
1169.57,39.3,40.49,38.56,38.33,8131.33,5141.6,5566.56,0.0,0.0
1169.7,39.3,40.5,38.56,38.33,8131.64,5139.86,5566.2,0.0,0.0
1169.82,39.3,40.49,38.57,38.33,8131.64,5140.56,5564.72,0.0,0.0
1169.87,39.32,40.5,38.57,38.33,8130.05,5139.51,5564.35,0.0,0.0
1170.01,39.31,40.5,38.57,38.33,8130.69,5139.16,5563.61,0.0,0.0
1170.06,39.31,40.51,38.57,38.33,8130.37,5137.77,5563.61,0.0,0.0
1170.19,39.31,40.52,38.57,38.33,8130.69,5135.67,5563.24,0.0,0.0
1170.3,39.32,40.53,38.58,38.33,8130.05,5132.88,5562.51,0.0,0.0
1170.38,39.31,40.52,38.58,38.33,8130.69,5135.32,5562.14,0.0,0.0
1170.52,39.32,40.52,38.58,38.33,8130.05,5134.28,5562.14,0.0,0.0
1170.56,39.32,40.53,38.58,38.33,8130.05,5133.58,5562.14,0.0,0.0
1170.71,39.32,40.53,38.58,38.33,8131.01,5133.58,5562.14,0.0,0.0
1170.76,39.31,40.53,38.58,38.33,8130.37,5132.88,5562.51,0.0,0.0
1170.87,39.31,40.53,38.58,38.33,8130.37,5131.84,5562.14,0.0,0.0
1170.96,39.31,40.53,38.58,38.33,8130.37,5132.53,5561.77,0.0,0.0
1171.1,39.32,40.53,38.58,38.33,8131.01,5132.19,5561.77,0.0,0.0
1171.21,39.33,40.54,38.58,38.33,8129.73,5130.44,5562.14,0.0,0.0
1171.27,39.32,40.54,38.58,38.33,8131.01,5130.09,5562.14,0.0,0.0
1171.39,39.31,40.54,38.58,38.33,8130.37,5130.44,5562.14,0.0,0.0
1171.53,39.31,40.54,38.58,38.33,8130.37,5129.75,5562.14,0.0,0.0
1171.57,39.32,40.55,38.58,38.33,8130.05,5129.4,5562.14,0.0,0.0
1171.7,39.31,40.55,38.58,38.33,8130.37,5128.7,5561.77,0.0,0.0
1171.8,39.33,40.55,38.58,38.33,8129.73,5127.65,5562.14,0.0,0.0
1171.86,39.33,40.56,38.58,38.33,8129.73,5127.31,5561.77,0.0,0.0
1172.0,39.33,40.56,38.58,38.33,8129.73,5126.61,5562.14,0.0,0.0
1172.12,39.31,40.56,38.58,38.33,8130.37,5126.61,5562.14,0.0,0.0
1172.2,39.31,40.56,38.58,38.33,8130.69,5126.61,5562.14,0.0,0.0
1172.28,39.33,40.56,38.58,38.33,8128.77,5126.61,5562.14,0.0,0.0
1172.37,39.33,40.56,38.58,38.33,8129.73,5126.26,5561.77,0.0,0.0
1172.51,39.32,40.56,38.58,38.33,8130.05,5126.26,5561.77,0.0,0.0
1172.64,39.31,40.56,38.58,38.33,8130.69,5126.26,5561.77,0.0,0.0
1172.67,39.31,40.56,38.58,38.34,8130.37,5126.26,5562.14,0.0,0.0
1172.81,39.33,40.56,38.58,38.34,8129.09,5126.26,5562.14,0.0,0.0
1172.86,39.32,40.56,38.58,38.34,8130.05,5126.26,5562.14,0.0,0.0
1172.99,39.32,40.56,38.58,38.34,8130.05,5126.26,5562.14,0.0,0.0
1173.12,39.32,40.56,38.58,38.34,8129.41,5126.26,5561.77,0.0,0.0
1173.21,39.33,40.56,38.58,38.34,8129.09,5126.26,5561.03,0.0,0.0
1173.31,39.31,40.56,38.58,38.34,8130.37,5126.26,5562.14,0.0,0.0
1173.36,39.32,40.56,38.58,38.34,8129.41,5126.26,5562.14,0.0,0.0
1173.47,39.32,40.56,38.58,38.34,8130.05,5126.26,5562.14,0.0,0.0
1173.61,39.33,40.56,38.58,38.34,8129.73,5126.26,5561.77,0.0,0.0
1173.66,39.31,40.56,38.58,38.34,8130.37,5126.26,5562.14,0.0,0.0
1173.77,39.33,40.56,38.58,38.34,8128.77,5126.26,5561.4,0.0,0.0
1173.91,39.32,40.56,38.58,38.34,8130.05,5126.26,5561.4,0.0,0.0
1173.96,39.33,40.56,38.58,38.34,8129.73,5126.26,5561.77,0.0,0.0
1174.09,39.35,40.56,38.58,38.34,8126.85,5126.26,5561.77,0.0,0.0
1174.2,39.34,40.56,38.58,38.34,8128.45,5126.26,5561.4,0.0,0.0
1174.29,39.34,40.56,38.58,38.34,8128.45,5126.26,5561.77,0.0,0.0
1174.39,39.34,40.56,38.58,38.34,8128.45,5126.26,5561.4,0.0,0.0
1174.54,39.33,40.56,38.58,38.34,8129.73,5126.26,5561.03,0.0,0.0
1174.58,39.34,40.56,38.58,38.34,8128.45,5126.61,5562.14,0.0,0.0
1174.73,39.32,40.56,38.58,38.34,8130.05,5126.26,5562.14,0.0,0.0
1174.81,39.33,40.56,38.58,38.34,8129.09,5126.61,5561.77,0.0,0.0
1174.9,39.33,40.56,38.58,38.35,8129.09,5126.61,5562.14,0.0,0.0
1174.98,39.34,40.55,38.58,38.35,8127.81,5128.0,5562.14,0.0,0.0
1175.09,39.34,40.56,38.58,38.35,8128.45,5127.31,5561.03,0.0,0.0
1175.22,39.36,40.55,38.58,38.35,8127.17,5128.0,5562.14,0.0,0.0
1175.26,39.34,40.54,38.58,38.35,8128.45,5130.79,5562.14,0.0,0.0
1175.39,39.34,40.54,38.58,38.35,8127.81,5130.09,5562.14,0.0,0.0
1175.5,39.35,40.54,38.58,38.35,8126.85,5130.44,5561.77,0.0,0.0
1175.58,39.33,40.54,38.58,38.35,8129.09,5131.49,5562.14,0.0,0.0
1175.72,39.34,40.54,38.58,38.35,8128.45,5131.14,5561.77,0.0,0.0
1175.8,39.35,40.53,38.58,38.35,8127.49,5132.53,5561.77,0.0,0.0
1175.91,39.38,40.53,38.58,38.35,8125.89,5131.84,5562.14,0.0,0.0
1175.97,39.35,40.53,38.58,38.35,8126.85,5132.19,5561.77,0.0,0.0
1176.08,39.37,40.53,38.58,38.35,8126.21,5133.58,5561.4,0.0,0.0
1176.17,39.34,40.53,38.58,38.35,8128.13,5132.53,5562.14,0.0,0.0
1176.27,39.36,40.53,38.58,38.35,8127.17,5132.88,5561.77,0.0,0.0
1176.38,39.35,40.53,38.58,38.35,8127.49,5133.58,5561.77,0.0,0.0
1176.5,39.34,40.53,38.58,38.35,8128.13,5132.53,5561.77,0.0,0.0
1176.57,39.4,40.54,38.58,38.35,8123.98,5131.14,5562.14,0.0,0.0
1176.69,39.39,40.54,38.58,38.35,8124.93,5130.79,5561.77,0.0,0.0
1176.8,39.4,40.54,38.58,38.35,8123.66,5130.79,5562.14,0.0,0.0
1176.88,39.37,40.55,38.58,38.35,8125.57,5129.4,5561.77,0.0,0.0
1176.97,39.38,40.54,38.58,38.35,8125.25,5130.09,5561.77,0.0,0.0
1177.08,39.38,40.54,38.58,38.35,8125.25,5129.75,5562.14,0.0,0.0
1177.17,39.36,40.56,38.58,38.35,8126.53,5126.96,5562.14,0.0,0.0
1177.28,39.39,40.55,38.58,38.35,8124.93,5129.05,5562.14,0.0,0.0
1177.4,39.37,40.56,38.58,38.35,8125.57,5127.31,5561.77,0.0,0.0
1177.5,39.37,40.55,38.58,38.35,8126.21,5127.65,5562.14,0.0,0.0
1177.63,39.35,40.56,38.58,38.35,8127.49,5127.31,5561.77,0.0,0.0
1177.69,39.35,40.56,38.58,38.36,8126.85,5126.96,5562.14,0.0,0.0
1177.82,39.35,40.56,38.58,38.36,8127.49,5127.31,5561.77,0.0,0.0
1177.87,39.34,40.56,38.58,38.36,8127.81,5126.26,5562.14,0.0,0.0
1177.99,39.34,40.56,38.58,38.36,8127.81,5126.61,5561.4,0.0,0.0
1178.09,39.37,40.56,38.58,38.36,8126.21,5126.61,5561.77,0.0,0.0
1178.18,39.34,40.56,38.58,38.36,8128.45,5126.61,5562.14,0.0,0.0
1178.33,39.35,40.56,38.58,38.36,8127.49,5126.26,5562.14,0.0,0.0
1178.42,39.34,40.56,38.58,38.36,8128.13,5126.26,5561.77,0.0,0.0
1178.5,39.36,40.56,38.58,38.36,8127.17,5126.61,5562.14,0.0,0.0
1178.6,39.34,40.56,38.58,38.36,8128.13,5126.26,5562.14,0.0,0.0
1178.72,39.34,40.56,38.58,38.36,8128.13,5126.26,5562.14,0.0,0.0
1178.79,39.34,40.56,38.58,38.36,8128.13,5126.61,5562.14,0.0,0.0
1178.96,39.33,40.56,38.58,38.36,8128.77,5126.26,5561.77,0.0,0.0
1178.99,39.33,40.56,38.58,38.36,8129.73,5126.26,5562.14,0.0,0.0
1179.1,39.33,40.56,38.58,38.36,8128.77,5126.26,5561.77,0.0,0.0
1179.24,39.32,40.56,38.58,38.36,8129.41,5126.26,5562.14,0.0,0.0
1179.28,39.34,40.56,38.58,38.36,8128.13,5126.26,5562.14,0.0,0.0
1179.37,39.34,40.56,38.58,38.36,8128.45,5126.26,5562.14,0.0,0.0
1179.52,39.33,40.56,38.58,38.36,8128.77,5126.61,5562.51,0.0,0.0
1179.61,39.34,40.56,38.58,38.36,8128.45,5126.26,5562.14,0.0,0.0
1179.71,39.32,40.56,38.58,38.36,8130.05,5126.26,5562.14,0.0,0.0
1179.82,39.34,40.56,38.58,38.36,8128.13,5126.26,5562.14,0.0,0.0
1179.87,39.34,40.56,38.58,38.36,8128.45,5126.26,5562.14,0.0,0.0
1179.99,39.33,40.56,38.58,38.36,8128.77,5126.26,5562.14,0.0,0.0
1180.09,39.34,40.56,38.58,38.36,8128.45,5126.26,5562.14,0.0,0.0
1180.2,39.33,40.56,38.58,38.36,8129.09,5126.26,5562.14,0.0,0.0
1180.31,39.32,40.56,38.58,38.36,8129.41,5126.26,5561.77,0.0,0.0
1180.41,39.32,40.56,38.58,38.36,8129.41,5126.26,5562.14,0.0,0.0
1180.5,39.33,40.56,38.58,38.37,8129.09,5126.26,5562.14,0.0,0.0
1180.62,39.34,40.56,38.58,38.37,8128.45,5126.26,5562.14,0.0,0.0
1180.7,39.33,40.56,38.58,38.37,8128.77,5126.26,5562.14,0.0,0.0
1180.8,39.32,40.56,38.58,38.37,8129.41,5126.26,5562.14,0.0,0.0
1180.95,39.32,40.56,38.58,38.37,8129.41,5126.26,5561.4,0.0,0.0
1181.0,39.34,40.56,38.58,38.37,8127.81,5126.26,5562.14,0.0,0.0
1181.11,39.34,40.56,38.58,38.37,8128.45,5126.26,5562.14,0.0,0.0
1181.18,39.34,40.56,38.58,38.37,8127.81,5126.26,5562.14,0.0,0.0
1181.3,39.32,40.56,38.58,38.37,8129.41,5126.26,5562.14,0.0,0.0
1181.41,39.33,40.56,38.58,38.37,8128.77,5126.26,5561.77,0.0,0.0
1181.48,39.32,40.56,38.58,38.37,8129.41,5126.26,5561.77,0.0,0.0
1181.62,39.33,40.56,38.58,38.37,8128.77,5126.26,5561.77,0.0,0.0
1181.68,39.34,40.56,38.58,38.37,8128.13,5126.26,5561.4,0.0,0.0
1181.8,39.33,40.56,38.58,38.37,8129.09,5126.26,5561.4,0.0,0.0
1181.95,39.34,40.56,38.58,38.37,8127.81,5126.26,5562.14,0.0,0.0
1182.0,39.36,40.56,38.58,38.37,8126.53,5126.26,5562.14,0.0,0.0
1182.13,39.34,40.56,38.58,38.37,8127.81,5126.26,5562.14,0.0,0.0
1182.18,39.33,40.56,38.58,38.37,8129.09,5126.26,5562.14,0.0,0.0
1182.31,39.33,40.56,38.58,38.37,8128.77,5126.26,5561.77,0.0,0.0
1182.44,39.34,40.56,38.58,38.37,8128.45,5126.26,5562.14,0.0,0.0
1182.49,39.34,40.56,38.58,38.37,8128.13,5126.26,5561.4,0.0,0.0
1182.63,39.34,40.56,38.58,38.37,8128.13,5126.26,5562.14,0.0,0.0
1182.68,39.34,40.56,38.58,38.37,8128.45,5126.26,5561.77,0.0,0.0
1182.8,39.36,40.56,38.58,38.37,8126.53,5126.26,5562.14,0.0,0.0
1182.93,39.35,40.56,38.58,38.37,8126.85,5126.26,5561.77,0.0,0.0
1182.96,39.35,40.56,38.58,38.37,8127.49,5126.26,5562.14,0.0,0.0
1183.1,39.35,40.56,38.58,38.37,8127.49,5126.26,5562.14,0.0,0.0
1183.19,39.37,40.56,38.58,38.37,8126.21,5126.26,5562.14,0.0,0.0
1183.3,39.35,40.56,38.58,38.37,8126.85,5126.26,5562.14,0.0,0.0
1183.41,39.35,40.56,38.58,38.37,8127.49,5126.26,5561.4,0.0,0.0
1183.49,39.37,40.56,38.58,38.37,8125.57,5126.26,5562.14,0.0,0.0
1183.59,39.36,40.56,38.58,38.38,8126.53,5126.26,5561.77,0.0,0.0
1183.69,39.34,40.56,38.58,38.38,8128.13,5126.26,5562.14,0.0,0.0
1183.8,39.36,40.56,38.58,38.38,8127.17,5126.26,5561.77,0.0,0.0
1183.89,39.36,40.56,38.58,38.38,8126.53,5126.26,5561.77,0.0,0.0
1184.01,39.39,40.56,38.58,38.38,8124.29,5126.26,5562.14,0.0,0.0
1184.15,39.35,40.56,38.58,38.38,8126.85,5126.26,5561.77,0.0,0.0
1184.19,39.38,40.56,38.58,38.38,8125.89,5126.26,5561.4,0.0,0.0
1184.3,39.34,40.56,38.58,38.38,8128.45,5126.26,5561.77,0.0,0.0
1184.38,39.35,40.56,38.58,38.38,8127.49,5126.26,5561.77,0.0,0.0
1184.5,39.36,40.56,38.58,38.38,8126.53,5126.26,5561.77,0.0,0.0
1184.58,39.36,40.56,38.58,38.38,8126.53,5126.26,5562.14,0.0,0.0
1184.69,39.39,40.56,38.58,38.38,8124.29,5126.26,5561.77,0.0,0.0
1184.79,39.39,40.56,38.58,38.38,8124.93,5126.26,5561.03,0.0,0.0
1184.87,39.38,40.56,38.58,38.38,8124.61,5126.26,5561.4,0.0,0.0
1185.0,39.38,40.56,38.58,38.38,8125.89,5126.26,5561.77,0.0,0.0
1185.09,39.4,40.56,38.58,38.38,8123.66,5126.26,5561.77,0.0,0.0
1185.24,39.36,40.56,38.58,38.38,8126.53,5126.26,5561.77,0.0,0.0
1185.29,39.35,40.56,38.58,38.38,8127.49,5126.26,5561.77,0.0,0.0
1185.4,39.4,40.56,38.58,38.38,8123.66,5126.26,5561.77,0.0,0.0
1185.54,39.4,40.56,38.58,38.38,8123.66,5126.26,5561.77,0.0,0.0
1185.58,39.4,40.56,38.58,38.38,8123.98,5126.26,5561.77,0.0,0.0
1185.7,39.39,40.56,38.58,38.38,8124.29,5126.26,5562.14,0.0,0.0
1185.83,39.41,40.56,38.58,38.38,8122.06,5126.26,5561.03,0.0,0.0
1185.92,39.38,40.56,38.58,38.38,8124.61,5126.26,5562.14,0.0,0.0
1186.03,39.39,40.56,38.58,38.38,8124.29,5126.26,5561.4,0.0,0.0
1186.09,39.43,40.56,38.58,38.38,8121.1,5126.26,5562.14,0.0,0.0
1186.21,39.39,40.56,38.58,38.38,8124.93,5126.26,5562.14,0.0,0.0
1186.35,39.38,40.56,38.58,38.38,8124.61,5126.26,5561.77,0.0,0.0
1186.38,39.39,40.56,38.58,38.38,8124.93,5125.91,5562.14,0.0,0.0
1186.51,39.38,40.56,38.58,38.38,8124.61,5125.91,5561.77,0.0,0.0
1186.57,39.4,40.56,38.58,38.38,8123.98,5126.26,5561.4,0.0,0.0
1186.72,39.43,40.56,38.58,38.38,8121.42,5126.26,5561.77,0.0,0.0
1186.81,39.41,40.56,38.58,38.38,8122.7,5126.26,5562.14,0.0,0.0
1186.89,39.41,40.56,38.58,38.38,8121.74,5126.26,5562.14,0.0,0.0
1186.97,39.41,40.56,38.58,38.38,8122.7,5126.26,5561.4,0.0,0.0
1187.1,39.39,40.56,38.58,38.38,8124.93,5125.91,5561.77,0.0,0.0
1187.2,39.41,40.56,38.58,38.39,8122.7,5125.91,5561.77,0.0,0.0
1187.29,39.41,40.56,38.58,38.39,8122.06,5126.26,5561.77,0.0,0.0
1187.41,39.42,40.57,38.58,38.39,8120.78,5125.22,5561.77,0.0,0.0
1187.53,39.41,40.57,38.58,38.39,8122.38,5124.17,5561.77,0.0,0.0
1187.61,39.41,40.57,38.58,38.39,8121.74,5123.82,5562.14,0.0,0.0
1187.71,39.4,40.57,38.58,38.39,8123.66,5123.47,5562.14,0.0,0.0
1187.85,39.41,40.57,38.58,38.39,8122.38,5123.82,5561.77,0.0,0.0
1187.87,39.38,40.6,38.58,38.39,8125.25,5117.91,5562.14,0.0,0.0
1188.03,39.41,40.6,38.58,38.39,8121.74,5118.6,5562.14,0.0,0.0
1188.07,39.4,40.6,38.58,38.39,8123.98,5117.91,5561.4,0.0,0.0
1188.19,39.41,40.6,38.58,38.39,8122.38,5116.86,5561.77,0.0,0.0
1188.31,39.44,40.62,38.58,38.39,8120.46,5114.43,5561.77,0.0,0.0
1188.44,39.43,40.61,38.58,38.39,8121.42,5114.77,5562.14,0.0,0.0
1188.49,39.41,40.62,38.58,38.39,8123.02,5114.08,5561.4,0.0,0.0
1188.62,39.41,40.62,38.58,38.39,8122.38,5113.73,5561.4,0.0,0.0
1188.7,39.43,40.62,38.58,38.39,8121.42,5113.73,5561.77,0.0,0.0
1188.79,39.41,40.63,38.58,38.39,8122.38,5110.95,5561.03,0.0,0.0
1188.92,39.41,40.63,38.58,38.39,8123.02,5110.6,5561.4,0.0,0.0
1189.0,39.41,40.63,38.58,38.39,8121.74,5110.6,5561.77,0.0,0.0
1189.08,39.41,40.64,38.58,38.39,8123.33,5109.91,5561.77,0.0,0.0
1189.22,39.42,40.65,38.58,38.39,8120.78,5108.17,5561.77,0.0,0.0
1189.27,39.43,40.66,38.58,38.39,8121.42,5105.74,5561.4,0.0,0.0
1189.4,39.41,40.65,38.58,38.39,8122.38,5106.78,5561.77,0.0,0.0
1189.51,39.38,40.66,38.58,38.39,8124.61,5106.08,5561.4,0.0,0.0
1189.59,39.41,40.66,38.58,38.39,8123.33,5104.69,5562.14,0.0,0.0
1189.69,39.41,40.66,38.59,38.39,8121.74,5104.35,5560.29,0.0,0.0
1189.78,39.41,40.66,38.58,38.39,8122.06,5105.04,5561.4,0.0,0.0
1189.88,39.41,40.66,38.58,38.39,8121.74,5105.04,5561.77,0.0,0.0
1190.0,39.43,40.66,38.58,38.39,8121.1,5104.69,5561.4,0.0,0.0
1190.12,39.44,40.66,38.58,38.4,8120.14,5104.69,5561.03,0.0,0.0
1190.2,39.4,40.66,38.58,38.4,8123.66,5104.69,5561.77,0.0,0.0
1190.31,39.41,40.67,38.58,38.4,8122.38,5104.0,5561.77,0.0,0.0
1190.44,39.41,40.67,38.58,38.4,8122.06,5104.0,5561.77,0.0,0.0
1190.47,39.41,40.67,38.58,38.4,8123.33,5104.0,5561.4,0.0,0.0
1190.63,39.39,40.67,38.58,38.4,8124.29,5104.0,5561.4,0.0,0.0
1190.71,39.43,40.67,38.58,38.4,8121.1,5104.0,5561.77,0.0,0.0
1190.79,39.41,40.67,38.58,38.4,8122.06,5104.0,5561.77,0.0,0.0
1190.91,39.41,40.66,38.58,38.4,8123.33,5104.35,5561.77,0.0,0.0
1191.0,39.41,40.67,38.58,38.4,8122.7,5104.0,5562.14,0.0,0.0
1191.08,39.4,40.67,38.58,38.4,8123.66,5104.0,5561.77,0.0,0.0
1191.22,39.4,40.67,38.58,38.4,8123.98,5104.0,5562.14,0.0,0.0
1191.3,39.41,40.67,38.58,38.4,8123.33,5104.0,5562.14,0.0,0.0
1191.42,39.41,40.67,38.58,38.4,8123.02,5104.0,5561.77,0.0,0.0
1191.48,39.41,40.67,38.58,38.4,8123.02,5104.0,5561.77,0.0,0.0
1191.6,39.41,40.67,38.58,38.4,8122.7,5104.0,5562.14,0.0,0.0
1191.72,39.41,40.67,38.58,38.4,8123.02,5104.0,5562.14,0.0,0.0
1191.82,39.44,40.67,38.58,38.41,8120.14,5104.0,5561.77,0.0,0.0
1191.93,39.41,40.67,38.58,38.41,8123.33,5104.0,5562.14,0.0,0.0
1192.01,39.4,40.67,38.58,38.41,8123.98,5104.0,5561.77,0.0,0.0
1192.11,39.41,40.67,38.58,38.41,8123.33,5104.0,5561.4,0.0,0.0
1192.23,39.41,40.67,38.58,38.41,8121.74,5104.0,5561.77,0.0,0.0
1192.29,39.41,40.67,38.58,38.41,8121.74,5104.0,5561.4,0.0,0.0
1192.41,39.39,40.67,38.58,38.41,8124.29,5104.0,5561.4,0.0,0.0
1192.5,39.41,40.67,38.58,38.41,8122.06,5104.0,5561.4,0.0,0.0
1192.64,39.41,40.67,38.58,38.41,8122.38,5104.0,5561.77,0.0,0.0
1192.73,39.41,40.67,38.58,38.41,8122.38,5104.0,5560.66,0.0,0.0
1192.82,39.41,40.67,38.58,38.41,8122.06,5104.0,5561.4,0.0,0.0
1192.9,39.42,40.67,38.58,38.41,8120.78,5104.0,5561.4,0.0,0.0
1192.96,39.42,40.67,38.58,38.41,8120.78,5104.0,5560.66,0.0,0.0
1193.14,39.41,40.67,38.58,38.41,8123.33,5104.0,5562.14,0.0,0.0
1193.22,39.41,40.67,38.58,38.41,8123.33,5104.0,5561.77,0.0,0.0
1193.3,39.41,40.67,38.58,38.41,8122.06,5104.0,5561.77,0.0,0.0
1193.41,39.42,40.67,38.58,38.41,8120.78,5104.0,5561.77,0.0,0.0
1193.51,39.43,40.67,38.58,38.42,8121.1,5104.0,5561.4,0.0,0.0
1193.57,39.43,40.67,38.58,38.42,8121.1,5104.0,5561.03,0.0,0.0
1193.71,39.44,40.67,38.58,38.42,8119.5,5104.0,5561.77,0.0,0.0
1193.78,39.44,40.66,38.58,38.42,8120.14,5104.35,5561.4,0.0,0.0
1193.9,39.44,40.66,38.58,38.42,8120.14,5104.35,5561.77,0.0,0.0
1194.02,39.46,40.66,38.58,38.42,8118.54,5104.35,5561.77,0.0,0.0
1194.1,39.47,40.67,38.58,38.42,8118.22,5104.0,5562.14,0.0,0.0
1194.21,39.44,40.66,38.58,38.42,8120.14,5104.35,5561.77,0.0,0.0
1194.3,39.46,40.67,38.58,38.42,8118.86,5104.0,5561.77,0.0,0.0
1194.43,39.47,40.66,38.58,38.42,8118.22,5104.35,5561.4,0.0,0.0
1194.51,39.49,40.66,38.58,38.42,8116.94,5104.35,5561.77,0.0,0.0
1194.59,39.49,40.66,38.58,38.42,8116.31,5104.35,5561.4,0.0,0.0
1194.7,39.47,40.67,38.58,38.42,8118.22,5104.0,5561.4,0.0,0.0
1194.83,39.49,40.66,38.58,38.42,8116.94,5105.39,5562.14,0.0,0.0
1194.92,39.51,40.66,38.58,38.42,8115.03,5105.04,5562.14,0.0,0.0
1195.03,39.48,40.66,38.58,38.42,8116.62,5105.74,5561.77,0.0,0.0
1195.11,39.49,40.65,38.58,38.42,8115.99,5107.13,5562.14,0.0,0.0
1195.23,39.44,40.65,38.58,38.42,8119.18,5106.43,5561.77,0.0,0.0
1195.34,39.48,40.66,38.58,38.42,8117.26,5105.04,5561.03,0.0,0.0
1195.42,39.49,40.65,38.58,38.42,8116.94,5106.43,5562.14,0.0,0.0
1195.51,39.5,40.65,38.58,38.43,8115.67,5106.78,5561.77,0.0,0.0
1195.59,39.49,40.66,38.58,38.43,8116.31,5106.08,5561.77,0.0,0.0
1195.67,39.48,40.65,38.58,38.43,8116.62,5106.78,5562.14,0.0,0.0
1195.8,39.48,40.65,38.58,38.43,8116.62,5108.17,5561.4,0.0,0.0
1195.89,39.49,40.64,38.58,38.43,8116.94,5108.86,5561.77,0.0,0.0
1196.01,39.5,40.64,38.58,38.43,8115.67,5108.52,5561.77,0.0,0.0
1196.1,39.51,40.64,38.58,38.43,8115.03,5109.21,5561.4,0.0,0.0
1196.21,39.51,40.65,38.58,38.43,8114.71,5108.17,5561.4,0.0,0.0
1196.35,39.51,40.63,38.58,38.43,8114.71,5111.3,5562.14,0.0,0.0
1196.39,39.49,40.62,38.58,38.43,8116.94,5113.04,5562.14,0.0,0.0
1196.52,39.51,40.62,38.58,38.43,8115.03,5114.08,5561.77,0.0,0.0
1196.6,39.52,40.63,38.58,38.43,8114.39,5112.34,5562.14,0.0,0.0
1196.71,39.52,40.62,38.58,38.43,8114.39,5114.08,5561.4,0.0,0.0
1196.84,39.49,40.62,38.58,38.43,8116.31,5114.08,5561.77,0.0,0.0
1196.92,39.5,40.62,38.58,38.43,8115.35,5114.08,5561.03,0.0,0.0
1197.03,39.51,40.62,38.58,38.43,8115.03,5113.04,5561.77,0.0,0.0
1197.09,39.51,40.62,38.58,38.43,8114.71,5114.43,5561.77,0.0,0.0
1197.21,39.52,40.61,38.58,38.43,8114.39,5115.47,5561.77,0.0,0.0
1197.28,39.51,40.61,38.58,38.43,8114.71,5115.12,5562.14,0.0,0.0
1197.41,39.54,40.61,38.58,38.43,8112.79,5115.47,5561.77,0.0,0.0
1197.51,39.54,40.61,38.58,38.43,8113.11,5116.51,5562.14,0.0,0.0
1197.63,39.52,40.6,38.58,38.43,8113.75,5116.86,5561.4,0.0,0.0
1197.75,39.54,40.6,38.58,38.43,8112.15,5118.6,5561.03,0.0,0.0
1197.81,39.53,40.6,38.58,38.43,8114.07,5116.86,5561.77,0.0,0.0
1197.94,39.52,40.6,38.58,38.43,8114.39,5117.21,5561.4,0.0,0.0
1198.03,39.54,40.61,38.58,38.44,8112.79,5116.17,5561.77,0.0,0.0
1198.13,39.52,40.62,38.58,38.44,8113.75,5113.04,5562.14,0.0,0.0
1198.2,39.52,40.59,38.58,38.44,8113.75,5119.3,5561.77,0.0,0.0
1198.35,39.54,40.6,38.58,38.44,8113.11,5117.91,5561.77,0.0,0.0
1198.4,39.53,40.6,38.58,38.44,8114.07,5117.91,5561.4,0.0,0.0
1198.52,39.52,40.6,38.58,38.44,8113.75,5117.91,5561.77,0.0,0.0
1198.6,39.54,40.6,38.58,38.44,8113.11,5117.21,5561.4,0.0,0.0
1198.7,39.54,40.6,38.58,38.44,8113.11,5117.91,5560.66,0.0,0.0
1198.84,39.54,40.6,38.58,38.44,8113.11,5117.21,5561.77,0.0,0.0
1198.9,39.55,40.61,38.58,38.44,8111.83,5115.82,5561.03,0.0,0.0
1199.0,39.54,40.61,38.58,38.44,8112.15,5115.12,5561.77,0.0,0.0
1199.13,39.53,40.6,38.58,38.44,8113.43,5116.86,5561.4,0.0,0.0
1199.21,39.55,40.6,38.58,38.44,8111.19,5117.91,5561.4,0.0,0.0
1199.32,39.57,40.6,38.58,38.44,8110.23,5116.86,5561.77,0.0,0.0
1199.42,39.53,40.6,38.58,38.44,8113.43,5118.25,5561.77,0.0,0.0
1199.48,39.54,40.6,38.58,38.44,8112.15,5117.56,5561.4,0.0,0.0
1199.62,39.55,40.6,38.58,38.44,8111.19,5118.25,5561.03,0.0,0.0
1199.69,39.55,40.6,38.58,38.44,8111.19,5118.6,5561.77,0.0,0.0
1199.81,39.55,40.59,38.58,38.44,8111.51,5119.3,5561.77,0.0,0.0
1199.94,39.55,40.6,38.58,38.44,8111.51,5117.56,5561.77,0.0,0.0
1200.01,39.54,40.6,38.58,38.44,8113.11,5116.86,5560.66,0.0,0.0
1200.12,39.54,40.6,38.58,38.44,8112.79,5117.21,5561.4,0.0,0.0
1200.2,39.55,40.6,38.58,38.44,8111.19,5117.91,5561.03,0.0,0.0
1200.31,39.54,40.61,38.58,38.44,8112.79,5116.51,5561.77,0.0,0.0
1200.44,39.54,40.61,38.58,38.44,8112.15,5116.51,5561.77,0.0,0.0
1200.5,39.54,40.6,38.58,38.44,8112.15,5116.86,5561.4,0.0,0.0
1200.64,39.54,40.6,38.58,38.44,8113.11,5117.56,5561.4,0.0,0.0
1200.69,39.55,40.6,38.58,38.44,8111.51,5117.91,5561.4,0.0,0.0
1200.81,39.55,40.6,38.58,38.44,8111.51,5117.91,5560.66,0.0,0.0
1200.9,39.57,40.6,38.58,38.44,8110.55,5116.86,5560.66,0.0,0.0
1201.02,39.54,40.59,38.58,38.44,8112.15,5118.95,5561.03,0.0,0.0
1201.15,39.55,40.6,38.58,38.44,8111.83,5117.56,5561.03,0.0,0.0
1201.2,39.55,40.58,38.59,38.44,8111.19,5121.39,5560.29,0.0,0.0
1201.31,39.55,40.59,38.59,38.44,8111.51,5120.69,5559.92,0.0,0.0
1201.45,39.55,40.59,38.58,38.44,8111.19,5119.99,5560.66,0.0,0.0
1201.5,39.54,40.59,38.59,38.44,8112.47,5120.34,5559.19,0.0,0.0
1201.66,39.57,40.58,38.59,38.44,8110.55,5122.08,5558.45,0.0,0.0
1201.7,39.57,40.58,38.6,38.44,8110.23,5122.43,5557.34,0.0,0.0
1201.8,39.55,40.59,38.6,38.44,8111.83,5120.69,5556.98,0.0,0.0
1201.92,39.55,40.58,38.61,38.44,8111.19,5122.08,5555.87,0.0,0.0
1202.0,39.55,40.58,38.61,38.44,8111.83,5123.13,5555.87,0.0,0.0
1202.12,39.55,40.58,38.61,38.44,8111.51,5122.43,5554.76,0.0,0.0
1202.22,39.55,40.57,38.62,38.44,8111.19,5123.47,5552.55,0.0,0.0
1202.3,39.55,40.58,38.62,38.44,8111.83,5122.78,5552.92,0.0,0.0
1202.42,39.55,40.58,38.62,38.44,8111.19,5123.13,5551.82,0.0,0.0
1202.51,39.55,40.58,38.65,38.44,8111.51,5123.13,5546.66,0.0,0.0
1202.63,39.55,40.57,38.64,38.44,8110.87,5124.52,5547.77,0.0,0.0
1202.68,39.54,40.57,38.66,38.44,8112.47,5124.17,5544.08,0.0,0.0
1202.79,39.55,40.57,38.66,38.44,8111.51,5123.47,5542.61,0.0,0.0
1202.93,39.54,40.58,38.67,38.44,8112.15,5123.13,5541.51,0.0,0.0
1202.99,39.54,40.56,38.67,38.44,8112.15,5125.56,5541.14,0.0,0.0
1203.12,39.54,40.57,38.67,38.44,8112.47,5124.17,5541.88,0.0,0.0
1203.22,39.55,40.57,38.67,38.44,8110.87,5124.87,5540.04,0.0,0.0
1203.31,39.55,40.58,38.68,38.44,8111.19,5122.43,5539.67,0.0,0.0
1203.39,39.55,40.57,38.67,38.44,8111.19,5123.82,5540.41,0.0,0.0
1203.55,39.54,40.58,38.68,38.44,8112.79,5123.13,5538.93,0.0,0.0
1203.6,39.54,40.58,38.68,38.44,8112.15,5123.13,5539.3,0.0,0.0
1203.7,39.57,40.57,38.68,38.44,8109.28,5123.47,5538.57,0.0,0.0
1203.84,39.57,40.57,38.68,38.44,8110.55,5123.47,5539.3,0.0,0.0
1203.89,39.55,40.57,38.68,38.44,8111.19,5124.17,5538.57,0.0,0.0
1204.0,39.55,40.57,38.68,38.44,8111.19,5123.82,5538.93,0.0,0.0
1204.08,39.54,40.58,38.68,38.44,8112.15,5123.13,5538.57,0.0,0.0
1204.21,39.54,40.57,38.68,38.44,8112.47,5124.52,5538.57,0.0,0.0
1204.33,39.55,40.58,38.68,38.44,8111.19,5122.43,5538.57,0.0,0.0
1204.4,39.55,40.57,38.68,38.44,8110.87,5123.47,5538.57,0.0,0.0
1204.51,39.55,40.58,38.68,38.44,8110.87,5123.13,5538.2,0.0,0.0
1204.63,39.55,40.58,38.68,38.44,8111.51,5121.73,5537.83,0.0,0.0
1204.72,39.55,40.57,38.68,38.44,8110.87,5123.47,5538.57,0.0,0.0
1204.8,39.55,40.57,38.68,38.44,8111.19,5123.82,5538.57,0.0,0.0
1204.9,39.58,40.57,38.68,38.44,8109.91,5123.47,5538.2,0.0,0.0
1205.0,39.54,40.58,38.68,38.44,8112.15,5121.39,5538.57,0.0,0.0
1205.1,39.55,40.58,38.68,38.44,8111.19,5122.43,5538.57,0.0,0.0
1205.18,39.55,40.59,38.68,38.44,8111.19,5121.04,5538.57,0.0,0.0
1205.32,39.55,40.58,38.68,38.44,8110.87,5122.08,5538.2,0.0,0.0
1205.44,39.55,40.57,38.68,38.44,8111.51,5123.47,5538.2,0.0,0.0
1205.49,39.54,40.58,38.68,38.44,8112.47,5122.78,5538.57,0.0,0.0
1205.62,39.55,40.58,38.68,38.44,8111.19,5122.43,5538.57,0.0,0.0
1205.7,39.55,40.59,38.68,38.44,8111.83,5120.69,5538.57,0.0,0.0
1205.82,39.57,40.59,38.68,38.44,8110.55,5120.69,5538.57,0.0,0.0
1205.92,39.54,40.59,38.68,38.44,8112.15,5119.65,5538.57,0.0,0.0
1206.0,39.55,40.59,38.68,38.45,8111.83,5119.99,5538.57,0.0,0.0
1206.08,39.55,40.6,38.68,38.45,8111.51,5118.6,5538.57,0.0,0.0
1206.21,39.55,40.58,38.68,38.45,8111.19,5121.73,5538.57,0.0,0.0
1206.3,39.55,40.59,38.68,38.45,8111.19,5119.3,5538.57,0.0,0.0
1206.43,39.54,40.6,38.68,38.45,8112.47,5117.91,5538.57,0.0,0.0
1206.55,39.55,40.6,38.68,38.45,8111.19,5117.56,5538.57,0.0,0.0
1206.61,39.57,40.61,38.68,38.45,8110.55,5114.77,5538.57,0.0,0.0
1206.74,39.55,40.61,38.68,38.45,8111.19,5114.77,5538.93,0.0,0.0
1206.8,39.55,40.63,38.68,38.45,8111.51,5112.34,5538.57,0.0,0.0
1206.91,39.55,40.62,38.68,38.45,8111.83,5113.38,5538.57,0.0,0.0
1207.03,39.55,40.63,38.68,38.45,8110.87,5111.64,5538.93,0.0,0.0
1207.1,39.55,40.63,38.68,38.45,8110.87,5110.6,5538.93,0.0,0.0
1207.21,39.57,40.64,38.68,38.45,8110.55,5109.56,5538.57,0.0,0.0
1207.34,39.55,40.65,38.68,38.45,8111.19,5108.17,5538.57,0.0,0.0
1207.39,39.55,40.65,38.67,38.45,8111.51,5107.82,5540.04,0.0,0.0
1207.5,39.55,40.65,38.68,38.45,8111.51,5107.47,5538.93,0.0,0.0
1207.63,39.55,40.66,38.68,38.45,8111.19,5105.74,5538.93,0.0,0.0
1207.71,39.55,40.66,38.68,38.45,8111.19,5105.39,5538.93,0.0,0.0
1207.8,39.55,40.66,38.68,38.45,8111.51,5106.08,5538.57,0.0,0.0
1207.93,39.55,40.66,38.68,38.45,8111.19,5105.74,5539.67,0.0,0.0
1208.06,39.55,40.66,38.68,38.45,8110.87,5104.35,5539.3,0.0,0.0
1208.09,39.55,40.66,38.68,38.45,8111.51,5104.69,5539.67,0.0,0.0
1208.23,39.55,40.66,38.67,38.45,8111.19,5104.69,5540.41,0.0,0.0
1208.35,39.57,40.67,38.68,38.45,8110.55,5104.0,5539.3,0.0,0.0
1208.43,39.54,40.66,38.68,38.45,8112.47,5105.39,5539.3,0.0,0.0
1208.53,39.55,40.66,38.68,38.45,8111.51,5105.04,5539.3,0.0,0.0
1208.6,39.54,40.66,38.68,38.45,8112.15,5105.39,5539.67,0.0,0.0
1208.71,39.55,40.66,38.68,38.45,8111.83,5104.69,5538.93,0.0,0.0
1208.81,39.54,40.66,38.68,38.45,8112.15,5106.08,5539.3,0.0,0.0
1208.94,39.55,40.66,38.68,38.45,8111.51,5106.08,5539.3,0.0,0.0
1209.02,39.54,40.65,38.68,38.45,8112.79,5107.13,5538.93,0.0,0.0
1209.11,39.54,40.66,38.68,38.45,8112.47,5106.08,5539.3,0.0,0.0
1209.22,39.55,40.65,38.68,38.45,8111.51,5106.78,5538.93,0.0,0.0
1209.3,39.55,40.65,38.68,38.45,8111.51,5106.78,5538.57,0.0,0.0
1209.43,39.55,40.64,38.68,38.45,8110.87,5109.56,5538.57,0.0,0.0
1209.53,39.54,40.64,38.68,38.45,8112.15,5109.56,5538.57,0.0,0.0
1209.6,39.54,40.64,38.68,38.45,8113.11,5109.91,5538.93,0.0,0.0
1209.7,39.54,40.62,38.68,38.45,8112.47,5112.69,5538.57,0.0,0.0
1209.81,39.54,40.64,38.68,38.45,8112.47,5110.25,5538.57,0.0,0.0
1209.93,39.55,40.63,38.68,38.45,8111.19,5110.95,5538.2,0.0,0.0
1210.0,39.55,40.63,38.68,38.45,8111.83,5112.34,5538.57,0.0,0.0
1210.12,39.54,40.64,38.68,38.45,8112.15,5109.91,5538.57,0.0,0.0
1210.23,39.57,40.64,38.68,38.45,8110.23,5110.25,5538.57,0.0,0.0
1210.31,39.55,40.64,38.68,38.46,8111.19,5109.56,5538.2,0.0,0.0
1210.42,39.54,40.64,38.68,38.46,8112.47,5108.52,5538.2,0.0,0.0
1210.53,39.55,40.65,38.68,38.46,8111.83,5107.47,5538.57,0.0,0.0
1210.61,39.54,40.64,38.68,38.46,8112.15,5108.86,5538.2,0.0,0.0
1210.72,39.54,40.65,38.68,38.46,8112.47,5106.78,5538.57,0.0,0.0
1210.85,39.55,40.65,38.68,38.46,8111.83,5107.13,5538.57,0.0,0.0
1210.92,39.54,40.66,38.68,38.46,8112.47,5106.08,5538.57,0.0,0.0
1211.04,39.55,40.66,38.68,38.46,8111.83,5105.74,5538.2,0.0,0.0
1211.09,39.55,40.66,38.68,38.46,8110.87,5105.39,5538.57,0.0,0.0
1211.22,39.54,40.66,38.68,38.46,8113.11,5105.74,5538.57,0.0,0.0
1211.34,39.54,40.66,38.68,38.46,8112.15,5106.08,5538.2,0.0,0.0
1211.41,39.55,40.66,38.68,38.46,8111.83,5105.04,5538.57,0.0,0.0
1211.51,39.55,40.66,38.68,38.46,8111.19,5104.69,5538.2,0.0,0.0
1211.64,39.54,40.66,38.68,38.46,8112.79,5105.39,5538.57,0.0,0.0
1211.74,39.54,40.66,38.68,38.46,8113.11,5104.35,5538.2,0.0,0.0
1211.81,39.55,40.66,38.68,38.46,8111.19,5104.35,5538.2,0.0,0.0
1211.95,39.54,40.66,38.68,38.46,8112.79,5104.69,5538.2,0.0,0.0
1212.0,39.55,40.66,38.68,38.46,8111.19,5105.04,5538.2,0.0,0.0
1212.13,39.55,40.66,38.68,38.46,8111.83,5104.69,5538.57,0.0,0.0
1212.19,39.58,40.66,38.68,38.46,8109.91,5105.04,5538.57,0.0,0.0
1212.3,39.54,40.66,38.68,38.46,8112.15,5105.39,5538.2,0.0,0.0
1212.42,39.54,40.66,38.68,38.46,8112.47,5105.04,5537.83,0.0,0.0
1212.53,39.55,40.66,38.68,38.46,8111.51,5105.04,5538.57,0.0,0.0
1212.61,39.55,40.66,38.68,38.46,8110.87,5104.69,5538.2,0.0,0.0
1212.73,39.57,40.65,38.68,38.46,8110.23,5107.47,5538.57,0.0,0.0
1212.84,39.55,40.66,38.68,38.46,8111.19,5105.74,5538.57,0.0,0.0
1212.91,39.55,40.66,38.68,38.46,8110.87,5105.39,5538.57,0.0,0.0
1213.02,39.55,40.66,38.68,38.46,8111.51,5105.74,5538.2,0.0,0.0
1213.13,39.55,40.65,38.68,38.46,8110.87,5107.47,5538.2,0.0,0.0
1213.2,39.57,40.66,38.68,38.46,8110.55,5105.39,5537.83,0.0,0.0
1213.31,39.55,40.66,38.68,38.46,8111.51,5105.39,5538.57,0.0,0.0
1213.4,39.55,40.65,38.68,38.46,8111.19,5106.43,5538.57,0.0,0.0
1213.51,39.57,40.65,38.68,38.46,8110.55,5106.43,5538.57,0.0,0.0
1213.61,39.58,40.65,38.68,38.46,8109.91,5107.47,5538.2,0.0,0.0
1213.72,39.55,40.65,38.68,38.46,8111.19,5107.13,5538.57,0.0,0.0
1213.82,39.55,40.66,38.68,38.47,8110.87,5105.74,5538.57,0.0,0.0
1213.93,39.57,40.65,38.68,38.47,8110.55,5106.78,5538.57,0.0,0.0
1214.03,39.57,40.65,38.68,38.47,8110.55,5106.43,5538.57,0.0,0.0
1214.1,39.55,40.65,38.68,38.47,8110.87,5107.13,5538.57,0.0,0.0
1214.23,39.57,40.66,38.68,38.47,8110.23,5105.39,5538.57,0.0,0.0
1214.3,39.55,40.65,38.68,38.47,8110.87,5106.78,5538.57,0.0,0.0
1214.41,39.57,40.66,38.68,38.47,8110.55,5105.04,5538.57,0.0,0.0
1214.52,39.57,40.65,38.68,38.47,8110.23,5106.43,5538.57,0.0,0.0
1214.66,39.55,40.66,38.68,38.47,8110.87,5105.74,5538.57,0.0,0.0
1214.71,39.55,40.66,38.68,38.47,8111.19,5106.08,5538.57,0.0,0.0
1214.82,39.57,40.66,38.68,38.47,8109.6,5104.69,5538.93,0.0,0.0
1214.93,39.57,40.66,38.68,38.47,8109.6,5105.04,5538.57,0.0,0.0
1215.05,39.57,40.66,38.68,38.47,8110.23,5105.74,5538.93,0.0,0.0
1215.12,39.55,40.66,38.68,38.47,8110.87,5105.04,5538.57,0.0,0.0
1215.24,39.57,40.66,38.68,38.47,8110.55,5104.69,5538.57,0.0,0.0
1215.34,39.57,40.66,38.68,38.47,8110.55,5105.39,5538.57,0.0,0.0
1215.41,39.57,40.66,38.68,38.47,8110.23,5105.04,5538.57,0.0,0.0
1215.52,39.58,40.66,38.68,38.47,8109.91,5105.04,5538.57,0.0,0.0
1215.65,39.57,40.66,38.68,38.47,8110.55,5104.69,5538.2,0.0,0.0
1215.75,39.55,40.67,38.68,38.47,8110.87,5104.0,5537.83,0.0,0.0
1215.82,39.55,40.66,38.68,38.47,8111.19,5104.35,5538.57,0.0,0.0
1215.92,39.57,40.66,38.68,38.47,8110.23,5104.69,5538.57,0.0,0.0
1216.0,39.57,40.67,38.68,38.47,8109.6,5104.0,5538.2,0.0,0.0
1216.11,39.55,40.66,38.68,38.47,8110.87,5104.35,5538.57,0.0,0.0
1216.24,39.58,40.66,38.68,38.47,8109.91,5104.35,5537.83,0.0,0.0
1216.32,39.55,40.67,38.68,38.47,8111.19,5104.0,5538.57,0.0,0.0
1216.41,39.57,40.67,38.68,38.47,8110.23,5104.0,5538.57,0.0,0.0
1216.52,39.58,40.67,38.68,38.47,8109.91,5104.0,5538.57,0.0,0.0
1216.65,39.58,40.67,38.68,38.47,8108.96,5104.0,5538.2,0.0,0.0
1216.7,39.57,40.67,38.68,38.47,8109.6,5104.0,5538.57,0.0,0.0
1216.86,39.57,40.67,38.68,38.47,8109.6,5104.0,5538.2,0.0,0.0
1216.91,39.57,40.67,38.68,38.47,8110.23,5104.0,5538.57,0.0,0.0
1216.99,39.57,40.67,38.68,38.47,8110.23,5104.0,5538.57,0.0,0.0
1217.12,39.57,40.67,38.68,38.47,8109.6,5104.0,5538.57,0.0,0.0
1217.26,39.57,40.67,38.68,38.47,8110.23,5104.0,5538.57,0.0,0.0
1217.31,39.55,40.67,38.68,38.47,8110.87,5104.0,5537.83,0.0,0.0
1217.45,39.57,40.67,38.68,38.47,8110.55,5104.0,5538.2,0.0,0.0
1217.5,39.57,40.67,38.68,38.48,8109.28,5104.0,5538.2,0.0,0.0
1217.61,39.57,40.67,38.68,38.48,8110.55,5104.0,5538.2,0.0,0.0
1217.74,39.55,40.67,38.68,38.48,8110.87,5104.0,5538.2,0.0,0.0
1217.82,39.57,40.67,38.68,38.48,8110.23,5104.0,5538.2,0.0,0.0
1217.91,39.57,40.67,38.68,38.48,8110.23,5104.0,5538.2,0.0,0.0
1218.06,39.57,40.67,38.68,38.48,8110.23,5104.0,5538.2,0.0,0.0
1218.14,39.58,40.67,38.68,38.48,8109.91,5104.0,5538.57,0.0,0.0
1218.22,39.57,40.67,38.68,38.48,8109.28,5104.0,5537.83,0.0,0.0
1218.35,39.57,40.67,38.68,38.48,8110.23,5104.0,5537.83,0.0,0.0
1218.39,39.58,40.67,38.68,38.48,8109.91,5104.0,5538.2,0.0,0.0
1218.57,39.55,40.67,38.68,38.48,8110.87,5104.0,5538.2,0.0,0.0
1218.6,39.57,40.67,38.68,38.48,8110.23,5104.0,5538.2,0.0,0.0
1218.75,39.55,40.67,38.68,38.48,8111.19,5104.0,5538.57,0.0,0.0
1218.82,39.57,40.67,38.68,38.48,8110.55,5104.0,5538.2,0.0,0.0
1218.93,39.57,40.67,38.68,38.48,8110.55,5104.0,5538.57,0.0,0.0
1219.01,39.55,40.67,38.68,38.48,8111.19,5103.65,5538.2,0.0,0.0
1219.11,39.58,40.67,38.68,38.48,8109.91,5104.0,5537.83,0.0,0.0
1219.25,39.57,40.67,38.68,38.48,8110.55,5104.0,5538.2,0.0,0.0
1219.32,39.57,40.67,38.68,38.48,8110.23,5104.0,5538.2,0.0,0.0
1219.43,39.57,40.67,38.68,38.48,8110.55,5104.0,5538.2,0.0,0.0
1219.54,39.57,40.67,38.68,38.48,8109.6,5104.0,5538.2,0.0,0.0
1219.62,39.57,40.67,38.68,38.48,8110.55,5104.0,5537.83,0.0,0.0
1219.74,39.57,40.67,38.68,38.48,8110.23,5104.0,5537.83,0.0,0.0
1219.86,39.55,40.67,38.68,38.48,8110.87,5104.0,5538.2,0.0,0.0
1219.92,39.58,40.67,38.68,38.48,8109.91,5103.65,5538.57,0.0,0.0
1220.04,39.58,40.67,38.68,38.48,8108.96,5103.65,5538.57,0.0,0.0
1220.11,39.57,40.67,38.68,38.48,8110.23,5103.65,5538.2,0.0,0.0
1220.23,39.57,40.67,38.68,38.48,8110.23,5104.0,5538.2,0.0,0.0
1220.35,39.57,40.67,38.68,38.48,8110.23,5103.65,5537.83,0.0,0.0
1220.4,39.57,40.67,38.68,38.48,8109.6,5104.0,5538.57,0.0,0.0
1220.49,39.58,40.67,38.68,38.48,8109.91,5104.0,5537.83,0.0,0.0
1220.65,39.57,40.67,38.68,38.48,8110.23,5104.0,5538.57,0.0,0.0
1220.7,39.55,40.67,38.68,38.48,8110.87,5104.0,5538.57,0.0,0.0
1220.8,39.57,40.67,38.68,38.48,8109.6,5103.65,5538.57,0.0,0.0
1220.96,39.57,40.67,38.68,38.48,8110.55,5103.65,5538.2,0.0,0.0
1221.0,39.57,40.67,38.68,38.48,8110.23,5104.0,5538.57,0.0,0.0
1221.1,39.58,40.67,38.68,38.48,8109.91,5103.65,5538.2,0.0,0.0
1221.23,39.57,40.67,38.68,38.48,8110.55,5104.0,5538.2,0.0,0.0
1221.35,39.57,40.67,38.68,38.48,8109.6,5104.0,5538.2,0.0,0.0
1221.42,39.57,40.67,38.68,38.49,8110.23,5103.65,5538.2,0.0,0.0
1221.51,39.58,40.67,38.68,38.49,8109.91,5103.65,5538.57,0.0,0.0
1221.62,39.58,40.67,38.68,38.49,8109.91,5102.96,5538.57,0.0,0.0
1221.72,39.57,40.67,38.69,38.49,8110.23,5103.31,5537.46,0.0,0.0
1221.83,39.57,40.67,38.68,38.49,8110.23,5104.0,5538.2,0.0,0.0
1221.9,39.55,40.67,38.68,38.49,8111.51,5104.0,5538.2,0.0,0.0
1222.02,39.57,40.67,38.69,38.49,8109.28,5104.0,5537.46,0.0,0.0
1222.13,39.57,40.67,38.68,38.49,8110.23,5104.0,5538.2,0.0,0.0
1222.23,39.57,40.67,38.68,38.49,8110.23,5103.65,5538.2,0.0,0.0
1222.34,39.55,40.67,38.68,38.49,8110.87,5103.65,5537.83,0.0,0.0
1222.4,39.55,40.67,38.68,38.49,8110.87,5102.61,5538.2,0.0,0.0
1222.53,39.55,40.67,38.68,38.49,8111.19,5102.61,5538.2,0.0,0.0
1222.66,39.57,40.67,38.68,38.49,8110.55,5102.26,5538.2,0.0,0.0
1222.72,39.57,40.68,38.68,38.49,8110.55,5101.92,5538.57,0.0,0.0
1222.83,39.55,40.67,38.69,38.49,8111.51,5102.26,5537.46,0.0,0.0
1222.91,39.55,40.68,38.69,38.49,8111.19,5101.92,5536.73,0.0,0.0
1223.05,39.55,40.68,38.69,38.49,8111.83,5101.57,5537.46,0.0,0.0
1223.12,39.55,40.68,38.69,38.49,8111.51,5101.22,5536.36,0.0,0.0
1223.22,39.55,40.68,38.69,38.49,8111.83,5100.87,5537.46,0.0,0.0
1223.31,39.55,40.69,38.69,38.49,8111.51,5099.14,5535.99,0.0,0.0
1223.42,39.55,40.69,38.69,38.49,8111.83,5099.83,5535.99,0.0,0.0
1223.5,39.54,40.69,38.7,38.49,8112.15,5098.1,5534.52,0.0,0.0
1223.64,39.55,40.7,38.7,38.49,8111.51,5097.4,5534.89,0.0,0.0
1223.76,39.55,40.7,38.69,38.49,8111.19,5097.75,5536.36,0.0,0.0
1223.81,39.54,40.7,38.7,38.49,8112.15,5096.02,5534.16,0.0,0.0
1223.92,39.55,40.71,38.7,38.49,8111.51,5095.67,5534.16,0.0,0.0
1224.06,39.54,40.71,38.69,38.49,8112.15,5095.32,5535.63,0.0,0.0
1224.11,39.54,40.72,38.7,38.49,8112.15,5093.59,5534.52,0.0,0.0
1224.22,39.55,40.71,38.7,38.49,8111.19,5094.63,5534.89,0.0,0.0
1224.35,39.55,40.72,38.71,38.49,8111.83,5093.59,5532.69,0.0,0.0
1224.43,39.55,40.71,38.7,38.49,8111.83,5094.28,5533.42,0.0,0.0
1224.56,39.55,40.72,38.71,38.49,8111.83,5092.89,5532.69,0.0,0.0
1224.66,39.55,40.71,38.7,38.49,8111.83,5094.63,5533.79,0.0,0.0
1224.73,39.55,40.72,38.7,38.49,8111.19,5093.59,5533.05,0.0,0.0
1224.86,39.57,40.71,38.7,38.49,8110.55,5093.93,5534.52,0.0,0.0
1224.91,39.55,40.71,38.7,38.49,8111.19,5094.63,5533.79,0.0,0.0
1225.03,39.57,40.71,38.72,38.49,8110.55,5095.32,5530.11,0.0,0.0
1225.1,39.57,40.71,38.73,38.49,8110.55,5094.63,5527.54,0.0,0.0
1225.21,39.55,40.7,38.73,38.49,8110.87,5096.02,5526.44,0.0,0.0
1225.32,39.55,40.7,38.74,38.5,8110.87,5096.02,5524.97,0.0,0.0
1225.43,39.55,40.7,38.75,38.5,8111.51,5096.02,5523.14,0.0,0.0
1225.51,39.57,40.7,38.75,38.5,8109.6,5096.36,5522.77,0.0,0.0
1225.63,39.57,40.71,38.74,38.5,8109.6,5094.97,5524.24,0.0,0.0
1225.75,39.55,40.7,38.75,38.5,8111.19,5096.71,5521.67,0.0,0.0
1225.81,39.55,40.71,38.76,38.5,8110.87,5094.63,5519.84,0.0,0.0
1225.9,39.55,40.7,38.76,38.5,8110.87,5096.02,5520.2,0.0,0.0
1226.06,39.57,40.71,38.77,38.5,8109.6,5094.97,5518.74,0.0,0.0
1226.11,39.55,40.7,38.77,38.5,8111.83,5096.02,5518.37,0.0,0.0
1226.21,39.57,40.71,38.77,38.5,8110.23,5094.28,5517.63,0.0,0.0
1226.32,39.57,40.71,38.78,38.5,8110.55,5094.97,5516.9,0.0,0.0
1226.41,39.55,40.71,38.77,38.5,8111.19,5094.28,5518.0,0.0,0.0
1226.53,39.55,40.72,38.78,38.5,8110.87,5093.59,5516.54,0.0,0.0
1226.67,39.58,40.71,38.78,38.5,8109.91,5094.63,5516.54,0.0,0.0
1226.7,39.58,40.71,38.77,38.5,8108.96,5094.97,5517.27,0.0,0.0
1226.84,39.57,40.71,38.78,38.5,8109.28,5095.67,5516.54,0.0,0.0
1226.91,39.55,40.71,38.78,38.5,8110.87,5094.97,5516.54,0.0,0.0
1227.02,39.58,40.71,38.78,38.5,8108.96,5095.32,5516.54,0.0,0.0
1227.14,39.57,40.7,38.78,38.5,8110.55,5096.02,5516.54,0.0,0.0
1227.26,39.58,40.7,38.78,38.5,8109.91,5097.06,5516.17,0.0,0.0
1227.32,39.55,40.7,38.78,38.5,8110.87,5096.02,5515.43,0.0,0.0
1227.45,39.57,40.7,38.78,38.5,8110.55,5096.71,5515.43,0.0,0.0
1227.56,39.57,40.7,38.78,38.5,8109.6,5096.36,5515.43,0.0,0.0
1227.67,39.57,40.7,38.78,38.5,8109.6,5097.4,5515.8,0.0,0.0
1227.75,39.57,40.7,38.78,38.5,8110.23,5096.02,5515.8,0.0,0.0
1227.87,39.57,40.7,38.78,38.5,8109.6,5096.71,5516.9,0.0,0.0
1227.91,39.58,40.71,38.78,38.5,8109.91,5095.32,5515.43,0.0,0.0
1228.07,39.57,40.7,38.78,38.5,8109.6,5096.71,5515.8,0.0,0.0
1228.12,39.57,40.7,38.78,38.5,8110.23,5096.71,5516.17,0.0,0.0
1228.22,39.58,40.71,38.78,38.5,8109.91,5095.32,5516.54,0.0,0.0
1228.33,39.57,40.71,38.78,38.51,8109.28,5095.32,5516.54,0.0,0.0
1228.41,39.57,40.7,38.78,38.51,8110.55,5096.02,5516.17,0.0,0.0
1228.53,39.58,40.7,38.78,38.51,8109.91,5096.71,5516.54,0.0,0.0
1228.68,39.57,40.7,38.78,38.51,8109.6,5096.71,5515.8,0.0,0.0
1228.74,39.57,40.71,38.78,38.51,8109.28,5095.67,5515.43,0.0,0.0
1228.85,39.57,40.71,38.78,38.51,8110.23,5095.32,5515.8,0.0,0.0
1228.9,39.58,40.71,38.78,38.51,8109.91,5095.67,5515.8,0.0,0.0
1229.06,39.59,40.7,38.78,38.51,8108.64,5096.02,5516.17,0.0,0.0
1229.14,39.57,40.7,38.78,38.51,8109.28,5096.71,5515.07,0.0,0.0
1229.22,39.58,40.71,38.78,38.51,8108.96,5095.32,5515.43,0.0,0.0
1229.31,39.58,40.7,38.78,38.51,8108.96,5096.02,5515.07,0.0,0.0
1229.41,39.6,40.7,38.78,38.51,8108.32,5097.75,5515.43,0.0,0.0
1229.52,39.59,40.7,38.78,38.51,8108.64,5097.4,5515.43,0.0,0.0
1229.65,39.57,40.7,38.78,38.51,8109.28,5097.4,5515.43,0.0,0.0
1229.78,39.59,40.7,38.78,38.51,8108.64,5096.36,5515.07,0.0,0.0
1229.84,39.58,40.7,38.78,38.51,8109.91,5097.75,5515.43,0.0,0.0
1229.95,39.58,40.71,38.78,38.51,8108.96,5094.97,5515.07,0.0,0.0
1230.05,39.59,40.7,38.78,38.51,8108.64,5096.36,5515.43,0.0,0.0
1230.13,39.6,40.69,38.78,38.51,8108.0,5098.1,5515.8,0.0,0.0
1230.29,39.59,40.7,38.78,38.51,8107.68,5097.75,5515.8,0.0,0.0
1230.34,39.59,40.69,38.78,38.51,8108.64,5099.14,5515.43,0.0,0.0
1230.46,39.57,40.69,38.78,38.51,8109.6,5099.83,5515.07,0.0,0.0
1230.51,39.59,40.69,38.78,38.51,8107.68,5099.83,5515.07,0.0,0.0
1230.6,39.57,40.68,38.78,38.51,8109.6,5100.18,5516.17,0.0,0.0
1230.75,39.58,40.68,38.78,38.51,8108.96,5100.53,5515.43,0.0,0.0
1230.83,39.57,40.68,38.78,38.51,8109.28,5100.53,5515.43,0.0,0.0
1230.92,39.59,40.68,38.78,38.51,8108.64,5100.18,5515.07,0.0,0.0
1231.05,39.57,40.68,38.78,38.51,8110.23,5100.18,5515.8,0.0,0.0
1231.14,39.59,40.68,38.78,38.51,8107.68,5100.87,5515.8,0.0,0.0
1231.24,39.59,40.68,38.78,38.51,8107.68,5101.22,5515.07,0.0,0.0
1231.31,39.57,40.68,38.78,38.51,8109.28,5101.22,5515.8,0.0,0.0
1231.43,39.6,40.69,38.78,38.51,8108.32,5099.14,5515.07,0.0,0.0
1231.56,39.6,40.68,38.78,38.51,8108.32,5100.53,5515.43,0.0,0.0
1231.65,39.59,40.68,38.78,38.51,8108.64,5100.18,5515.07,0.0,0.0
1231.76,39.59,40.69,38.78,38.51,8108.64,5098.79,5515.07,0.0,0.0
1231.81,39.62,40.69,38.78,38.51,8106.4,5098.79,5515.07,0.0,0.0
1231.92,39.57,40.69,38.78,38.51,8109.28,5098.1,5515.07,0.0,0.0
1232.02,39.6,40.7,38.78,38.51,8108.32,5096.02,5515.43,0.0,0.0
1232.13,39.59,40.7,38.78,38.51,8108.64,5096.36,5515.43,0.0,0.0
1232.24,39.59,40.71,38.78,38.51,8107.68,5095.32,5515.8,0.0,0.0
1232.37,39.61,40.71,38.78,38.51,8106.72,5094.28,5515.07,0.0,0.0
1232.42,39.61,40.72,38.78,38.52,8107.36,5092.55,5515.8,0.0,0.0
1232.58,39.6,40.72,38.78,38.52,8108.32,5093.59,5515.07,0.0,0.0
1232.64,39.59,40.71,38.78,38.52,8108.64,5094.28,5515.07,0.0,0.0
1232.75,39.59,40.71,38.78,38.52,8108.64,5094.63,5515.07,0.0,0.0
1232.81,39.6,40.72,38.78,38.52,8108.0,5092.2,5515.43,0.0,0.0
1232.94,39.6,40.72,38.78,38.52,8108.32,5093.59,5515.07,0.0,0.0
1233.07,39.61,40.72,38.78,38.52,8107.36,5093.59,5515.8,0.0,0.0
1233.15,39.6,40.72,38.78,38.52,8108.32,5093.59,5515.43,0.0,0.0
1233.27,39.61,40.72,38.78,38.52,8107.36,5093.59,5515.07,0.0,0.0
1233.32,39.62,40.73,38.78,38.52,8107.04,5091.51,5516.17,0.0,0.0
1233.45,39.6,40.72,38.78,38.52,8108.32,5093.24,5515.07,0.0,0.0
1233.51,39.59,40.72,38.78,38.52,8108.64,5092.55,5515.43,0.0,0.0
1233.63,39.58,40.72,38.78,38.52,8108.96,5093.24,5515.43,0.0,0.0
1233.75,39.57,40.72,38.78,38.52,8109.28,5092.2,5515.43,0.0,0.0
1233.85,39.59,40.72,38.78,38.52,8108.64,5092.89,5515.43,0.0,0.0
1233.96,39.6,40.72,38.78,38.52,8108.0,5092.2,5515.07,0.0,0.0
1234.04,39.62,40.72,38.78,38.52,8105.44,5092.2,5515.43,0.0,0.0
1234.13,39.6,40.72,38.78,38.52,8108.32,5092.55,5515.07,0.0,0.0
1234.24,39.57,40.73,38.78,38.52,8109.28,5089.77,5515.8,0.0,0.0
1234.34,39.59,40.73,38.78,38.52,8107.68,5090.81,5515.43,0.0,0.0
1234.4,39.6,40.73,38.78,38.52,8108.0,5091.51,5515.8,0.0,0.0
1234.59,39.62,40.72,38.78,38.52,8106.4,5092.55,5515.8,0.0,0.0
1234.62,39.62,40.72,38.78,38.52,8107.04,5092.2,5516.54,0.0,0.0
1234.79,39.59,40.72,38.78,38.52,8108.64,5092.2,5515.8,0.0,0.0
1234.85,39.6,40.72,38.78,38.52,8108.0,5093.59,5515.8,0.0,0.0
1234.96,39.61,40.72,38.78,38.52,8107.36,5091.85,5516.17,0.0,0.0
1235.02,39.61,40.72,38.78,38.52,8106.72,5092.89,5515.43,0.0,0.0
1235.14,39.61,40.73,38.78,38.52,8106.72,5091.16,5516.9,0.0,0.0
1235.26,39.62,40.72,38.78,38.52,8106.4,5093.59,5515.07,0.0,0.0
1235.35,39.61,40.72,38.78,38.52,8107.36,5092.2,5515.8,0.0,0.0
1235.45,39.6,40.72,38.78,38.52,8108.0,5091.85,5515.43,0.0,0.0
1235.53,39.62,40.72,38.78,38.52,8105.44,5092.89,5515.07,0.0,0.0
1235.61,39.62,40.72,38.78,38.52,8105.76,5092.89,5515.43,0.0,0.0
1235.77,39.62,40.73,38.78,38.52,8105.76,5091.51,5515.43,0.0,0.0
1235.82,39.61,40.72,38.78,38.52,8106.72,5091.85,5515.07,0.0,0.0
1235.92,39.62,40.72,38.78,38.52,8107.04,5092.89,5515.43,0.0,0.0
1236.06,39.62,40.72,38.78,38.52,8105.12,5093.24,5515.43,0.0,0.0
1236.11,39.62,40.72,38.78,38.52,8106.4,5091.85,5515.43,0.0,0.0
1236.23,39.62,40.72,38.78,38.53,8106.4,5092.2,5515.07,0.0,0.0
1236.36,39.62,40.72,38.78,38.53,8105.44,5092.55,5515.43,0.0,0.0
1236.42,39.61,40.72,38.78,38.53,8106.72,5092.89,5515.07,0.0,0.0
1236.55,39.62,40.72,38.78,38.53,8105.44,5092.2,5515.07,0.0,0.0
1236.63,39.67,40.72,38.78,38.53,8102.25,5091.85,5515.43,0.0,0.0
1236.75,39.62,40.72,38.78,38.53,8105.76,5092.55,5515.07,0.0,0.0
1236.87,39.62,40.72,38.78,38.53,8105.44,5093.24,5515.43,0.0,0.0
1236.96,39.65,40.72,38.78,38.53,8104.16,5093.59,5515.07,0.0,0.0
1237.05,39.65,40.72,38.78,38.53,8104.16,5092.89,5515.07,0.0,0.0
1237.15,39.65,40.72,38.78,38.53,8103.53,5092.55,5515.07,0.0,0.0
1237.25,39.62,40.72,38.78,38.53,8105.76,5092.89,5515.07,0.0,0.0
1237.37,39.64,40.72,38.78,38.53,8104.48,5092.2,5515.07,0.0,0.0
1237.45,39.65,40.72,38.78,38.53,8102.89,5093.59,5515.07,0.0,0.0
1237.55,39.67,40.72,38.78,38.53,8101.93,5092.89,5515.07,0.0,0.0
1237.66,39.66,40.72,38.78,38.53,8103.85,5092.2,5515.07,0.0,0.0
1237.74,39.67,40.72,38.78,38.53,8101.93,5092.55,5515.07,0.0,0.0
1237.87,39.65,40.73,38.78,38.53,8104.16,5090.12,5515.07,0.0,0.0
1237.91,39.65,40.72,38.78,38.53,8102.89,5091.85,5515.07,0.0,0.0
1238.01,39.62,40.73,38.78,38.53,8106.08,5090.47,5515.43,0.0,0.0
1238.15,39.67,40.73,38.78,38.53,8102.25,5090.81,5515.43,0.0,0.0
1238.25,39.65,40.73,38.78,38.53,8103.21,5090.47,5515.07,0.0,0.0
1238.33,39.68,40.74,38.78,38.53,8100.97,5088.73,5515.43,0.0,0.0
1238.47,39.66,40.73,38.78,38.53,8103.85,5090.47,5516.17,0.0,0.0
1238.54,39.62,40.74,38.78,38.53,8107.04,5089.43,5516.17,0.0,0.0
1238.65,39.67,40.74,38.78,38.53,8101.61,5088.39,5516.54,0.0,0.0
1238.76,39.67,40.74,38.78,38.53,8101.61,5089.08,5516.17,0.0,0.0
1238.85,39.67,40.73,38.78,38.53,8101.93,5089.77,5516.17,0.0,0.0
1238.98,39.65,40.74,38.78,38.53,8103.53,5089.08,5516.54,0.0,0.0
1239.03,39.67,40.74,38.78,38.53,8101.61,5088.39,5516.54,0.0,0.0
1239.12,39.67,40.74,38.77,38.53,8101.61,5089.43,5518.37,0.0,0.0
1239.22,39.69,40.74,38.78,38.53,8099.69,5088.73,5516.9,0.0,0.0
1239.35,39.68,40.73,38.78,38.53,8100.97,5089.77,5516.54,0.0,0.0
1239.46,39.69,40.73,38.77,38.53,8100.65,5090.47,5519.1,0.0,0.0
1239.52,39.72,40.73,38.76,38.53,8098.73,5090.12,5519.84,0.0,0.0
1239.64,39.67,40.74,38.77,38.53,8101.61,5089.43,5518.74,0.0,0.0
1239.72,39.67,40.73,38.77,38.53,8101.29,5091.16,5518.74,0.0,0.0
1239.82,39.67,40.73,38.77,38.53,8101.29,5091.16,5518.74,0.0,0.0
1239.94,39.67,40.73,38.77,38.53,8101.61,5091.51,5518.74,0.0,0.0
1240.05,39.72,40.72,38.76,38.54,8098.73,5093.24,5519.84,0.0,0.0
1240.11,39.72,40.72,38.76,38.54,8098.41,5092.89,5520.2,0.0,0.0
1240.24,39.69,40.72,38.76,38.54,8099.69,5092.55,5520.2,0.0,0.0
1240.37,39.7,40.71,38.77,38.54,8100.33,5093.93,5518.74,0.0,0.0
1240.43,39.67,40.72,38.76,38.54,8101.61,5092.89,5520.57,0.0,0.0
1240.53,39.7,40.71,38.76,38.54,8100.33,5094.63,5519.84,0.0,0.0
1240.65,39.67,40.71,38.75,38.54,8101.29,5094.28,5522.04,0.0,0.0
1240.75,39.7,40.7,38.75,38.54,8100.33,5096.02,5522.77,0.0,0.0
1240.84,39.72,40.7,38.74,38.54,8097.46,5096.02,5523.87,0.0,0.0
1240.92,39.7,40.71,38.74,38.54,8099.37,5094.63,5523.87,0.0,0.0
1241.02,39.69,40.71,38.74,38.54,8099.69,5095.32,5525.71,0.0,0.0
1241.16,39.72,40.7,38.76,38.54,8098.41,5097.06,5520.57,0.0,0.0
1241.26,39.67,40.71,38.74,38.54,8101.61,5095.67,5524.97,0.0,0.0
1241.38,39.69,40.71,38.75,38.54,8099.69,5095.32,5522.4,0.0,0.0
1241.45,39.7,40.7,38.75,38.54,8100.33,5097.06,5523.14,0.0,0.0
1241.57,39.7,40.71,38.75,38.54,8100.33,5094.97,5521.67,0.0,0.0
1241.63,39.67,40.71,38.75,38.54,8102.57,5094.97,5522.4,0.0,0.0
1241.76,39.67,40.71,38.76,38.54,8101.29,5094.97,5520.94,0.0,0.0
1241.84,39.7,40.71,38.76,38.54,8100.33,5095.67,5520.94,0.0,0.0
1241.92,39.69,40.71,38.76,38.54,8100.65,5095.67,5520.57,0.0,0.0
1242.07,39.68,40.7,38.76,38.54,8100.97,5096.71,5520.2,0.0,0.0
1242.12,39.65,40.71,38.76,38.54,8102.89,5095.32,5519.47,0.0,0.0
1242.24,39.67,40.71,38.77,38.54,8101.61,5094.97,5519.1,0.0,0.0
1242.37,39.65,40.71,38.78,38.54,8103.53,5095.67,5516.54,0.0,0.0
1242.46,39.67,40.7,38.78,38.54,8101.93,5096.02,5516.9,0.0,0.0
1242.58,39.66,40.71,38.78,38.54,8103.85,5095.32,5516.54,0.0,0.0
1242.62,39.62,40.71,38.78,38.54,8106.08,5095.67,5515.43,0.0,0.0
1242.75,39.65,40.71,38.78,38.54,8104.16,5094.28,5516.17,0.0,0.0
1242.86,39.67,40.71,38.78,38.54,8102.57,5094.28,5515.43,0.0,0.0
1242.95,39.65,40.72,38.78,38.54,8103.53,5093.24,5515.8,0.0,0.0
1243.05,39.66,40.72,38.78,38.54,8103.85,5092.2,5515.43,0.0,0.0
1243.12,39.62,40.71,38.78,38.54,8105.12,5094.28,5515.07,0.0,0.0
1243.26,39.65,40.72,38.78,38.54,8103.21,5091.85,5515.07,0.0,0.0
1243.34,39.62,40.72,38.78,38.54,8105.44,5093.24,5515.07,0.0,0.0
1243.42,39.62,40.72,38.78,38.54,8105.12,5092.55,5515.07,0.0,0.0
1243.53,39.64,40.72,38.78,38.54,8104.48,5092.89,5515.07,0.0,0.0
1243.64,39.62,40.72,38.78,38.54,8106.08,5092.89,5515.07,0.0,0.0
1243.71,39.62,40.72,38.78,38.54,8106.4,5092.55,5514.7,0.0,0.0
1243.85,39.62,40.73,38.78,38.54,8105.12,5090.81,5515.07,0.0,0.0
1243.96,39.67,40.72,38.78,38.54,8102.57,5092.2,5515.07,0.0,0.0
1244.04,39.62,40.73,38.78,38.54,8105.76,5090.81,5515.07,0.0,0.0
1244.15,39.62,40.73,38.79,38.54,8105.76,5091.16,5514.34,0.0,0.0
1244.28,39.62,40.73,38.79,38.54,8105.44,5090.12,5514.34,0.0,0.0
1244.31,39.61,40.72,38.78,38.54,8107.36,5092.55,5515.07,0.0,0.0
1244.49,39.61,40.72,38.78,38.54,8106.72,5093.24,5515.07,0.0,0.0
1244.54,39.62,40.72,38.78,38.54,8105.12,5092.2,5515.07,0.0,0.0
1244.65,39.63,40.72,38.78,38.54,8104.8,5092.55,5514.7,0.0,0.0
1244.76,39.62,40.72,38.78,38.54,8107.04,5092.89,5514.7,0.0,0.0
1244.85,39.62,40.71,38.78,38.54,8105.44,5093.93,5515.07,0.0,0.0
1244.98,39.62,40.71,38.78,38.54,8105.76,5094.97,5514.7,0.0,0.0
1245.03,39.62,40.71,38.78,38.54,8106.08,5094.28,5515.07,0.0,0.0
1245.19,39.62,40.71,38.78,38.54,8105.76,5095.32,5515.07,0.0,0.0
1245.25,39.63,40.71,38.78,38.54,8104.8,5095.67,5514.7,0.0,0.0
1245.36,39.63,40.71,38.78,38.54,8104.8,5094.28,5515.07,0.0,0.0
1245.46,39.63,40.71,38.78,38.55,8104.8,5095.32,5515.07,0.0,0.0
1245.55,39.66,40.71,38.78,38.55,8103.85,5094.63,5514.7,0.0,0.0
1245.64,39.62,40.71,38.78,38.55,8106.4,5094.28,5515.07,0.0,0.0
1245.73,39.63,40.71,38.78,38.55,8104.8,5094.97,5515.07,0.0,0.0
1245.89,39.63,40.71,38.78,38.55,8104.8,5094.97,5515.07,0.0,0.0
1245.94,39.63,40.72,38.79,38.55,8104.8,5093.59,5514.34,0.0,0.0
1246.06,39.62,40.72,38.78,38.55,8105.12,5092.89,5515.07,0.0,0.0
1246.14,39.62,40.72,38.79,38.55,8105.76,5093.24,5514.34,0.0,0.0
1246.24,39.66,40.72,38.79,38.55,8103.85,5093.59,5514.34,0.0,0.0
1246.35,39.61,40.72,38.78,38.55,8106.72,5092.89,5514.7,0.0,0.0
1246.45,39.62,40.72,38.78,38.55,8106.4,5092.2,5514.7,0.0,0.0
1246.54,39.6,40.72,38.78,38.55,8108.32,5092.2,5515.07,0.0,0.0
1246.67,39.63,40.73,38.78,38.55,8104.8,5090.12,5515.07,0.0,0.0
1246.71,39.66,40.72,38.78,38.55,8103.85,5092.2,5514.7,0.0,0.0
1246.86,39.62,40.72,38.78,38.55,8106.4,5092.2,5515.07,0.0,0.0
1246.96,39.62,40.73,38.79,38.55,8105.44,5090.81,5514.34,0.0,0.0
1247.05,39.62,40.73,38.78,38.55,8107.04,5090.12,5514.7,0.0,0.0
1247.14,39.61,40.73,38.78,38.55,8106.72,5090.12,5514.7,0.0,0.0
1247.27,39.61,40.73,38.78,38.55,8106.72,5090.12,5514.7,0.0,0.0
1247.37,39.61,40.74,38.78,38.55,8106.72,5088.39,5515.07,0.0,0.0
1247.48,39.65,40.74,38.78,38.55,8104.16,5088.73,5515.07,0.0,0.0
1247.56,39.61,40.73,38.78,38.55,8106.72,5091.16,5515.07,0.0,0.0
1247.69,39.62,40.73,38.78,38.55,8106.4,5089.77,5514.7,0.0,0.0
1247.73,39.62,40.73,38.78,38.55,8105.44,5090.47,5515.07,0.0,0.0
1247.86,39.62,40.73,38.79,38.55,8105.12,5090.81,5514.34,0.0,0.0
1247.92,39.62,40.74,38.78,38.55,8105.12,5089.43,5515.07,0.0,0.0
1248.02,39.65,40.74,38.78,38.55,8104.16,5088.73,5514.7,0.0,0.0
1248.16,39.63,40.73,38.78,38.55,8104.8,5090.47,5514.7,0.0,0.0
1248.22,39.62,40.74,38.78,38.55,8107.04,5088.04,5515.07,0.0,0.0
1248.39,39.62,40.74,38.78,38.55,8106.08,5088.39,5515.07,0.0,0.0
1248.43,39.62,40.74,38.78,38.55,8106.08,5087.69,5515.07,0.0,0.0
1248.56,39.62,40.74,38.79,38.55,8106.4,5087.69,5514.34,0.0,0.0
1248.64,39.65,40.74,38.79,38.55,8103.21,5088.39,5514.34,0.0,0.0
1248.75,39.62,40.75,38.78,38.55,8106.4,5087.35,5515.07,0.0,0.0
1248.88,39.62,40.75,38.79,38.55,8106.08,5087.35,5514.34,0.0,0.0
1248.96,39.62,40.74,38.78,38.55,8105.12,5087.69,5514.7,0.0,0.0
1249.05,39.61,40.75,38.79,38.55,8107.36,5086.31,5514.34,0.0,0.0
1249.12,39.63,40.76,38.78,38.55,8104.8,5084.92,5515.07,0.0,0.0
1249.24,39.62,40.76,38.78,38.55,8105.44,5084.92,5515.07,0.0,0.0
1249.37,39.62,40.75,38.78,38.55,8105.12,5085.96,5514.7,0.0,0.0
1249.42,39.63,40.75,38.78,38.55,8104.8,5085.61,5515.07,0.0,0.0
1249.56,39.62,40.75,38.78,38.55,8106.4,5085.96,5515.07,0.0,0.0
1249.66,39.62,40.75,38.78,38.55,8105.76,5085.61,5515.07,0.0,0.0
1249.78,39.61,40.75,38.78,38.55,8106.72,5086.31,5515.07,0.0,0.0
1249.84,39.62,40.75,38.78,38.55,8105.12,5085.61,5515.07,0.0,0.0
1249.95,39.63,40.75,38.78,38.55,8104.8,5087.35,5515.07,0.0,0.0
1250.05,39.62,40.74,38.78,38.55,8106.4,5088.04,5514.7,0.0,0.0
1250.14,39.62,40.74,38.78,38.55,8107.04,5089.43,5514.7,0.0,0.0
1250.26,39.62,40.74,38.78,38.55,8106.08,5089.43,5515.07,0.0,0.0
1250.34,39.62,40.74,38.78,38.55,8105.12,5088.73,5514.7,0.0,0.0
1250.44,39.62,40.74,38.78,38.55,8106.4,5088.04,5514.7,0.0,0.0
1250.52,39.62,40.74,38.78,38.55,8106.4,5089.43,5515.07,0.0,0.0
1250.62,39.62,40.73,38.79,38.56,8106.08,5090.12,5514.34,0.0,0.0
1250.72,39.62,40.74,38.78,38.56,8105.76,5088.73,5515.07,0.0,0.0
1250.82,39.61,40.73,38.78,38.56,8106.72,5090.81,5514.7,0.0,0.0
1250.92,39.62,40.73,38.78,38.56,8105.44,5090.12,5515.07,0.0,0.0
1251.02,39.61,40.73,38.78,38.56,8106.72,5090.81,5514.7,0.0,0.0
1251.12,39.59,40.73,38.78,38.56,8107.68,5090.47,5515.07,0.0,0.0
1251.22,39.63,40.72,38.78,38.56,8104.8,5091.85,5515.07,0.0,0.0
1251.32,39.62,40.74,38.78,38.56,8106.4,5089.43,5515.07,0.0,0.0
1251.43,39.62,40.73,38.78,38.56,8105.44,5090.47,5515.07,0.0,0.0
1251.57,39.62,40.73,38.78,38.56,8106.4,5091.16,5515.07,0.0,0.0
1251.65,39.59,40.73,38.78,38.56,8107.68,5090.81,5515.07,0.0,0.0
1251.76,39.66,40.73,38.78,38.56,8103.85,5090.47,5514.7,0.0,0.0
1251.85,39.62,40.73,38.79,38.56,8106.4,5091.16,5514.34,0.0,0.0
1251.94,39.65,40.73,38.78,38.56,8103.53,5091.16,5515.07,0.0,0.0
1252.06,39.62,40.74,38.78,38.56,8106.4,5089.08,5515.07,0.0,0.0
1252.19,39.65,40.73,38.78,38.56,8104.16,5089.77,5515.07,0.0,0.0
1252.24,39.63,40.74,38.78,38.56,8104.8,5089.43,5515.07,0.0,0.0
1252.36,39.62,40.74,38.78,38.56,8105.76,5089.08,5514.7,0.0,0.0
1252.42,39.63,40.73,38.78,38.56,8104.8,5090.12,5514.7,0.0,0.0
1252.58,39.62,40.73,38.78,38.56,8105.44,5089.77,5514.7,0.0,0.0
1252.67,39.65,40.74,38.78,38.56,8104.16,5088.04,5514.7,0.0,0.0
1252.76,39.66,40.75,38.78,38.56,8103.85,5086.31,5515.07,0.0,0.0
1252.88,39.65,40.75,38.78,38.56,8102.89,5085.96,5514.7,0.0,0.0
1252.95,39.62,40.76,38.78,38.56,8106.4,5085.27,5515.07,0.0,0.0
1253.06,39.65,40.75,38.78,38.56,8104.16,5086.31,5515.07,0.0,0.0
1253.14,39.65,40.75,38.78,38.56,8103.53,5085.96,5514.7,0.0,0.0
1253.28,39.65,40.75,38.78,38.56,8103.21,5086.31,5514.7,0.0,0.0
1253.37,39.63,40.75,38.78,38.56,8104.8,5085.61,5514.7,0.0,0.0
1253.44,39.62,40.75,38.78,38.56,8105.44,5085.61,5514.7,0.0,0.0
1253.55,39.65,40.76,38.78,38.56,8103.21,5084.58,5514.7,0.0,0.0
1253.69,39.62,40.76,38.79,38.56,8105.44,5085.27,5514.34,0.0,0.0
1253.72,39.63,40.75,38.78,38.56,8104.8,5086.31,5514.7,0.0,0.0
1253.88,39.62,40.75,38.78,38.56,8105.12,5087.0,5514.7,0.0,0.0
1253.93,39.65,40.75,38.78,38.56,8104.16,5087.35,5515.07,0.0,0.0
1254.04,39.62,40.75,38.78,38.56,8105.76,5086.31,5515.07,0.0,0.0
1254.19,39.62,40.74,38.78,38.56,8105.44,5088.04,5514.7,0.0,0.0
1254.23,39.64,40.74,38.79,38.56,8104.48,5088.04,5513.97,0.0,0.0
1254.41,39.63,40.75,38.78,38.56,8104.8,5087.35,5514.7,0.0,0.0
1254.46,39.62,40.74,38.78,38.56,8105.44,5088.04,5514.7,0.0,0.0
1254.57,39.66,40.74,38.79,38.56,8103.85,5088.04,5513.97,0.0,0.0
1254.64,39.65,40.75,38.79,38.56,8104.16,5087.0,5513.97,0.0,0.0
1254.75,39.65,40.75,38.79,38.56,8102.89,5087.35,5513.97,0.0,0.0
1254.89,39.64,40.74,38.8,38.56,8104.48,5087.69,5510.67,0.0,0.0
1254.93,39.62,40.74,38.8,38.56,8105.44,5087.69,5511.4,0.0,0.0
1255.07,39.62,40.75,38.8,38.56,8105.44,5086.65,5511.4,0.0,0.0
1255.14,39.65,40.75,38.8,38.56,8103.53,5086.31,5511.77,0.0,0.0
1255.25,39.64,40.75,38.8,38.56,8104.48,5087.35,5511.04,0.0,0.0
1255.32,39.63,40.75,38.8,38.56,8104.8,5086.65,5510.3,0.0,0.0
1255.43,39.62,40.75,38.8,38.56,8105.12,5086.31,5511.77,0.0,0.0
1255.59,39.63,40.76,38.81,38.56,8104.8,5084.58,5509.57,0.0,0.0
1255.65,39.62,40.76,38.8,38.56,8106.4,5084.58,5511.04,0.0,0.0
1255.76,39.65,40.76,38.8,38.56,8103.21,5083.54,5510.3,0.0,0.0
1255.87,39.63,40.77,38.8,38.57,8104.8,5082.5,5510.3,0.0,0.0
1255.96,39.62,40.77,38.8,38.57,8105.44,5081.8,5510.3,0.0,0.0
1256.06,39.66,40.77,38.81,38.57,8103.85,5082.15,5509.57,0.0,0.0
1256.17,39.64,40.77,38.8,38.57,8104.48,5082.5,5510.3,0.0,0.0
1256.23,39.67,40.77,38.81,38.57,8102.57,5082.15,5508.11,0.0,0.0
1256.39,39.62,40.77,38.81,38.57,8105.12,5082.15,5509.94,0.0,0.0
1256.45,39.62,40.77,38.81,38.57,8106.08,5082.5,5509.57,0.0,0.0
1256.56,39.62,40.77,38.81,38.57,8105.44,5082.5,5508.47,0.0,0.0
1256.65,39.62,40.77,38.81,38.57,8105.44,5082.5,5508.47,0.0,0.0
1256.74,39.62,40.77,38.81,38.57,8105.44,5081.8,5508.47,0.0,0.0
1256.9,39.62,40.77,38.81,38.57,8105.44,5081.8,5509.2,0.0,0.0
1256.96,39.62,40.77,38.82,38.57,8106.4,5081.8,5507.74,0.0,0.0
1257.08,39.62,40.77,38.82,38.57,8105.12,5081.8,5507.01,0.0,0.0
1257.15,39.62,40.77,38.82,38.57,8106.08,5081.8,5506.64,0.0,0.0
1257.25,39.62,40.77,38.83,38.57,8105.76,5081.8,5505.18,0.0,0.0
1257.37,39.62,40.77,38.84,38.57,8105.76,5081.8,5502.98,0.0,0.0
1257.45,39.66,40.77,38.83,38.57,8103.85,5081.8,5504.81,0.0,0.0
1257.56,39.95,40.77,38.82,38.57,8079.25,5081.8,5506.28,0.0,0.0
1257.67,39.65,40.77,38.84,38.57,8104.16,5081.8,5502.98,0.0,0.0
1257.76,39.67,40.77,38.84,38.57,8102.57,5082.15,5502.98,0.0,0.0
1257.87,39.67,40.77,38.83,38.57,8102.57,5081.8,5503.71,0.0,0.0
1257.93,39.67,40.77,38.84,38.57,8101.29,5081.8,5501.15,0.0,0.0
1258.08,39.7,40.77,38.84,38.57,8100.01,5081.8,5501.88,0.0,0.0
1258.18,39.72,40.77,38.84,38.57,8098.73,5081.8,5501.88,0.0,0.0
1258.26,39.7,40.77,38.85,38.57,8099.05,5081.8,5500.42,0.0,0.0
1258.4,39.72,40.77,38.84,38.57,8098.41,5081.8,5501.15,0.0,0.0
1258.44,39.7,40.77,38.85,38.57,8099.37,5081.8,5498.95,0.0,0.0
1258.57,39.72,40.77,38.85,38.57,8098.41,5081.8,5500.05,0.0,0.0
1258.65,39.71,40.77,38.85,38.57,8098.09,5081.8,5500.42,0.0,0.0
1258.79,39.74,40.77,38.85,38.57,8097.14,5081.8,5499.69,0.0,0.0
1258.86,39.72,40.77,38.84,38.57,8098.73,5081.8,5501.15,0.0,0.0
1258.95,39.75,40.77,38.86,38.57,8096.82,5081.8,5498.22,0.0,0.0
1259.05,39.72,40.77,38.85,38.57,8097.46,5081.8,5500.78,0.0,0.0
1259.16,39.78,40.77,38.85,38.57,8094.58,5081.8,5498.95,0.0,0.0
1259.27,39.69,40.77,38.86,38.57,8099.69,5081.8,5498.59,0.0,0.0
1259.34,39.74,40.77,38.86,38.57,8097.14,5081.8,5498.59,0.0,0.0
1259.46,39.7,40.77,38.85,38.57,8100.01,5081.8,5500.42,0.0,0.0
1259.57,39.65,40.77,38.85,38.57,8103.21,5081.8,5498.95,0.0,0.0
1259.67,39.67,40.77,38.84,38.57,8101.93,5081.8,5501.15,0.0,0.0
1259.75,39.65,40.77,38.85,38.57,8103.53,5081.8,5500.42,0.0,0.0
1259.85,39.65,40.77,38.84,38.58,8103.21,5081.8,5501.15,0.0,0.0
1259.94,39.65,40.77,38.84,38.58,8104.16,5081.8,5501.52,0.0,0.0
1260.12,39.62,40.77,38.84,38.58,8106.08,5081.46,5501.52,0.0,0.0
1260.13,39.62,40.77,38.85,38.58,8106.08,5081.46,5500.78,0.0,0.0
1260.23,39.67,40.78,38.84,38.58,8102.25,5081.11,5502.61,0.0,0.0
1260.33,39.65,40.77,38.83,38.58,8103.53,5081.8,5503.35,0.0,0.0
1260.49,39.65,40.77,38.84,38.58,8102.89,5081.46,5501.88,0.0,0.0
1260.55,39.66,40.77,38.84,38.58,8103.85,5081.46,5502.25,0.0,0.0
1260.66,39.65,40.78,38.83,38.58,8103.21,5081.11,5504.08,0.0,0.0
1260.8,39.65,40.77,38.83,38.58,8102.89,5081.46,5504.81,0.0,0.0
1260.85,39.62,40.78,38.83,38.58,8105.44,5081.11,5504.08,0.0,0.0
1260.99,39.65,40.78,38.82,38.58,8104.16,5081.11,5506.64,0.0,0.0
1261.03,39.64,40.77,38.82,38.58,8104.48,5081.46,5506.64,0.0,0.0
1261.19,39.63,40.78,38.82,38.58,8104.8,5081.11,5506.28,0.0,0.0
1261.23,39.67,40.77,38.81,38.58,8101.93,5081.8,5508.11,0.0,0.0
1261.39,39.62,40.77,38.81,38.58,8105.44,5081.8,5508.84,0.0,0.0
1261.45,39.62,40.78,38.81,38.58,8105.76,5080.42,5508.84,0.0,0.0
1261.57,39.62,40.78,38.81,38.58,8105.12,5080.77,5509.57,0.0,0.0
1261.63,39.63,40.78,38.82,38.58,8104.8,5080.77,5507.01,0.0,0.0
1261.76,39.65,40.77,38.82,38.58,8103.53,5081.46,5506.64,0.0,0.0
1261.9,39.65,40.78,38.81,38.58,8104.16,5081.11,5508.47,0.0,0.0
1261.95,39.65,40.78,38.81,38.58,8102.89,5081.11,5509.2,0.0,0.0
1262.09,39.65,40.77,38.81,38.58,8104.16,5081.46,5508.84,0.0,0.0
1262.14,39.65,40.78,38.81,38.58,8103.21,5081.11,5508.11,0.0,0.0
1262.27,39.67,40.77,38.81,38.58,8102.25,5081.8,5508.47,0.0,0.0
1262.38,39.66,40.77,38.81,38.58,8103.85,5081.46,5508.11,0.0,0.0
1262.47,39.65,40.78,38.82,38.58,8103.53,5081.11,5507.74,0.0,0.0
1262.59,39.65,40.77,38.81,38.58,8103.53,5081.8,5508.84,0.0,0.0
1262.66,39.64,40.77,38.81,38.58,8104.48,5081.8,5508.47,0.0,0.0
1262.76,39.65,40.78,38.81,38.58,8103.21,5081.11,5508.84,0.0,0.0
1262.9,39.62,40.77,38.81,38.58,8106.4,5081.46,5508.84,0.0,0.0
1262.95,39.64,40.77,38.8,38.58,8104.48,5081.8,5510.3,0.0,0.0
1263.08,39.65,40.77,38.8,38.58,8104.16,5081.46,5511.4,0.0,0.0
1263.17,39.65,40.77,38.81,38.58,8103.53,5081.8,5509.94,0.0,0.0
1263.29,39.67,40.77,38.8,38.58,8102.57,5081.46,5510.67,0.0,0.0
1263.38,39.65,40.78,38.81,38.58,8104.16,5081.11,5509.94,0.0,0.0
1263.46,39.65,40.77,38.81,38.58,8104.16,5081.46,5508.84,0.0,0.0
1263.57,39.65,40.78,38.8,38.58,8103.21,5081.11,5510.3,0.0,0.0
1263.68,39.67,40.78,38.81,38.58,8101.93,5081.11,5509.57,0.0,0.0
1263.76,39.68,40.77,38.8,38.58,8100.97,5081.46,5511.04,0.0,0.0
1263.85,39.67,40.77,38.81,38.58,8101.61,5081.8,5509.2,0.0,0.0
1263.97,39.66,40.77,38.81,38.58,8103.85,5081.8,5508.47,0.0,0.0
1264.1,39.65,40.78,38.81,38.58,8103.21,5081.11,5509.57,0.0,0.0
1264.15,39.62,40.77,38.81,38.59,8105.12,5081.46,5508.47,0.0,0.0
1264.23,39.66,40.77,38.82,38.59,8103.85,5081.8,5507.74,0.0,0.0
1264.35,39.62,40.77,38.81,38.59,8105.44,5081.46,5508.11,0.0,0.0
1264.47,39.69,40.77,38.82,38.59,8100.65,5081.8,5507.01,0.0,0.0
1264.56,39.65,40.77,38.83,38.59,8104.16,5081.8,5505.54,0.0,0.0
1264.66,39.65,40.78,38.83,38.59,8103.53,5081.11,5505.54,0.0,0.0
1264.8,39.67,40.77,38.83,38.59,8101.61,5081.46,5505.18,0.0,0.0
1264.85,39.66,40.78,38.83,38.59,8103.85,5080.77,5504.44,0.0,0.0
1264.99,39.66,40.78,38.84,38.59,8103.85,5081.11,5501.88,0.0,0.0
1265.04,39.65,40.78,38.84,38.59,8102.89,5080.77,5501.15,0.0,0.0
1265.2,39.66,40.78,38.84,38.59,8103.85,5080.42,5502.25,0.0,0.0
1265.26,39.67,40.78,38.84,38.59,8102.25,5081.11,5502.61,0.0,0.0
1265.39,39.67,40.78,38.85,38.59,8101.93,5079.73,5499.69,0.0,0.0
1265.44,39.65,40.78,38.84,38.59,8103.53,5080.42,5501.88,0.0,0.0
1265.55,39.67,40.78,38.83,38.59,8101.61,5080.07,5504.44,0.0,0.0
1265.68,39.67,40.79,38.84,38.59,8101.61,5079.03,5501.15,0.0,0.0
1265.77,39.65,40.78,38.83,38.59,8104.16,5079.38,5503.35,0.0,0.0
1265.88,39.67,40.79,38.84,38.59,8101.29,5077.3,5502.61,0.0,0.0
1265.95,39.7,40.79,38.83,38.59,8099.37,5079.03,5505.18,0.0,0.0
1266.07,39.7,40.79,38.83,38.59,8100.01,5077.65,5505.18,0.0,0.0
1266.14,39.7,40.79,38.82,38.59,8099.05,5078.69,5506.64,0.0,0.0
1266.27,39.69,40.79,38.82,38.59,8100.65,5078.34,5506.64,0.0,0.0
1266.41,39.72,40.79,38.82,38.59,8098.73,5078.34,5507.01,0.0,0.0
1266.46,39.7,40.79,38.82,38.59,8100.33,5078.34,5507.74,0.0,0.0
1266.57,39.7,40.78,38.82,38.59,8100.33,5080.07,5506.64,0.0,0.0
1266.7,39.69,40.79,38.81,38.59,8099.69,5077.3,5508.47,0.0,0.0
1266.78,39.7,40.79,38.81,38.59,8100.01,5078.69,5508.11,0.0,0.0
1266.84,39.67,40.79,38.8,38.59,8102.25,5077.65,5510.67,0.0,0.0
1267.0,39.65,40.79,38.81,38.59,8103.21,5077.3,5509.57,0.0,0.0
1267.06,39.72,40.79,38.8,38.59,8098.73,5078.34,5511.04,0.0,0.0
1267.19,39.68,40.79,38.8,38.59,8100.97,5079.03,5512.14,0.0,0.0
1267.24,39.7,40.79,38.81,38.59,8099.05,5078.0,5509.57,0.0,0.0
1267.37,39.7,40.79,38.8,38.59,8100.33,5078.0,5511.4,0.0,0.0
1267.48,39.7,40.8,38.79,38.59,8100.33,5076.61,5512.5,0.0,0.0
1267.57,39.69,40.79,38.8,38.59,8099.69,5079.03,5510.3,0.0,0.0
1267.7,39.72,40.79,38.8,38.59,8098.41,5078.34,5511.77,0.0,0.0
1267.75,39.7,40.8,38.79,38.59,8100.01,5076.96,5513.24,0.0,0.0
1267.86,39.72,40.79,38.8,38.59,8097.46,5077.3,5510.3,0.0,0.0
1267.97,39.72,40.8,38.81,38.59,8098.73,5075.57,5509.2,0.0,0.0
1268.07,39.7,40.79,38.81,38.59,8099.05,5077.65,5509.57,0.0,0.0
1268.19,39.72,40.8,38.81,38.59,8098.41,5076.96,5509.94,0.0,0.0
1268.26,39.72,40.79,38.82,38.59,8098.73,5078.69,5506.28,0.0,0.0
1268.35,39.72,40.8,38.81,38.59,8097.78,5075.23,5508.11,0.0,0.0
1268.49,39.7,40.8,38.82,38.59,8099.05,5075.92,5507.74,0.0,0.0
1268.55,39.75,40.79,38.82,38.59,8096.82,5077.3,5507.01,0.0,0.0
1268.68,39.72,40.8,38.83,38.59,8097.78,5076.96,5505.18,0.0,0.0
1268.8,39.7,40.8,38.84,38.6,8099.05,5076.96,5502.25,0.0,0.0
1268.84,39.75,40.8,38.83,38.6,8095.86,5076.61,5504.44,0.0,0.0
1269.0,39.74,40.8,38.83,38.6,8096.5,5076.96,5503.71,0.0,0.0
1269.05,39.75,40.79,38.84,38.6,8096.18,5077.65,5501.15,0.0,0.0
1269.16,39.75,40.8,38.84,38.6,8095.54,5076.27,5501.15,0.0,0.0
1269.28,39.75,40.8,38.86,38.6,8095.22,5075.92,5498.59,0.0,0.0
1269.36,39.72,40.79,38.85,38.6,8097.46,5077.3,5499.69,0.0,0.0
1269.48,39.74,40.79,38.85,38.6,8097.14,5077.3,5499.32,0.0,0.0
1269.54,39.75,40.8,38.84,38.6,8095.22,5076.96,5501.52,0.0,0.0
1269.67,39.75,40.79,38.86,38.6,8096.18,5077.3,5497.86,0.0,0.0
1269.8,39.75,40.81,38.85,38.6,8095.22,5074.88,5498.95,0.0,0.0
1269.84,39.74,40.81,38.86,38.6,8096.5,5074.88,5497.13,0.0,0.0
1269.99,39.72,40.8,38.86,38.6,8097.46,5075.23,5497.86,0.0,0.0
1270.04,39.74,40.82,38.87,38.6,8097.14,5072.81,5495.66,0.0,0.0
1270.15,39.71,40.81,38.88,38.6,8098.09,5073.5,5493.83,0.0,0.0
1270.27,39.76,40.83,38.87,38.6,8094.9,5069.69,5494.57,0.0,0.0
1270.37,39.78,40.83,38.87,38.6,8093.3,5069.69,5496.39,0.0,0.0
1270.46,39.75,40.84,38.87,38.6,8095.86,5068.31,5494.57,0.0,0.0
1270.61,39.74,40.83,38.87,38.6,8096.5,5069.35,5494.2,0.0,0.0
1270.65,39.76,40.85,38.87,38.6,8094.9,5065.89,5495.66,0.0,0.0
1270.8,39.72,40.85,38.88,38.6,8097.78,5065.55,5493.83,0.0,0.0
1270.84,39.76,40.85,38.88,38.6,8094.26,5064.86,5493.1,0.0,0.0
1270.97,39.75,40.86,38.88,38.6,8095.86,5063.13,5492.74,0.0,0.0
1271.07,39.75,40.87,38.88,38.6,8095.22,5061.06,5493.1,0.0,0.0
1271.2,39.78,40.88,38.88,38.6,8093.3,5060.02,5493.47,0.0,0.0
1271.27,39.75,40.88,38.88,38.6,8095.86,5060.71,5493.83,0.0,0.0
1271.36,39.74,40.88,38.88,38.6,8096.5,5060.02,5492.74,0.0,0.0
1271.49,39.75,40.88,38.88,38.6,8095.86,5059.68,5492.01,0.0,0.0
1271.54,39.78,40.88,38.89,38.6,8092.67,5060.02,5491.64,0.0,0.0
1271.72,39.75,40.88,38.89,38.6,8096.18,5059.68,5491.64,0.0,0.0
1271.76,39.72,40.88,38.88,38.6,8097.46,5059.68,5492.01,0.0,0.0
1271.88,39.75,40.88,38.89,38.6,8095.86,5059.68,5491.64,0.0,0.0
1271.96,39.76,40.88,38.89,38.6,8094.26,5059.68,5491.64,0.0,0.0
1272.1,39.75,40.88,38.89,38.6,8095.54,5059.68,5491.64,0.0,0.0
1272.14,39.76,40.88,38.89,38.61,8094.9,5059.68,5491.64,0.0,0.0
1272.25,39.75,40.88,38.88,38.61,8096.18,5060.02,5492.01,0.0,0.0
1272.34,39.75,40.88,38.88,38.61,8095.22,5059.68,5492.01,0.0,0.0
1272.46,39.75,40.88,38.88,38.61,8095.86,5059.68,5492.01,0.0,0.0
1272.56,39.77,40.88,38.88,38.61,8093.94,5059.68,5492.01,0.0,0.0
1272.71,39.78,40.88,38.89,38.61,8094.58,5059.68,5491.64,0.0,0.0
1272.75,39.75,40.88,38.88,38.61,8096.18,5059.68,5492.01,0.0,0.0
1272.89,39.77,40.88,38.89,38.61,8093.62,5059.68,5491.64,0.0,0.0
1272.94,39.76,40.88,38.89,38.61,8094.9,5059.68,5491.64,0.0,0.0
1273.09,39.77,40.88,38.88,38.61,8093.62,5059.68,5492.37,0.0,0.0
1273.17,39.78,40.88,38.88,38.61,8094.58,5059.68,5492.37,0.0,0.0
1273.3,39.75,40.88,38.88,38.61,8095.54,5059.68,5492.74,0.0,0.0
1273.36,39.76,40.88,38.89,38.61,8094.26,5059.68,5491.64,0.0,0.0
1273.47,39.78,40.88,38.88,38.61,8093.3,5059.68,5492.37,0.0,0.0
1273.63,39.76,40.88,38.88,38.61,8094.9,5059.68,5492.01,0.0,0.0
1273.65,39.78,40.88,38.88,38.61,8092.67,5059.68,5493.47,0.0,0.0
1273.78,39.78,40.88,38.88,38.61,8094.58,5059.68,5492.01,0.0,0.0
1273.88,39.78,40.88,38.88,38.61,8094.58,5059.68,5492.37,0.0,0.0
1273.99,39.76,40.88,38.89,38.61,8094.26,5059.68,5491.64,0.0,0.0
1274.05,39.77,40.88,38.88,38.62,8093.94,5060.02,5492.01,0.0,0.0
1274.18,39.78,40.88,38.89,38.62,8092.98,5060.37,5491.64,0.0,0.0
1274.32,39.76,40.88,38.89,38.62,8094.26,5059.68,5491.64,0.0,0.0
1274.36,39.75,40.88,38.89,38.62,8095.22,5059.68,5491.64,0.0,0.0
1274.49,39.77,40.88,38.88,38.62,8093.62,5059.68,5492.01,0.0,0.0
1274.55,39.76,40.88,38.88,38.62,8094.9,5060.37,5492.01,0.0,0.0
1274.72,39.78,40.88,38.89,38.62,8094.58,5060.02,5491.64,0.0,0.0
1274.78,39.75,40.88,38.88,38.62,8095.86,5060.02,5492.01,0.0,0.0
1274.88,39.75,40.88,38.88,38.62,8095.86,5060.02,5492.01,0.0,0.0
1274.95,39.79,40.88,38.89,38.62,8092.03,5060.02,5491.64,0.0,0.0
1275.05,39.79,40.88,38.89,38.62,8092.35,5060.71,5491.64,0.0,0.0
1275.21,39.78,40.88,38.89,38.62,8092.98,5060.02,5490.91,0.0,0.0
1275.27,39.75,40.88,38.89,38.62,8096.18,5060.71,5490.91,0.0,0.0
1275.4,39.76,40.88,38.89,38.62,8094.9,5060.02,5491.28,0.0,0.0
1275.47,39.77,40.88,38.89,38.62,8093.94,5060.71,5491.28,0.0,0.0
1275.59,39.79,40.88,38.89,38.62,8092.03,5059.68,5491.64,0.0,0.0
1275.65,39.78,40.88,38.89,38.62,8093.3,5060.02,5491.64,0.0,0.0
1275.75,39.77,40.88,38.89,38.62,8093.94,5059.68,5491.28,0.0,0.0
1275.91,39.77,40.87,38.89,38.62,8093.94,5061.06,5491.64,0.0,0.0
1275.96,39.75,40.88,38.89,38.62,8095.86,5059.68,5491.64,0.0,0.0
1276.1,39.78,40.88,38.89,38.62,8094.58,5059.68,5491.64,0.0,0.0
1276.17,39.75,40.88,38.89,38.62,8095.54,5059.68,5491.64,0.0,0.0
1276.28,39.76,40.88,38.89,38.63,8094.26,5060.37,5491.64,0.0,0.0
1276.42,39.79,40.88,38.89,38.63,8092.03,5059.68,5491.28,0.0,0.0
1276.45,39.78,40.88,38.89,38.63,8093.3,5060.02,5491.64,0.0,0.0
1276.6,39.76,40.88,38.89,38.63,8094.26,5059.68,5491.64,0.0,0.0
1276.65,39.8,40.88,38.89,38.63,8091.71,5060.02,5491.64,0.0,0.0
1276.82,39.76,40.88,38.89,38.63,8094.26,5060.02,5491.28,0.0,0.0
1276.87,39.78,40.88,38.89,38.63,8093.3,5060.02,5491.64,0.0,0.0
1276.97,39.78,40.88,38.89,38.63,8093.3,5059.68,5491.28,0.0,0.0
1277.04,39.76,40.88,38.89,38.63,8094.26,5059.68,5491.64,0.0,0.0
1277.15,39.78,40.88,38.89,38.63,8093.3,5059.68,5491.28,0.0,0.0
1277.31,39.79,40.88,38.89,38.63,8092.03,5059.68,5491.28,0.0,0.0
1277.35,39.79,40.88,38.89,38.63,8092.35,5060.02,5491.28,0.0,0.0
1277.5,39.76,40.88,38.89,38.63,8094.9,5059.68,5490.91,0.0,0.0
1277.58,39.77,40.88,38.89,38.63,8093.62,5059.68,5491.64,0.0,0.0
1277.7,39.79,40.88,38.89,38.63,8092.03,5059.68,5491.28,0.0,0.0
1277.75,39.77,40.88,38.89,38.63,8093.62,5059.68,5491.28,0.0,0.0
1277.86,39.79,40.88,38.89,38.63,8092.03,5059.68,5491.28,0.0,0.0
1277.95,39.78,40.88,38.89,38.63,8092.98,5059.68,5490.91,0.0,0.0
1278.1,39.79,40.88,38.89,38.63,8092.35,5059.68,5490.91,0.0,0.0
1278.17,39.79,40.88,38.89,38.63,8092.03,5059.68,5491.28,0.0,0.0
1278.32,39.79,40.88,38.89,38.63,8092.35,5059.68,5491.28,0.0,0.0
1278.38,39.8,40.88,38.89,38.63,8091.71,5059.68,5491.28,0.0,0.0
1278.51,39.81,40.88,38.89,38.63,8091.39,5059.68,5491.28,0.0,0.0
1278.59,39.8,40.88,38.89,38.63,8091.71,5059.68,5491.28,0.0,0.0
1278.67,39.82,40.88,38.89,38.64,8090.11,5059.68,5490.91,0.0,0.0
1278.81,39.8,40.88,38.89,38.64,8091.71,5059.68,5491.28,0.0,0.0
1278.85,39.82,40.88,38.89,38.64,8090.11,5059.68,5491.28,0.0,0.0
1278.97,39.8,40.88,38.89,38.64,8091.71,5059.68,5490.91,0.0,0.0
1279.05,39.82,40.88,38.89,38.64,8090.75,5059.68,5491.28,0.0,0.0
1279.15,39.81,40.88,38.89,38.64,8090.43,5059.68,5490.91,0.0,0.0
1279.31,39.8,40.88,38.89,38.64,8091.71,5059.68,5490.91,0.0,0.0
1279.35,39.82,40.88,38.89,38.64,8090.75,5059.68,5490.91,0.0,0.0
1279.47,39.82,40.88,38.89,38.64,8090.75,5059.68,5490.91,0.0,0.0
1279.58,39.82,40.88,38.89,38.64,8090.75,5059.68,5491.28,0.0,0.0
1279.66,39.79,40.88,38.89,38.64,8092.03,5059.68,5490.91,0.0,0.0
1279.79,39.8,40.88,38.89,38.64,8091.71,5059.68,5491.28,0.0,0.0
1279.85,39.81,40.88,38.89,38.64,8090.43,5059.68,5491.28,0.0,0.0
1279.97,39.82,40.88,38.89,38.64,8090.11,5059.68,5490.91,0.0,0.0
1280.09,39.81,40.88,38.89,38.64,8090.43,5059.68,5491.28,0.0,0.0
1280.18,39.81,40.88,38.89,38.64,8090.43,5059.68,5490.91,0.0,0.0
1280.28,39.82,40.88,38.89,38.64,8090.75,5059.68,5491.28,0.0,0.0
1280.37,39.81,40.88,38.89,38.64,8090.43,5059.68,5491.28,0.0,0.0
1280.47,39.82,40.88,38.89,38.64,8090.75,5059.68,5491.64,0.0,0.0
1280.63,39.81,40.88,38.89,38.64,8090.43,5059.68,5490.91,0.0,0.0
1280.66,39.82,40.88,38.89,38.64,8090.11,5059.68,5491.64,0.0,0.0
1280.78,39.82,40.88,38.89,38.64,8091.07,5059.68,5491.64,0.0,0.0
1280.86,39.83,40.88,38.89,38.64,8089.47,5059.68,5491.64,0.0,0.0
1281.01,39.81,40.88,38.89,38.64,8091.39,5059.68,5490.91,0.0,0.0
1281.06,39.79,40.88,38.89,38.64,8092.03,5059.68,5491.28,0.0,0.0
1281.2,39.81,40.88,38.89,38.64,8091.39,5059.68,5491.28,0.0,0.0
1281.27,39.82,40.88,38.89,38.65,8090.75,5059.68,5491.28,0.0,0.0
1281.38,39.82,40.88,38.89,38.65,8091.07,5059.68,5490.54,0.0,0.0
1281.52,39.8,40.88,38.89,38.65,8091.71,5059.68,5491.28,0.0,0.0
1281.55,39.81,40.88,38.89,38.65,8091.39,5059.68,5491.28,0.0,0.0
1281.65,39.81,40.88,38.89,38.65,8091.39,5059.68,5490.91,0.0,0.0
1281.75,39.81,40.88,38.89,38.65,8090.43,5059.68,5491.28,0.0,0.0
1281.89,39.82,40.88,38.89,38.65,8091.07,5059.68,5491.28,0.0,0.0
1281.96,39.79,40.88,38.89,38.65,8092.03,5059.68,5491.64,0.0,0.0
1282.08,39.8,40.88,38.89,38.65,8091.71,5059.68,5490.91,0.0,0.0
1282.2,39.8,40.88,38.89,38.65,8091.71,5059.68,5491.28,0.0,0.0
1282.25,39.79,40.88,38.89,38.65,8092.35,5060.02,5490.91,0.0,0.0
1282.39,39.79,40.88,38.89,38.65,8092.03,5059.68,5490.91,0.0,0.0
1282.48,39.79,40.88,38.89,38.65,8092.03,5059.68,5491.28,0.0,0.0
1282.59,39.78,40.88,38.89,38.65,8092.98,5060.02,5490.91,0.0,0.0
1282.68,39.8,40.88,38.89,38.65,8091.71,5059.68,5490.91,0.0,0.0
1282.76,39.81,40.87,38.89,38.65,8091.39,5061.06,5491.28,0.0,0.0
1282.86,39.79,40.85,38.89,38.65,8092.03,5065.2,5491.28,0.0,0.0
1282.95,39.78,40.83,38.89,38.65,8093.3,5069.35,5491.28,0.0,0.0
1283.1,39.78,40.79,38.89,38.65,8092.98,5078.0,5490.91,0.0,0.0
1283.15,39.75,40.78,38.89,38.65,8095.22,5080.77,5490.54,0.0,0.0
1283.3,39.77,40.78,38.89,38.65,8093.62,5081.11,5491.28,0.0,0.0
1283.37,39.75,40.77,38.89,38.65,8095.86,5081.8,5490.91,0.0,0.0
1283.48,39.7,40.77,38.89,38.65,8099.05,5081.8,5490.91,0.0,0.0
1283.58,39.74,40.77,38.89,38.65,8097.14,5081.8,5490.91,0.0,0.0
1283.67,39.7,40.77,38.89,38.65,8100.01,5082.15,5491.28,0.0,0.0
1283.78,39.71,40.74,38.89,38.65,8098.09,5089.08,5490.54,0.0,0.0
1283.86,39.67,40.69,38.89,38.65,8102.25,5099.83,5491.28,0.0,0.0
1284.0,39.67,40.67,38.89,38.65,8101.29,5103.31,5491.64,0.0,0.0
1284.05,39.65,40.67,38.89,38.65,8103.53,5104.0,5491.28,0.0,0.0
1284.19,39.64,40.67,38.89,38.65,8104.48,5103.65,5491.28,0.0,0.0
1284.28,39.65,40.66,38.89,38.65,8103.53,5104.35,5491.28,0.0,0.0
1284.38,39.62,40.66,38.89,38.65,8105.44,5105.39,5490.91,0.0,0.0
1284.46,39.62,40.62,38.89,38.65,8106.08,5113.38,5491.64,0.0,0.0
1284.61,39.62,40.57,38.89,38.65,8107.04,5124.17,5491.64,0.0,0.0
1284.69,39.61,40.56,38.89,38.65,8107.36,5125.91,5491.64,0.0,0.0
1284.84,39.6,40.56,38.89,38.65,8108.32,5125.91,5491.64,0.0,0.0
1284.85,39.57,40.56,38.89,38.65,8109.28,5126.26,5491.64,0.0,0.0
1285.05,39.6,40.56,38.89,38.65,8108.0,5126.26,5491.64,0.0,0.0
1285.15,39.57,40.56,38.89,38.65,8109.6,5126.96,5491.28,0.0,0.0
1285.16,39.59,40.54,38.89,38.65,8108.64,5130.79,5491.64,0.0,0.0
1285.34,39.57,40.48,38.89,38.65,8110.55,5143.7,5491.64,0.0,0.0
1285.37,39.58,40.46,38.89,38.65,8108.96,5147.19,5491.28,0.0,0.0
1285.5,39.57,40.46,38.89,38.65,8109.28,5148.24,5491.64,0.0,0.0
1285.62,39.57,40.45,38.89,38.65,8109.6,5148.59,5491.64,0.0,0.0
1285.77,39.57,40.45,38.89,38.65,8109.6,5148.59,5491.64,0.0,0.0
1285.78,39.57,40.45,38.89,38.65,8110.55,5148.59,5491.64,0.0,0.0
1285.94,39.57,40.45,38.89,38.65,8110.55,5148.59,5491.64,0.0,0.0
1285.99,39.57,40.43,38.89,38.64,8110.55,5153.13,5491.64,0.0,0.0
1286.05,39.55,40.38,38.89,38.64,8111.19,5163.28,5491.64,0.0,0.0
1286.18,39.55,40.36,38.88,38.64,8110.87,5167.48,5492.01,0.0,0.0
1286.31,39.55,40.35,38.88,38.64,8111.19,5170.63,5492.37,0.0,0.0
1286.36,39.54,40.35,38.88,38.64,8112.79,5170.63,5493.83,0.0,0.0
1286.5,39.53,40.35,38.88,38.64,8114.07,5170.98,5492.74,0.0,0.0
1286.56,39.52,40.35,38.87,38.64,8113.75,5170.98,5496.39,0.0,0.0
1286.71,39.5,40.35,38.86,38.64,8115.67,5171.33,5497.86,0.0,0.0
1286.79,39.49,40.35,38.85,38.63,8115.99,5170.98,5498.95,0.0,0.0
1286.91,39.47,40.34,38.84,38.63,8117.9,5173.08,5501.52,0.0,0.0
1286.99,39.46,40.29,38.82,38.63,8118.86,5183.26,5506.64,0.0,0.0
1287.12,39.44,40.25,38.81,38.63,8120.46,5192.04,5508.47,0.0,0.0
1287.15,39.43,40.24,38.81,38.63,8121.42,5193.09,5509.57,0.0,0.0
1287.25,39.39,40.24,38.8,38.63,8124.93,5193.44,5510.67,0.0,0.0
1287.36,39.37,40.24,38.79,38.63,8125.57,5193.44,5512.5,0.0,0.0
1287.53,39.37,40.24,38.8,38.62,8126.21,5193.44,5511.4,0.0,0.0
1287.57,39.35,40.24,38.8,38.62,8127.49,5193.44,5511.77,0.0,0.0
1287.71,39.35,40.24,38.79,38.62,8127.49,5193.44,5512.5,0.0,0.0
1287.76,39.35,40.24,38.79,38.62,8126.85,5193.79,5513.97,0.0,0.0
1287.99,39.34,40.23,38.79,38.62,8128.45,5195.55,5512.87,0.0,0.0
1288.0,39.32,40.19,38.79,38.62,8129.41,5203.99,5513.24,0.0,0.0
1288.06,39.32,40.16,38.79,38.61,8131.01,5211.74,5513.24,0.0,0.0
1288.2,39.32,40.14,38.79,38.61,8130.05,5214.56,5513.24,0.0,0.0
1288.27,39.32,40.14,38.79,38.61,8131.01,5215.97,5514.34,0.0,0.0
1288.38,39.31,40.14,38.79,38.61,8130.69,5215.97,5513.97,0.0,0.0
1288.47,39.29,40.14,38.79,38.61,8131.97,5215.97,5514.34,0.0,0.0
1288.57,39.3,40.14,38.79,38.6,8131.64,5215.97,5514.34,0.0,0.0
1288.71,39.29,40.14,38.79,38.6,8133.24,5215.97,5514.34,0.0,0.0
1288.75,39.27,40.13,38.78,38.6,8132.92,5216.32,5514.7,0.0,0.0
1288.9,39.27,40.12,38.78,38.6,8133.88,5218.79,5515.07,0.0,0.0
1288.99,39.25,40.09,38.78,38.6,8136.76,5225.85,5514.7,0.0,0.0
1289.1,39.22,40.06,38.79,38.59,8139.64,5232.91,5514.34,0.0,0.0
1289.16,39.19,40.04,38.78,38.59,8140.6,5237.15,5515.07,0.0,0.0
1289.27,39.18,40.03,38.78,38.59,8142.19,5238.21,5515.07,0.0,0.0
1289.42,39.15,40.03,38.78,38.59,8143.47,5238.56,5514.7,0.0,0.0
1289.46,39.12,40.03,38.78,38.58,8145.71,5238.21,5515.07,0.0,0.0
1289.63,39.11,40.03,38.78,38.58,8146.67,5238.56,5515.07,0.0,0.0
1289.69,39.07,40.03,38.78,38.58,8149.55,5238.56,5514.7,0.0,0.0
1289.82,39.11,40.03,38.79,38.58,8147.63,5238.56,5513.97,0.0,0.0
1289.89,39.08,40.03,38.78,38.57,8149.87,5238.56,5515.07,0.0,0.0
1289.99,39.07,40.03,38.78,38.57,8150.51,5238.92,5515.07,0.0,0.0
1290.06,39.08,40.02,38.78,38.57,8150.83,5240.33,5515.07,0.0,0.0
1290.19,39.08,40.0,38.78,38.57,8150.19,5245.64,5514.7,0.0,0.0
1290.25,39.07,39.96,38.78,38.56,8151.15,5254.49,5515.07,0.0,0.0
1290.36,39.08,39.93,38.78,38.56,8150.83,5260.16,5514.7,0.0,0.0
1290.46,39.05,39.93,38.78,38.56,8151.47,5260.87,5515.07,0.0,0.0
1290.55,39.05,39.93,38.78,38.56,8152.11,5260.87,5515.07,0.0,0.0
