Temps_s,T1,T2,T3,T3_est,R1,R2,R3,PWM,Watts
18.6,57.1,65.11,59.86,59.65,7076.88,2032.93,2444.5,0.0,0.0
18.6,57.09,65.1,59.86,59.65,7077.19,2033.59,2445.21,0.0,0.0
18.61,57.12,65.11,59.85,59.65,7076.25,2033.15,2446.15,0.0,0.0
18.61,57.12,65.11,59.84,59.65,7075.94,2032.71,2446.85,0.0,0.0
18.61,57.1,65.13,59.85,59.65,7076.88,2031.39,2445.44,0.0,0.0
18.61,57.1,65.11,59.85,59.66,7076.88,2032.49,2446.15,0.0,0.0
18.61,57.1,65.08,59.84,59.66,7076.88,2034.69,2446.38,0.0,0.0
18.61,57.15,65.11,59.85,59.66,7075.31,2032.71,2445.91,0.0,0.0
18.61,57.12,65.08,59.85,59.66,7076.57,2034.69,2446.15,0.0,0.0
18.61,57.12,65.08,59.84,59.66,7076.57,2034.91,2447.09,0.0,0.0
18.62,57.12,65.08,59.83,59.66,7076.25,2034.91,2447.56,0.0,0.0
18.63,57.12,65.08,59.83,59.67,7076.25,2034.69,2447.56,0.0,0.0
18.75,25.38,25.68,25.27,25.27,9825.33,9698.84,9880.06,0.0,0.0
18.89,25.4,25.7,25.26,25.27,9821.04,9691.14,9880.66,0.0,0.0
18.93,25.42,25.7,25.26,25.27,9818.4,9689.36,9880.66,0.0,0.0
19.05,25.41,25.71,25.26,25.27,9819.06,9684.63,9880.66,0.0,0.0
19.15,25.41,25.76,25.26,25.27,9817.41,9665.12,9881.27,0.0,0.0
19.27,25.42,25.78,25.26,25.27,9814.77,9653.9,9880.66,0.0,0.0
19.34,25.44,25.79,25.26,25.27,9813.79,9651.54,9880.66,0.0,0.0
19.44,25.46,25.8,25.26,25.27,9811.15,9647.42,9880.66,0.0,0.0
19.56,25.44,25.84,25.27,25.27,9812.8,9629.16,9880.06,0.0,0.0
19.66,25.46,25.86,25.26,25.27,9809.5,9619.16,9881.87,0.0,0.0
19.77,25.47,25.88,25.26,25.27,9807.19,9613.29,9882.47,0.0,0.0
19.85,25.5,25.93,25.26,25.27,9802.9,9591.57,9881.87,0.0,0.0
19.96,25.51,25.95,25.26,25.27,9799.6,9583.37,9881.27,0.0,0.0
20.05,25.53,25.97,25.26,25.27,9796.97,9575.76,9882.47,0.0,0.0
20.13,25.54,25.97,25.26,25.27,9794.66,9574.01,9882.47,0.0,0.0
20.24,25.54,26.02,25.26,25.27,9792.68,9553.55,9881.87,0.0,0.0
20.34,25.56,26.05,25.25,25.27,9790.04,9539.55,9885.49,0.0,0.0
20.44,25.57,26.05,25.26,25.28,9788.07,9537.8,9881.87,0.0,0.0
20.55,25.59,26.11,25.26,25.28,9784.44,9515.09,9882.47,0.0,0.0
20.68,25.6,26.13,25.26,25.28,9781.47,9505.79,9883.68,0.0,0.0
20.74,25.65,26.14,25.26,25.28,9774.88,9501.72,9882.47,0.0,0.0
20.88,25.66,26.18,25.26,25.28,9772.58,9484.9,9883.08,0.0,0.0
20.94,25.66,26.22,25.26,25.28,9772.58,9469.26,9884.29,0.0,0.0
21.04,25.66,26.23,25.26,25.28,9770.93,9464.63,9883.68,0.0,0.0
21.14,25.7,26.26,25.26,25.28,9766.97,9450.17,9883.08,0.0,0.0
21.26,25.71,26.3,25.26,25.29,9763.68,9433.44,9882.47,0.0,0.0
21.37,25.73,26.31,25.26,25.29,9758.08,9427.67,9883.08,0.0,0.0
21.47,25.77,26.34,25.27,25.29,9752.48,9415.58,9880.06,0.0,0.0
21.56,25.78,26.39,25.26,25.29,9751.49,9396.6,9882.47,0.0,0.0
21.64,25.78,26.4,25.26,25.29,9749.51,9390.86,9881.87,0.0,0.0
21.74,25.8,26.44,25.26,25.3,9747.87,9376.51,9881.27,0.0,0.0
21.83,25.82,26.48,25.26,25.3,9742.92,9357.04,9881.87,0.0,0.0
21.95,25.83,26.49,25.26,25.3,9740.29,9353.04,9880.66,0.0,0.0
22.03,25.88,26.53,25.26,25.3,9733.04,9337.04,9880.66,0.0,0.0
22.17,25.89,26.57,25.26,25.31,9728.76,9322.78,9880.66,0.0,0.0
22.24,25.9,26.58,25.26,25.31,9728.1,9316.51,9881.87,0.0,0.0
22.33,25.91,26.64,25.26,25.31,9724.48,9290.34,9880.66,0.0,0.0
22.46,25.92,26.66,25.26,25.31,9723.16,9281.82,9881.27,0.0,0.0
22.56,25.96,26.67,25.26,25.32,9716.58,9280.11,9881.27,0.0,0.0
22.66,25.97,26.72,25.27,25.32,9713.95,9256.87,9880.06,0.0,0.0
22.73,26.0,26.75,25.27,25.32,9709.01,9246.69,9880.06,0.0,0.0
22.83,26.02,26.76,25.27,25.33,9706.38,9244.42,9880.06,0.0,0.0
22.94,26.03,26.82,25.27,25.33,9703.74,9219.01,9878.25,0.0,0.0
23.04,26.07,26.84,25.27,25.33,9696.5,9210.0,9880.06,0.0,0.0
23.14,26.1,26.84,25.27,25.34,9692.88,9208.3,9878.85,0.0,0.0
23.24,26.11,26.91,25.27,25.34,9687.95,9182.43,9880.06,0.0,0.0
23.38,26.13,26.93,25.26,25.34,9686.63,9173.44,9880.66,0.0,0.0
23.44,26.15,26.94,25.27,25.35,9683.34,9170.08,9878.85,0.0,0.0
23.55,26.18,27.0,25.27,25.35,9678.41,9143.74,9879.46,0.0,0.0
23.65,26.2,27.02,25.27,25.36,9673.14,9135.35,9879.46,0.0,0.0
23.75,26.23,27.04,25.27,25.36,9669.2,9129.2,9880.06,0.0,0.0
23.84,26.25,27.1,25.27,25.36,9666.24,9104.1,9877.04,0.0,0.0
23.95,26.25,27.11,25.28,25.37,9663.6,9100.76,9875.23,0.0,0.0
24.06,26.27,27.15,25.28,25.37,9660.31,9084.62,9875.23,0.0,0.0
24.16,26.29,27.18,25.29,25.38,9657.03,9071.28,9869.8,0.0,0.0
24.24,26.34,27.19,25.29,25.38,9649.13,9065.73,9868.6,0.0,0.0
24.34,26.36,27.25,25.3,25.39,9645.52,9042.45,9863.17,0.0,0.0
24.45,26.38,27.28,25.31,25.39,9641.9,9030.83,9861.37,0.0,0.0
24.55,26.4,27.29,25.33,25.4,9638.29,9029.17,9852.33,0.0,0.0
24.65,26.42,27.35,25.32,25.4,9633.36,9004.33,9855.34,0.0,0.0
24.74,26.45,27.37,25.33,25.41,9628.42,8996.06,9851.73,0.0,0.0
24.86,26.49,27.37,25.33,25.41,9623.82,8994.41,9851.13,0.0,0.0
24.94,26.49,27.44,25.33,25.42,9621.85,8968.56,9849.93,0.0,0.0
25.08,26.5,27.46,25.33,25.42,9619.22,8961.42,9851.73,0.0,0.0
25.14,26.55,27.46,25.33,25.43,9611.66,8958.13,9849.93,0.0,0.0
25.26,26.58,27.53,25.34,25.44,9606.08,8933.47,9848.12,0.0,0.0
25.37,26.61,27.55,25.35,25.44,9602.14,8924.17,9844.51,0.0,0.0
25.47,26.62,27.55,25.35,25.45,9599.84,8924.17,9843.31,0.0,0.0
25.57,26.64,27.62,25.35,25.45,9597.21,8897.42,9843.91,0.0,0.0
25.67,26.66,27.64,25.35,25.46,9591.95,8889.8,9842.11,0.0,0.0
25.77,26.71,27.64,25.35,25.47,9586.7,8888.16,9842.11,0.0,0.0
25.87,26.72,27.71,25.35,25.47,9583.09,8860.97,9840.9,0.0,0.0
25.95,26.74,27.73,25.35,25.48,9579.8,8854.46,9841.5,0.0,0.0
26.07,26.79,27.73,25.35,25.48,9572.25,8851.75,9840.9,0.0,0.0
26.17,26.79,27.8,25.35,25.49,9568.97,8826.28,9840.9,0.0,0.0
26.27,26.82,27.81,25.36,25.5,9564.04,8820.33,9840.3,0.0,0.0
26.37,26.84,27.82,25.35,25.5,9561.42,8816.01,9840.9,0.0,0.0
26.47,26.88,27.88,25.36,25.51,9558.79,8793.34,9840.3,0.0,0.0
26.57,26.89,27.9,25.36,25.52,9555.18,8785.79,9837.3,0.0,0.0
26.66,26.92,27.92,25.39,25.53,9550.58,8780.95,9825.28,0.0,0.0
26.76,26.95,27.97,25.41,25.53,9544.02,8758.36,9817.48,0.0,0.0
26.83,26.98,27.99,25.41,25.54,9539.43,8751.38,9815.68,0.0,0.0
26.94,27.01,28.04,25.41,25.55,9536.47,8733.15,9816.88,0.0,0.0
27.06,27.01,28.07,25.42,25.55,9532.87,8720.3,9810.29,0.0,0.0
27.14,27.05,28.08,25.43,25.56,9527.29,8717.1,9808.49,0.0,0.0
27.24,27.09,28.08,25.43,25.57,9520.73,8715.49,9807.89,0.0,0.0
27.36,27.11,28.14,25.44,25.58,9518.76,8692.53,9804.3,0.0,0.0
27.46,27.12,28.17,25.44,25.58,9515.15,8682.94,9804.3,0.0,0.0
27.55,27.15,28.17,25.44,25.59,9510.56,8681.87,9802.5,0.0,0.0
27.65,27.19,28.23,25.44,25.6,9503.34,8658.99,9802.5,0.0,0.0
27.76,27.22,28.26,25.44,25.61,9500.72,8649.43,9802.5,0.0,0.0
27.86,27.22,28.26,25.44,25.62,9498.1,8648.37,9802.5,0.0,0.0
27.96,27.25,28.31,25.44,25.62,9495.47,8629.81,9803.7,0.0,0.0
28.07,27.27,28.34,25.45,25.63,9490.23,8618.69,9799.5,0.0,0.0
28.17,27.31,28.35,25.46,25.64,9484.33,8614.99,9795.31,0.0,0.0
28.25,27.36,28.4,25.48,25.65,9477.45,8596.5,9786.34,0.0,0.0
28.37,27.36,28.43,25.5,25.66,9475.81,8582.79,9777.38,0.0,0.0
28.49,27.37,28.44,25.5,25.67,9474.82,8580.68,9776.78,0.0,0.0
28.56,27.4,28.46,25.51,25.67,9468.92,8572.78,9773.79,0.0,0.0
28.69,27.45,28.51,25.51,25.68,9462.37,8554.89,9772.6,0.0,0.0
28.78,27.48,28.53,25.52,25.69,9457.78,8547.54,9768.42,0.0,0.0
28.86,27.5,28.53,25.53,25.7,9454.84,8544.92,9764.84,0.0,0.0
28.98,27.52,28.59,25.53,25.71,9451.89,8522.9,9764.84,0.0,0.0
29.05,27.55,28.61,25.53,25.72,9447.63,8515.05,9763.65,0.0,0.0
29.18,27.58,28.62,25.53,25.73,9441.08,8512.95,9764.84,0.0,0.0
29.31,27.62,28.68,25.53,25.74,9435.84,8489.45,9761.86,0.0,0.0
29.37,27.62,28.7,25.57,25.75,9433.55,8482.67,9748.15,0.0,0.0
29.45,27.66,28.71,25.59,25.75,9427.98,8479.54,9735.65,0.0,0.0
29.59,27.68,28.77,25.6,25.76,9425.03,8457.67,9735.05,0.0,0.0
29.66,27.72,28.79,25.59,25.77,9419.46,8450.4,9735.65,0.0,0.0
29.76,27.73,28.79,25.61,25.78,9415.21,8447.28,9729.11,0.0,0.0
29.87,27.75,28.81,25.61,25.79,9413.57,8441.05,9728.51,0.0,0.0
29.98,27.79,28.87,25.62,25.8,9408.99,8419.8,9726.73,0.0,0.0
30.05,27.8,28.88,25.62,25.81,9405.06,8413.59,9726.73,0.0,0.0
30.14,27.86,28.89,25.62,25.82,9398.52,8412.04,9724.95,0.0,0.0
30.26,27.86,28.95,25.62,25.83,9395.57,8387.75,9724.95,0.0,0.0
30.37,27.89,28.97,25.64,25.84,9392.3,8382.08,9714.85,0.0,0.0
30.47,27.92,28.98,25.66,25.85,9387.72,8378.99,9705.95,0.0,0.0
30.59,27.95,29.03,25.68,25.86,9383.13,8358.39,9698.25,0.0,0.0
30.64,28.0,29.06,25.69,25.87,9374.63,8349.65,9694.69,0.0,0.0
30.79,28.01,29.07,25.69,25.88,9372.34,8346.57,9692.32,0.0,0.0
30.87,28.04,29.1,25.7,25.89,9371.03,8335.79,9688.77,0.0,0.0
30.96,28.05,29.14,25.7,25.9,9368.41,8318.36,9689.95,0.0,0.0
31.07,28.09,29.15,25.7,25.91,9359.91,8314.78,9688.77,0.0,0.0
31.17,28.14,29.16,25.71,25.92,9355.33,8311.19,9687.59,0.0,0.0
31.25,28.16,29.23,25.72,25.93,9352.39,8288.71,9682.26,0.0,0.0
31.36,28.18,29.24,25.75,25.94,9349.45,8282.59,9668.07,0.0,0.0
31.47,28.19,29.24,25.76,25.95,9345.2,8282.08,9662.76,0.0,0.0
31.58,28.24,29.3,25.77,25.96,9340.62,8263.22,9659.8,0.0,0.0
31.67,28.27,29.32,25.78,25.97,9334.41,8253.56,9654.49,0.0,0.0
31.75,28.29,29.33,25.79,25.98,9329.18,8249.49,9651.54,0.0,0.0
31.85,28.34,29.35,25.79,25.99,9324.27,8243.9,9650.95,0.0,0.0
31.98,28.37,29.4,25.79,26.01,9320.68,8226.14,9650.95,0.0,0.0
32.08,28.38,29.42,25.79,26.02,9316.43,8217.53,9650.36,0.0,0.0
32.2,28.43,29.43,25.81,26.03,9311.2,8216.52,9643.88,0.0,0.0
32.25,28.44,29.48,25.85,26.04,9309.57,8196.79,9626.22,0.0,0.0
32.34,28.46,29.51,25.85,26.05,9306.63,8187.7,9623.87,0.0,0.0
32.45,28.47,29.51,25.87,26.06,9305.65,8185.18,9617.99,0.0,0.0
32.56,28.51,29.53,25.87,26.07,9300.09,8178.12,9617.4,0.0,0.0
32.67,28.54,29.58,25.88,26.08,9293.89,8159.48,9613.87,0.0,0.0
32.78,28.57,29.6,25.88,26.09,9289.97,8152.94,9613.29,0.0,0.0
32.85,28.6,29.6,25.88,26.1,9286.38,8152.44,9612.7,0.0,0.0
32.96,28.61,29.67,25.91,26.12,9284.09,8129.34,9598.61,0.0,0.0
33.06,28.63,29.69,25.94,26.13,9280.5,8122.82,9587.47,0.0,0.0
33.17,28.7,29.69,25.94,26.14,9272.01,8120.82,9586.3,0.0,0.0
33.27,28.72,29.73,25.95,26.15,9268.42,8107.8,9580.44,0.0,0.0
33.38,28.73,29.77,25.96,26.16,9267.76,8093.8,9577.52,0.0,0.0
33.48,28.73,29.78,25.96,26.17,9265.8,8088.81,9576.35,0.0,0.0
33.54,28.77,29.79,25.97,26.19,9259.6,8085.81,9574.59,0.0,0.0
33.7,28.8,29.85,25.97,26.2,9254.05,8064.88,9575.18,0.0,0.0
33.75,28.85,29.87,25.99,26.21,9248.18,8057.91,9566.99,0.0,0.0
33.85,28.87,29.87,26.02,26.22,9246.55,8056.42,9552.38,0.0,0.0
33.94,28.91,29.9,26.03,26.23,9241.65,8047.96,9545.96,0.0,0.0
34.05,28.91,29.95,26.04,26.24,9239.37,8029.1,9544.21,0.0,0.0
34.15,28.96,29.96,26.05,26.26,9232.51,8025.63,9538.96,0.0,0.0
34.24,29.0,29.97,26.05,26.27,9227.62,8023.15,9538.38,0.0,0.0
34.36,29.03,30.03,26.06,26.28,9225.34,8001.86,9536.63,0.0,0.0
34.45,29.03,30.05,26.06,26.29,9225.34,7995.44,9536.63,0.0,0.0
34.55,29.05,30.05,26.1,26.3,9219.79,7993.46,9518.58,0.0,0.0
34.65,29.1,30.09,26.12,26.32,9214.9,7981.12,9508.7,0.0,0.0
34.74,29.11,30.13,26.13,26.33,9210.66,7965.84,9506.95,0.0,0.0
34.84,29.16,30.15,26.13,26.34,9204.46,7961.9,9503.47,0.0,0.0
34.94,29.16,30.15,26.14,26.35,9203.16,7960.92,9500.56,0.0,0.0
35.07,29.19,30.2,26.14,26.37,9200.55,7942.24,9499.98,0.0,0.0
35.18,29.22,30.23,26.14,26.38,9194.68,7933.89,9499.98,0.0,0.0
35.27,29.26,30.24,26.19,26.39,9189.79,7930.46,9481.42,0.0,0.0
35.4,29.29,30.27,26.21,26.4,9184.9,7919.18,9472.15,0.0,0.0
35.46,29.32,30.3,26.21,26.42,9183.27,7907.43,9470.41,0.0,0.0
35.57,29.33,30.33,26.22,26.43,9181.32,7899.12,9466.94,0.0,0.0
35.67,29.38,30.33,26.23,26.44,9175.77,7898.63,9464.05,0.0,0.0
35.77,29.42,30.38,26.23,26.45,9168.6,7879.59,9463.47,0.0,0.0
35.87,29.44,30.41,26.24,26.47,9164.69,7870.82,9459.42,0.0,0.0
35.99,29.48,30.42,26.28,26.48,9162.09,7867.89,9443.82,0.0,0.0
36.05,29.48,30.43,26.29,26.49,9159.48,7864.0,9439.78,0.0,0.0
36.16,29.52,30.49,26.31,26.5,9154.59,7842.12,9428.82,0.0,0.0
36.28,29.56,30.51,26.32,26.52,9149.05,7836.78,9427.1,0.0,0.0
36.35,29.59,30.51,26.32,26.53,9144.49,7835.81,9426.52,0.0,0.0
36.47,29.6,30.55,26.32,26.54,9142.21,7822.23,9427.1,0.0,0.0
36.56,29.62,30.59,26.35,26.56,9139.93,7808.19,9413.85,0.0,0.0
36.66,29.65,30.6,26.38,26.57,9136.68,7804.32,9401.2,0.0,0.0
36.8,29.69,30.61,26.38,26.58,9130.16,7802.87,9400.05,0.0,0.0
36.87,29.72,30.67,26.4,26.6,9125.93,7782.1,9391.43,0.0,0.0
36.98,29.78,30.69,26.4,26.61,9120.07,7775.83,9390.86,0.0,0.0
37.07,29.79,30.69,26.41,26.62,9118.44,7774.39,9389.13,0.0,0.0
37.17,29.79,30.74,26.42,26.64,9118.44,7758.98,9384.54,0.0,0.0
37.28,29.84,30.78,26.47,26.65,9110.63,7746.48,9362.19,0.0,0.0
37.37,29.9,30.78,26.47,26.66,9103.79,7744.08,9360.48,0.0,0.0
37.48,29.91,30.79,26.48,26.68,9102.82,7741.2,9358.19,0.0,0.0
37.57,29.91,30.85,26.49,26.69,9100.86,7720.09,9354.18,0.0,0.0
37.66,29.93,30.88,26.49,26.7,9097.61,7712.43,9353.61,0.0,0.0
37.76,29.97,30.88,26.5,26.72,9094.03,7710.52,9350.75,0.0,0.0
37.88,29.99,30.93,26.54,26.73,9089.47,7693.31,9334.18,0.0,0.0
37.96,30.03,30.95,26.56,26.74,9083.94,7686.15,9323.92,0.0,0.0
38.07,30.08,30.97,26.57,26.76,9078.09,7682.34,9319.93,0.0,0.0
38.17,30.08,30.97,26.58,26.77,9079.39,7681.86,9316.51,0.0,0.0
38.25,30.1,31.02,26.58,26.78,9075.16,7665.66,9317.08,0.0,0.0
38.4,30.16,31.04,26.61,26.8,9069.3,7658.04,9303.98,0.0,0.0
38.47,30.18,31.06,26.64,26.81,9065.07,7652.34,9292.04,0.0,0.0
38.61,30.2,31.06,26.65,26.83,9061.5,7651.39,9286.36,0.0,0.0
38.67,30.23,31.13,26.66,26.84,9059.54,7628.13,9281.82,0.0,0.0
38.77,30.25,31.14,26.67,26.85,9057.27,7624.34,9281.25,0.0,0.0
38.84,30.28,31.15,26.67,26.87,9052.39,7620.55,9280.68,0.0,0.0
39.0,30.3,31.16,26.67,26.88,9049.46,7617.71,9278.98,0.0,0.0
39.05,30.34,31.21,26.7,26.9,9044.26,7602.57,9268.2,0.0,0.0
39.15,30.38,31.24,26.72,26.91,9039.06,7591.71,9256.87,0.0,0.0
39.24,30.39,31.24,26.74,26.92,9037.43,7591.71,9250.08,0.0,0.0
39.34,30.42,31.27,26.75,26.94,9034.51,7581.8,9247.25,0.0,0.0
39.49,30.47,31.31,26.76,26.95,9028.98,7569.08,9244.42,0.0,0.0
39.62,30.5,31.33,26.76,26.97,9024.43,7562.02,9243.29,0.0,0.0
39.64,30.54,31.34,26.76,26.98,9019.23,7560.14,9240.47,0.0,0.0
39.74,30.57,31.35,26.8,27.0,9016.63,7554.5,9226.91,0.0,0.0
39.9,30.57,31.4,26.81,27.01,9014.36,7538.06,9221.27,0.0,0.0
39.95,30.59,31.42,26.83,27.02,9014.03,7531.97,9214.5,0.0,0.0
40.05,30.66,31.43,26.84,27.04,9004.29,7530.56,9208.3,0.0,0.0
40.15,30.66,31.44,26.84,27.05,9002.66,7527.75,9208.3,0.0,0.0
40.25,30.69,31.48,26.84,27.07,8999.74,7512.77,9207.74,0.0,0.0
40.35,30.73,31.5,26.86,27.08,8994.87,7505.75,9200.42,0.0,0.0
40.46,30.74,31.51,26.9,27.1,8993.89,7502.01,9185.8,0.0,0.0
40.57,30.79,31.52,26.91,27.11,8988.69,7499.21,9180.74,0.0,0.0
40.65,30.79,31.56,26.92,27.12,8986.1,7485.68,9176.25,0.0,0.0
40.75,30.87,31.59,26.93,27.14,8977.98,7476.35,9172.32,0.0,0.0
40.85,30.86,31.61,26.93,27.15,8977.65,7471.7,9171.2,0.0,0.0
40.96,30.87,31.62,26.94,27.17,8976.03,7468.44,9166.71,0.0,0.0
41.06,30.89,31.66,26.98,27.18,8973.75,7454.02,9153.26,0.0,0.0
41.16,30.94,31.68,27.0,27.2,8968.24,7448.45,9144.86,0.0,0.0
41.27,30.98,31.7,27.01,27.21,8964.01,7442.88,9138.71,0.0,0.0
41.35,31.01,31.7,27.02,27.23,8959.47,7441.49,9136.47,0.0,0.0
41.48,31.03,31.74,27.02,27.24,8957.52,7429.9,9136.47,0.0,0.0
41.56,31.04,31.77,27.02,27.26,8955.25,7419.25,9134.23,0.0,0.0
41.65,31.07,31.79,27.05,27.27,8953.3,7412.77,9123.62,0.0,0.0
41.77,31.08,31.79,27.08,27.29,8951.36,7412.31,9110.79,0.0,0.0
41.87,31.1,31.81,27.1,27.3,8948.11,7407.22,9105.77,0.0,0.0
41.97,31.16,31.86,27.11,27.32,8941.62,7391.52,9101.31,0.0,0.0
42.06,31.18,31.88,27.11,27.33,8936.75,7385.99,9100.76,0.0,0.0
42.17,31.2,31.89,27.11,27.35,8936.43,7382.3,9097.97,0.0,0.0
42.27,31.23,31.89,27.15,27.36,8932.86,7381.38,9084.62,0.0,0.0
42.37,31.24,31.94,27.17,27.37,8929.94,7364.35,9074.61,0.0,0.0
42.47,31.25,31.96,27.18,27.39,8928.96,7358.37,9070.17,0.0,0.0
42.57,31.29,31.98,27.19,27.4,8925.07,7353.32,9065.73,0.0,0.0
42.67,31.33,31.99,27.2,27.42,8920.53,7350.57,9065.17,0.0,0.0
42.77,31.37,32.02,27.2,27.43,8914.69,7339.1,9062.4,0.0,0.0
42.87,31.38,32.05,27.24,27.45,8913.4,7329.93,9045.77,0.0,0.0
42.98,31.39,32.07,27.26,27.46,8912.75,7323.98,9040.79,0.0,0.0
43.06,31.41,32.07,27.27,27.48,8910.15,7322.61,9034.15,0.0,0.0
43.19,31.46,32.11,27.29,27.49,8904.64,7312.09,9029.17,0.0,0.0
43.32,31.45,32.14,27.29,27.51,8904.31,7301.12,9029.17,0.0,0.0
43.37,31.51,32.16,27.3,27.52,8898.15,7295.65,9023.65,0.0,0.0
43.48,31.52,32.16,27.34,27.54,8897.18,7294.74,9007.09,0.0,0.0
43.6,31.54,32.18,27.36,27.55,8893.94,7288.81,9001.02,0.0,0.0
43.68,31.55,32.23,27.37,27.57,8893.61,7272.41,8994.41,0.0,0.0
43.78,31.57,32.25,27.37,27.59,8891.67,7267.41,8994.41,0.0,0.0
43.86,31.57,32.26,27.38,27.6,8891.02,7265.59,8992.76,0.0,0.0
43.98,31.6,32.27,27.4,27.62,8886.48,7261.5,8982.85,0.0,0.0
44.07,31.65,32.32,27.43,27.63,8880.97,7244.71,8971.31,0.0,0.0
44.18,31.67,32.34,27.45,27.65,8878.38,7239.27,8963.07,0.0,0.0
44.3,31.7,32.35,27.46,27.66,8874.81,7236.55,8959.23,0.0,0.0
44.38,31.72,32.36,27.46,27.68,8871.9,7234.28,8959.23,0.0,0.0
44.5,31.74,32.4,27.48,27.69,8870.92,7221.61,8953.19,0.0,0.0
44.56,31.76,32.43,27.52,27.71,8869.3,7211.67,8934.02,0.0,0.0
44.69,31.77,32.44,27.53,27.72,8866.39,7207.15,8930.74,0.0,0.0
44.78,31.8,32.45,27.55,27.74,8863.79,7206.7,8925.27,0.0,0.0
44.9,31.82,32.48,27.55,27.75,8860.88,7195.42,8923.63,0.0,0.0
44.99,31.85,32.51,27.55,27.77,8856.99,7187.31,8923.08,0.0,0.0
45.06,31.87,32.54,27.59,27.78,8854.72,7178.75,8907.24,0.0,0.0
45.22,31.91,32.54,27.62,27.8,8850.19,7178.75,8897.97,0.0,0.0
45.28,31.9,32.56,27.63,27.81,8850.51,7171.11,8891.43,0.0,0.0
45.4,31.92,32.61,27.64,27.83,8848.57,7156.73,8889.25,0.0,0.0
45.46,31.96,32.62,27.64,27.85,8844.03,7152.69,8888.16,0.0,0.0
45.57,32.0,32.63,27.65,27.86,8840.47,7150.45,8884.9,0.0,0.0
45.67,32.01,32.63,27.69,27.88,8838.53,7149.55,8866.95,0.0,0.0
45.77,32.05,32.68,27.71,27.89,8834.32,7135.66,8860.97,0.0,0.0
45.89,32.07,32.7,27.72,27.91,8831.4,7128.5,8856.08,0.0,0.0
45.99,32.08,32.72,27.73,27.92,8829.13,7121.79,8852.83,0.0,0.0
46.1,32.08,32.72,27.73,27.94,8829.13,7120.9,8853.37,0.0,0.0
46.16,32.12,32.74,27.74,27.95,8826.87,7115.98,8847.95,0.0,0.0
46.28,32.15,32.79,27.79,27.97,8821.69,7101.25,8828.45,0.0,0.0
46.39,32.17,32.81,27.79,27.99,8820.07,7095.9,8828.99,0.0,0.0
46.48,32.2,32.82,27.81,28.0,8816.18,7092.34,8820.87,0.0,0.0
46.55,32.23,32.82,27.81,28.02,8813.59,7091.0,8820.33,0.0,0.0
46.66,32.26,32.87,27.82,28.03,8809.06,7076.32,8818.71,0.0,0.0
46.77,32.26,32.9,27.87,28.05,8809.38,7067.87,8800.35,0.0,0.0
46.86,32.28,32.91,27.89,28.06,8807.77,7064.32,8792.26,0.0,0.0
46.97,32.28,32.91,27.9,28.08,8806.47,7063.88,8785.79,0.0,0.0
47.08,32.32,32.94,27.9,28.09,8801.62,7055.0,8785.25,0.0,0.0
47.18,32.34,32.99,27.91,28.11,8801.29,7039.49,8783.64,0.0,0.0
47.29,32.37,33.0,27.94,28.13,8796.11,7036.84,8770.18,0.0,0.0
47.37,32.41,33.0,27.97,28.14,8791.26,7035.51,8760.51,0.0,0.0
47.47,32.41,33.02,27.99,28.16,8791.91,7030.64,8752.99,0.0,0.0
47.58,32.44,33.07,27.99,28.17,8788.67,7016.95,8750.84,0.0,0.0
47.69,32.44,33.09,28.01,28.19,8788.02,7009.44,8746.02,0.0,0.0
47.78,32.45,33.1,28.05,28.2,8785.43,7006.8,8727.8,0.0,0.0
47.85,32.51,33.11,28.07,28.22,8780.58,7003.27,8721.37,0.0,0.0
48.0,32.53,33.16,28.08,28.24,8777.99,6987.42,8717.1,0.0,0.0
48.07,32.57,33.18,28.08,28.25,8773.46,6984.34,8716.56,0.0,0.0
48.16,32.6,33.19,28.08,28.27,8770.55,6979.06,8715.49,0.0,0.0
48.27,32.63,33.2,28.11,28.28,8767.97,6975.54,8707.48,0.0,0.0
48.38,32.62,33.25,28.14,28.3,8768.29,6961.94,8694.13,0.0,0.0
48.49,32.65,33.28,28.16,28.32,8764.73,6954.04,8685.6,0.0,0.0
48.58,32.66,33.29,28.17,28.33,8763.76,6950.98,8681.87,0.0,0.0
48.69,32.71,33.29,28.17,28.35,8757.62,6950.54,8681.87,0.0,0.0
48.78,32.74,33.32,28.19,28.36,8754.7,6940.03,8674.95,0.0,0.0
48.86,32.77,33.36,28.22,28.38,8751.79,6927.79,8663.78,0.0,0.0
48.97,32.78,33.38,28.25,28.39,8749.85,6923.42,8651.56,0.0,0.0
49.06,32.81,33.38,28.26,28.41,8745.65,6922.55,8648.9,0.0,0.0
49.17,32.8,33.39,28.26,28.43,8747.27,6919.93,8648.37,0.0,0.0
49.28,32.83,33.43,28.26,28.44,8745.0,6907.28,8647.31,0.0,0.0
49.39,32.86,33.46,28.31,28.46,8742.42,6898.57,8628.75,0.0,0.0
49.49,32.9,33.47,28.33,28.47,8736.6,6895.52,8621.34,0.0,0.0
49.59,32.94,33.48,28.34,28.49,8733.04,6892.48,8616.05,0.0,0.0
49.7,32.96,33.51,28.35,28.51,8729.81,6884.21,8613.4,0.0,0.0
49.8,32.99,33.55,28.36,28.52,8726.9,6872.05,8610.76,0.0,0.0
49.87,33.01,33.56,28.41,28.54,8724.64,6869.02,8592.8,0.0,0.0
49.95,33.0,33.57,28.41,28.56,8725.61,6867.28,8591.22,0.0,0.0
50.06,33.01,33.58,28.44,28.57,8723.99,6863.38,8581.73,0.0,0.0
50.16,33.05,33.64,28.44,28.59,8719.15,6848.22,8580.68,0.0,0.0
50.28,33.09,33.66,28.44,28.6,8714.3,6840.43,8580.68,0.0,0.0
50.38,33.14,33.66,28.47,28.62,8710.74,6839.57,8567.51,0.0,0.0
50.47,33.16,33.67,28.5,28.64,8708.8,6839.14,8557.0,0.0,0.0
50.57,33.17,33.71,28.52,28.65,8706.87,6824.88,8549.64,0.0,0.0
50.68,33.19,33.74,28.53,28.67,8704.93,6817.12,8547.54,0.0,0.0
50.78,33.21,33.76,28.53,28.68,8702.34,6812.38,8547.02,0.0,0.0
50.88,33.2,33.77,28.55,28.7,8702.99,6809.79,8537.05,0.0,0.0
50.98,33.28,33.81,28.59,28.72,8695.56,6798.6,8521.85,0.0,0.0
51.09,33.28,33.83,28.61,28.73,8695.56,6790.86,8516.09,0.0,0.0
51.19,33.3,33.85,28.62,28.75,8692.01,6784.84,8513.48,0.0,0.0
51.26,33.36,33.85,28.62,28.77,8686.84,6784.41,8512.95,0.0,0.0
51.39,33.36,33.86,28.64,28.78,8686.19,6783.98,8503.54,0.0,0.0
51.5,33.37,33.9,28.68,28.8,8684.58,6770.25,8490.49,0.0,0.0
51.58,33.4,33.93,28.69,28.81,8683.93,6761.25,8484.23,0.0,0.0
51.67,33.38,33.95,28.7,28.83,8683.61,6757.4,8480.58,0.0,0.0
51.78,33.41,33.95,28.71,28.85,8680.7,6756.97,8479.02,0.0,0.0
51.89,33.45,33.97,28.72,28.86,8676.18,6750.98,8475.89,0.0,0.0
51.96,33.48,34.01,28.76,28.88,8671.98,6739.01,8458.71,0.0,0.0
52.07,33.5,34.03,28.78,28.9,8671.34,6734.32,8453.52,0.0,0.0
52.18,33.55,34.04,28.79,28.91,8666.5,6730.05,8447.28,0.0,0.0
52.28,33.56,34.05,28.8,28.93,8665.2,6729.2,8446.76,0.0,0.0
52.39,33.57,34.05,28.8,28.95,8664.24,6727.06,8446.76,0.0,0.0
52.49,33.57,34.09,28.82,28.96,8663.27,6715.98,8438.46,0.0,0.0
52.6,33.6,34.12,28.86,28.98,8660.04,6708.74,8424.46,0.0,0.0
52.65,33.64,34.14,28.87,28.99,8655.52,6703.21,8419.8,0.0,0.0
52.76,33.64,34.14,28.88,29.01,8655.52,6702.36,8415.66,0.0,0.0
52.86,33.7,34.15,28.88,29.03,8650.36,6700.66,8414.11,0.0,0.0
52.97,33.72,34.19,28.89,29.04,8648.1,6687.92,8412.55,0.0,0.0
53.06,33.75,34.21,28.9,29.06,8643.25,6683.67,8408.93,0.0,0.0
53.17,33.77,34.23,28.94,29.08,8643.9,6676.04,8394.98,0.0,0.0
53.27,33.76,34.24,28.95,29.09,8642.29,6675.19,8387.75,0.0,0.0
53.38,33.79,34.24,28.97,29.11,8640.35,6672.65,8381.05,0.0,0.0
53.48,33.82,34.28,28.98,29.13,8637.45,6662.06,8380.02,0.0,0.0
53.58,33.84,34.32,28.97,29.14,8633.58,6652.33,8381.05,0.0,0.0
53.68,33.87,34.33,29.0,29.16,8631.96,6649.37,8371.26,0.0,0.0
53.79,33.91,34.33,29.03,29.17,8628.41,6648.11,8358.9,0.0,0.0
53.86,33.92,34.34,29.05,29.19,8625.51,6644.31,8352.22,0.0,0.0
53.97,33.96,34.4,29.06,29.21,8623.25,6629.54,8348.11,0.0,0.0
54.07,33.95,34.42,29.06,29.22,8622.93,6624.06,8347.59,0.0,0.0
54.19,33.97,34.43,29.08,29.24,8621.64,6621.11,8341.43,0.0,0.0
54.27,34.0,34.43,29.12,29.26,8618.41,6619.85,8328.09,0.0,0.0
54.38,34.05,34.46,29.14,29.27,8613.9,6612.27,8320.41,0.0,0.0
54.47,34.08,34.49,29.15,29.29,8610.35,6602.18,8315.8,0.0,0.0
54.59,34.1,34.51,29.15,29.31,8609.06,6597.14,8314.78,0.0,0.0
54.7,34.15,34.52,29.17,29.32,8603.9,6594.21,8308.12,0.0,0.0
54.79,34.13,34.53,29.2,29.34,8603.26,6591.69,8297.9,0.0,0.0
54.86,34.14,34.58,29.23,29.36,8602.61,6577.43,8286.67,0.0,0.0
54.96,34.18,34.6,29.24,29.37,8600.03,6573.25,8282.59,0.0,0.0
55.07,34.2,34.62,29.25,29.39,8596.81,6567.81,8281.06,0.0,0.0
55.17,34.24,34.62,29.26,29.4,8593.26,6566.97,8276.98,0.0,0.0
55.28,34.28,34.65,29.3,29.42,8589.07,6559.02,8260.68,0.0,0.0
55.38,34.3,34.69,29.32,29.44,8587.13,6548.58,8254.07,0.0,0.0
55.48,34.32,34.71,29.33,29.45,8584.88,6542.74,8249.49,0.0,0.0
55.58,34.34,34.71,29.34,29.47,8582.94,6541.07,8248.48,0.0,0.0
55.68,34.36,34.72,29.36,29.49,8580.69,6538.15,8239.84,0.0,0.0
55.79,34.37,34.76,29.39,29.5,8580.04,6528.15,8228.68,0.0,0.0
55.9,34.42,34.8,29.42,29.52,8575.53,6515.67,8219.56,0.0,0.0
55.98,34.42,34.81,29.42,29.54,8573.27,6514.42,8218.04,0.0,0.0
56.09,34.47,34.81,29.43,29.55,8569.41,6513.59,8216.01,0.0,0.0
56.19,34.53,34.83,29.45,29.57,8564.25,6507.78,8206.9,0.0,0.0
56.27,34.54,34.89,29.49,29.59,8563.61,6492.84,8194.27,0.0,0.0
56.38,34.55,34.9,29.5,29.6,8562.0,6489.11,8189.72,0.0,0.0
56.48,34.54,34.91,29.51,29.62,8562.64,6487.04,8184.67,0.0,0.0
56.59,34.56,34.92,29.52,29.64,8560.06,6484.96,8184.17,0.0,0.0
56.69,34.58,34.96,29.54,29.65,8559.74,6472.96,8173.58,0.0,0.0
56.8,34.6,34.99,29.57,29.67,8555.23,6464.69,8163.0,0.0,0.0
56.89,34.67,35.0,29.6,29.69,8550.72,6461.39,8153.44,0.0,0.0
56.96,34.65,35.0,29.6,29.7,8549.75,6460.56,8152.44,0.0,0.0
57.07,34.72,35.02,29.61,29.72,8545.89,6457.26,8151.94,0.0,0.0
57.22,34.73,35.05,29.63,29.74,8543.63,6447.77,8141.89,0.0,0.0
57.27,34.75,35.09,29.66,29.75,8541.06,6436.65,8132.35,0.0,0.0
57.37,34.76,35.1,29.69,29.77,8540.73,6435.0,8121.32,0.0,0.0
57.48,34.76,35.1,29.69,29.79,8539.77,6433.35,8120.32,0.0,0.0
57.59,34.79,35.14,29.7,29.8,8536.55,6423.07,8119.82,0.0,0.0
57.7,34.81,35.17,29.72,29.82,8535.9,6414.44,8110.8,0.0,0.0
57.77,34.85,35.19,29.76,29.84,8531.72,6410.34,8095.3,0.0,0.0
57.88,34.87,35.2,29.77,29.85,8529.79,6408.29,8091.81,0.0,0.0
57.99,34.88,35.21,29.79,29.87,8528.17,6405.82,8087.81,0.0,0.0
58.09,34.93,35.24,29.79,29.89,8523.35,6395.57,8086.31,0.0,0.0
58.19,34.93,35.27,29.81,29.9,8522.06,6388.2,8079.33,0.0,0.0
58.26,34.95,35.29,29.85,29.92,8520.77,6383.7,8066.87,0.0,0.0
58.37,34.95,35.29,29.87,29.94,8520.12,6382.07,8058.91,0.0,0.0
58.47,34.98,35.31,29.88,29.95,8517.87,6377.98,8055.92,0.0,0.0
58.57,35.02,35.34,29.88,29.97,8514.65,6369.81,8055.92,0.0,0.0
58.67,35.02,35.37,29.91,29.99,8514.65,6361.64,8043.49,0.0,0.0
58.8,35.07,35.39,29.93,30.0,8510.47,6357.16,8037.04,0.0,0.0
58.89,35.09,35.39,29.96,30.02,8507.57,6356.34,8026.12,0.0,0.0
59.0,35.12,35.39,29.96,30.04,8504.35,6355.12,8025.13,0.0,0.0
59.08,35.13,35.43,29.97,30.05,8502.74,6346.15,8024.64,0.0,0.0
59.19,35.16,35.47,29.99,30.07,8500.49,6334.35,8014.73,0.0,0.0
59.3,35.16,35.48,30.02,30.09,8499.52,6331.51,8004.83,0.0,0.0
59.39,35.18,35.49,30.04,30.1,8498.56,6329.88,7996.92,0.0,0.0
59.46,35.18,35.5,30.05,30.12,8498.24,6325.82,7993.96,0.0,0.0
59.57,35.23,35.55,30.06,30.14,8493.73,6314.45,7990.99,0.0,0.0
59.71,35.27,35.57,30.08,30.15,8490.19,6306.75,7985.56,0.0,0.0
59.78,35.31,35.58,30.12,30.17,8486.65,6304.32,7971.26,0.0,0.0
59.89,35.35,35.59,30.13,30.19,8481.5,6303.1,7965.84,0.0,0.0
59.98,35.37,35.61,30.15,30.2,8480.22,6297.84,7961.41,0.0,0.0
60.09,35.37,35.64,30.15,30.22,8478.93,6288.94,7961.9,0.0,0.0
60.2,35.37,35.66,30.15,30.24,8478.61,6282.88,7959.94,0.0,0.0
60.26,35.4,35.68,30.2,30.26,8475.71,6278.03,7942.73,0.0,0.0
60.37,35.4,35.68,30.22,30.27,8475.71,6278.03,7935.36,0.0,0.0
60.48,35.48,35.7,30.23,30.29,8469.6,6272.78,7931.93,0.0,0.0
60.59,35.47,35.74,30.24,30.31,8469.92,6262.3,7929.48,0.0,0.0
60.7,35.51,35.77,30.25,30.32,8466.38,6255.85,7925.06,0.0,0.0
60.8,35.56,35.78,30.29,30.34,8462.2,6252.63,7911.35,0.0,0.0
60.86,35.57,35.78,30.32,30.36,8460.6,6252.23,7903.03,0.0,0.0
61.01,35.6,35.8,30.33,30.37,8457.06,6246.19,7899.61,0.0,0.0
61.08,35.61,35.84,30.33,30.39,8456.74,6237.75,7898.14,0.0,0.0
61.2,35.63,35.87,30.34,30.41,8455.13,6229.32,7894.23,0.0,0.0
61.28,35.63,35.87,30.39,30.42,8454.81,6227.31,7878.13,0.0,0.0
61.39,35.69,35.88,30.41,30.44,8450.3,6226.51,7871.79,0.0,0.0
61.5,35.69,35.9,30.42,30.46,8449.02,6221.3,7867.89,0.0,0.0
61.57,35.73,35.94,30.42,30.47,8445.48,6210.48,7867.41,0.0,0.0
61.68,35.77,35.96,30.42,30.49,8442.27,6204.47,7865.46,0.0,0.0
61.79,35.78,35.97,30.47,30.51,8440.02,6201.27,7850.86,0.0,0.0
61.91,35.81,35.98,30.49,30.52,8439.05,6200.47,7842.6,0.0,0.0
61.96,35.81,36.0,30.51,30.54,8438.09,6195.27,7836.78,0.0,0.0
62.08,35.82,36.02,30.51,30.56,8436.8,6188.08,7836.78,0.0,0.0
62.19,35.83,36.06,30.52,30.57,8435.19,6180.1,7831.93,0.0,0.0
62.3,35.87,36.07,30.57,30.59,8431.98,6176.51,7817.38,0.0,0.0
62.39,35.89,36.07,30.59,30.61,8429.73,6175.32,7809.16,0.0,0.0
62.5,35.93,36.09,30.6,30.63,8426.19,6171.33,7805.29,0.0,0.0
62.57,35.98,36.13,30.6,30.64,8422.02,6161.77,7805.29,0.0,0.0
62.69,35.98,36.16,30.63,30.66,8421.37,6153.82,7797.07,0.0,0.0
62.78,36.01,36.17,30.66,30.68,8417.84,6151.03,7784.03,0.0,0.0
62.89,36.02,36.17,30.68,30.69,8418.8,6149.44,7778.24,0.0,0.0
63.0,36.02,36.18,30.69,30.71,8416.87,6147.46,7774.39,0.0,0.0
63.1,36.04,36.21,30.69,30.73,8415.91,6139.51,7774.39,0.0,0.0
63.21,36.06,36.23,30.71,30.74,8414.3,6135.15,7770.05,0.0,0.0
63.29,36.07,36.26,30.75,30.76,8412.05,6126.82,7756.57,0.0,0.0
63.4,36.11,36.27,30.76,30.78,8408.52,6124.45,7750.32,0.0,0.0
63.5,36.14,36.28,30.78,30.79,8405.63,6120.88,7744.08,0.0,0.0
63.6,36.19,36.32,30.78,30.81,8401.45,6111.38,7743.6,0.0,0.0
63.67,36.19,36.35,30.79,30.83,8400.81,6104.66,7740.72,0.0,0.0
63.79,36.22,36.36,30.84,30.84,8398.56,6100.71,7723.45,0.0,0.0
63.88,36.25,36.37,30.86,30.86,8396.31,6099.13,7717.7,0.0,0.0
63.99,36.25,36.37,30.87,30.88,8395.99,6098.34,7713.39,0.0,0.0
64.1,36.23,36.42,30.88,30.89,8397.6,6086.11,7711.95,0.0,0.0
64.21,36.28,36.44,30.91,30.91,8392.78,6081.38,7700.96,0.0,0.0
64.3,36.3,36.46,30.94,30.93,8390.85,6074.68,7692.36,0.0,0.0
64.39,36.36,36.47,30.96,30.95,8385.71,6074.29,7684.72,0.0,0.0
64.5,36.38,36.47,30.97,30.96,8384.11,6072.32,7682.81,0.0,0.0
64.57,36.39,36.49,30.97,30.98,8382.18,6067.6,7682.81,0.0,0.0
64.68,36.44,36.54,30.97,31.0,8378.01,6055.42,7682.34,0.0,0.0
64.77,36.44,36.56,30.99,31.01,8377.69,6051.49,7674.71,0.0,0.0
64.87,36.47,36.57,31.03,31.03,8376.4,6049.13,7660.42,0.0,0.0
65.0,36.48,36.57,31.05,31.05,8374.47,6048.35,7653.29,0.0,0.0
65.08,36.47,36.59,31.06,31.06,8375.76,6042.07,7651.86,0.0,0.0
65.19,36.51,36.62,31.06,31.08,8372.23,6036.19,7651.86,0.0,0.0
65.3,36.53,36.65,31.09,31.1,8369.98,6027.19,7640.94,0.0,0.0
65.41,36.55,36.66,31.13,31.11,8368.37,6025.23,7629.55,0.0,0.0
65.49,36.61,36.66,31.14,31.13,8363.24,6024.06,7623.39,0.0,0.0
65.57,36.62,36.69,31.15,31.15,8361.95,6017.41,7621.97,0.0,0.0
65.69,36.67,36.72,31.15,31.16,8359.07,6009.6,7621.02,0.0,0.0
65.8,36.67,36.74,31.17,31.18,8357.14,6004.91,7614.4,0.0,0.0
65.88,36.67,36.76,31.22,31.2,8357.14,5999.84,7599.27,0.0,0.0
65.99,36.7,36.76,31.24,31.22,8354.57,5999.45,7592.18,0.0,0.0
66.1,36.71,36.77,31.24,31.23,8354.89,5997.5,7592.65,0.0,0.0
66.2,36.73,36.81,31.24,31.25,8351.68,5988.54,7590.29,0.0,0.0
66.27,36.74,36.83,31.26,31.27,8350.4,5981.53,7586.52,0.0,0.0
66.39,36.76,36.86,31.29,31.28,8349.43,5975.69,7574.73,0.0,0.0
66.48,36.77,36.86,31.3,31.3,8347.51,5974.53,7570.49,0.0,0.0
66.59,36.84,36.86,31.33,31.32,8341.09,5974.14,7562.02,0.0,0.0
66.7,36.86,36.89,31.33,31.33,8340.13,5967.53,7560.61,0.0,0.0
66.78,36.86,36.92,31.34,31.35,8339.49,5959.77,7560.14,0.0,0.0
66.9,36.87,36.94,31.35,31.37,8337.88,5953.95,7554.97,0.0,0.0
67.01,36.9,36.96,31.4,31.38,8336.92,5950.07,7539.47,0.0,0.0
67.07,36.92,36.97,31.41,31.4,8334.03,5947.36,7536.66,0.0,0.0
67.18,36.92,36.99,31.42,31.42,8335.0,5941.94,7531.97,0.0,0.0
67.28,36.95,37.02,31.42,31.43,8332.75,5933.81,7531.5,0.0,0.0
67.39,36.97,37.04,31.43,31.45,8330.5,5930.72,7529.15,0.0,0.0
67.5,36.98,37.06,31.47,31.47,8327.94,5924.53,7517.91,0.0,0.0
67.59,37.01,37.06,31.49,31.48,8326.98,5924.14,7510.9,0.0,0.0
67.7,37.05,37.07,31.51,31.5,8323.13,5923.76,7503.42,0.0,0.0
67.81,37.06,37.09,31.52,31.52,8322.16,5917.19,7501.55,0.0,0.0
67.87,37.1,37.11,31.52,31.54,8318.95,5911.79,7500.61,0.0,0.0
67.99,37.13,37.15,31.52,31.55,8316.39,5902.16,7500.14,0.0,0.0
68.08,37.13,37.16,31.56,31.57,8316.39,5900.61,7488.01,0.0,0.0
68.19,37.15,37.16,31.6,31.59,8313.5,5899.84,7475.89,0.0,0.0
68.3,37.17,37.17,31.6,31.6,8312.54,5897.15,7473.56,0.0,0.0
68.42,37.17,37.21,31.61,31.62,8311.9,5888.68,7471.23,0.0,0.0
68.5,37.19,37.23,31.62,31.64,8310.94,5882.92,7468.44,0.0,0.0
68.61,37.22,37.26,31.63,31.65,8308.05,5876.77,7464.72,0.0,0.0
68.71,37.27,37.26,31.66,31.67,8303.56,5874.47,7455.42,0.0,0.0
68.78,37.3,37.26,31.68,31.69,8301.64,5874.85,7447.06,0.0,0.0
68.9,37.31,37.27,31.69,31.7,8300.03,5872.16,7443.81,0.0,0.0
68.99,37.36,37.31,31.7,31.72,8296.51,5863.72,7441.02,0.0,0.0
69.1,37.36,37.34,31.7,31.74,8295.55,5856.44,7441.95,0.0,0.0
69.19,37.38,37.36,31.72,31.75,8294.26,5851.47,7435.46,0.0,0.0
69.31,37.38,37.37,31.76,31.77,8293.94,5849.93,7422.02,0.0,0.0
69.37,37.4,37.37,31.78,31.79,8292.34,5848.4,7416.01,0.0,0.0
69.48,37.4,37.4,31.79,31.8,8291.06,5841.9,7412.31,0.0,0.0
69.58,37.41,37.42,31.79,31.82,8290.74,5837.7,7411.85,0.0,0.0
69.69,37.44,37.45,31.8,31.84,8288.49,5829.3,7411.38,0.0,0.0
69.8,37.46,37.46,31.82,31.85,8286.25,5827.01,7402.14,0.0,0.0
69.88,37.49,37.47,31.85,31.87,8284.0,5825.48,7393.83,0.0,0.0
70.0,37.52,37.47,31.87,31.89,8281.12,5823.95,7387.37,0.0,0.0
70.11,37.58,37.5,31.89,31.9,8276.95,5818.23,7382.76,0.0,0.0
70.17,37.6,37.54,31.89,31.92,8275.67,5807.57,7382.3,0.0,0.0
70.32,37.6,37.56,31.89,31.94,8274.71,5803.76,7381.84,0.0,0.0
70.37,37.62,37.56,31.91,31.95,8273.43,5801.86,7373.55,0.0,0.0
70.49,37.6,37.57,31.94,31.97,8273.75,5800.72,7363.89,0.0,0.0
70.6,37.63,37.59,31.97,31.99,8272.47,5795.78,7355.62,0.0,0.0
70.68,37.65,37.61,31.98,32.0,8270.54,5791.6,7352.4,0.0,0.0
70.78,37.64,37.64,31.98,32.02,8270.86,5782.11,7352.86,0.0,0.0
70.91,37.69,37.66,31.99,32.04,8266.7,5779.07,7350.11,0.0,0.0
70.97,37.71,37.67,32.01,32.05,8265.74,5777.17,7342.31,0.0,0.0
71.08,37.75,37.68,32.05,32.07,8261.57,5774.52,7331.76,0.0,0.0
71.17,37.78,37.7,32.06,32.09,8259.65,5768.84,7326.27,0.0,0.0
71.29,37.8,37.73,32.07,32.1,8257.09,5761.27,7324.44,0.0,0.0
71.4,37.8,37.76,32.07,32.12,8257.09,5755.21,7323.06,0.0,0.0
71.48,37.82,37.76,32.09,32.14,8254.84,5753.7,7318.49,0.0,0.0
71.59,37.84,37.77,32.13,32.15,8253.24,5751.81,7304.78,0.0,0.0
71.7,37.84,37.78,32.15,32.17,8253.24,5749.17,7297.47,0.0,0.0
71.81,37.86,37.81,32.16,32.19,8251.64,5741.24,7295.19,0.0,0.0
71.87,37.87,37.85,32.16,32.2,8250.36,5734.07,7294.74,0.0,0.0
71.99,37.88,37.85,32.17,32.22,8249.72,5732.18,7292.91,0.0,0.0
72.1,37.92,37.87,32.2,32.24,8247.8,5729.17,7282.43,0.0,0.0
72.23,37.95,37.87,32.24,32.25,8244.59,5727.66,7270.6,0.0,0.0
72.32,37.95,37.88,32.26,32.27,8243.95,5724.65,7265.14,0.0,0.0
72.38,38.01,37.93,32.26,32.29,8238.51,5714.48,7265.14,0.0,0.0
72.49,38.01,37.94,32.26,32.3,8239.15,5710.35,7265.14,0.0,0.0
72.59,38.05,37.96,32.28,32.32,8236.27,5706.59,7258.78,0.0,0.0
72.7,38.05,37.97,32.32,32.34,8235.31,5705.46,7245.16,0.0,0.0
72.81,38.08,37.97,32.34,32.35,8233.38,5703.58,7240.63,0.0,0.0
72.9,38.08,37.98,32.35,32.37,8232.74,5700.95,7236.1,0.0,0.0
73.01,38.08,38.02,32.35,32.39,8232.74,5693.45,7236.55,0.0,0.0
73.16,38.09,38.05,32.35,32.4,8231.78,5685.57,7234.74,0.0,0.0
73.19,38.11,38.06,32.38,32.42,8231.14,5684.07,7226.59,0.0,0.0
73.29,38.13,38.07,32.41,32.44,8228.26,5681.08,7217.99,0.0,0.0
73.4,38.14,38.07,32.44,32.45,8226.98,5679.95,7209.41,0.0,0.0
73.49,38.19,38.09,32.44,32.47,8223.78,5675.46,7208.05,0.0,0.0
73.6,38.21,38.13,32.44,32.49,8223.14,5666.86,7207.6,0.0,0.0
73.71,38.23,38.16,32.45,32.5,8219.93,5660.5,7204.44,0.0,0.0
73.77,38.29,38.17,32.48,32.52,8214.81,5658.26,7194.52,0.0,0.0
73.89,38.29,38.17,32.52,32.54,8215.13,5657.14,7185.05,0.0,0.0
73.99,38.32,38.17,32.53,32.55,8213.21,5656.02,7179.65,0.0,0.0
74.1,38.31,38.2,32.54,32.57,8213.85,5650.8,7178.3,0.0,0.0
74.19,38.34,38.22,32.54,32.59,8210.65,5646.32,7176.95,0.0,0.0
74.31,38.35,38.25,32.55,32.6,8210.33,5637.38,7173.8,0.0,0.0
74.4,38.38,38.26,32.6,32.62,8207.77,5635.52,7160.32,0.0,0.0
74.53,38.36,38.27,32.62,32.63,8208.73,5633.28,7154.04,0.0,0.0
74.59,38.4,38.27,32.63,32.65,8205.21,5632.54,7150.45,0.0,0.0
74.68,38.39,38.29,32.63,32.67,8206.49,5628.44,7149.55,0.0,0.0
74.82,38.41,38.32,32.63,32.68,8203.93,5621.38,7149.1,0.0,0.0
74.92,38.47,38.35,32.65,32.7,8200.41,5615.06,7142.38,0.0,0.0
75.0,38.48,38.37,32.7,32.72,8198.81,5611.35,7128.5,0.0,0.0
75.12,38.5,38.37,32.71,32.73,8196.57,5610.98,7124.92,0.0,0.0
75.18,38.55,38.38,32.72,32.75,8194.33,5609.12,7122.69,0.0,0.0
75.27,38.56,38.39,32.73,32.77,8193.37,5606.53,7120.45,0.0,0.0
75.41,38.56,38.41,32.73,32.78,8192.41,5600.22,7119.56,0.0,0.0
75.5,38.57,38.45,32.75,32.8,8191.45,5592.07,7112.86,0.0,0.0
75.62,38.57,38.46,32.79,32.82,8191.45,5590.22,7102.15,0.0,0.0
75.7,38.6,38.48,32.81,32.83,8189.21,5585.78,7094.57,0.0,0.0
75.81,38.58,38.48,32.82,32.85,8189.53,5585.78,7092.34,0.0,0.0
75.93,38.63,38.49,32.82,32.86,8186.33,5583.56,7091.89,0.0,0.0
75.99,38.67,38.5,32.82,32.88,8184.09,5579.12,7091.89,0.0,0.0
76.11,38.67,38.54,32.85,32.9,8182.81,5571.36,7082.1,0.0,0.0
76.21,38.71,38.57,32.89,32.91,8179.93,5563.98,7071.43,0.0,0.0
76.29,38.73,38.57,32.9,32.93,8178.01,5563.61,7066.1,0.0,0.0
76.39,38.76,38.58,32.91,32.95,8176.73,5562.14,7063.88,0.0,0.0
76.51,38.79,38.59,32.91,32.96,8173.53,5560.29,7063.88,0.0,0.0
76.59,38.79,38.61,32.91,32.98,8173.53,5554.76,7062.99,0.0,0.0
76.68,38.8,38.63,32.94,33.0,8172.89,5549.97,7056.33,0.0,0.0
76.8,38.8,38.66,32.98,33.01,8172.25,5542.98,7043.48,0.0,0.0
76.89,38.82,38.68,32.99,33.03,8170.97,5539.3,7039.05,0.0,0.0
77.0,38.83,38.68,33.0,33.04,8170.65,5538.93,7035.51,0.0,0.0
77.12,38.83,38.69,33.01,33.06,8169.37,5537.1,7035.07,0.0,0.0
77.19,38.87,38.69,33.01,33.08,8167.13,5535.63,7033.3,0.0,0.0
77.28,38.88,38.73,33.06,33.09,8166.5,5527.91,7019.6,0.0,0.0
77.42,38.89,38.76,33.07,33.11,8165.54,5520.2,7015.62,0.0,0.0
77.52,38.91,38.78,33.09,33.13,8163.3,5516.54,7009.0,0.0,0.0
77.6,38.94,38.78,33.1,33.14,8161.38,5515.07,7007.68,0.0,0.0
77.72,38.96,38.78,33.1,33.16,8160.1,5514.7,7006.36,0.0,0.0
77.77,39.0,38.79,33.12,33.17,8155.94,5512.5,7000.63,0.0,0.0
77.89,39.01,38.83,33.15,33.19,8155.3,5505.18,6990.94,0.0,0.0
77.99,39.05,38.85,33.18,33.21,8152.11,5498.95,6984.34,0.0,0.0
78.11,39.07,38.87,33.19,33.22,8151.79,5494.57,6980.38,0.0,0.0
78.19,39.07,38.88,33.19,33.24,8151.15,5493.47,6979.5,0.0,0.0
78.29,39.07,38.89,33.19,33.26,8150.51,5491.64,6978.62,0.0,0.0
78.37,39.08,38.89,33.21,33.27,8149.23,5490.54,6973.35,0.0,0.0
78.49,39.09,38.9,33.25,33.29,8148.27,5487.99,6961.06,0.0,0.0
78.59,39.12,38.92,33.26,33.3,8146.35,5483.24,6957.55,0.0,0.0
78.71,39.14,38.95,33.29,33.32,8146.03,5477.04,6951.41,0.0,0.0
78.8,39.15,38.97,33.29,33.34,8143.47,5471.93,6950.98,0.0,0.0
78.91,39.2,38.99,33.29,33.35,8139.96,5469.01,6950.54,0.0,0.0
78.97,39.21,38.99,33.3,33.37,8138.36,5468.29,6946.6,0.0,0.0
79.13,39.22,39.0,33.34,33.38,8138.04,5466.83,6934.78,0.0,0.0
79.19,39.25,39.02,33.35,33.4,8135.48,5462.46,6932.16,0.0,0.0
79.31,39.27,39.04,33.37,33.42,8132.92,5457.72,6925.61,0.0,0.0
79.4,39.27,39.06,33.38,33.43,8132.92,5453.0,6922.99,0.0,0.0
79.52,39.31,39.07,33.38,33.45,8130.69,5449.36,6923.42,0.0,0.0
79.58,39.31,39.09,33.39,33.46,8130.37,5446.09,6919.93,0.0,0.0
79.71,39.34,39.09,33.43,33.48,8128.13,5445.0,6909.9,0.0,0.0
79.81,39.34,39.1,33.45,33.5,8128.13,5443.91,6903.36,0.0,0.0
79.93,39.34,39.12,33.47,33.51,8128.13,5439.19,6898.13,0.0,0.0
80.01,39.36,39.16,33.47,33.53,8126.53,5430.85,6895.52,0.0,0.0
80.12,39.39,39.18,33.47,33.54,8124.93,5424.32,6895.52,0.0,0.0
80.21,39.41,39.19,33.48,33.56,8122.06,5423.23,6895.09,0.0,0.0
80.28,39.44,39.2,33.5,33.58,8119.5,5421.42,6887.26,0.0,0.0
80.4,39.48,39.2,33.54,33.59,8116.62,5421.79,6875.09,0.0,0.0
80.49,39.53,39.22,33.57,33.61,8114.07,5417.08,6868.15,0.0,0.0
80.6,39.54,39.23,33.57,33.62,8113.11,5414.55,6868.15,0.0,0.0
80.72,39.55,39.27,33.57,33.64,8111.51,5405.87,6866.41,0.0,0.0
80.8,39.57,39.28,33.58,33.66,8109.6,5403.34,6863.81,0.0,0.0
80.91,39.58,39.3,33.62,33.67,8109.91,5398.28,6851.68,0.0,0.0
81.01,39.57,39.3,33.65,33.69,8109.28,5398.64,6844.76,0.0,0.0
81.14,39.58,39.33,33.66,33.7,8109.91,5392.5,6841.3,0.0,0.0
81.2,39.59,39.35,33.66,33.72,8107.68,5388.18,6840.0,0.0,0.0
81.3,39.61,39.38,33.67,33.74,8107.36,5379.89,6838.27,0.0,0.0
81.42,39.64,39.4,33.7,33.75,8104.48,5376.29,6830.06,0.0,0.0
81.53,39.65,39.41,33.73,33.77,8103.21,5374.85,6821.0,0.0,0.0
81.59,39.67,39.42,33.75,33.78,8101.61,5371.25,6814.96,0.0,0.0
81.71,39.69,39.44,33.76,33.8,8099.69,5367.65,6811.51,0.0,0.0
81.83,39.69,39.48,33.76,33.81,8099.69,5357.95,6811.95,0.0,0.0
81.91,39.74,39.5,33.77,33.83,8096.5,5355.07,6808.93,0.0,0.0
82.0,39.78,39.5,33.81,33.85,8092.98,5353.28,6796.45,0.0,0.0
82.12,39.78,39.52,33.83,33.86,8093.3,5348.97,6790.86,0.0,0.0
82.19,39.8,39.54,33.85,33.88,8091.71,5344.67,6784.84,0.0,0.0
82.31,39.82,39.58,33.85,33.89,8090.75,5336.78,6784.84,0.0,0.0
82.42,39.82,39.6,33.86,33.91,8089.79,5332.13,6783.98,0.0,0.0
82.48,39.82,39.61,33.87,33.93,8090.11,5330.7,6780.98,0.0,0.0
82.58,39.85,39.62,33.9,33.94,8087.87,5328.91,6769.82,0.0,0.0
82.69,39.86,39.63,33.93,33.96,8086.28,5326.4,6763.83,0.0,0.0
82.84,39.85,39.66,33.94,33.97,8087.87,5319.25,6758.26,0.0,0.0
82.89,39.85,39.67,33.95,33.99,8087.87,5316.75,6756.55,0.0,0.0
83.01,39.89,39.7,33.95,34.0,8083.72,5310.68,6757.4,0.0,0.0
83.12,39.89,39.71,33.98,34.02,8083.72,5308.54,6747.99,0.0,0.0
83.23,39.89,39.71,34.02,34.04,8084.68,5307.47,6736.02,0.0,0.0
83.3,39.96,39.72,34.04,34.05,8079.57,5305.33,6732.18,0.0,0.0
83.39,39.96,39.74,34.04,34.07,8078.61,5301.05,6730.05,0.0,0.0
83.51,39.99,39.78,34.04,34.08,8077.34,5293.92,6729.62,0.0,0.0
83.62,40.0,39.8,34.06,34.1,8075.74,5289.3,6725.78,0.0,0.0
83.72,40.02,39.81,34.09,34.12,8075.1,5285.38,6715.13,0.0,0.0
83.83,40.07,39.82,34.12,34.13,8071.27,5284.31,6707.04,0.0,0.0
83.89,40.06,39.83,34.14,34.15,8071.59,5282.89,6703.64,0.0,0.0
84.0,40.06,39.83,34.14,34.16,8070.63,5281.11,6701.94,0.0,0.0
84.12,40.09,39.85,34.15,34.18,8068.08,5277.2,6700.66,0.0,0.0
84.21,40.1,39.89,34.19,34.2,8068.4,5269.74,6688.34,0.0,0.0
84.33,40.09,39.91,34.21,34.21,8069.04,5264.77,6681.97,0.0,0.0
84.41,40.1,39.92,34.23,34.23,8068.4,5262.29,6677.31,0.0,0.0
84.51,40.12,39.93,34.24,34.24,8067.44,5260.87,6675.19,0.0,0.0
84.62,40.13,39.94,34.24,34.26,8066.16,5257.68,6673.92,0.0,0.0
84.74,40.16,39.95,34.25,34.27,8063.93,5255.91,6670.95,0.0,0.0
84.79,40.14,39.98,34.28,34.29,8065.52,5249.53,6662.48,0.0,0.0
84.9,40.21,40.01,34.3,34.31,8059.14,5243.87,6656.98,0.0,0.0
85.01,40.17,40.01,34.32,34.32,8062.65,5242.46,6651.49,0.0,0.0
85.09,40.17,40.03,34.33,34.34,8062.65,5239.63,6648.95,0.0,0.0
85.19,40.2,40.04,34.33,34.35,8060.1,5237.5,6648.53,0.0,0.0
85.31,40.23,40.04,34.33,34.37,8058.5,5235.74,6647.26,0.0,0.0
85.38,40.23,40.05,34.35,34.39,8056.91,5233.97,6641.77,0.0,0.0
85.54,40.27,40.08,34.38,34.4,8055.63,5227.97,6634.18,0.0,0.0
85.59,40.29,40.09,34.4,34.42,8054.35,5226.2,6628.27,0.0,0.0
85.7,40.28,40.12,34.41,34.43,8054.99,5219.85,6626.17,0.0,0.0
85.81,40.33,40.13,34.42,34.45,8049.56,5218.09,6621.95,0.0,0.0
85.91,40.33,40.14,34.42,34.46,8050.2,5215.97,6621.53,0.0,0.0
86.02,40.34,40.14,34.43,34.48,8048.93,5214.91,6621.11,0.0,0.0
86.1,40.34,40.15,34.44,34.5,8049.25,5212.45,6617.74,0.0,0.0
86.19,40.38,40.17,34.47,34.51,8047.01,5208.57,6608.07,0.0,0.0
86.32,40.34,40.19,34.49,34.53,8049.25,5205.05,6603.87,0.0,0.0
86.38,40.37,40.22,34.5,34.54,8047.33,5198.01,6600.08,0.0,0.0
86.49,40.39,40.23,34.52,34.56,8046.37,5196.61,6595.88,0.0,0.0
86.6,40.4,40.23,34.52,34.57,8045.1,5195.2,6594.63,0.0,0.0
86.71,40.38,40.24,34.53,34.59,8044.78,5193.44,6593.37,0.0,0.0
86.79,40.4,40.25,34.54,34.6,8044.14,5191.33,6588.33,0.0,0.0
86.9,40.44,40.26,34.57,34.62,8041.91,5189.93,6579.53,0.0,0.0
87.02,40.45,40.29,34.6,34.64,8039.99,5182.56,6572.41,0.0,0.0
87.14,40.5,40.33,34.62,34.65,8037.44,5174.14,6567.81,0.0,0.0
87.2,40.51,40.34,34.62,34.67,8036.16,5171.68,6567.39,0.0,0.0
87.29,40.51,40.35,34.62,34.68,8036.48,5171.33,6566.13,0.0,0.0
87.41,40.54,40.35,34.64,34.7,8033.61,5169.93,6560.7,0.0,0.0
87.52,40.57,40.37,34.66,34.71,8031.7,5166.43,6554.43,0.0,0.0
87.6,40.57,40.4,34.69,34.73,8031.7,5160.83,6547.33,0.0,0.0
87.72,40.57,40.42,34.71,34.74,8030.74,5155.23,6541.49,0.0,0.0
87.83,40.6,40.44,34.71,34.76,8029.46,5152.43,6540.65,0.0,0.0
87.89,40.62,40.45,34.73,34.78,8028.19,5148.59,6536.9,0.0,0.0
88.01,40.6,40.46,34.75,34.79,8028.51,5147.89,6530.65,0.0,0.0
88.12,40.65,40.47,34.78,34.81,8025.95,5144.75,6522.33,0.0,0.0
88.22,40.65,40.5,34.8,34.82,8025.32,5139.86,6517.75,0.0,0.0
88.33,40.68,40.52,34.81,34.84,8023.72,5135.32,6514.01,0.0,0.0
88.41,40.7,40.55,34.81,34.85,8022.13,5128.35,6513.18,0.0,0.0
88.53,40.74,40.55,34.82,34.87,8018.94,5128.35,6512.35,0.0,0.0
88.59,40.75,40.56,34.85,34.88,8018.3,5125.91,6503.62,0.0,0.0
88.71,40.78,40.57,34.87,34.9,8016.07,5124.52,6496.57,0.0,0.0
88.8,40.81,40.59,34.89,34.91,8013.51,5119.3,6490.76,0.0,0.0
88.91,40.8,40.62,34.9,34.93,8014.15,5113.73,6488.28,0.0,0.0
89.02,40.82,40.64,34.91,34.95,8011.6,5108.86,6487.86,0.0,0.0
89.1,40.88,40.66,34.91,34.96,8008.73,5105.39,6485.38,0.0,0.0
89.2,40.86,40.67,34.96,34.98,8009.37,5103.65,6473.37,0.0,0.0
89.32,40.88,40.67,34.97,34.99,8008.09,5102.96,6470.07,0.0,0.0
89.44,40.88,40.69,34.99,35.01,8007.77,5098.79,6464.28,0.0,0.0
89.5,40.91,40.71,35.0,35.02,8006.18,5094.97,6461.39,0.0,0.0
89.59,40.89,40.74,35.0,35.04,8007.14,5088.73,6461.39,0.0,0.0
89.7,40.91,40.76,35.01,35.05,8006.82,5083.54,6458.91,0.0,0.0
89.82,40.91,40.77,35.03,35.07,8005.54,5081.46,6452.31,0.0,0.0
89.9,40.94,40.78,35.06,35.08,8003.31,5080.77,6445.3,0.0,0.0
90.01,40.95,40.79,35.09,35.1,8002.67,5079.03,6438.29,0.0,0.0
90.12,40.99,40.82,35.1,35.11,8000.12,5072.81,6435.41,0.0,0.0
90.22,41.02,40.85,35.1,35.13,7996.93,5065.89,6435.0,0.0,0.0
90.28,41.08,40.87,35.11,35.15,7992.79,5062.44,6432.94,0.0,0.0
90.43,41.1,40.88,35.13,35.16,7991.83,5060.02,6426.36,0.0,0.0
90.51,41.1,40.89,35.16,35.18,7991.51,5058.64,6418.55,0.0,0.0
90.6,41.09,40.89,35.19,35.19,7992.47,5057.6,6411.16,0.0,0.0
90.72,41.14,40.92,35.19,35.21,7989.28,5052.08,6409.93,0.0,0.0
90.83,41.15,40.95,35.2,35.22,7987.69,5045.88,6408.29,0.0,0.0
90.92,41.14,40.97,35.2,35.24,7988.33,5041.4,6406.23,0.0,0.0
91.03,41.19,40.97,35.23,35.25,7984.5,5040.37,6400.49,0.0,0.0
91.09,41.21,40.98,35.26,35.27,7983.23,5038.99,6391.48,0.0,0.0
91.21,41.19,40.99,35.27,35.28,7985.46,5036.23,6387.39,0.0,0.0
91.31,41.25,41.01,35.28,35.3,7981.0,5033.82,6384.93,0.0,0.0
91.42,41.24,41.02,35.29,35.31,7980.68,5030.04,6382.48,0.0,0.0
91.53,41.28,41.06,35.3,35.33,7979.08,5023.17,6381.25,0.0,0.0
91.6,41.32,41.06,35.31,35.35,7975.26,5022.14,6377.98,0.0,0.0
91.68,41.31,41.09,35.35,35.36,7975.58,5017.33,6366.13,0.0,0.0
91.79,41.37,41.09,35.37,35.38,7972.07,5015.61,6362.05,0.0,0.0
91.91,41.38,41.1,35.39,35.39,7970.8,5014.58,6357.16,0.0,0.0
92.03,41.37,41.11,35.39,35.41,7972.07,5012.52,6356.34,0.0,0.0
92.11,41.4,41.13,35.39,35.42,7968.89,5008.41,6356.34,0.0,0.0
92.23,41.42,41.16,35.4,35.44,7967.29,5001.89,6354.3,0.0,0.0
92.29,41.42,41.19,35.41,35.45,7967.29,4997.1,6350.63,0.0,0.0
92.39,41.45,41.19,35.45,35.47,7965.06,4996.07,6340.86,0.0,0.0
92.51,41.48,41.2,35.47,35.48,7964.11,4994.02,6334.76,0.0,0.0
92.62,41.47,41.21,35.48,35.5,7963.79,4991.97,6331.91,0.0,0.0
92.73,41.5,41.22,35.49,35.51,7963.47,4990.6,6329.88,0.0,0.0
92.82,41.48,41.24,35.5,35.53,7963.15,4985.81,6327.44,0.0,0.0
92.93,41.5,41.28,35.53,35.54,7961.24,4978.29,6319.73,0.0,0.0
92.99,41.57,41.29,35.57,35.56,7957.41,4975.9,6308.37,0.0,0.0
93.1,41.58,41.31,35.58,35.58,7956.46,4972.15,6306.35,0.0,0.0
93.21,41.59,41.31,35.58,35.59,7954.55,4971.46,6304.72,0.0,0.0
93.32,41.61,41.33,35.59,35.61,7953.59,4968.05,6303.1,0.0,0.0
93.41,41.66,41.34,35.59,35.62,7950.41,4964.98,6302.7,0.0,0.0
93.52,41.68,41.37,35.62,35.64,7948.81,4960.21,6295.82,0.0,0.0
93.63,41.68,41.38,35.64,35.65,7949.13,4956.81,6288.94,0.0,0.0
93.7,41.68,41.4,35.67,35.67,7949.13,4953.4,6281.26,0.0,0.0
93.83,41.7,41.41,35.68,35.68,7946.9,4951.02,6278.84,0.0,0.0
93.94,41.74,41.42,35.68,35.7,7944.99,4950.0,6278.03,0.0,0.0
94.02,41.72,41.43,35.69,35.71,7946.58,4948.3,6276.82,0.0,0.0
94.11,41.77,41.44,35.7,35.73,7942.76,4946.26,6272.38,0.0,0.0
94.22,41.77,41.47,35.75,35.74,7942.76,4940.48,6260.69,0.0,0.0
94.31,41.74,41.49,35.76,35.76,7944.04,4936.06,6257.06,0.0,0.0
94.43,41.77,41.51,35.78,35.77,7941.17,4931.31,6253.44,0.0,0.0
94.5,41.79,41.52,35.78,35.79,7940.21,4929.61,6251.83,0.0,0.0
94.6,41.83,41.52,35.78,35.8,7938.3,4928.6,6251.83,0.0,0.0
94.74,41.89,41.53,35.81,35.82,7934.48,4927.58,6245.39,0.0,0.0
94.83,41.85,41.54,35.84,35.83,7936.07,4924.87,6236.14,0.0,0.0
94.91,41.9,41.56,35.87,35.85,7932.57,4921.81,6229.72,0.0,0.0
95.02,41.91,41.59,35.87,35.86,7931.93,4916.39,6228.11,0.0,0.0
95.14,41.95,41.6,35.88,35.88,7929.07,4913.68,6226.11,0.0,0.0
95.19,41.97,41.61,35.89,35.89,7927.79,4911.32,6224.5,0.0,0.0
95.31,41.99,41.63,35.9,35.91,7926.84,4906.92,6221.3,0.0,0.0
95.41,41.99,41.63,35.94,35.92,7926.2,4906.58,6209.68,0.0,0.0
95.53,41.99,41.65,35.96,35.94,7925.88,4902.52,6205.67,0.0,0.0
95.64,42.02,41.66,35.97,35.95,7924.29,4900.83,6202.07,0.0,0.0
95.7,42.03,41.69,35.98,35.97,7923.34,4895.43,6200.87,0.0,0.0
95.8,42.02,41.7,35.98,35.98,7924.61,4894.07,6199.27,0.0,0.0
95.91,42.02,41.73,36.0,36.0,7923.02,4886.99,6194.87,0.0,0.0
96.02,42.07,41.74,36.04,36.02,7921.11,4885.98,6184.89,0.0,0.0
96.11,42.07,41.75,36.05,36.03,7920.47,4882.94,6181.7,0.0,0.0
96.22,42.11,41.77,36.07,36.05,7917.92,4880.58,6176.51,0.0,0.0
96.33,42.09,41.78,36.07,36.06,7918.24,4877.21,6175.32,0.0,0.0
96.42,42.15,41.8,36.08,36.08,7914.42,4873.51,6174.12,0.0,0.0
96.5,42.16,41.83,36.11,36.09,7913.79,4867.45,6165.75,0.0,0.0
96.6,42.2,41.85,36.15,36.11,7910.92,4864.08,6156.6,0.0,0.0
96.72,42.21,41.85,36.16,36.12,7910.29,4863.75,6153.82,0.0,0.0
96.8,42.2,41.86,36.17,36.13,7910.92,4861.73,6149.44,0.0,0.0
96.93,42.24,41.87,36.17,36.15,7907.74,4859.38,6150.24,0.0,0.0
96.99,42.25,41.91,36.18,36.16,7908.06,4852.66,6149.05,0.0,0.0
97.15,42.25,41.92,36.2,36.18,7907.1,4849.97,6143.09,0.0,0.0
97.21,42.27,41.95,36.22,36.19,7905.19,4843.93,6137.93,0.0,0.0
97.33,42.26,41.96,36.25,36.21,7905.83,4842.93,6129.99,0.0,0.0
97.39,42.31,41.96,36.26,36.22,7903.92,4841.92,6126.03,0.0,0.0
97.54,42.31,41.96,36.27,36.24,7902.65,4841.25,6124.84,0.0,0.0
97.6,42.32,41.99,36.28,36.25,7902.33,4836.89,6122.46,0.0,0.0
97.72,42.4,42.01,36.3,36.27,7897.87,4831.87,6116.13,0.0,0.0
97.81,42.37,42.04,36.32,36.28,7899.78,4827.18,6110.59,0.0,0.0
97.93,42.39,42.06,36.35,36.3,7897.56,4823.17,6104.66,0.0,0.0
98.01,42.39,42.06,36.37,36.31,7897.56,4821.83,6099.92,0.0,0.0
98.13,42.45,42.07,36.37,36.33,7893.74,4819.83,6099.53,0.0,0.0
98.19,42.43,42.09,36.37,36.34,7894.37,4816.82,6097.95,0.0,0.0
98.3,42.48,42.11,36.39,36.36,7890.24,4812.81,6093.21,0.0,0.0
98.45,42.5,42.13,36.42,36.37,7889.6,4808.8,6086.9,0.0,0.0
98.52,42.5,42.16,36.44,36.39,7889.6,4803.8,6081.38,0.0,0.0
98.61,42.51,42.17,36.45,36.4,7889.28,4801.13,6078.62,0.0,0.0
98.7,42.54,42.19,36.46,36.42,7887.69,4798.13,6074.68,0.0,0.0
98.84,42.54,42.19,36.47,36.43,7886.42,4797.8,6073.5,0.0,0.0
98.9,42.56,42.2,36.48,36.45,7885.78,4795.13,6071.93,0.0,0.0
99.0,42.57,42.22,36.51,36.46,7884.51,4791.13,6063.67,0.0,0.0
99.12,42.56,42.24,36.54,36.48,7885.78,4787.47,6055.42,0.0,0.0
99.23,42.6,42.27,36.56,36.49,7882.6,4781.15,6051.1,0.0,0.0
99.32,42.6,42.28,36.56,36.51,7882.6,4779.82,6049.53,0.0,0.0
99.44,42.61,42.29,36.57,36.52,7881.96,4778.49,6048.74,0.0,0.0
99.5,42.63,42.29,36.58,36.54,7880.37,4777.49,6046.0,0.0,0.0
99.62,42.64,42.31,36.59,36.55,7879.1,4774.5,6041.68,0.0,0.0
99.71,42.66,42.32,36.63,36.57,7878.78,4772.84,6033.84,0.0,0.0
99.82,42.69,42.34,36.65,36.58,7877.51,4768.19,6026.4,0.0,0.0
99.94,42.68,42.37,36.66,36.6,7876.87,4762.88,6025.62,0.0,0.0
100.02,42.72,42.38,36.67,36.61,7874.33,4759.9,6023.67,0.0,0.0
100.13,42.72,42.4,36.68,36.63,7874.97,4757.58,6020.14,0.0,0.0
100.23,42.76,42.4,36.7,36.64,7871.47,4756.25,6013.89,0.0,0.0
100.34,42.79,42.41,36.71,36.66,7868.61,4754.27,6011.94,0.0,0.0
100.42,42.81,42.42,36.74,36.67,7867.65,4752.94,6004.52,0.0,0.0
100.51,42.8,42.44,36.76,36.69,7869.24,4749.3,6000.62,0.0,0.0
100.63,42.82,42.46,36.76,36.7,7867.33,4744.99,5998.67,0.0,0.0
100.71,42.81,42.49,36.77,36.72,7867.65,4740.03,5997.89,0.0,0.0
100.83,42.84,42.5,36.78,36.73,7866.06,4737.06,5995.16,0.0,0.0
100.93,42.84,42.51,36.8,36.75,7865.1,4736.07,5989.31,0.0,0.0
101.01,42.86,42.51,36.84,36.76,7863.83,4734.74,5980.75,0.0,0.0
101.11,42.88,42.53,36.85,36.78,7863.2,4732.43,5977.25,0.0,0.0
101.22,42.88,42.55,36.86,36.79,7862.88,4728.8,5974.92,0.0,0.0
101.34,42.88,42.56,36.86,36.81,7862.88,4725.5,5974.14,0.0,0.0
101.4,42.9,42.59,36.86,36.82,7860.97,4719.89,5973.75,0.0,0.0
101.52,42.95,42.61,36.88,36.84,7857.79,4716.59,5969.47,0.0,0.0
101.6,42.93,42.62,36.91,36.85,7859.06,4713.96,5961.71,0.0,0.0
101.72,42.9,42.63,36.93,36.86,7860.97,4713.3,5956.66,0.0,0.0
101.83,42.99,42.64,36.95,36.88,7855.25,4711.65,5952.01,0.0,0.0
101.91,42.98,42.64,36.96,36.89,7855.88,4710.66,5950.07,0.0,0.0
102.01,43.01,42.67,36.97,36.91,7854.29,4704.41,5947.75,0.0,0.0
102.14,43.03,42.69,36.99,36.92,7852.7,4701.78,5943.48,0.0,0.0
102.24,43.06,42.71,37.0,36.94,7851.11,4697.17,5939.23,0.0,0.0
102.32,43.04,42.72,37.04,36.95,7851.75,4695.53,5929.94,0.0,0.0
102.42,43.11,42.73,37.05,36.97,7846.98,4692.9,5927.62,0.0,0.0
102.51,43.11,42.74,37.06,36.98,7846.98,4691.58,5924.53,0.0,0.0
102.67,43.13,42.75,37.06,37.0,7845.71,4690.27,5924.53,0.0,0.0
102.73,43.13,42.78,37.07,37.01,7845.71,4684.69,5923.76,0.0,0.0
102.81,43.13,42.8,37.08,37.03,7845.07,4679.77,5920.28,0.0,0.0
102.92,43.13,42.81,37.1,37.04,7845.07,4678.79,5914.88,0.0,0.0
103.02,43.14,42.84,37.14,37.06,7844.44,4673.87,5906.39,0.0,0.0
103.12,43.14,42.84,37.15,37.07,7845.39,4672.89,5902.93,0.0,0.0
103.24,43.17,42.84,37.16,37.09,7843.17,4672.23,5899.46,0.0,0.0
103.32,43.17,42.85,37.17,37.1,7842.53,4671.9,5898.69,0.0,0.0
103.44,43.2,42.86,37.17,37.11,7841.26,4668.63,5897.15,0.0,0.0
103.5,43.2,42.88,37.2,37.13,7840.94,4665.03,5890.22,0.0,0.0
103.62,43.2,42.89,37.22,37.14,7839.99,4664.37,5885.22,0.0,0.0
103.71,43.22,42.92,37.24,37.16,7839.35,4657.5,5879.46,0.0,0.0
103.82,43.26,42.93,37.26,37.17,7836.49,4656.19,5876.0,0.0,0.0
103.94,43.28,42.94,37.26,37.19,7835.22,4654.56,5875.62,0.0,0.0
104.02,43.31,42.95,37.26,37.2,7833.63,4652.27,5874.47,0.0,0.0
104.12,43.35,42.96,37.28,37.22,7830.45,4650.64,5870.24,0.0,0.0
104.2,43.34,42.98,37.31,37.23,7831.09,4646.72,5864.11,0.0,0.0
104.32,43.41,42.99,37.34,37.25,7826.64,4644.11,5856.44,0.0,0.0
104.44,43.4,43.02,37.34,37.26,7827.27,4639.22,5855.68,0.0,0.0
104.51,43.41,43.04,37.36,37.28,7826.32,4635.63,5850.7,0.0,0.0
104.6,43.41,43.04,37.37,37.29,7826.32,4634.65,5849.55,0.0,0.0
104.74,43.43,43.07,37.37,37.3,7825.05,4630.74,5848.4,0.0,0.0
104.84,43.45,43.07,37.4,37.32,7823.78,4630.74,5842.28,0.0,0.0
104.93,43.45,43.07,37.43,37.33,7824.1,4629.11,5834.64,0.0,0.0
105.04,43.46,43.09,37.45,37.35,7823.14,4625.53,5830.06,0.0,0.0
105.12,43.46,43.11,37.45,37.36,7822.82,4621.95,5828.53,0.0,0.0
105.22,43.46,43.12,37.46,37.38,7823.14,4620.0,5825.86,0.0,0.0
105.34,43.47,43.15,37.46,37.39,7822.19,4615.12,5825.86,0.0,0.0
105.49,43.48,43.16,37.47,37.41,7821.24,4612.52,5824.72,0.0,0.0
105.5,43.5,43.17,37.5,37.42,7820.6,4611.55,5816.71,0.0,0.0
105.64,43.54,43.18,37.53,37.43,7817.74,4609.27,5810.23,0.0,0.0
105.73,43.5,43.18,37.54,37.45,7819.65,4608.62,5807.95,0.0,0.0
105.8,43.54,43.19,37.56,37.46,7817.42,4607.33,5803.76,0.0,0.0
105.92,43.59,43.22,37.56,37.48,7814.25,4602.46,5802.24,0.0,0.0
106.05,43.62,43.24,37.57,37.49,7812.34,4598.24,5800.72,0.0,0.0
106.14,43.63,43.27,37.57,37.51,7811.39,4593.38,5799.58,0.0,0.0
106.21,43.6,43.28,37.6,37.52,7812.66,4591.11,5791.98,0.0,0.0
106.32,43.65,43.29,37.62,37.53,7808.85,4589.49,5787.42,0.0,0.0
106.45,43.68,43.29,37.64,37.55,7807.89,4588.19,5782.11,0.0,0.0
106.55,43.67,43.31,37.66,37.56,7808.53,4584.63,5779.45,0.0,0.0
106.61,43.69,43.32,37.66,37.58,7806.62,4584.31,5778.31,0.0,0.0
106.76,43.71,43.34,37.67,37.59,7805.67,4580.75,5777.17,0.0,0.0
106.87,43.69,43.36,37.67,37.61,7806.62,4576.87,5774.9,0.0,0.0
106.96,43.71,43.37,37.69,37.62,7806.3,4574.6,5770.73,0.0,0.0
107.03,43.72,43.38,37.72,37.63,7805.35,4572.02,5763.16,0.0,0.0
107.1,43.74,43.4,37.74,37.65,7804.08,4569.43,5759.37,0.0,0.0
107.21,43.77,43.4,37.75,37.66,7802.49,4568.79,5755.97,0.0,0.0
107.33,43.74,43.41,37.77,37.68,7803.76,4567.5,5752.57,0.0,0.0
107.42,43.76,43.42,37.76,37.69,7802.17,4565.24,5753.32,0.0,0.0
107.55,43.76,43.42,37.77,37.71,7802.17,4564.59,5751.81,0.0,0.0
107.61,43.74,43.44,37.79,37.72,7803.76,4562.01,5746.9,0.0,0.0
107.71,43.77,43.46,37.81,37.73,7800.9,4558.14,5742.75,0.0,0.0
107.82,43.77,43.48,37.84,37.75,7800.9,4553.95,5735.95,0.0,0.0
107.94,43.83,43.49,37.85,37.76,7798.36,4552.01,5734.07,0.0,0.0
108.03,43.79,43.5,37.86,37.78,7799.95,4549.76,5731.43,0.0,0.0
108.14,43.81,43.52,37.86,37.79,7799.0,4547.5,5729.54,0.0,0.0
108.22,43.81,43.52,37.86,37.81,7799.31,4547.18,5729.54,0.0,0.0
108.32,43.84,43.53,37.87,37.82,7797.41,4544.28,5728.41,0.0,0.0
108.44,43.84,43.53,37.88,37.83,7796.77,4544.61,5726.91,0.0,0.0
108.52,43.87,43.56,37.9,37.85,7795.82,4538.81,5722.01,0.0,0.0
108.65,43.9,43.58,37.92,37.86,7794.23,4536.56,5716.36,0.0,0.0
108.71,43.9,43.6,37.94,37.88,7793.28,4532.38,5712.23,0.0,0.0
108.85,43.92,43.61,37.95,37.89,7792.01,4530.46,5709.22,0.0,0.0
108.94,43.93,43.62,37.96,37.9,7791.37,4528.21,5706.21,0.0,0.0
109.03,43.92,43.63,37.97,37.92,7791.06,4526.6,5705.08,0.0,0.0
109.14,43.96,43.64,37.97,37.93,7789.47,4525.0,5704.33,0.0,0.0
109.22,43.93,43.64,37.98,37.95,7790.42,4524.35,5702.45,0.0,0.0
109.32,43.98,43.66,38.0,37.96,7788.83,4521.15,5697.2,0.0,0.0
109.44,44.03,43.69,38.03,37.97,7785.02,4516.33,5689.32,0.0,0.0
109.53,43.99,43.71,38.04,37.99,7786.93,4512.81,5687.45,0.0,0.0
109.64,44.01,43.73,38.06,38.0,7785.34,4509.28,5683.7,0.0,0.0
109.72,44.01,43.73,38.06,38.02,7785.34,4508.32,5682.2,0.0,0.0
109.82,44.02,43.74,38.07,38.03,7784.39,4506.72,5681.08,0.0,0.0
109.95,44.03,43.74,38.08,38.04,7785.02,4506.4,5678.83,0.0,0.0
110.04,44.06,43.74,38.09,38.06,7783.12,4506.08,5675.84,0.0,0.0
110.1,44.05,43.75,38.1,38.07,7782.8,4505.44,5672.47,0.0,0.0
110.21,44.06,43.76,38.12,38.09,7782.48,4502.56,5668.35,0.0,0.0
110.33,44.05,43.78,38.14,38.1,7782.8,4500.0,5663.12,0.0,0.0
110.44,44.07,43.79,38.17,38.11,7782.17,4497.12,5658.26,0.0,0.0
110.53,44.08,43.81,38.17,38.13,7781.85,4493.6,5657.14,0.0,0.0
110.65,44.08,43.82,38.17,38.14,7780.58,4493.29,5656.02,0.0,0.0
110.78,44.11,43.85,38.19,38.16,7779.62,4487.21,5653.41,0.0,0.0
110.82,44.15,43.85,38.19,38.17,7777.09,4486.26,5653.04,0.0,0.0
110.94,44.11,43.87,38.21,38.18,7778.67,4483.06,5646.69,0.0,0.0
111.03,44.16,43.89,38.24,38.2,7776.13,4480.19,5641.1,0.0,0.0
111.14,44.17,43.91,38.25,38.21,7774.86,4475.73,5637.75,0.0,0.0
111.22,44.2,43.92,38.27,38.22,7773.27,4474.45,5634.77,0.0,0.0
111.32,44.22,43.95,38.27,38.24,7771.37,4468.72,5632.91,0.0,0.0
111.44,44.23,43.96,38.27,38.25,7770.74,4466.81,5633.28,0.0,0.0
111.59,44.28,43.97,38.29,38.27,7768.83,4465.53,5629.56,0.0,0.0
111.62,44.25,43.97,38.31,38.28,7769.78,4465.21,5624.35,0.0,0.0
111.73,44.26,43.99,38.33,38.29,7770.1,4462.03,5620.26,0.0,0.0
111.82,44.29,44.0,38.36,38.31,7767.24,4460.12,5612.84,0.0,0.0
111.95,44.31,44.03,38.36,38.32,7765.66,4454.71,5612.46,0.0,0.0
112.02,44.31,44.05,38.37,38.33,7765.97,4451.22,5609.49,0.0,0.0
112.13,44.32,44.07,38.38,38.35,7765.02,4448.36,5609.12,0.0,0.0
112.26,44.32,44.07,38.38,38.36,7764.7,4447.41,5608.01,0.0,0.0
112.35,44.32,44.08,38.39,38.38,7764.39,4445.5,5605.78,0.0,0.0
112.41,44.35,44.09,38.42,38.39,7763.12,4444.55,5599.11,0.0,0.0
112.52,44.35,44.1,38.43,38.4,7762.8,4442.01,5595.78,0.0,0.0
112.64,44.37,44.12,38.44,38.42,7761.53,4438.84,5593.18,0.0,0.0
112.73,44.35,44.13,38.47,38.43,7763.12,4437.25,5587.63,0.0,0.0
112.85,44.37,44.15,38.47,38.44,7762.48,4433.13,5586.15,0.0,0.0
112.92,44.37,44.17,38.48,38.46,7761.53,4429.33,5585.78,0.0,0.0
113.03,44.37,44.19,38.48,38.47,7761.53,4425.84,5585.78,0.0,0.0
113.14,44.43,44.2,38.49,38.49,7758.36,4424.58,5582.08,0.0,0.0
113.23,44.41,44.2,38.5,38.5,7758.67,4423.94,5579.12,0.0,0.0
113.35,44.44,44.22,38.52,38.51,7758.04,4421.1,5574.69,0.0,0.0
113.42,44.43,44.24,38.55,38.53,7757.72,4417.62,5569.15,0.0,0.0
113.55,44.45,44.25,38.56,38.54,7756.45,4415.4,5565.83,0.0,0.0
113.65,44.47,44.28,38.58,38.55,7755.5,4410.35,5562.14,0.0,0.0
113.74,44.47,44.29,38.58,38.57,7754.55,4408.13,5562.14,0.0,0.0
113.81,44.5,44.31,38.58,38.58,7752.96,4406.24,5562.14,0.0,0.0
113.91,44.54,44.31,38.6,38.59,7751.06,4405.92,5556.98,0.0,0.0
114.04,44.58,44.32,38.62,38.61,7748.2,4403.08,5551.82,0.0,0.0
114.13,44.6,44.34,38.62,38.62,7746.61,4400.24,5551.45,0.0,0.0
114.25,44.56,44.35,38.66,38.64,7748.52,4398.66,5543.35,0.0,0.0
114.37,44.58,44.36,38.67,38.65,7748.2,4396.14,5540.77,0.0,0.0
114.43,44.6,44.39,38.68,38.66,7746.93,4391.41,5538.93,0.0,0.0
114.53,44.6,44.4,38.68,38.68,7746.93,4389.52,5538.93,0.0,0.0
114.62,44.63,44.43,38.69,38.69,7745.03,4385.11,5536.73,0.0,0.0
114.74,44.63,44.43,38.69,38.7,7744.71,4385.11,5535.26,0.0,0.0
114.8,44.64,44.43,38.73,38.72,7744.08,4383.86,5527.54,0.0,0.0
114.93,44.62,44.44,38.75,38.73,7745.34,4382.28,5523.51,0.0,0.0
115.02,44.63,44.47,38.76,38.74,7744.39,4377.88,5519.47,0.0,0.0
115.14,44.65,44.47,38.78,38.76,7743.44,4377.88,5516.54,0.0,0.0
115.23,44.68,44.5,38.78,38.77,7741.86,4372.53,5515.07,0.0,0.0
115.35,44.66,44.51,38.79,38.79,7742.49,4370.02,5514.34,0.0,0.0
115.47,44.68,44.53,38.8,38.8,7742.17,4366.56,5512.14,0.0,0.0
115.52,44.69,44.54,38.81,38.81,7739.95,4365.94,5509.2,0.0,0.0
115.63,44.68,44.54,38.84,38.83,7741.22,4364.37,5502.61,0.0,0.0
115.73,44.7,44.55,38.86,38.84,7739.32,4363.11,5498.59,0.0,0.0
115.85,44.7,44.58,38.86,38.85,7739.32,4358.72,5497.13,0.0,0.0
115.93,44.74,44.59,38.88,38.87,7738.05,4356.21,5493.83,0.0,0.0
116.05,44.74,44.6,38.89,38.88,7738.36,4354.01,5491.64,0.0,0.0
116.15,44.76,44.64,38.89,38.89,7736.46,4347.43,5490.18,0.0,0.0
116.22,44.8,44.65,38.92,38.91,7734.56,4345.87,5483.24,0.0,0.0
116.34,44.79,44.66,38.94,38.92,7733.92,4344.3,5479.95,0.0,0.0
116.43,44.8,44.67,38.96,38.93,7733.29,4343.36,5475.94,0.0,0.0
116.54,44.86,44.69,38.98,38.95,7730.43,4339.3,5470.47,0.0,0.0
116.63,44.85,44.7,38.99,38.96,7729.48,4337.42,5467.92,0.0,0.0
116.75,44.88,44.73,39.0,38.98,7727.89,4331.79,5466.46,0.0,0.0
116.84,44.91,44.75,39.01,38.99,7726.63,4328.98,5462.82,0.0,0.0
116.91,44.94,44.77,39.02,39.0,7725.04,4326.17,5461.73,0.0,0.0
117.02,44.91,44.77,39.04,39.02,7726.94,4326.17,5456.63,0.0,0.0
117.15,44.96,44.78,39.08,39.03,7723.77,4323.99,5447.18,0.0,0.0
117.24,44.94,44.79,39.09,39.04,7725.04,4321.18,5445.36,0.0,0.0
117.32,44.98,44.8,39.09,39.06,7722.19,4320.55,5445.0,0.0,0.0
117.47,44.97,44.81,39.1,39.07,7723.45,4317.75,5443.91,0.0,0.0
117.57,44.97,44.85,39.11,39.08,7723.14,4312.45,5441.01,0.0,0.0
117.61,44.99,44.85,39.13,39.1,7721.87,4312.13,5436.65,0.0,0.0
117.73,44.98,44.87,39.17,39.11,7721.24,4307.77,5428.31,0.0,0.0
117.85,44.99,44.89,39.18,39.12,7720.92,4305.28,5425.41,0.0,0.0
117.91,45.02,44.9,39.19,39.14,7719.65,4303.73,5423.6,0.0,0.0
118.06,45.01,44.9,39.2,39.15,7719.96,4302.79,5421.42,0.0,0.0
118.12,45.0,44.91,39.2,39.16,7720.6,4301.24,5421.42,0.0,0.0
118.23,45.02,44.92,39.22,39.18,7720.28,4299.68,5417.08,0.0,0.0
118.32,45.03,44.94,39.23,39.19,7719.33,4296.26,5414.55,0.0,0.0
118.44,45.03,44.96,39.25,39.21,7719.33,4292.22,5409.48,0.0,0.0
118.56,45.05,44.98,39.27,39.22,7717.43,4289.11,5404.42,0.0,0.0
118.62,45.03,45.0,39.28,39.23,7718.06,4286.63,5402.25,0.0,0.0
118.75,45.09,45.01,39.3,39.25,7714.89,4284.76,5399.0,0.0,0.0
118.86,45.09,45.01,39.3,39.26,7714.26,4283.52,5398.64,0.0,0.0
118.94,45.13,45.02,39.31,39.27,7712.99,4282.59,5396.47,0.0,0.0
119.04,45.14,45.03,39.34,39.29,7711.4,4280.11,5389.62,0.0,0.0
119.16,45.12,45.06,39.35,39.3,7712.04,4276.39,5386.73,0.0,0.0
119.24,45.19,45.09,39.36,39.31,7709.18,4271.12,5384.57,0.0,0.0
119.34,45.17,45.1,39.39,39.33,7710.14,4269.57,5378.81,0.0,0.0
119.42,45.2,45.11,39.4,39.34,7707.28,4267.09,5377.01,0.0,0.0
119.53,45.23,45.12,39.41,39.35,7705.38,4264.92,5375.21,0.0,0.0
119.64,45.22,45.14,39.41,39.37,7706.33,4262.45,5374.49,0.0,0.0
119.73,45.25,45.14,39.43,39.38,7704.74,4262.14,5370.53,0.0,0.0
119.83,45.25,45.15,39.43,39.39,7704.74,4260.9,5370.17,0.0,0.0
119.94,45.25,45.17,39.46,39.41,7704.43,4257.81,5362.62,0.0,0.0
120.03,45.25,45.19,39.48,39.42,7704.43,4254.1,5358.66,0.0,0.0
120.13,45.26,45.21,39.5,39.43,7703.79,4250.7,5354.36,0.0,0.0
120.25,45.29,45.22,39.51,39.45,7702.21,4249.46,5352.2,0.0,0.0
120.33,45.29,45.23,39.51,39.46,7702.53,4247.3,5352.2,0.0,0.0
120.43,45.3,45.24,39.52,39.47,7701.89,4245.14,5349.69,0.0,0.0
120.57,45.29,45.24,39.54,39.49,7702.21,4244.83,5346.46,0.0,0.0
120.63,45.34,45.26,39.55,39.5,7700.3,4242.67,5342.52,0.0,0.0
120.73,45.35,45.28,39.57,39.51,7698.72,4238.66,5337.86,0.0,0.0
120.85,45.35,45.31,39.59,39.53,7699.04,4234.35,5333.56,0.0,0.0
120.94,45.35,45.31,39.61,39.54,7699.04,4232.8,5330.34,0.0,0.0
121.06,45.35,45.34,39.62,39.55,7697.77,4228.49,5328.55,0.0,0.0
121.12,45.35,45.35,39.62,39.57,7698.4,4227.57,5327.83,0.0,0.0
121.24,45.38,45.36,39.63,39.58,7696.5,4225.1,5324.97,0.0,0.0
121.34,45.38,45.36,39.65,39.59,7696.5,4224.49,5320.68,0.0,0.0
121.46,45.44,45.37,39.68,39.61,7691.75,4223.57,5314.25,0.0,0.0
121.54,45.43,45.39,39.71,39.62,7693.33,4220.49,5309.25,0.0,0.0
121.66,45.43,45.4,39.71,39.63,7693.33,4217.72,5307.47,0.0,0.0
121.72,45.43,45.43,39.72,39.65,7693.01,4213.72,5306.4,0.0,0.0
121.83,45.45,45.45,39.73,39.66,7692.06,4209.42,5303.55,0.0,0.0
121.93,45.49,45.46,39.74,39.67,7690.16,4207.89,5301.41,0.0,0.0
122.05,45.43,45.47,39.78,39.69,7692.38,4206.97,5293.21,0.0,0.0
122.14,45.47,45.48,39.78,39.7,7691.11,4205.74,5293.21,0.0,0.0
122.25,45.53,45.48,39.8,39.71,7686.99,4204.82,5287.87,0.0,0.0
122.36,45.51,45.5,39.82,39.73,7687.94,4202.36,5283.96,0.0,0.0
122.44,45.54,45.52,39.82,39.74,7686.04,4198.68,5283.96,0.0,0.0
122.53,45.58,45.51,39.83,39.75,7684.45,4199.91,5282.89,0.0,0.0
122.66,45.54,45.53,39.84,39.77,7686.04,4197.46,5280.76,0.0,0.0
122.75,45.58,45.55,39.84,39.78,7684.14,4193.16,5279.34,0.0,0.0
122.81,45.58,45.57,39.86,39.79,7684.14,4190.71,5275.07,0.0,0.0
122.93,45.57,45.59,39.88,39.81,7684.77,4187.65,5270.81,0.0,0.0
123.03,45.6,45.59,39.9,39.82,7682.55,4186.43,5266.9,0.0,0.0
123.15,45.61,45.59,39.91,39.83,7681.6,4187.04,5264.77,0.0,0.0
123.23,45.64,45.6,39.92,39.85,7680.97,4185.51,5262.65,0.0,0.0
123.35,45.59,45.61,39.93,39.86,7682.87,4184.28,5260.52,0.0,0.0
123.44,45.6,45.61,39.93,39.87,7682.24,4183.06,5260.16,0.0,0.0
123.52,45.64,45.62,39.93,39.89,7680.65,4181.53,5259.45,0.0,0.0
123.64,45.64,45.64,39.95,39.9,7680.65,4177.86,5256.26,0.0,0.0
123.74,45.64,45.64,39.97,39.91,7679.7,4178.16,5250.95,0.0,0.0
123.85,45.64,45.66,39.99,39.93,7680.02,4175.72,5247.06,0.0,0.0
123.93,45.64,45.67,40.01,39.94,7680.65,4173.27,5243.16,0.0,0.0
124.05,45.64,45.68,40.02,39.95,7679.38,4171.75,5241.04,0.0,0.0
124.12,45.64,45.7,40.03,39.97,7680.02,4168.69,5238.92,0.0,0.0
124.23,45.68,45.71,40.03,39.98,7676.85,4167.17,5237.86,0.0,0.0
124.33,45.72,45.71,40.04,39.99,7674.63,4166.56,5237.15,0.0,0.0
124.44,45.68,45.72,40.05,40.0,7676.85,4165.64,5235.38,0.0,0.0
124.53,45.72,45.73,40.07,40.02,7674.95,4164.11,5230.08,0.0,0.0
124.65,45.75,45.75,40.09,40.03,7673.36,4160.15,5226.55,0.0,0.0
124.77,45.76,45.76,40.12,40.04,7672.41,4159.54,5220.2,0.0,0.0
124.83,45.79,45.79,40.12,40.06,7670.83,4154.66,5219.14,0.0,0.0
124.93,45.76,45.8,40.13,40.07,7673.05,4151.61,5217.03,0.0,0.0
125.05,45.8,45.81,40.14,40.08,7670.51,4149.79,5214.56,0.0,0.0
125.14,45.8,45.83,40.15,40.1,7669.56,4147.96,5213.85,0.0,0.0
125.26,45.79,45.84,40.17,40.11,7670.83,4146.44,5209.63,0.0,0.0
125.32,45.83,45.84,40.19,40.12,7667.66,4145.83,5203.64,0.0,0.0
125.44,45.86,45.85,40.21,40.13,7666.39,4144.0,5200.12,0.0,0.0
125.54,45.87,45.87,40.24,40.15,7665.76,4140.35,5194.85,0.0,0.0
125.65,45.86,45.89,40.24,40.16,7666.39,4137.92,5193.44,0.0,0.0
125.74,45.88,45.9,40.25,40.17,7664.49,4135.18,5192.74,0.0,0.0
125.86,45.9,45.92,40.25,40.19,7663.86,4133.06,5192.39,0.0,0.0
125.92,45.91,45.93,40.25,40.2,7663.54,4131.54,5191.33,0.0,0.0
126.04,45.91,45.94,40.28,40.21,7663.54,4129.71,5185.36,0.0,0.0
126.13,45.91,45.94,40.32,40.22,7663.22,4128.8,5177.64,0.0,0.0
126.26,45.92,45.95,40.33,40.24,7661.96,4127.59,5174.49,0.0,0.0
126.36,45.94,45.96,40.34,40.25,7661.64,4125.77,5171.68,0.0,0.0
126.42,45.92,45.97,40.35,40.26,7662.27,4125.16,5170.98,0.0,0.0
126.54,45.92,45.98,40.35,40.28,7661.96,4123.34,5170.98,0.0,0.0
126.64,45.95,46.0,40.35,40.29,7661.01,4119.4,5170.63,0.0,0.0
126.75,45.92,46.01,40.36,40.3,7662.59,4117.27,5167.48,0.0,0.0
126.85,45.91,46.03,40.37,40.31,7662.91,4114.55,5166.43,0.0,0.0
126.97,45.95,46.05,40.41,40.33,7661.01,4112.12,5158.38,0.0,0.0
127.03,45.92,46.06,40.41,40.34,7661.96,4110.31,5158.03,0.0,0.0
127.13,45.94,46.07,40.43,40.35,7660.69,4108.19,5154.18,0.0,0.0
127.25,45.95,46.08,40.44,40.37,7660.37,4106.67,5150.68,0.0,0.0
127.34,45.95,46.09,40.45,40.38,7660.37,4104.86,5148.94,0.0,0.0
127.46,45.98,46.1,40.46,40.39,7658.47,4103.04,5148.24,0.0,0.0
127.57,45.95,46.11,40.46,40.4,7660.37,4101.53,5148.24,0.0,0.0
127.63,45.96,46.11,40.47,40.42,7659.11,4101.23,5145.79,0.0,0.0
127.75,46.0,46.14,40.48,40.43,7656.89,4097.3,5142.3,0.0,0.0
127.87,46.0,46.17,40.5,40.44,7657.84,4092.76,5139.51,0.0,0.0
127.94,45.96,46.18,40.51,40.45,7659.11,4090.05,5136.37,0.0,0.0
128.02,46.0,46.18,40.54,40.47,7657.52,4090.65,5131.14,0.0,0.0
128.19,45.96,46.2,40.55,40.48,7659.11,4087.93,5127.65,0.0,0.0
128.25,46.0,46.2,40.55,40.49,7656.89,4087.33,5127.65,0.0,0.0
128.33,46.0,46.21,40.56,40.51,7657.84,4085.52,5126.61,0.0,0.0
128.45,46.02,46.24,40.57,40.52,7656.57,4081.29,5125.22,0.0,0.0
128.54,46.03,46.24,40.57,40.53,7655.94,4080.99,5123.47,0.0,0.0
128.64,46.05,46.27,40.58,40.54,7653.72,4075.57,5122.78,0.0,0.0
128.74,46.03,46.28,40.6,40.56,7655.3,4074.96,5118.6,0.0,0.0
128.86,46.06,46.29,40.62,40.57,7653.4,4072.55,5113.04,0.0,0.0
128.95,46.06,46.31,40.63,40.58,7653.4,4070.14,5110.95,0.0,0.0
129.07,46.05,46.31,40.66,40.59,7654.35,4069.84,5106.08,0.0,0.0
129.13,46.13,46.32,40.66,40.61,7650.24,4067.44,5104.69,0.0,0.0
129.23,46.13,46.32,40.67,40.62,7650.24,4067.13,5103.31,0.0,0.0
129.35,46.12,46.34,40.67,40.63,7650.55,4065.03,5103.31,0.0,0.0
129.44,46.14,46.35,40.68,40.64,7649.29,4062.32,5100.87,0.0,0.0
129.57,46.14,46.36,40.7,40.66,7648.34,4060.82,5097.4,0.0,0.0
129.64,46.14,46.38,40.71,40.67,7648.34,4058.11,5093.93,0.0,0.0
129.74,46.14,46.4,40.73,40.68,7648.34,4055.11,5090.12,0.0,0.0
129.86,46.18,46.41,40.75,40.69,7645.48,4053.0,5087.35,0.0,0.0
129.95,46.18,46.42,40.76,40.71,7645.48,4052.7,5084.92,0.0,0.0
130.04,46.18,46.43,40.77,40.72,7645.48,4050.3,5082.5,0.0,0.0
130.14,46.19,46.43,40.78,40.73,7645.17,4050.0,5080.77,0.0,0.0
130.25,46.2,46.44,40.78,40.74,7644.85,4048.8,5080.42,0.0,0.0
130.35,46.25,46.44,40.79,40.76,7642.32,4048.5,5077.3,0.0,0.0
130.42,46.24,46.45,40.83,40.77,7642.64,4047.0,5070.73,0.0,0.0
130.53,46.23,46.48,40.84,40.78,7642.95,4041.9,5066.93,0.0,0.0
130.66,46.23,46.5,40.86,40.79,7643.27,4039.8,5064.16,0.0,0.0
130.76,46.25,46.49,40.87,40.81,7642.32,4041.0,5061.06,0.0,0.0
130.83,46.25,46.52,40.88,40.82,7642.32,4036.2,5060.02,0.0,0.0
130.93,46.25,46.53,40.89,40.83,7641.37,4035.0,5058.29,0.0,0.0
131.07,46.25,46.54,40.88,40.84,7642.0,4033.21,5058.98,0.0,0.0
131.17,46.25,46.55,40.89,40.86,7641.37,4031.71,5056.91,0.0,0.0
131.23,46.25,46.55,40.91,40.87,7641.37,4031.41,5052.77,0.0,0.0
131.32,46.25,46.56,40.94,40.88,7641.05,4029.02,5047.6,0.0,0.0
131.45,46.27,46.57,40.94,40.89,7640.74,4028.42,5047.26,0.0,0.0
131.57,46.29,46.57,40.96,40.91,7639.47,4028.42,5042.78,0.0,0.0
131.66,46.28,46.58,40.98,40.92,7640.1,4026.02,5039.33,0.0,0.0
131.73,46.31,46.6,40.98,40.93,7638.2,4023.03,5038.3,0.0,0.0
131.82,46.28,46.62,40.99,40.94,7640.1,4020.04,5036.92,0.0,0.0
131.95,46.37,46.64,41.0,40.96,7635.67,4017.65,5035.89,0.0,0.0
132.07,46.34,46.64,41.01,40.97,7636.94,4016.75,5032.79,0.0,0.0
132.16,46.36,46.67,41.03,40.98,7635.98,4012.57,5028.32,0.0,0.0
132.23,46.37,46.67,41.05,40.99,7634.08,4012.87,5023.85,0.0,0.0
132.33,46.38,46.67,41.07,41.01,7634.4,4012.27,5020.76,0.0,0.0
132.45,46.39,46.69,41.08,41.02,7632.82,4009.59,5018.7,0.0,0.0
132.53,46.42,46.69,41.09,41.03,7632.5,4008.39,5017.33,0.0,0.0
132.67,46.4,46.7,41.09,41.04,7631.55,4007.2,5015.61,0.0,0.0
132.73,46.39,46.73,41.1,41.05,7633.45,4003.02,5014.58,0.0,0.0
132.85,46.48,46.74,41.11,41.07,7628.07,4001.53,5011.84,0.0,0.0
132.95,46.45,46.75,41.13,41.08,7629.97,3999.74,5008.75,0.0,0.0
133.04,46.48,46.77,41.14,41.09,7627.75,3995.87,5006.69,0.0,0.0
133.17,46.5,46.78,41.14,41.1,7626.8,3995.57,5005.32,0.0,0.0
133.23,46.5,46.79,41.17,41.12,7626.49,3993.19,4999.5,0.0,0.0
133.33,46.5,46.8,41.19,41.13,7626.17,3991.4,4996.07,0.0,0.0
133.45,46.49,46.81,41.19,41.14,7627.12,3990.21,4995.73,0.0,0.0
133.54,46.54,46.82,41.2,41.15,7624.9,3988.42,4994.36,0.0,0.0
133.65,46.54,46.82,41.2,41.16,7624.59,3989.32,4993.33,0.0,0.0
133.77,46.51,46.84,41.21,41.18,7625.22,3985.45,4991.97,0.0,0.0
133.83,46.5,46.84,41.22,41.19,7626.17,3984.85,4990.25,0.0,0.0
133.94,46.57,46.86,41.25,41.2,7622.37,3983.07,4984.1,0.0,0.0
134.04,46.54,46.88,41.26,41.21,7624.27,3979.5,4981.02,0.0,0.0
134.15,46.54,46.89,41.28,41.22,7624.9,3977.72,4976.93,0.0,0.0
134.24,46.51,46.89,41.3,41.24,7625.22,3977.42,4973.51,0.0,0.0
134.36,46.55,46.9,41.3,41.25,7623.64,3975.94,4973.17,0.0,0.0
134.42,46.6,46.9,41.31,41.26,7620.79,3975.64,4971.46,0.0,0.0
134.54,46.57,46.91,41.31,41.27,7622.69,3974.45,4971.46,0.0,0.0
134.64,46.59,46.92,41.32,41.28,7621.42,3973.86,4970.1,0.0,0.0
134.77,46.57,46.93,41.33,41.3,7622.37,3970.89,4967.37,0.0,0.0
134.84,46.57,46.94,41.34,41.31,7622.37,3970.3,4965.67,0.0,0.0
134.92,46.57,46.95,41.35,41.32,7622.37,3968.81,4964.3,0.0,0.0
135.05,46.57,46.97,41.37,41.33,7622.05,3965.85,4959.87,0.0,0.0
135.16,46.62,46.99,41.4,41.35,7619.52,3962.88,4953.74,0.0,0.0
135.25,46.59,47.0,41.4,41.36,7621.74,3959.92,4954.08,0.0,0.0
135.37,46.6,47.01,41.41,41.37,7620.15,3958.43,4952.04,0.0,0.0
135.44,46.6,47.03,41.42,41.38,7619.84,3955.47,4949.66,0.0,0.0
135.6,46.6,47.04,41.42,41.39,7620.47,3954.29,4949.66,0.0,0.0
135.66,46.62,47.04,41.42,41.4,7619.52,3953.99,4949.66,0.0,0.0
135.75,46.62,47.05,41.43,41.42,7619.52,3952.81,4946.6,0.0,0.0
135.85,46.68,47.07,41.46,41.43,7616.67,3950.44,4941.5,0.0,0.0
135.94,46.63,47.08,41.47,41.44,7618.57,3947.77,4940.14,0.0,0.0
136.06,46.65,47.09,41.48,41.45,7617.3,3946.89,4937.08,0.0,0.0
136.16,46.65,47.1,41.49,41.46,7617.94,3944.82,4936.4,0.0,0.0
136.26,46.68,47.12,41.5,41.48,7615.41,3942.16,4932.67,0.0,0.0
136.32,46.68,47.13,41.52,41.49,7616.04,3941.27,4929.95,0.0,0.0
136.45,46.67,47.14,41.52,41.5,7615.72,3938.61,4928.94,0.0,0.0
136.57,46.7,47.15,41.52,41.51,7614.46,3937.72,4928.94,0.0,0.0
136.67,46.71,47.17,41.53,41.52,7613.51,3935.07,4926.9,0.0,0.0
136.77,46.74,47.16,41.53,41.54,7611.61,3935.36,4926.9,0.0,0.0
136.83,46.73,47.19,41.55,41.55,7613.19,3931.23,4924.19,0.0,0.0
136.95,46.78,47.2,41.56,41.56,7610.34,3929.46,4921.48,0.0,0.0
137.08,46.78,47.2,41.58,41.57,7609.71,3930.05,4918.09,0.0,0.0
137.18,46.76,47.22,41.59,41.58,7610.66,3926.51,4915.72,0.0,0.0
137.27,46.76,47.24,41.61,41.59,7610.97,3923.85,4911.99,0.0,0.0
137.33,46.78,47.26,41.61,41.61,7609.71,3920.9,4910.98,0.0,0.0
137.46,46.83,47.27,41.62,41.62,7606.23,3918.84,4909.96,0.0,0.0
137.56,46.83,47.27,41.63,41.63,7606.23,3919.14,4906.58,0.0,0.0
137.65,46.82,47.29,41.64,41.64,7606.86,3916.19,4905.9,0.0,0.0
137.76,46.84,47.29,41.64,41.65,7605.91,3916.19,4904.55,0.0,0.0
137.84,46.88,47.3,41.65,41.67,7603.7,3914.72,4902.86,0.0,0.0
137.97,46.86,47.31,41.67,41.68,7604.33,3912.66,4899.48,0.0,0.0
138.07,46.88,47.32,41.7,41.69,7604.01,3911.19,4893.4,0.0,0.0
138.16,46.86,47.33,41.71,41.7,7604.33,3910.3,4891.37,0.0,0.0
138.22,46.89,47.35,41.73,41.71,7603.06,3906.19,4888.0,0.0,0.0
138.35,46.92,47.36,41.73,41.72,7601.16,3905.3,4887.32,0.0,0.0
138.44,46.9,47.38,41.75,41.74,7602.75,3902.36,4883.95,0.0,0.0
138.54,46.9,47.39,41.75,41.75,7601.8,3900.31,4883.95,0.0,0.0
138.67,46.95,47.4,41.75,41.76,7599.9,3898.84,4883.28,0.0,0.0
138.74,46.9,47.42,41.77,41.77,7601.8,3896.49,4880.58,0.0,0.0
138.85,46.92,47.42,41.78,41.78,7601.16,3896.78,4877.55,0.0,0.0
138.97,46.93,47.43,41.79,41.79,7600.21,3895.02,4874.85,0.0,0.0
139.07,46.95,47.45,41.81,41.81,7599.9,3891.5,4871.15,0.0,0.0
139.14,46.95,47.46,41.83,41.82,7599.9,3890.32,4867.45,0.0,0.0
139.24,46.96,47.47,41.84,41.83,7598.95,3887.98,4865.09,0.0,0.0
139.37,46.95,47.47,41.84,41.84,7599.9,3887.98,4865.09,0.0,0.0
139.47,46.96,47.48,41.85,41.85,7598.95,3886.51,4863.75,0.0,0.0
139.54,46.96,47.5,41.86,41.86,7598.95,3883.58,4862.4,0.0,0.0
139.65,47.0,47.5,41.86,41.88,7597.37,3883.58,4861.73,0.0,0.0
139.78,47.0,47.52,41.87,41.89,7596.42,3880.94,4860.39,0.0,0.0
139.87,46.99,47.53,41.88,41.9,7596.73,3879.77,4858.37,0.0,0.0
139.94,47.0,47.53,41.9,41.91,7596.1,3879.48,4852.99,0.0,0.0
140.05,47.0,47.53,41.91,41.92,7597.37,3879.18,4852.66,0.0,0.0
140.17,47.01,47.53,41.93,41.93,7595.78,3879.18,4847.29,0.0,0.0
140.27,47.01,47.53,41.95,41.95,7595.47,3879.18,4844.27,0.0,0.0
140.34,47.03,47.54,41.95,41.96,7594.52,3878.3,4844.27,0.0,0.0
140.45,47.07,47.55,41.96,41.97,7591.99,3876.84,4842.26,0.0,0.0
140.57,47.07,47.55,41.96,41.98,7591.99,3875.67,4841.92,0.0,0.0
140.67,47.08,47.57,41.96,41.99,7591.67,3873.62,4841.59,0.0,0.0
140.73,47.07,47.58,41.97,42.0,7591.36,3872.16,4840.58,0.0,0.0
140.84,47.12,47.6,41.97,42.02,7589.77,3869.23,4840.25,0.0,0.0
140.97,47.14,47.62,41.99,42.03,7587.87,3865.43,4835.89,0.0,0.0
141.06,47.12,47.64,42.01,42.04,7588.82,3862.21,4832.54,0.0,0.0
141.19,47.14,47.65,42.02,42.05,7588.19,3861.34,4829.53,0.0,0.0
141.26,47.12,47.66,42.04,42.06,7589.14,3859.88,4826.51,0.0,0.0
141.36,47.15,47.66,42.05,42.07,7586.93,3859.88,4825.18,0.0,0.0
141.45,47.14,47.67,42.06,42.08,7587.87,3858.42,4821.83,0.0,0.0
141.59,47.17,47.68,42.07,42.1,7586.61,3856.08,4820.49,0.0,0.0
141.65,47.17,47.68,42.08,42.11,7585.98,3856.37,4818.82,0.0,0.0
141.76,47.2,47.69,42.09,42.12,7584.39,3854.62,4817.15,0.0,0.0
141.89,47.21,47.73,42.1,42.13,7583.76,3848.5,4814.48,0.0,0.0
141.97,47.18,47.73,42.12,42.14,7585.03,3849.66,4810.47,0.0,0.0
142.06,47.21,47.74,42.14,42.15,7584.08,3847.33,4807.8,0.0,0.0
142.16,47.21,47.76,42.15,42.16,7583.76,3844.41,4805.47,0.0,0.0
142.25,47.22,47.77,42.17,42.17,7583.45,3842.96,4801.8,0.0,0.0
142.37,47.23,47.78,42.18,42.19,7581.86,3842.08,4799.46,0.0,0.0
142.45,47.22,47.8,42.18,42.2,7582.81,3839.17,4799.13,0.0,0.0
142.56,47.26,47.79,42.19,42.21,7580.91,3840.92,4797.8,0.0,0.0
142.67,47.28,47.8,42.19,42.22,7579.65,3839.17,4796.46,0.0,0.0
142.77,47.27,47.82,42.21,42.23,7580.28,3836.26,4794.13,0.0,0.0
142.9,47.26,47.82,42.22,42.24,7579.97,3835.09,4791.8,0.0,0.0
142.97,47.27,47.84,42.24,42.25,7580.6,3833.06,4788.14,0.0,0.0
143.07,47.28,47.84,42.25,42.26,7579.65,3832.18,4785.47,0.0,0.0
143.16,47.27,47.87,42.27,42.28,7580.28,3828.4,4781.82,0.0,0.0
143.26,47.28,47.87,42.28,42.29,7579.65,3828.4,4779.82,0.0,0.0
143.35,47.31,47.87,42.29,42.3,7578.38,3828.11,4778.16,0.0,0.0
143.46,47.3,47.89,42.29,42.31,7578.07,3825.5,4777.49,0.0,0.0
143.58,47.31,47.9,42.29,42.32,7577.75,3824.33,4777.49,0.0,0.0
143.68,47.34,47.89,42.3,42.33,7576.17,3824.62,4775.17,0.0,0.0
143.75,47.33,47.91,42.31,42.34,7576.8,3822.59,4773.51,0.0,0.0
143.86,47.34,47.92,42.34,42.35,7576.17,3821.14,4768.19,0.0,0.0
143.95,47.34,47.93,42.34,42.37,7575.85,3819.68,4768.19,0.0,0.0
144.09,47.37,47.93,42.37,42.38,7574.59,3819.1,4762.22,0.0,0.0
144.15,47.36,47.95,42.39,42.39,7575.22,3816.2,4758.24,0.0,0.0
144.26,47.38,47.96,42.4,42.4,7573.64,3815.04,4756.25,0.0,0.0
144.35,47.42,47.98,42.4,42.41,7572.06,3811.56,4757.25,0.0,0.0
144.49,47.4,48.0,42.41,42.42,7573.01,3808.95,4755.26,0.0,0.0
144.53,47.4,48.01,42.42,42.43,7572.37,3806.92,4753.6,0.0,0.0
144.67,47.42,48.01,42.42,42.44,7570.48,3806.92,4751.95,0.0,0.0
144.77,47.42,48.03,42.44,42.45,7571.11,3804.89,4748.3,0.0,0.0
144.84,47.42,48.03,42.45,42.47,7571.43,3804.02,4747.31,0.0,0.0
144.97,47.44,48.03,42.47,42.48,7569.84,3804.02,4743.67,0.0,0.0
145.07,47.42,48.06,42.48,42.49,7570.48,3800.26,4740.69,0.0,0.0
145.17,47.44,48.07,42.5,42.5,7569.21,3799.1,4737.06,0.0,0.0
145.23,47.48,48.06,42.5,42.51,7567.63,3799.68,4737.72,0.0,0.0
145.34,47.46,48.11,42.51,42.52,7568.89,3792.73,4735.73,0.0,0.0
145.47,47.44,48.1,42.51,42.53,7569.21,3794.47,4735.07,0.0,0.0
145.57,47.5,48.12,42.52,42.54,7566.05,3791.57,4732.76,0.0,0.0
145.63,47.47,48.13,42.55,42.55,7568.26,3789.26,4728.8,0.0,0.0
145.74,47.53,48.15,42.55,42.57,7564.78,3787.24,4728.14,0.0,0.0
145.87,47.48,48.16,42.58,42.58,7567.31,3785.79,4723.19,0.0,0.0
146.01,47.48,48.16,42.59,42.59,7567.63,3784.93,4720.22,0.0,0.0
146.04,47.52,48.17,42.6,42.6,7565.42,3784.06,4719.23,0.0,0.0
146.15,47.53,48.17,42.6,42.61,7565.1,3783.19,4717.91,0.0,0.0
146.28,47.53,48.2,42.62,42.62,7565.1,3779.73,4715.27,0.0,0.0
146.37,47.53,48.2,42.62,42.63,7564.15,3779.44,4715.27,0.0,0.0
146.44,47.53,48.22,42.62,42.64,7564.78,3777.13,4713.96,0.0,0.0
146.56,47.52,48.23,42.62,42.65,7565.42,3774.53,4713.96,0.0,0.0
146.67,47.53,48.26,42.63,42.66,7565.1,3771.07,4712.31,0.0,0.0
146.75,47.59,48.25,42.64,42.68,7561.62,3771.65,4711.65,0.0,0.0
146.84,47.55,48.24,42.65,42.69,7563.84,3773.09,4708.03,0.0,0.0
146.95,47.55,48.27,42.67,42.7,7562.89,3769.63,4705.39,0.0,0.0
147.08,47.57,48.27,42.69,42.71,7562.25,3769.34,4701.78,0.0,0.0
147.17,47.58,48.28,42.69,42.72,7561.31,3768.19,4700.79,0.0,0.0
147.23,47.57,48.28,42.7,42.73,7562.57,3767.32,4698.81,0.0,0.0
147.33,47.58,48.29,42.71,42.74,7561.31,3766.46,4697.17,0.0,0.0
147.46,47.58,48.29,42.72,42.75,7561.31,3765.59,4696.51,0.0,0.0
147.55,47.61,48.3,42.72,42.76,7560.04,3764.73,4695.2,0.0,0.0
147.68,47.59,48.32,42.73,42.77,7561.62,3762.43,4693.88,0.0,0.0
147.75,47.59,48.32,42.73,42.79,7560.99,3761.56,4692.9,0.0,0.0
147.86,47.58,48.33,42.74,42.8,7561.31,3760.41,4691.58,0.0,0.0
147.96,47.61,48.35,42.74,42.81,7559.73,3757.82,4691.26,0.0,0.0
148.09,47.63,48.35,42.76,42.82,7559.41,3758.11,4687.32,0.0,0.0
148.16,47.62,48.37,42.77,42.83,7560.36,3754.65,4686.66,0.0,0.0
148.26,47.63,48.37,42.79,42.84,7559.41,3753.79,4682.07,0.0,0.0
148.36,47.64,48.38,42.8,42.85,7558.14,3752.64,4679.77,0.0,0.0
148.48,47.63,48.39,42.82,42.86,7558.78,3751.78,4676.82,0.0,0.0
148.55,47.63,48.39,42.83,42.87,7558.78,3751.2,4675.18,0.0,0.0
148.66,47.65,48.4,42.84,42.88,7557.51,3749.77,4673.54,0.0,0.0
148.75,47.69,48.4,42.84,42.89,7555.3,3749.77,4672.23,0.0,0.0
148.88,47.64,48.41,42.84,42.9,7558.46,3748.9,4672.23,0.0,0.0
148.95,47.65,48.41,42.86,42.91,7557.51,3748.62,4669.28,0.0,0.0
149.06,47.69,48.42,42.87,42.93,7555.62,3746.6,4667.97,0.0,0.0
149.18,47.69,48.43,42.87,42.94,7555.62,3745.17,4667.64,0.0,0.0
149.27,47.71,48.46,42.87,42.95,7554.35,3741.72,4666.99,0.0,0.0
149.34,47.69,48.46,42.9,42.96,7555.3,3741.15,4662.41,0.0,0.0
149.44,47.71,48.47,42.91,42.97,7554.67,3739.43,4660.45,0.0,0.0
149.57,47.72,48.48,42.92,42.98,7552.77,3738.28,4657.83,0.0,0.0
149.67,47.77,48.49,42.93,42.99,7551.19,3737.7,4655.87,0.0,0.0
149.81,47.72,48.5,42.94,43.0,7553.72,3735.98,4654.23,0.0,0.0
149.85,47.74,48.52,42.95,43.01,7552.45,3732.54,4652.93,0.0,0.0
149.98,47.77,48.52,42.95,43.02,7550.87,3732.83,4652.27,0.0,0.0
150.08,47.81,48.53,42.97,43.03,7549.29,3731.68,4649.33,0.0,0.0
150.15,47.78,48.54,42.97,43.04,7550.24,3730.25,4649.33,0.0,0.0
150.25,47.81,48.54,42.99,43.05,7549.29,3729.96,4645.74,0.0,0.0
150.38,47.83,48.54,43.0,43.06,7548.03,3729.1,4643.46,0.0,0.0
150.48,47.85,48.55,43.01,43.07,7546.13,3727.96,4640.85,0.0,0.0
150.59,47.77,48.57,43.03,43.08,7550.87,3725.66,4637.59,0.0,0.0
150.65,47.83,48.57,43.04,43.09,7547.08,3725.66,4635.63,0.0,0.0
150.78,47.81,48.59,43.04,43.11,7548.66,3721.94,4636.28,0.0,0.0
150.88,47.85,48.6,43.06,43.12,7546.45,3721.65,4632.37,0.0,0.0
150.94,47.9,48.61,43.06,43.13,7544.23,3719.65,4631.72,0.0,0.0
151.05,47.9,48.63,43.06,43.14,7543.28,3717.08,4631.07,0.0,0.0
151.18,47.9,48.64,43.07,43.15,7544.23,3715.93,4629.76,0.0,0.0
151.28,47.89,48.64,43.07,43.16,7543.92,3715.07,4630.09,0.0,0.0
151.35,47.9,48.65,43.08,43.17,7544.23,3713.93,4627.81,0.0,0.0
151.45,47.85,48.66,43.08,43.18,7546.13,3713.07,4628.14,0.0,0.0
151.58,47.9,48.66,43.08,43.19,7544.23,3712.21,4627.16,0.0,0.0
151.66,47.87,48.68,43.09,43.2,7545.5,3709.64,4625.86,0.0,0.0
151.76,47.86,48.68,43.11,43.21,7545.18,3709.93,4622.6,0.0,0.0
151.87,47.88,48.71,43.12,43.22,7544.55,3705.07,4620.0,0.0,0.0
151.97,47.91,48.72,43.13,43.23,7542.65,3703.64,4618.37,0.0,0.0
152.03,47.91,48.73,43.14,43.24,7542.97,3702.22,4617.07,0.0,0.0
152.14,47.9,48.73,43.15,43.25,7544.23,3701.93,4615.45,0.0,0.0
152.27,47.91,48.76,43.16,43.26,7542.97,3698.22,4612.52,0.0,0.0
152.37,47.91,48.76,43.17,43.27,7542.34,3697.65,4611.55,0.0,0.0
152.44,47.93,48.76,43.18,43.28,7542.02,3697.65,4609.92,0.0,0.0
152.54,47.93,48.78,43.18,43.29,7541.7,3694.51,4608.62,0.0,0.0
152.67,47.91,48.79,43.2,43.3,7542.34,3694.23,4605.38,0.0,0.0
152.78,47.93,48.79,43.21,43.31,7541.7,3693.09,4604.08,0.0,0.0
152.84,47.93,48.8,43.23,43.32,7541.7,3691.66,4600.51,0.0,0.0
152.94,47.95,48.81,43.25,43.33,7539.81,3691.09,4595.65,0.0,0.0
153.08,47.93,48.82,43.25,43.34,7542.02,3689.1,4596.62,0.0,0.0
153.17,47.91,48.84,43.27,43.35,7542.34,3686.82,4592.08,0.0,0.0
153.24,47.95,48.83,43.29,43.36,7540.76,3687.96,4589.49,0.0,0.0
153.38,47.95,48.86,43.29,43.37,7540.76,3683.97,4588.19,0.0,0.0
153.48,47.95,48.88,43.3,43.38,7539.81,3681.13,4587.22,0.0,0.0
153.58,47.95,48.88,43.31,43.4,7539.81,3680.56,4586.25,0.0,0.0
153.65,47.95,48.88,43.32,43.41,7539.81,3680.27,4583.98,0.0,0.0
153.77,47.95,48.88,43.33,43.42,7539.81,3680.56,4581.72,0.0,0.0
153.88,47.99,48.89,43.34,43.43,7537.59,3679.13,4579.78,0.0,0.0
153.97,47.98,48.91,43.34,43.44,7538.54,3676.57,4579.78,0.0,0.0
154.04,47.99,48.92,43.37,43.45,7537.91,3675.72,4573.96,0.0,0.0
154.15,47.96,48.93,43.37,43.46,7539.49,3673.73,4573.64,0.0,0.0
154.27,47.98,48.92,43.39,43.47,7539.18,3675.15,4570.73,0.0,0.0
154.35,47.99,48.94,43.4,43.48,7537.59,3671.74,4568.79,0.0,0.0
154.44,47.99,48.95,43.4,43.49,7537.59,3671.17,4568.47,0.0,0.0
154.58,48.02,48.97,43.41,43.5,7536.33,3668.62,4566.85,0.0,0.0
154.68,48.01,48.97,43.41,43.51,7536.96,3668.05,4566.53,0.0,0.0
154.78,48.02,48.98,43.43,43.52,7536.33,3666.91,4562.98,0.0,0.0
154.85,48.01,48.98,43.43,43.53,7536.96,3666.63,4562.65,0.0,0.0
154.96,48.04,48.99,43.44,43.54,7534.75,3665.78,4561.36,0.0,0.0
155.09,47.99,49.01,43.45,43.55,7537.91,3662.94,4559.11,0.0,0.0
155.19,48.02,49.01,43.46,43.56,7535.7,3662.09,4557.82,0.0,0.0
155.25,48.06,49.01,43.48,43.57,7533.8,3662.09,4554.59,0.0,0.0
155.36,48.07,49.03,43.49,43.58,7533.17,3660.1,4552.98,0.0,0.0
155.46,48.04,49.02,43.49,43.59,7534.75,3660.67,4552.34,0.0,0.0
155.6,48.06,49.04,43.51,43.6,7533.8,3658.4,4549.44,0.0,0.0
155.66,48.07,49.05,43.51,43.61,7533.17,3656.98,4548.15,0.0,0.0
155.8,48.05,49.05,43.52,43.62,7534.43,3656.98,4547.5,0.0,0.0
155.9,48.06,49.05,43.52,43.63,7534.12,3656.41,4547.18,0.0,0.0
156.0,48.1,49.06,43.52,43.64,7531.59,3655.0,4546.86,0.0,0.0
156.06,48.07,49.07,43.52,43.65,7533.17,3653.86,4546.54,0.0,0.0
156.17,48.09,49.08,43.53,43.66,7531.27,3652.73,4544.93,0.0,0.0
156.3,48.07,49.09,43.54,43.67,7533.49,3651.31,4543.0,0.0,0.0
156.38,48.14,49.09,43.55,43.68,7530.01,3650.75,4541.71,0.0,0.0
156.47,48.12,49.11,43.57,43.69,7529.69,3648.76,4536.88,0.0,0.0
156.57,48.14,49.12,43.58,43.7,7529.38,3647.06,4535.28,0.0,0.0
156.67,48.16,49.13,43.59,43.71,7527.8,3645.08,4533.67,0.0,0.0
156.79,48.18,49.14,43.6,43.72,7526.22,3643.67,4531.42,0.0,0.0
156.88,48.2,49.15,43.62,43.73,7525.27,3642.82,4529.49,0.0,0.0
156.98,48.15,49.16,43.62,43.74,7528.75,3641.69,4528.85,0.0,0.0
157.09,48.23,49.17,43.62,43.75,7523.69,3640.27,4527.89,0.0,0.0
157.16,48.21,49.17,43.64,43.76,7525.9,3639.99,4525.96,0.0,0.0
157.29,48.2,49.18,43.64,43.77,7525.27,3638.86,4525.96,0.0,0.0
157.36,48.18,49.2,43.64,43.78,7526.22,3635.75,4525.0,0.0,0.0
157.5,48.22,49.2,43.64,43.79,7524.64,3635.75,4524.68,0.0,0.0
157.57,48.23,49.22,43.65,43.8,7523.69,3633.2,4522.43,0.0,0.0
157.67,48.23,49.23,43.65,43.81,7523.37,3631.51,4522.75,0.0,0.0
157.77,48.25,49.23,43.67,43.82,7523.06,3631.23,4518.9,0.0,0.0
157.84,48.25,49.26,43.69,43.83,7522.74,3626.99,4516.33,0.0,0.0
157.95,48.26,49.26,43.7,43.84,7521.79,3626.99,4514.09,0.0,0.0
158.08,48.25,49.28,43.7,43.85,7522.74,3624.45,4513.77,0.0,0.0
158.2,48.23,49.28,43.72,43.86,7524.01,3623.89,4510.56,0.0,0.0
158.28,48.26,49.3,43.73,43.87,7521.79,3621.91,4509.28,0.0,0.0
158.37,48.26,49.3,43.74,43.88,7522.11,3621.06,4507.04,0.0,0.0
158.47,48.28,49.3,43.74,43.89,7521.48,3621.06,4506.72,0.0,0.0
158.55,48.26,49.31,43.74,43.9,7522.11,3619.65,4506.4,0.0,0.0
158.68,48.26,49.33,43.74,43.9,7521.79,3617.68,4506.08,0.0,0.0
158.77,48.28,49.33,43.75,43.91,7521.48,3616.84,4504.8,0.0,0.0
158.88,48.3,49.35,43.75,43.92,7521.16,3614.02,4504.8,0.0,0.0
158.98,48.3,49.38,43.77,43.93,7521.16,3611.2,4502.24,0.0,0.0
159.11,48.29,49.38,43.78,43.94,7520.53,3611.2,4499.04,0.0,0.0
159.18,48.3,49.39,43.81,43.95,7519.9,3609.79,4495.2,0.0,0.0
159.27,48.31,49.4,43.83,43.96,7519.58,3607.82,4491.05,0.0,0.0
159.37,48.29,49.41,43.84,43.97,7520.53,3606.13,4489.13,0.0,0.0
159.44,48.3,49.42,43.85,43.98,7521.16,3605.01,4487.21,0.0,0.0
159.57,48.3,49.43,43.86,43.99,7520.21,3603.88,4485.62,0.0,0.0
159.67,48.3,49.43,43.87,44.0,7520.21,3603.32,4482.75,0.0,0.0
159.78,48.3,49.45,43.88,44.01,7521.16,3600.79,4481.47,0.0,0.0
159.89,48.27,49.45,43.9,44.02,7520.85,3601.35,4478.28,0.0,0.0
159.98,48.3,49.48,43.91,44.03,7519.9,3597.13,4477.0,0.0,0.0
160.08,48.29,49.49,43.92,44.04,7520.53,3595.17,4474.77,0.0,0.0
160.17,48.31,49.51,43.93,44.05,7519.58,3592.64,4473.5,0.0,0.0
160.28,48.3,49.5,43.94,44.06,7520.21,3594.04,4470.63,0.0,0.0
160.37,48.31,49.51,43.94,44.07,7519.58,3592.64,4470.63,0.0,0.0
160.47,48.28,49.53,43.95,44.08,7521.48,3589.83,4468.72,0.0,0.0
160.57,48.3,49.54,43.95,44.09,7519.27,3588.14,4469.04,0.0,0.0
160.71,48.31,49.55,43.95,44.1,7519.58,3587.58,4468.72,0.0,0.0
160.77,48.31,49.55,43.96,44.11,7518.95,3587.02,4467.12,0.0,0.0
160.88,48.31,49.55,43.94,44.12,7519.58,3587.02,4470.63,0.0,0.0
160.95,48.31,49.55,43.96,44.13,7519.58,3586.46,4467.76,0.0,0.0
161.11,48.33,49.56,43.97,44.14,7518.63,3586.18,4466.17,0.0,0.0
161.17,48.29,49.56,43.96,44.15,7520.53,3585.62,4466.81,0.0,0.0
161.27,48.3,49.56,43.96,44.16,7519.27,3586.18,4466.81,0.0,0.0
161.34,48.31,49.56,43.96,44.17,7519.58,3585.06,4467.12,0.0,0.0
161.5,48.35,49.56,43.97,44.18,7517.37,3585.06,4466.49,0.0,0.0
161.57,48.33,49.57,43.97,44.19,7518.32,3584.78,4465.53,0.0,0.0
161.68,48.33,49.58,43.97,44.2,7518.63,3583.09,4465.53,0.0,0.0
161.78,48.35,49.59,43.97,44.21,7517.37,3581.69,4465.21,0.0,0.0
161.91,48.34,49.61,43.97,44.22,7517.69,3578.33,4465.21,0.0,0.0
161.98,48.35,49.62,43.98,44.23,7516.42,3577.77,4464.58,0.0,0.0
162.09,48.37,49.64,43.99,44.24,7516.11,3574.69,4461.71,0.0,0.0
162.19,48.37,49.64,44.0,44.25,7516.11,3574.13,4460.44,0.0,0.0
162.25,48.38,49.64,44.02,44.25,7515.16,3573.85,4457.26,0.0,0.0
162.36,48.39,49.67,44.03,44.26,7514.84,3571.04,4455.35,0.0,0.0
162.5,48.39,49.68,44.04,44.27,7514.21,3568.53,4452.49,0.0,0.0
162.6,48.41,49.69,44.06,44.28,7513.26,3568.25,4449.95,0.0,0.0
162.67,48.43,49.69,44.07,44.29,7512.95,3567.69,4447.72,0.0,0.0
162.78,48.4,49.7,44.08,44.3,7514.53,3566.01,4446.45,0.0,0.0
162.87,48.45,49.72,44.08,44.31,7511.05,3564.05,4446.45,0.0,0.0
162.98,48.43,49.74,44.09,44.32,7512.63,3561.25,4444.55,0.0,0.0
163.07,48.46,49.74,44.09,44.33,7511.68,3561.25,4443.6,0.0,0.0
163.18,48.47,49.75,44.1,44.34,7510.1,3559.02,4442.01,0.0,0.0
163.28,48.49,49.76,44.12,44.35,7509.47,3558.46,4438.52,0.0,0.0
163.41,48.47,49.78,44.14,44.36,7509.79,3555.38,4434.71,0.0,0.0
163.46,48.51,49.79,44.15,44.37,7508.21,3554.27,4432.81,0.0,0.0
163.6,48.54,49.81,44.19,44.38,7506.63,3551.48,4427.11,0.0,0.0
163.7,48.55,49.8,44.19,44.39,7505.68,3552.03,4426.79,0.0,0.0
163.77,48.54,49.82,44.19,44.4,7506.0,3549.52,4426.79,0.0,0.0
163.87,48.57,49.83,44.2,44.41,7505.05,3548.68,4424.26,0.0,0.0
163.97,48.52,49.84,44.21,44.42,7506.95,3547.29,4423.31,0.0,0.0
164.08,48.57,49.84,44.21,44.42,7503.79,3546.45,4422.36,0.0,0.0
164.17,48.59,49.84,44.22,44.43,7504.1,3546.45,4420.46,0.0,0.0
164.28,48.59,49.87,44.26,44.44,7503.47,3543.38,4413.51,0.0,0.0
164.38,48.54,49.87,44.29,44.45,7506.0,3542.55,4409.71,0.0,0.0
164.47,48.59,49.87,44.28,44.46,7503.47,3542.55,4410.35,0.0,0.0
164.58,48.57,49.88,44.3,44.47,7503.79,3541.15,4407.5,0.0,0.0
164.7,48.62,49.89,44.31,44.48,7502.21,3540.6,4404.66,0.0,0.0
164.8,48.59,49.91,44.31,44.49,7503.47,3537.81,4405.61,0.0,0.0
164.88,48.59,49.92,44.32,44.5,7503.16,3536.14,4402.77,0.0,0.0
164.99,48.62,49.91,44.32,44.51,7501.89,3537.81,4403.71,0.0,0.0
165.09,48.61,49.92,44.32,44.52,7502.52,3535.58,4403.71,0.0,0.0
165.16,48.65,49.93,44.34,44.53,7500.95,3535.03,4399.3,0.0,0.0
165.3,48.62,49.93,44.36,44.54,7501.57,3534.75,4397.09,0.0,0.0
165.37,48.63,49.95,44.37,44.55,7501.26,3532.52,4394.88,0.0,0.0
165.5,48.65,49.94,44.39,44.56,7500.31,3533.08,4391.73,0.0,0.0
165.57,48.65,49.95,44.41,44.57,7500.31,3531.96,4387.63,0.0,0.0
165.68,48.65,49.97,44.42,44.58,7500.31,3529.74,4386.69,0.0,0.0
165.77,48.65,49.96,44.42,44.58,7500.95,3530.29,4386.06,0.0,0.0
165.89,48.67,49.97,44.43,44.59,7499.36,3529.18,4384.49,0.0,0.0
165.98,48.65,49.98,44.43,44.6,7499.68,3527.51,4384.17,0.0,0.0
166.08,48.65,50.0,44.44,44.61,7500.31,3525.84,4382.91,0.0,0.0
166.19,48.65,50.0,44.45,44.62,7500.0,3524.73,4381.02,0.0,0.0
166.26,48.65,50.02,44.46,44.63,7499.68,3522.78,4378.51,0.0,0.0
166.36,48.68,50.03,44.48,44.64,7498.42,3520.84,4375.05,0.0,0.0
166.49,48.67,50.04,44.5,44.65,7499.36,3520.56,4372.85,0.0,0.0
166.58,48.67,50.05,44.52,44.66,7499.36,3518.06,4369.08,0.0,0.0
166.65,48.67,50.07,44.53,44.67,7499.05,3516.12,4366.56,0.0,0.0
166.79,48.67,50.07,44.53,44.68,7498.73,3515.84,4366.56,0.0,0.0
166.9,48.67,50.07,44.55,44.69,7499.36,3515.28,4364.05,0.0,0.0
166.99,48.69,50.09,44.55,44.7,7497.78,3513.62,4363.74,0.0,0.0
167.06,48.7,50.1,44.55,44.71,7497.15,3512.51,4363.74,0.0,0.0
167.2,48.69,50.1,44.56,44.71,7497.78,3512.23,4360.91,0.0,0.0
167.3,48.7,50.1,44.57,44.72,7496.84,3511.4,4360.6,0.0,0.0
167.39,48.69,50.12,44.59,44.73,7497.78,3508.62,4355.9,0.0,0.0
167.5,48.74,50.15,44.6,44.74,7495.57,3505.29,4354.95,0.0,0.0
167.56,48.7,50.15,44.63,44.75,7497.15,3504.74,4350.25,0.0,0.0
167.69,48.74,50.18,44.65,44.76,7495.57,3500.86,4346.5,0.0,0.0
167.79,48.75,50.19,44.65,44.77,7494.31,3499.75,4346.5,0.0,0.0
167.9,48.72,50.2,44.65,44.78,7495.26,3497.81,4345.24,0.0,0.0
167.97,48.72,50.2,44.66,44.79,7496.52,3498.64,4344.3,0.0,0.0
168.1,48.76,50.21,44.67,44.8,7493.68,3496.43,4342.74,0.0,0.0
168.2,48.76,50.23,44.67,44.81,7493.68,3494.49,4342.74,0.0,0.0
168.27,48.8,50.22,44.69,44.82,7491.15,3495.04,4339.61,0.0,0.0
168.38,48.77,50.25,44.7,44.82,7492.73,3491.45,4336.79,0.0,0.0
168.5,48.8,50.25,44.72,44.83,7492.1,3491.45,4334.29,0.0,0.0
168.6,48.8,50.27,44.74,44.84,7491.15,3488.4,4330.23,0.0,0.0
168.67,48.81,50.28,44.75,44.85,7490.52,3487.3,4328.67,0.0,0.0
168.78,48.88,50.31,44.76,44.86,7487.36,3483.98,4326.8,0.0,0.0
168.88,48.88,50.29,44.77,44.87,7487.36,3485.92,4325.23,0.0,0.0
168.95,48.83,50.33,44.78,44.88,7489.26,3480.67,4324.3,0.0,0.0
169.06,48.88,50.35,44.79,44.89,7487.36,3478.18,4322.42,0.0,0.0
169.19,48.93,50.34,44.8,44.9,7485.15,3479.01,4320.55,0.0,0.0
169.29,48.93,50.36,44.82,44.91,7485.15,3477.63,4316.81,0.0,0.0
169.41,48.87,50.36,44.82,44.92,7487.68,3477.63,4316.81,0.0,0.0
169.47,48.93,50.38,44.85,44.93,7485.15,3473.76,4311.2,0.0,0.0
169.6,48.95,50.38,44.87,44.94,7482.94,3474.31,4307.77,0.0,0.0
169.7,48.89,50.4,44.89,44.94,7486.1,3472.11,4305.59,0.0,0.0
169.77,48.91,50.42,44.89,44.95,7485.47,3468.52,4304.66,0.0,0.0
169.88,48.97,50.43,44.89,44.96,7482.31,3467.42,4304.35,0.0,0.0
169.99,48.95,50.45,44.9,44.97,7482.94,3465.21,4302.79,0.0,0.0
170.05,48.91,50.45,44.91,44.98,7485.47,3464.94,4301.55,0.0,0.0
170.16,48.92,50.46,44.92,44.99,7484.84,3463.84,4299.06,0.0,0.0
170.29,48.96,50.47,44.96,45.0,7481.68,3462.73,4293.15,0.0,0.0
170.38,48.99,50.48,44.97,45.01,7481.05,3461.08,4291.91,0.0,0.0
170.45,48.97,50.49,44.97,45.02,7482.0,3460.26,4290.35,0.0,0.0
170.56,48.95,50.48,45.0,45.03,7482.63,3460.81,4286.63,0.0,0.0
170.69,48.99,50.49,45.0,45.04,7480.1,3459.15,4286.01,0.0,0.0
170.79,48.99,50.52,45.01,45.05,7480.73,3455.85,4284.76,0.0,0.0
170.86,48.97,50.52,45.01,45.06,7482.0,3456.4,4284.76,0.0,0.0
170.96,48.96,50.51,45.01,45.07,7481.68,3456.68,4284.14,0.0,0.0
171.08,48.97,50.52,45.01,45.08,7482.31,3456.4,4284.14,0.0,0.0
171.18,48.99,50.54,45.03,45.08,7480.73,3452.82,4281.66,0.0,0.0
171.29,49.0,50.55,45.04,45.09,7479.79,3452.0,4279.8,0.0,0.0
171.37,49.02,50.56,45.04,45.1,7479.47,3450.07,4279.49,0.0,0.0
171.48,49.02,50.58,45.05,45.11,7478.52,3448.42,4277.01,0.0,0.0
171.58,49.0,50.56,45.06,45.12,7479.79,3450.07,4276.39,0.0,0.0
171.66,49.0,50.57,45.09,45.13,7479.79,3448.97,4271.43,0.0,0.0
171.79,49.02,50.59,45.09,45.14,7479.47,3446.5,4271.12,0.0,0.0
171.89,49.02,50.6,45.11,45.15,7478.84,3445.13,4267.09,0.0,0.0
171.95,49.02,50.61,45.11,45.16,7479.15,3444.3,4267.71,0.0,0.0
172.06,49.02,50.61,45.12,45.17,7478.52,3444.3,4265.54,0.0,0.0
172.18,48.98,50.61,45.13,45.18,7481.37,3443.75,4264.62,0.0,0.0
172.31,49.02,50.62,45.13,45.19,7478.84,3443.2,4264.0,0.0,0.0
172.4,49.02,50.62,45.14,45.2,7479.15,3442.65,4262.76,0.0,0.0
172.46,49.02,50.62,45.15,45.2,7478.84,3442.1,4260.59,0.0,0.0
172.58,49.02,50.64,45.16,45.21,7478.52,3440.18,4258.74,0.0,0.0
172.68,49.02,50.64,45.18,45.22,7478.84,3439.91,4254.72,0.0,0.0
172.8,49.03,50.67,45.19,45.23,7478.21,3436.34,4253.17,0.0,0.0
172.89,49.06,50.65,45.2,45.24,7476.31,3438.26,4251.63,0.0,0.0
172.95,49.07,50.68,45.22,45.25,7476.63,3434.15,4248.23,0.0,0.0
173.08,49.06,50.71,45.23,45.26,7477.26,3430.58,4247.61,0.0,0.0
173.17,49.09,50.71,45.23,45.27,7475.68,3431.13,4247.3,0.0,0.0
173.29,49.07,50.71,45.24,45.28,7475.37,3430.31,4244.52,0.0,0.0
173.36,49.1,50.73,45.25,45.29,7474.42,3428.11,4243.91,0.0,0.0
173.49,49.1,50.74,45.26,45.3,7475.05,3427.02,4242.67,0.0,0.0
173.61,49.1,50.76,45.28,45.31,7474.42,3424.83,4239.28,0.0,0.0
173.68,49.14,50.78,45.29,45.31,7472.21,3421.81,4237.43,0.0,0.0
173.79,49.15,50.78,45.3,45.32,7472.52,3421.27,4235.89,0.0,0.0
173.86,49.19,50.8,45.31,45.33,7470.63,3419.35,4233.11,0.0,0.0
174.01,49.19,50.8,45.33,45.34,7470.63,3418.53,4230.34,0.0,0.0
174.07,49.19,50.82,45.35,45.35,7470.63,3416.89,4227.57,0.0,0.0
174.17,49.18,50.85,45.35,45.36,7470.0,3412.78,4226.03,0.0,0.0
174.31,49.22,50.84,45.36,45.37,7467.47,3413.6,4225.1,0.0,0.0
174.4,49.21,50.87,45.36,45.38,7468.42,3409.23,4224.49,0.0,0.0
174.52,49.27,50.87,45.37,45.39,7464.95,3410.05,4222.95,0.0,0.0
174.59,49.26,50.87,45.38,45.4,7465.26,3409.23,4221.1,0.0,0.0
174.69,49.26,50.89,45.41,45.4,7465.58,3407.86,4217.41,0.0,0.0
174.78,49.22,50.89,45.4,45.41,7467.47,3406.77,4217.72,0.0,0.0
174.89,49.29,50.9,45.44,45.42,7463.37,3405.4,4212.5,0.0,0.0
174.99,49.3,50.91,45.45,45.43,7462.74,3404.59,4210.04,0.0,0.0
175.07,49.29,50.91,45.45,45.44,7463.37,3404.04,4209.42,0.0,0.0
175.2,49.32,50.93,45.47,45.45,7462.11,3401.86,4207.27,0.0,0.0
175.28,49.31,50.95,45.47,45.46,7463.06,3399.13,4206.35,0.0,0.0
175.4,49.32,50.96,45.47,45.47,7462.11,3398.03,4206.05,0.0,0.0
175.46,49.33,50.95,45.49,45.48,7461.16,3398.85,4203.9,0.0,0.0
175.59,49.32,50.99,45.49,45.49,7462.11,3394.76,4203.59,0.0,0.0
175.67,49.36,50.99,45.51,45.5,7459.9,3394.22,4199.91,0.0,0.0
175.78,49.33,51.01,45.53,45.51,7461.48,3392.31,4197.46,0.0,0.0
175.86,49.36,51.01,45.53,45.51,7460.21,3391.22,4196.84,0.0,0.0
175.99,49.33,51.03,45.56,45.52,7461.16,3389.58,4191.94,0.0,0.0
176.09,49.34,51.02,45.56,45.53,7460.85,3390.67,4191.33,0.0,0.0
176.21,49.33,51.03,45.58,45.54,7461.16,3388.49,4188.26,0.0,0.0
176.3,49.36,51.05,45.59,45.55,7459.9,3386.86,4186.12,0.0,0.0
176.42,49.35,51.05,45.59,45.56,7460.53,3386.31,4186.12,0.0,0.0
176.47,49.36,51.08,45.6,45.57,7460.21,3382.5,4185.2,0.0,0.0
176.57,49.38,51.09,45.6,45.58,7459.27,3381.14,4184.59,0.0,0.0
176.69,49.36,51.1,45.6,45.59,7459.9,3380.32,4184.59,0.0,0.0
176.78,49.4,51.13,45.61,45.6,7457.69,3376.52,4183.37,0.0,0.0
176.91,49.4,51.12,45.64,45.61,7458.32,3377.06,4178.47,0.0,0.0
176.97,49.38,51.14,45.65,45.62,7459.27,3374.88,4177.55,0.0,0.0
177.09,49.39,51.15,45.68,45.62,7458.95,3373.8,4172.05,0.0,0.0
177.18,49.36,51.16,45.69,45.63,7459.9,3372.71,4171.14,0.0,0.0
177.27,49.42,51.16,45.7,45.64,7457.37,3372.71,4168.69,0.0,0.0
177.4,49.38,51.17,45.71,45.65,7459.27,3371.08,4166.86,0.0,0.0
177.47,49.4,51.18,45.71,45.66,7457.69,3370.26,4167.47,0.0,0.0
177.57,49.43,51.18,45.71,45.67,7456.74,3369.18,4166.86,0.0,0.0
177.7,49.44,51.19,45.71,45.68,7455.8,3368.36,4166.25,0.0,0.0
177.78,49.42,51.2,45.73,45.69,7457.37,3367.28,4164.11,0.0,0.0
177.91,49.44,51.22,45.74,45.7,7455.8,3365.1,4161.98,0.0,0.0
177.97,49.47,51.22,45.74,45.71,7454.22,3364.83,4161.98,0.0,0.0
178.07,49.44,51.23,45.77,45.72,7455.8,3363.48,4157.4,0.0,0.0
178.2,49.46,51.24,45.78,45.73,7454.53,3361.85,4154.96,0.0,0.0
178.29,49.45,51.25,45.78,45.73,7455.48,3361.3,4154.96,0.0,0.0
178.41,49.48,51.26,45.8,45.74,7452.96,3359.68,4151.92,0.0,0.0
178.47,49.51,51.27,45.81,45.75,7452.01,3357.78,4150.7,0.0,0.0
178.59,49.52,51.27,45.82,45.76,7451.38,3357.78,4149.18,0.0,0.0
178.69,49.48,51.29,45.83,45.77,7452.96,3356.15,4147.04,0.0,0.0
178.78,49.51,51.28,45.83,45.78,7452.01,3356.42,4146.74,0.0,0.0
178.92,49.52,51.28,45.84,45.79,7451.38,3356.42,4146.13,0.0,0.0
178.98,49.57,51.3,45.84,45.8,7448.22,3354.8,4145.83,0.0,0.0
179.09,49.54,51.31,45.84,45.81,7449.8,3353.17,4145.52,0.0,0.0
179.17,49.54,51.32,45.86,45.82,7450.12,3351.82,4142.18,0.0,0.0
179.31,49.56,51.33,45.87,45.83,7448.85,3350.46,4140.35,0.0,0.0
179.4,49.59,51.34,45.88,45.84,7447.28,3349.38,4139.13,0.0,0.0
179.51,49.63,51.37,45.89,45.84,7445.07,3345.32,4137.31,0.0,0.0
179.61,49.59,51.37,45.91,45.85,7447.28,3345.86,4134.88,0.0,0.0
179.72,49.59,51.39,45.91,45.86,7447.28,3342.88,4134.27,0.0,0.0
179.78,49.66,51.41,45.92,45.87,7444.12,3340.99,4131.84,0.0,0.0
179.91,49.65,51.4,45.94,45.88,7443.81,3341.26,4128.8,0.0,0.0
180.0,49.64,51.42,45.95,45.89,7444.75,3339.63,4128.5,0.0,0.0
180.07,49.62,51.41,45.95,45.9,7445.38,3340.72,4127.89,0.0,0.0
180.19,49.64,51.43,45.96,45.91,7444.75,3337.74,4126.37,0.0,0.0
180.29,49.65,51.44,45.96,45.92,7443.81,3336.66,4126.37,0.0,0.0
180.37,49.67,51.45,45.97,45.93,7443.17,3334.77,4125.16,0.0,0.0
180.5,49.68,51.44,45.97,45.93,7442.23,3336.39,4124.25,0.0,0.0
180.56,49.71,51.44,45.99,45.94,7440.97,3336.39,4120.91,0.0,0.0
180.68,49.67,51.48,46.01,45.95,7442.86,3331.8,4117.58,0.0,0.0
180.77,49.72,51.49,46.01,45.96,7440.65,3330.72,4117.58,0.0,0.0
180.9,49.72,51.49,46.04,45.97,7440.65,3330.45,4112.73,0.0,0.0
180.99,49.72,51.5,46.06,45.98,7440.65,3328.83,4110.0,0.0,0.0
181.1,49.72,51.51,46.06,45.99,7440.65,3327.75,4109.09,0.0,0.0
181.18,49.72,51.52,46.07,46.0,7440.65,3326.13,4108.19,0.0,0.0
181.28,49.73,51.54,46.08,46.01,7439.07,3324.24,4106.67,0.0,0.0
181.4,49.74,51.55,46.08,46.02,7439.39,3322.89,4106.67,0.0,0.0
181.49,49.74,51.55,46.09,46.03,7439.39,3322.89,4105.46,0.0,0.0
181.6,49.73,51.56,46.11,46.03,7440.02,3321.81,4101.83,0.0,0.0
181.66,49.73,51.56,46.11,46.04,7439.07,3321.27,4101.83,0.0,0.0
181.79,49.75,51.57,46.12,46.05,7438.76,3320.19,4100.32,0.0,0.0
181.91,49.76,51.58,46.13,46.06,7438.44,3319.38,4099.11,0.0,0.0
182.0,49.77,51.59,46.14,46.07,7437.5,3317.23,4096.69,0.0,0.0
182.06,49.75,51.6,46.14,46.08,7438.76,3316.69,4097.6,0.0,0.0
182.18,49.76,51.61,46.15,46.09,7438.13,3314.8,4095.18,0.0,0.0
182.28,49.76,51.61,46.16,46.1,7437.81,3315.07,4093.67,0.0,0.0
182.4,49.77,51.62,46.16,46.11,7437.5,3313.72,4093.97,0.0,0.0
182.48,49.76,51.63,46.17,46.12,7438.13,3313.19,4092.46,0.0,0.0
182.61,49.76,51.63,46.17,46.12,7437.18,3312.38,4091.86,0.0,0.0
182.72,49.79,51.63,46.17,46.13,7436.86,3312.65,4091.25,0.0,0.0
182.79,49.76,51.62,46.17,46.14,7437.18,3313.99,4092.46,0.0,0.0
182.9,49.76,51.64,46.17,46.15,7437.81,3311.3,4091.25,0.0,0.0
183.02,49.79,51.65,46.18,46.16,7436.86,3310.22,4090.65,0.0,0.0
183.1,49.79,51.65,46.19,46.17,7436.86,3309.68,4089.44,0.0,0.0
183.18,49.79,51.66,46.18,46.18,7436.86,3309.42,4090.95,0.0,0.0
183.29,49.8,51.65,46.18,46.19,7435.92,3309.95,4090.05,0.0,0.0
183.41,49.8,51.66,46.19,46.2,7435.6,3308.34,4088.84,0.0,0.0
183.5,49.77,51.68,46.19,46.21,7437.5,3306.72,4089.44,0.0,0.0
183.56,49.76,51.67,46.19,46.21,7437.18,3307.26,4088.54,0.0,0.0
183.69,49.8,51.69,46.19,46.22,7435.92,3305.65,4088.84,0.0,0.0
183.79,49.76,51.68,46.2,46.23,7437.18,3306.72,4087.93,0.0,0.0
183.91,49.84,51.69,46.2,46.24,7434.03,3305.38,4086.42,0.0,0.0
184.0,49.81,51.69,46.2,46.25,7435.29,3305.38,4086.72,0.0,0.0
184.07,49.79,51.69,46.22,46.26,7436.23,3304.84,4084.01,0.0,0.0
184.19,49.84,51.7,46.23,46.27,7433.71,3304.3,4083.1,0.0,0.0
184.29,49.84,51.7,46.22,46.28,7433.71,3304.03,4083.41,0.0,0.0
184.41,49.76,51.7,46.24,46.28,7437.18,3304.3,4080.39,0.0,0.0
184.5,49.82,51.7,46.25,46.29,7434.66,3304.3,4079.18,0.0,0.0
184.61,49.8,51.7,46.28,46.3,7435.6,3304.03,4074.96,0.0,0.0
184.72,49.79,51.7,46.28,46.31,7436.23,3304.03,4074.96,0.0,0.0
184.79,49.84,51.7,46.28,46.32,7434.03,3303.76,4073.76,0.0,0.0
184.91,49.84,51.71,46.29,46.33,7433.08,3302.96,4072.55,0.0,0.0
185.01,49.82,51.71,46.3,46.34,7434.97,3302.42,4071.05,0.0,0.0
185.07,49.82,51.71,46.3,46.34,7434.66,3302.69,4070.75,0.0,0.0
185.17,49.82,51.72,46.31,46.35,7434.34,3300.81,4069.84,0.0,0.0
185.3,49.82,51.72,46.32,46.36,7434.66,3301.34,4068.34,0.0,0.0
185.39,49.85,51.74,46.33,46.37,7433.39,3299.19,4066.83,0.0,0.0
185.51,49.82,51.75,46.33,46.38,7434.34,3298.12,4065.93,0.0,0.0
185.58,49.87,51.76,46.34,46.39,7432.13,3295.7,4065.33,0.0,0.0
185.68,49.84,51.77,46.35,46.39,7433.71,3295.43,4063.52,0.0,0.0
185.8,49.87,51.77,46.35,46.4,7431.5,3295.16,4062.62,0.0,0.0
185.89,49.82,51.78,46.37,46.41,7434.34,3294.09,4059.91,0.0,0.0
186.01,49.86,51.8,46.38,46.42,7432.45,3291.13,4058.41,0.0,0.0
186.08,49.86,51.81,46.38,46.43,7432.45,3290.06,4058.41,0.0,0.0
186.18,49.86,51.83,46.4,46.44,7432.76,3287.65,4055.41,0.0,0.0
186.3,49.85,51.83,46.4,46.44,7433.39,3287.65,4055.41,0.0,0.0
186.39,49.84,51.83,46.41,46.45,7433.08,3287.11,4053.3,0.0,0.0
186.52,49.85,51.84,46.41,46.46,7433.39,3286.04,4053.0,0.0,0.0
186.58,49.86,51.82,46.42,46.47,7432.76,3288.18,4051.8,0.0,0.0
186.69,49.86,51.87,46.43,46.48,7432.76,3283.09,4050.9,0.0,0.0
186.81,49.87,51.85,46.43,46.49,7432.13,3284.69,4050.6,0.0,0.0
186.9,49.86,51.87,46.43,46.49,7432.76,3282.55,4050.9,0.0,0.0
187.03,49.89,51.89,46.43,46.5,7431.82,3279.6,4050.3,0.0,0.0
187.09,49.87,51.88,46.43,46.51,7432.13,3280.67,4049.7,0.0,0.0
187.19,49.93,51.91,46.43,46.52,7428.98,3277.46,4050.6,0.0,0.0
187.31,49.89,51.91,46.44,46.53,7431.19,3277.46,4049.1,0.0,0.0
187.39,49.94,51.93,46.44,46.53,7428.35,3275.58,4048.5,0.0,0.0
187.47,49.92,51.93,46.44,46.54,7429.29,3274.51,4049.4,0.0,0.0
187.6,49.97,51.93,46.45,46.55,7427.4,3275.58,4047.0,0.0,0.0
187.7,49.91,51.95,46.45,46.56,7429.93,3273.17,4046.7,0.0,0.0
187.79,49.92,51.95,46.46,46.57,7429.61,3272.9,4045.2,0.0,0.0
187.88,49.89,51.95,46.45,46.58,7430.87,3272.9,4046.7,0.0,0.0
187.99,49.94,51.96,46.46,46.58,7428.66,3271.3,4045.8,0.0,0.0
188.11,49.91,51.96,46.47,46.59,7429.93,3271.03,4043.7,0.0,0.0
188.2,49.91,51.96,46.48,46.6,7430.56,3271.03,4043.1,0.0,0.0
188.27,49.91,51.97,46.49,46.61,7429.93,3270.5,4041.0,0.0,0.0
188.38,49.94,51.97,46.5,46.62,7428.66,3269.96,4039.8,0.0,0.0
188.5,49.92,51.98,46.5,46.63,7429.29,3268.89,4039.5,0.0,0.0
188.59,49.93,51.98,46.52,46.63,7428.98,3269.43,4035.6,0.0,0.0
188.72,49.97,51.98,46.53,46.64,7427.4,3268.36,4035.0,0.0,0.0
188.78,49.94,52.0,46.54,46.65,7428.66,3266.48,4033.21,0.0,0.0
188.89,49.92,52.01,46.53,46.66,7429.61,3264.88,4034.11,0.0,0.0
189.01,49.93,52.02,46.54,46.67,7428.98,3263.81,4033.21,0.0,0.0
189.1,49.98,52.02,46.54,46.67,7426.45,3263.81,4032.31,0.0,0.0
189.22,49.96,52.02,46.55,46.68,7427.09,3263.54,4031.41,0.0,0.0
189.29,49.97,52.03,46.56,46.69,7426.77,3262.47,4030.21,0.0,0.0
189.39,49.96,52.04,46.55,46.7,7427.72,3261.67,4030.51,0.0,0.0
189.51,49.98,52.06,46.55,46.71,7426.45,3259.0,4030.51,0.0,0.0
189.6,49.97,52.06,46.56,46.71,7427.4,3259.53,4029.61,0.0,0.0
189.67,49.99,52.07,46.55,46.72,7425.83,3257.66,4030.81,0.0,0.0
189.79,49.96,52.08,46.56,46.73,7427.09,3256.86,4029.31,0.0,0.0
189.89,49.97,52.08,46.56,46.74,7426.77,3256.33,4029.02,0.0,0.0
190.01,49.99,52.08,46.57,46.75,7425.83,3256.59,4028.12,0.0,0.0
190.09,50.0,52.1,46.57,46.75,7425.51,3254.46,4027.52,0.0,0.0
190.17,50.0,52.09,46.58,46.76,7425.51,3254.73,4026.32,0.0,0.0
190.27,50.02,52.11,46.59,46.77,7424.56,3253.39,4024.23,0.0,0.0
190.4,50.0,52.1,46.6,46.78,7424.25,3254.19,4022.73,0.0,0.0
190.49,50.05,52.11,46.6,46.79,7422.67,3252.32,4023.03,0.0,0.0
190.62,50.04,52.12,46.63,46.79,7422.99,3252.06,4019.14,0.0,0.0
190.68,50.04,52.12,46.64,46.8,7423.93,3251.52,4017.65,0.0,0.0
190.79,50.04,52.13,46.64,46.81,7422.35,3250.46,4016.75,0.0,0.0
190.88,50.04,52.13,46.65,46.82,7423.3,3249.92,4015.26,0.0,0.0
191.01,50.07,52.14,46.67,46.83,7421.72,3248.59,4012.87,0.0,0.0
191.08,50.06,52.14,46.66,46.83,7422.04,3249.65,4014.36,0.0,0.0
191.2,50.05,52.16,46.66,46.84,7422.67,3246.99,4013.77,0.0,0.0
191.3,50.04,52.16,46.67,46.85,7423.3,3247.25,4012.27,0.0,0.0
191.41,50.04,52.16,46.68,46.86,7422.35,3247.25,4010.78,0.0,0.0
191.5,50.07,52.16,46.68,46.87,7421.72,3246.99,4010.78,0.0,0.0
191.62,50.06,52.18,46.68,46.87,7422.04,3244.59,4010.18,0.0,0.0
191.69,50.09,52.18,46.69,46.88,7420.46,3243.79,4009.59,0.0,0.0
191.79,50.06,52.19,46.68,46.89,7422.04,3242.72,4010.18,0.0,0.0
191.91,50.07,52.21,46.7,46.9,7421.72,3240.86,4008.09,0.0,0.0
192.0,50.1,52.22,46.7,46.9,7419.83,3239.79,4007.8,0.0,0.0
192.11,50.07,52.23,46.7,46.91,7421.72,3238.46,4006.9,0.0,0.0
192.19,50.08,52.23,46.72,46.92,7420.78,3237.93,4004.81,0.0,0.0
192.29,50.09,52.24,46.72,46.93,7420.15,3236.86,4004.51,0.0,0.0
192.41,50.08,52.24,46.72,46.94,7420.78,3236.6,4004.51,0.0,0.0
192.51,50.1,52.26,46.73,46.94,7419.2,3234.73,4002.13,0.0,0.0
192.57,50.1,52.25,46.75,46.95,7419.52,3235.8,3999.74,0.0,0.0
192.68,50.09,52.27,46.76,46.96,7420.46,3233.14,3997.95,0.0,0.0
192.8,50.09,52.27,46.76,46.97,7420.15,3232.87,3997.95,0.0,0.0
192.89,50.09,52.28,46.77,46.97,7420.15,3232.07,3997.06,0.0,0.0
193.01,50.08,52.28,46.79,46.98,7420.78,3231.81,3994.08,0.0,0.0
193.07,50.1,52.28,46.79,46.99,7419.83,3231.54,3994.08,0.0,0.0
193.17,50.1,52.31,46.79,47.0,7419.52,3228.61,3992.89,0.0,0.0
193.3,50.1,52.32,46.8,47.0,7419.52,3227.28,3991.7,0.0,0.0
193.39,50.1,52.32,46.8,47.01,7419.2,3227.55,3991.1,0.0,0.0
193.51,50.12,52.34,46.81,47.02,7417.94,3224.36,3989.62,0.0,0.0
193.58,50.1,52.36,46.81,47.03,7419.83,3222.5,3989.62,0.0,0.0
193.71,50.09,52.37,46.83,47.04,7420.15,3220.91,3986.94,0.0,0.0
193.81,50.1,52.37,46.83,47.04,7419.83,3221.17,3986.64,0.0,0.0
193.9,50.12,52.39,46.85,47.05,7417.94,3219.05,3983.67,0.0,0.0
194.01,50.12,52.38,46.87,47.06,7417.94,3219.58,3981.29,0.0,0.0
194.09,50.12,52.4,46.89,47.07,7417.94,3217.19,3977.13,0.0,0.0
194.19,50.1,52.41,46.9,47.07,7419.2,3215.86,3976.83,0.0,0.0
194.31,50.14,52.41,46.91,47.08,7417.63,3215.6,3975.34,0.0,0.0
194.41,50.11,52.44,46.92,47.09,7418.89,3212.15,3973.86,0.0,0.0
194.54,50.18,52.45,46.92,47.1,7415.73,3211.35,3972.97,0.0,0.0
194.6,50.14,52.47,46.93,47.1,7417.63,3208.97,3972.08,0.0,0.0
194.7,50.19,52.49,46.93,47.11,7415.1,3206.84,3971.19,0.0,0.0
194.81,50.16,52.49,46.96,47.12,7416.05,3206.31,3967.33,0.0,0.0
194.89,50.18,52.5,46.97,47.13,7415.73,3205.78,3965.85,0.0,0.0
195.04,50.22,52.51,46.98,47.14,7413.53,3203.93,3963.77,0.0,0.0
195.1,50.21,52.51,47.0,47.14,7413.21,3204.46,3960.51,0.0,0.0
195.21,50.18,52.52,47.01,47.15,7414.79,3202.87,3958.73,0.0,0.0
195.3,50.16,52.52,47.03,47.16,7416.05,3202.61,3956.36,0.0,0.0
195.41,50.19,52.54,47.03,47.17,7414.47,3200.75,3956.36,0.0,0.0
195.5,50.22,52.55,47.04,47.17,7412.89,3199.69,3954.29,0.0,0.0
195.6,50.26,52.54,47.05,47.18,7411.0,3200.49,3953.1,0.0,0.0
195.69,50.22,52.55,47.05,47.19,7413.53,3198.63,3953.1,0.0,0.0
195.81,50.2,52.54,47.05,47.2,7414.16,3200.49,3952.21,0.0,0.0
195.87,50.27,52.58,47.06,47.21,7410.69,3195.99,3951.03,0.0,0.0
195.99,50.21,52.57,47.08,47.21,7413.21,3197.05,3948.66,0.0,0.0
196.09,50.22,52.58,47.09,47.22,7413.53,3195.99,3946.59,0.0,0.0
196.21,50.24,52.59,47.11,47.23,7411.63,3193.87,3944.23,0.0,0.0
196.31,50.29,52.57,47.12,47.24,7409.11,3196.25,3942.45,0.0,0.0
196.37,50.27,52.6,47.12,47.24,7410.69,3193.08,3942.16,0.0,0.0
196.5,50.3,52.6,47.14,47.25,7408.8,3192.55,3938.61,0.0,0.0
196.61,50.3,52.6,47.14,47.26,7408.48,3192.81,3938.9,0.0,0.0
196.67,50.3,52.64,47.14,47.27,7409.43,3188.05,3938.9,0.0,0.0
196.81,50.3,52.64,47.15,47.28,7409.43,3188.85,3937.13,0.0,0.0
196.87,50.32,52.65,47.15,47.28,7407.53,3187.0,3937.43,0.0,0.0
197.0,50.31,52.65,47.16,47.29,7408.16,3187.0,3936.25,0.0,0.0
197.1,50.31,52.65,47.16,47.3,7408.16,3187.26,3935.95,0.0,0.0
197.19,50.31,52.67,47.17,47.31,7407.85,3184.88,3934.47,0.0,0.0
197.32,50.35,52.67,47.17,47.31,7406.27,3185.15,3933.59,0.0,0.0
197.38,50.33,52.66,47.18,47.32,7406.9,3185.41,3932.11,0.0,0.0
197.51,50.35,52.68,47.17,47.33,7406.59,3183.03,3933.59,0.0,0.0
197.61,50.3,52.69,47.19,47.34,7408.8,3182.51,3930.93,0.0,0.0
197.72,50.31,52.68,47.2,47.35,7408.16,3183.56,3929.16,0.0,0.0
197.81,50.35,52.7,47.23,47.35,7405.64,3181.45,3925.62,0.0,0.0
197.88,50.38,52.71,47.23,47.36,7404.38,3179.6,3924.74,0.0,0.0
198.0,50.37,52.72,47.24,47.37,7405.01,3178.55,3922.97,0.0,0.0
198.11,50.4,52.72,47.25,47.38,7403.12,3178.55,3922.08,0.0,0.0
198.19,50.39,52.74,47.26,47.38,7404.06,3176.7,3920.61,0.0,0.0
198.32,50.42,52.73,47.26,47.39,7402.17,3178.02,3920.02,0.0,0.0
198.42,50.41,52.75,47.27,47.4,7402.49,3175.12,3918.25,0.0,0.0
198.51,50.41,52.75,47.27,47.41,7402.49,3175.64,3918.84,0.0,0.0
198.61,50.45,52.77,47.28,47.41,7401.54,3173.27,3917.96,0.0,0.0
198.7,50.44,52.78,47.27,47.42,7401.23,3171.69,3918.55,0.0,0.0
198.83,50.41,52.78,47.29,47.43,7401.86,3171.69,3916.49,0.0,0.0
198.9,50.45,52.78,47.28,47.44,7401.54,3171.43,3916.78,0.0,0.0
199.0,50.47,52.79,47.28,47.45,7399.65,3170.9,3916.78,0.0,0.0
199.13,50.41,52.8,47.3,47.45,7402.49,3169.32,3914.72,0.0,0.0
199.22,50.44,52.8,47.31,47.46,7401.23,3168.79,3913.54,0.0,0.0
199.28,50.45,52.8,47.29,47.47,7400.6,3168.79,3915.6,0.0,0.0
199.39,50.45,52.82,47.31,47.48,7400.6,3167.21,3913.54,0.0,0.0
199.52,50.47,52.82,47.31,47.48,7399.97,3166.95,3913.25,0.0,0.0
199.62,50.47,52.81,47.32,47.49,7399.97,3167.47,3910.89,0.0,0.0
199.68,50.47,52.82,47.33,47.5,7399.34,3166.42,3910.3,0.0,0.0
199.82,50.45,52.83,47.35,47.51,7401.54,3165.89,3906.77,0.0,0.0
199.91,50.47,52.83,47.35,47.51,7400.28,3165.37,3906.77,0.0,0.0
200.0,50.45,52.84,47.36,47.52,7401.54,3164.84,3904.72,0.0,0.0
200.12,50.47,52.84,47.4,47.53,7399.34,3164.31,3899.72,0.0,0.0
200.21,50.47,52.85,47.39,47.54,7399.97,3162.73,3900.01,0.0,0.0
200.31,50.45,52.85,47.4,47.54,7400.6,3163.79,3899.72,0.0,0.0
200.4,50.47,52.87,47.4,47.55,7399.97,3160.36,3898.54,0.0,0.0
200.52,50.48,52.89,47.4,47.56,7398.71,3158.26,3898.54,0.0,0.0
200.58,50.47,52.88,47.4,47.57,7399.34,3159.05,3898.54,0.0,0.0
200.71,50.47,52.9,47.41,47.57,7399.02,3157.73,3897.37,0.0,0.0
200.8,50.47,52.91,47.42,47.58,7399.97,3156.15,3896.78,0.0,0.0
200.92,50.47,52.92,47.43,47.59,7399.65,3154.84,3893.85,0.0,0.0
201.01,50.47,52.92,47.43,47.6,7399.02,3155.37,3895.02,0.0,0.0
201.08,50.53,52.91,47.43,47.6,7396.81,3156.15,3894.14,0.0,0.0
201.21,50.5,52.92,47.45,47.61,7398.39,3154.31,3891.79,0.0,0.0
201.31,50.47,52.93,47.47,47.62,7399.02,3154.05,3888.86,0.0,0.0
201.4,50.47,52.94,47.47,47.63,7399.97,3151.95,3889.15,0.0,0.0
201.52,50.47,52.93,47.48,47.63,7399.02,3154.05,3886.51,0.0,0.0
201.63,50.47,52.94,47.49,47.64,7399.34,3151.95,3885.34,0.0,0.0
201.72,50.47,52.94,47.49,47.65,7399.65,3152.47,3885.04,0.0,0.0
201.81,50.48,52.95,47.52,47.66,7398.71,3150.9,3880.94,0.0,0.0
201.9,50.47,52.95,47.52,47.66,7399.34,3151.42,3881.23,0.0,0.0
202.02,50.48,52.95,47.52,47.67,7398.71,3151.69,3880.94,0.0,0.0
202.09,50.5,52.95,47.52,47.68,7398.08,3151.42,3880.65,0.0,0.0
202.19,50.47,52.95,47.53,47.69,7399.02,3150.9,3878.89,0.0,0.0
202.31,50.51,52.96,47.53,47.69,7397.76,3150.63,3879.48,0.0,0.0
202.4,50.48,52.96,47.53,47.7,7398.71,3149.85,3879.18,0.0,0.0
202.53,50.5,52.97,47.53,47.71,7398.39,3149.32,3878.89,0.0,0.0
202.6,50.47,52.98,47.54,47.71,7399.02,3148.01,3878.01,0.0,0.0
202.71,50.47,52.98,47.54,47.72,7399.02,3147.74,3877.13,0.0,0.0
202.8,50.52,53.0,47.55,47.73,7397.13,3145.91,3876.26,0.0,0.0
202.93,50.53,53.0,47.58,47.74,7396.81,3145.91,3871.57,0.0,0.0
202.98,50.52,52.99,47.58,47.74,7397.13,3146.17,3871.57,0.0,0.0
203.15,50.5,53.0,47.61,47.75,7398.39,3145.12,3867.77,0.0,0.0
203.27,50.51,53.05,47.62,47.76,7397.76,3139.61,3866.31,0.0,0.0
203.33,50.53,53.03,47.62,47.76,7396.81,3141.97,3865.14,0.0,0.0
203.43,50.5,53.05,47.62,47.77,7398.39,3139.87,3865.14,0.0,0.0
203.5,50.5,53.07,47.64,47.78,7398.39,3137.51,3862.21,0.0,0.0
203.62,50.51,53.06,47.66,47.79,7397.76,3138.56,3859.88,0.0,0.0
203.69,50.53,53.06,47.65,47.79,7396.81,3137.77,3861.34,0.0,0.0
203.78,50.51,53.07,47.67,47.8,7397.45,3136.98,3857.54,0.0,0.0
203.89,50.52,53.09,47.68,47.81,7397.13,3135.15,3857.25,0.0,0.0
204.02,50.53,53.1,47.68,47.81,7396.5,3133.84,3856.67,0.0,0.0
204.11,50.54,53.09,47.7,47.82,7396.18,3134.62,3853.75,0.0,0.0
204.18,50.53,53.1,47.71,47.83,7395.87,3133.58,3852.29,0.0,0.0
204.31,50.53,53.11,47.72,47.84,7396.81,3132.53,3850.83,0.0,0.0
204.43,50.55,53.13,47.74,47.84,7395.24,3130.17,3847.33,0.0,0.0
204.56,50.51,53.12,47.75,47.85,7397.76,3130.69,3846.16,0.0,0.0
204.63,50.54,53.13,47.76,47.86,7396.18,3130.17,3845.29,0.0,0.0
204.74,50.57,53.14,47.76,47.86,7394.61,3128.86,3844.12,0.0,0.0
204.81,50.6,53.15,47.78,47.87,7392.72,3127.55,3842.37,0.0,0.0
204.91,50.58,53.14,47.78,47.88,7393.98,3128.86,3841.5,0.0,0.0
205.0,50.63,53.16,47.79,47.89,7390.83,3126.77,3840.33,0.0,0.0
205.13,50.59,53.19,47.79,47.89,7393.03,3123.36,3839.46,0.0,0.0
205.2,50.6,53.2,47.79,47.9,7392.72,3122.06,3840.04,0.0,0.0
205.31,50.58,53.2,47.8,47.91,7394.29,3121.79,3838.3,0.0,0.0
205.4,50.6,53.2,47.81,47.91,7392.4,3121.79,3836.84,0.0,0.0
205.53,50.6,53.21,47.84,47.92,7392.4,3120.49,3832.77,0.0,0.0
205.6,50.66,53.22,47.84,47.93,7389.88,3118.92,3833.35,0.0,0.0
205.71,50.65,53.23,47.86,47.94,7390.2,3118.66,3829.57,0.0,0.0
205.8,50.6,53.23,47.86,47.94,7392.4,3118.39,3829.28,0.0,0.0
205.93,50.65,53.24,47.88,47.95,7389.57,3117.09,3827.24,0.0,0.0
205.99,50.65,53.25,47.88,47.96,7389.57,3116.3,3826.37,0.0,0.0
206.15,50.72,53.24,47.9,47.96,7386.73,3116.56,3824.33,0.0,0.0
206.21,50.68,53.24,47.9,47.97,7388.93,3116.82,3824.33,0.0,0.0
206.3,50.72,53.26,47.91,47.98,7386.41,3115.26,3822.3,0.0,0.0
206.42,50.73,53.26,47.91,47.99,7386.1,3115.0,3822.01,0.0,0.0
206.49,50.7,53.26,47.92,47.99,7387.36,3114.73,3821.43,0.0,0.0
206.61,50.73,53.3,47.92,48.0,7386.1,3110.55,3820.85,0.0,0.0
206.71,50.73,53.29,47.94,48.01,7385.47,3111.6,3818.52,0.0,0.0
206.81,50.72,53.31,47.94,48.01,7386.41,3109.25,3817.65,0.0,0.0
206.94,50.73,53.3,47.95,48.02,7386.1,3110.55,3816.2,0.0,0.0
207.0,50.77,53.32,47.96,48.03,7383.89,3107.42,3814.17,0.0,0.0
207.11,50.77,53.32,47.98,48.04,7383.89,3108.2,3812.14,0.0,0.0
207.2,50.78,53.32,47.97,48.04,7383.58,3108.2,3812.72,0.0,0.0
207.33,50.81,53.35,48.0,48.05,7382.32,3104.55,3808.37,0.0,0.0
207.39,50.75,53.34,48.01,48.06,7384.84,3105.33,3807.5,0.0,0.0
207.49,50.73,53.36,48.01,48.06,7385.78,3103.51,3807.21,0.0,0.0
207.61,50.77,53.36,48.02,48.07,7383.26,3103.25,3806.34,0.0,0.0
207.7,50.8,53.37,48.02,48.08,7382.63,3101.68,3805.76,0.0,0.0
207.82,50.8,53.38,48.02,48.08,7382.63,3100.64,3805.47,0.0,0.0
207.88,50.8,53.39,48.03,48.09,7382.0,3099.86,3804.89,0.0,0.0
208.05,50.81,53.39,48.04,48.1,7381.37,3099.07,3803.44,0.0,0.0
208.11,50.78,53.41,48.02,48.11,7382.95,3097.51,3805.18,0.0,0.0
208.24,50.78,53.4,48.05,48.11,7382.95,3098.55,3801.7,0.0,0.0
208.33,50.8,53.41,48.05,48.12,7382.0,3096.99,3801.41,0.0,0.0
208.4,50.83,53.43,48.05,48.13,7381.06,3095.16,3801.7,0.0,0.0
208.5,50.8,53.43,48.06,48.13,7382.0,3095.42,3799.97,0.0,0.0
208.62,50.81,53.45,48.06,48.14,7381.37,3092.82,3800.55,0.0,0.0
208.69,50.77,53.46,48.08,48.15,7383.26,3091.0,3796.78,0.0,0.0
208.84,50.82,53.46,48.08,48.16,7380.74,3091.0,3796.49,0.0,0.0
208.91,50.82,53.48,48.11,48.16,7380.74,3089.43,3793.02,0.0,0.0
209.01,50.82,53.48,48.11,48.17,7380.74,3088.91,3793.02,0.0,0.0
209.1,50.8,53.49,48.11,48.18,7381.69,3087.87,3793.31,0.0,0.0
209.22,50.81,53.5,48.11,48.18,7381.37,3087.09,3791.86,0.0,0.0
209.28,50.82,53.5,48.12,48.19,7380.74,3087.35,3791.0,0.0,0.0
209.41,50.86,53.5,48.12,48.2,7378.85,3086.31,3791.0,0.0,0.0
209.51,50.86,53.52,48.13,48.2,7378.85,3084.23,3789.84,0.0,0.0
209.6,50.83,53.51,48.13,48.21,7380.42,3085.79,3789.84,0.0,0.0
209.73,50.85,53.53,48.13,48.22,7379.48,3083.71,3788.97,0.0,0.0
209.8,50.85,53.52,48.15,48.23,7379.16,3084.23,3786.66,0.0,0.0
209.9,50.83,53.54,48.14,48.23,7380.42,3082.67,3788.1,0.0,0.0
210.02,50.85,53.55,48.15,48.24,7379.16,3080.85,3786.37,0.0,0.0
210.12,50.85,53.55,48.16,48.25,7379.16,3081.11,3785.79,0.0,0.0
210.25,50.83,53.57,48.16,48.25,7380.11,3078.51,3785.21,0.0,0.0
210.29,50.86,53.57,48.17,48.26,7378.54,3078.51,3784.35,0.0,0.0
210.41,50.83,53.58,48.18,48.27,7379.8,3077.73,3782.9,0.0,0.0
210.5,50.83,53.58,48.17,48.28,7379.8,3077.73,3783.48,0.0,0.0
210.62,50.83,53.6,48.17,48.28,7379.8,3075.39,3783.19,0.0,0.0
210.68,50.83,53.61,48.19,48.29,7379.8,3074.61,3780.88,0.0,0.0
210.83,50.83,53.63,48.19,48.3,7379.8,3072.28,3780.3,0.0,0.0
210.91,50.88,53.61,48.2,48.3,7377.59,3074.09,3780.02,0.0,0.0
211.02,50.86,53.64,48.22,48.31,7378.54,3070.98,3775.97,0.0,0.0
211.12,50.88,53.64,48.22,48.32,7377.59,3070.72,3775.97,0.0,0.0
211.24,50.88,53.66,48.24,48.32,7377.59,3068.64,3773.95,0.0,0.0
211.31,50.87,53.66,48.24,48.33,7378.22,3068.38,3773.67,0.0,0.0
211.42,50.88,53.67,48.24,48.34,7377.91,3067.09,3773.09,0.0,0.0
211.52,50.88,53.67,48.25,48.35,7377.59,3067.09,3771.65,0.0,0.0
211.68,50.86,53.68,48.25,48.35,7378.54,3065.79,3771.65,0.0,0.0
211.72,50.92,53.68,48.28,48.36,7376.33,3066.05,3768.19,0.0,0.0
211.84,50.89,53.7,48.28,48.37,7376.96,3063.97,3767.9,0.0,0.0
211.91,50.83,53.69,48.28,48.37,7380.11,3064.49,3767.03,0.0,0.0
212.03,50.88,53.71,48.29,48.38,7377.27,3063.2,3766.75,0.0,0.0
212.13,50.86,53.71,48.29,48.39,7378.85,3063.2,3765.88,0.0,0.0
212.23,50.9,53.74,48.29,48.39,7376.64,3059.05,3765.59,0.0,0.0
212.35,50.9,53.73,48.3,48.4,7376.64,3060.09,3765.02,0.0,0.0
212.44,50.95,53.75,48.3,48.41,7374.75,3058.53,3764.44,0.0,0.0
212.54,50.9,53.73,48.32,48.42,7376.64,3059.83,3761.56,0.0,0.0
212.66,50.93,53.74,48.32,48.42,7375.07,3058.79,3762.14,0.0,0.0
212.69,50.88,53.77,48.33,48.43,7377.59,3055.68,3760.12,0.0,0.0
212.85,50.92,53.76,48.35,48.44,7376.33,3056.72,3757.53,0.0,0.0
212.92,50.92,53.76,48.33,48.44,7376.01,3057.24,3759.83,0.0,0.0
213.0,50.92,53.76,48.35,48.45,7375.7,3057.5,3756.96,0.0,0.0
213.1,50.92,53.78,48.36,48.46,7375.7,3055.16,3755.81,0.0,0.0
213.23,50.92,53.78,48.37,48.47,7375.7,3054.91,3753.79,0.0,0.0
213.32,50.92,53.79,48.37,48.47,7376.01,3053.87,3754.65,0.0,0.0
213.42,50.94,53.79,48.4,48.48,7374.44,3053.87,3750.63,0.0,0.0
213.51,50.95,53.8,48.39,48.49,7373.18,3052.06,3750.92,0.0,0.0
213.62,50.93,53.81,48.4,48.49,7375.07,3051.8,3749.48,0.0,0.0
213.7,50.92,53.81,48.4,48.5,7375.38,3051.28,3749.77,0.0,0.0
213.82,50.93,53.82,48.4,48.51,7375.07,3050.51,3749.48,0.0,0.0
213.89,50.97,53.82,48.41,48.51,7372.86,3049.73,3748.9,0.0,0.0
214.02,50.95,53.83,48.41,48.52,7373.81,3048.95,3748.62,0.0,0.0
214.12,50.97,53.83,48.42,48.53,7372.86,3048.95,3747.18,0.0,0.0
214.2,50.95,53.86,48.42,48.53,7374.75,3045.85,3746.89,0.0,0.0
214.33,50.94,53.86,48.43,48.54,7374.12,3046.11,3745.74,0.0,0.0
214.39,50.95,53.85,48.45,48.55,7374.75,3046.88,3743.16,0.0,0.0
214.52,50.98,53.86,48.47,48.56,7372.55,3045.07,3740.57,0.0,0.0
214.64,51.03,53.88,48.49,48.56,7369.71,3043.01,3737.7,0.0,0.0
214.74,51.0,53.88,48.48,48.57,7371.29,3043.01,3737.99,0.0,0.0
214.83,50.97,53.89,48.49,48.58,7372.86,3041.97,3736.56,0.0,0.0
214.9,50.98,53.9,48.5,48.58,7372.55,3040.42,3734.84,0.0,0.0
215.03,51.02,53.92,48.51,48.59,7370.03,3038.87,3734.26,0.0,0.0
215.13,51.01,53.93,48.53,48.6,7370.34,3038.1,3731.39,0.0,0.0
215.23,51.03,53.93,48.53,48.6,7369.71,3038.1,3731.68,0.0,0.0
215.29,50.99,53.93,48.53,48.61,7371.6,3038.1,3730.53,0.0,0.0
215.39,51.06,53.94,48.53,48.62,7368.45,3036.29,3730.53,0.0,0.0
215.55,51.03,53.95,48.54,48.62,7369.71,3035.77,3729.1,0.0,0.0
215.62,51.04,53.95,48.54,48.63,7369.08,3035.0,3729.39,0.0,0.0
215.74,51.04,53.95,48.55,48.64,7369.4,3035.0,3728.53,0.0,0.0
215.85,51.03,53.96,48.57,48.65,7369.71,3034.74,3725.95,0.0,0.0
215.91,51.08,53.96,48.57,48.65,7367.19,3034.22,3725.38,0.0,0.0
216.0,51.06,53.98,48.57,48.66,7368.45,3032.42,3725.95,0.0,0.0
216.13,51.06,53.98,48.59,48.67,7368.45,3032.16,3722.8,0.0,0.0
216.25,51.02,53.98,48.61,48.67,7370.66,3031.64,3720.22,0.0,0.0
216.31,51.08,54.0,48.62,48.68,7366.56,3029.84,3718.22,0.0,0.0
216.42,51.08,54.0,48.62,48.69,7366.56,3030.1,3717.65,0.0,0.0
216.55,51.11,54.01,48.63,48.69,7365.3,3028.81,3717.08,0.0,0.0
216.64,51.14,54.04,48.63,48.7,7363.73,3025.2,3716.22,0.0,0.0
216.7,51.12,54.03,48.64,48.71,7364.99,3026.49,3714.79,0.0,0.0
216.83,51.11,54.07,48.65,48.71,7365.62,3021.59,3714.22,0.0,0.0
216.93,51.12,54.05,48.65,48.72,7364.99,3023.91,3713.36,0.0,0.0
217.02,51.13,54.07,48.66,48.73,7364.36,3021.85,3712.21,0.0,0.0
217.13,51.15,54.08,48.67,48.73,7363.1,3020.82,3711.36,0.0,0.0
217.22,51.13,54.08,48.67,48.74,7364.36,3020.3,3710.78,0.0,0.0
217.32,51.12,54.09,48.67,48.75,7364.99,3019.27,3710.5,0.0,0.0
217.44,51.15,54.09,48.68,48.75,7363.1,3019.79,3709.64,0.0,0.0
217.54,51.17,54.1,48.7,48.76,7363.41,3018.76,3706.21,0.0,0.0
217.61,51.13,54.09,48.71,48.77,7364.36,3019.27,3705.36,0.0,0.0
217.74,51.19,54.1,48.71,48.78,7360.89,3018.24,3704.79,0.0,0.0
217.83,51.19,54.11,48.73,48.78,7361.84,3017.73,3703.07,0.0,0.0
217.94,51.19,54.1,48.74,48.79,7360.89,3017.98,3700.79,0.0,0.0
218.0,51.17,54.11,48.76,48.8,7362.15,3016.95,3698.79,0.0,0.0
218.11,51.22,54.11,48.76,48.8,7360.58,3017.73,3698.79,0.0,0.0
218.24,51.19,54.11,48.78,48.81,7360.89,3017.47,3694.8,0.0,0.0
218.33,51.17,54.11,48.78,48.82,7362.78,3016.95,3695.65,0.0,0.0
218.4,51.19,54.13,48.78,48.82,7361.84,3015.41,3695.08,0.0,0.0
218.52,51.22,54.13,48.79,48.83,7359.95,3015.41,3693.94,0.0,0.0
218.62,51.22,54.14,48.8,48.84,7360.58,3014.12,3692.52,0.0,0.0
218.74,51.21,54.15,48.8,48.84,7359.63,3013.09,3692.52,0.0,0.0
218.83,51.19,54.16,48.8,48.85,7360.89,3011.04,3692.52,0.0,0.0
218.96,51.2,54.15,48.81,48.86,7360.26,3012.32,3690.24,0.0,0.0
219.03,51.22,54.17,48.81,48.86,7359.95,3010.52,3690.24,0.0,0.0
219.13,51.22,54.19,48.82,48.87,7360.58,3008.72,3689.67,0.0,0.0
219.22,51.24,54.19,48.84,48.88,7359.0,3007.95,3686.53,0.0,0.0
219.32,51.2,54.2,48.84,48.88,7360.26,3006.92,3686.53,0.0,0.0
219.41,51.22,54.2,48.86,48.89,7359.95,3006.92,3683.4,0.0,0.0
219.51,51.24,54.2,48.86,48.9,7358.37,3006.67,3683.69,0.0,0.0
219.64,51.24,54.22,48.88,48.9,7359.32,3004.61,3681.41,0.0,0.0
219.73,51.21,54.23,48.89,48.91,7359.63,3004.1,3679.99,0.0,0.0
219.83,51.21,54.25,48.89,48.92,7359.63,3001.27,3679.13,0.0,0.0
219.91,51.24,54.25,48.9,48.92,7359.0,3002.04,3678.56,0.0,0.0
220.04,51.24,54.25,48.9,48.93,7359.32,3001.02,3677.43,0.0,0.0
220.11,51.21,54.25,48.91,48.94,7359.63,3001.53,3676.01,0.0,0.0
220.26,51.21,54.27,48.91,48.94,7359.63,2999.47,3676.29,0.0,0.0
220.32,51.22,54.28,48.92,48.95,7359.95,2998.7,3675.15,0.0,0.0
220.42,51.24,54.28,48.92,48.96,7359.0,2998.19,3675.44,0.0,0.0
220.55,51.27,54.28,48.93,48.96,7357.74,2998.19,3673.16,0.0,0.0
220.64,51.24,54.29,48.93,48.97,7359.32,2996.91,3673.45,0.0,0.0
220.7,51.24,54.3,48.93,48.98,7359.32,2995.37,3674.3,0.0,0.0
220.83,51.25,54.3,48.94,48.98,7358.69,2996.39,3671.74,0.0,0.0
220.93,51.24,54.31,48.95,48.99,7359.0,2994.34,3671.17,0.0,0.0
221.03,51.24,54.33,48.95,49.0,7358.37,2992.55,3670.89,0.0,0.0
221.09,51.24,54.32,48.96,49.0,7358.37,2993.57,3668.9,0.0,0.0
221.22,51.24,54.35,48.97,49.01,7358.37,2990.5,3668.05,0.0,0.0
221.31,51.24,54.35,48.97,49.02,7358.37,2990.24,3667.48,0.0,0.0
221.43,51.24,54.36,48.98,49.03,7359.0,2989.73,3666.34,0.0,0.0
221.53,51.24,54.37,48.98,49.03,7358.37,2987.93,3666.06,0.0,0.0
221.6,51.24,54.37,48.99,49.04,7358.37,2988.45,3665.49,0.0,0.0
221.73,51.25,54.39,49.0,49.05,7358.69,2986.4,3664.36,0.0,0.0
221.83,51.25,54.38,49.01,49.05,7357.43,2986.91,3662.65,0.0,0.0
221.92,51.25,54.4,49.02,49.06,7358.69,2985.11,3661.52,0.0,0.0
222.04,51.25,54.39,49.02,49.07,7358.69,2985.37,3660.95,0.0,0.0
222.11,51.24,54.4,49.02,49.07,7358.37,2984.6,3661.52,0.0,0.0
222.21,51.25,54.41,49.02,49.08,7358.06,2984.09,3660.95,0.0,0.0
222.34,51.24,54.41,49.02,49.09,7358.37,2983.83,3660.67,0.0,0.0
222.43,51.24,54.42,49.03,49.09,7358.37,2982.04,3660.1,0.0,0.0
222.54,51.25,54.42,49.03,49.1,7358.69,2982.3,3659.25,0.0,0.0
222.62,51.27,54.44,49.04,49.11,7357.74,2980.76,3657.55,0.0,0.0
222.72,51.29,54.44,49.06,49.11,7357.11,2979.99,3655.85,0.0,0.0
222.84,51.28,54.46,49.05,49.12,7356.8,2978.46,3657.26,0.0,0.0
222.91,51.24,54.46,49.06,49.13,7358.37,2977.69,3655.0,0.0,0.0
223.0,51.25,54.47,49.06,49.13,7358.06,2976.67,3655.28,0.0,0.0
223.13,51.27,54.49,49.06,49.14,7357.74,2974.62,3654.71,0.0,0.0
223.23,51.31,54.51,49.08,49.15,7355.22,2972.83,3653.01,0.0,0.0
223.32,51.29,54.51,49.07,49.15,7356.17,2972.32,3653.86,0.0,0.0
223.42,51.32,54.5,49.1,49.16,7354.91,2973.34,3650.18,0.0,0.0
223.5,51.31,54.52,49.09,49.17,7354.59,2971.55,3650.75,0.0,0.0
223.63,51.3,54.54,49.11,49.17,7355.85,2969.76,3648.48,0.0,0.0
223.72,51.31,54.55,49.11,49.18,7355.22,2968.23,3648.48,0.0,0.0
223.85,51.3,54.55,49.11,49.19,7355.85,2968.23,3647.91,0.0,0.0
223.95,51.34,54.54,49.14,49.19,7353.65,2968.74,3644.23,0.0,0.0
224.01,51.31,54.56,49.13,49.2,7354.59,2967.46,3645.93,0.0,0.0
224.11,51.34,54.57,49.14,49.21,7354.28,2965.93,3643.67,0.0,0.0
224.23,51.31,54.57,49.15,49.21,7355.22,2965.42,3643.1,0.0,0.0
224.33,51.32,54.58,49.14,49.22,7354.91,2964.4,3643.67,0.0,0.0
224.46,51.31,54.57,49.14,49.23,7354.59,2965.68,3643.67,0.0,0.0
224.52,51.37,54.59,49.16,49.23,7352.07,2963.63,3641.12,0.0,0.0
224.64,51.35,54.58,49.16,49.24,7353.33,2964.91,3641.69,0.0,0.0
224.73,51.35,54.59,49.16,49.25,7352.7,2963.38,3640.84,0.0,0.0
224.8,51.34,54.61,49.17,49.25,7354.28,2961.59,3640.27,0.0,0.0
224.97,51.37,54.61,49.16,49.26,7352.07,2961.85,3641.12,0.0,0.0
225.03,51.39,54.62,49.18,49.27,7351.44,2960.06,3638.86,0.0,0.0
225.11,51.38,54.61,49.18,49.27,7351.13,2961.08,3638.57,0.0,0.0
225.2,51.37,54.64,49.19,49.28,7351.76,2958.28,3637.44,0.0,0.0
225.31,51.37,54.64,49.18,49.29,7351.76,2957.77,3638.29,0.0,0.0
225.44,51.39,54.65,49.19,49.29,7351.44,2956.75,3637.16,0.0,0.0
225.53,51.42,54.65,49.2,49.3,7349.55,2956.75,3635.46,0.0,0.0
225.64,51.4,54.66,49.22,49.31,7350.5,2955.98,3633.2,0.0,0.0
225.72,51.44,54.67,49.22,49.31,7347.98,2954.96,3632.36,0.0,0.0
225.83,51.4,54.68,49.21,49.32,7350.18,2953.69,3634.05,0.0,0.0
225.92,51.52,54.69,49.25,49.33,7344.83,2952.67,3628.97,0.0,0.0
226.04,51.49,54.7,49.25,49.33,7345.77,2951.9,3628.68,0.0,0.0
226.15,51.46,54.7,49.26,49.34,7346.72,2951.39,3627.27,0.0,0.0
226.21,51.45,54.72,49.27,49.35,7347.66,2949.1,3625.86,0.0,0.0
226.31,51.44,54.71,49.29,49.35,7348.61,2950.63,3623.32,0.0,0.0
226.4,51.44,54.72,49.29,49.36,7347.98,2949.61,3622.76,0.0,0.0
226.52,51.49,54.76,49.3,49.37,7345.77,2945.02,3621.91,0.0,0.0
226.62,51.47,54.74,49.3,49.37,7346.4,2946.81,3621.63,0.0,0.0
226.75,51.5,54.76,49.31,49.38,7345.46,2944.77,3619.94,0.0,0.0
226.82,51.54,54.76,49.31,49.39,7343.25,2944.52,3619.65,0.0,0.0
226.92,51.53,54.78,49.33,49.39,7343.88,2942.48,3617.4,0.0,0.0
227.05,51.49,54.81,49.33,49.4,7345.77,2939.17,3616.84,0.0,0.0
227.15,51.52,54.81,49.34,49.41,7344.2,2939.94,3616.27,0.0,0.0
227.21,51.54,54.82,49.35,49.41,7342.94,2938.16,3614.58,0.0,0.0
227.31,51.55,54.82,49.36,49.42,7342.62,2938.16,3612.89,0.0,0.0
227.43,51.52,54.83,49.37,49.43,7344.2,2937.14,3611.48,0.0,0.0
227.53,51.54,54.84,49.38,49.43,7342.94,2936.38,3610.64,0.0,0.0
227.63,51.57,54.85,49.39,49.44,7341.68,2935.36,3608.95,0.0,0.0
227.72,51.56,54.85,49.4,49.45,7342.31,2935.1,3608.1,0.0,0.0
227.82,51.57,54.87,49.4,49.45,7341.68,2933.58,3607.54,0.0,0.0
227.94,51.56,54.87,49.42,49.46,7341.99,2933.33,3604.73,0.0,0.0
228.04,51.53,54.87,49.42,49.47,7343.57,2933.07,3605.01,0.0,0.0
228.1,51.56,54.87,49.43,49.47,7342.31,2933.33,3604.16,0.0,0.0
228.23,51.59,54.88,49.43,49.48,7340.42,2932.06,3603.6,0.0,0.0
228.33,51.59,54.9,49.45,49.49,7340.42,2930.28,3600.79,0.0,0.0
228.4,51.6,54.9,49.47,49.49,7340.1,2929.26,3598.26,0.0,0.0
228.55,51.59,54.89,49.47,49.5,7340.42,2930.79,3597.69,0.0,0.0
228.61,51.6,54.91,49.49,49.51,7340.73,2928.5,3594.6,0.0,0.0
228.71,51.57,54.91,49.5,49.51,7341.36,2928.25,3594.04,0.0,0.0
228.83,51.6,54.94,49.51,49.52,7340.1,2925.96,3592.08,0.0,0.0
228.96,51.6,54.93,49.52,49.53,7339.79,2926.98,3591.51,0.0,0.0
229.03,51.62,54.95,49.54,49.53,7339.16,2924.19,3588.43,0.0,0.0
229.12,51.6,54.95,49.54,49.54,7340.1,2923.93,3588.43,0.0,0.0
229.22,51.65,54.97,49.55,49.55,7337.27,2922.66,3587.02,0.0,0.0
229.32,51.58,54.96,49.55,49.55,7341.05,2923.42,3586.46,0.0,0.0
229.45,51.6,54.98,49.56,49.56,7339.79,2921.39,3586.18,0.0,0.0
229.53,51.63,54.98,49.56,49.57,7337.9,2921.39,3585.9,0.0,0.0
229.64,51.62,54.99,49.56,49.57,7339.16,2920.13,3585.62,0.0,0.0
229.74,51.62,54.99,49.56,49.58,7339.16,2920.38,3585.34,0.0,0.0
229.84,51.6,55.0,49.57,49.59,7340.1,2919.11,3584.78,0.0,0.0
229.9,51.63,55.0,49.57,49.59,7337.9,2918.86,3584.78,0.0,0.0
230.03,51.69,55.0,49.57,49.6,7335.7,2919.37,3584.5,0.0,0.0
230.14,51.62,55.02,49.58,49.61,7339.16,2916.83,3582.53,0.0,0.0
230.24,51.63,55.03,49.59,49.62,7337.9,2916.07,3580.85,0.0,0.0
230.3,51.68,55.01,49.61,49.62,7336.64,2917.34,3578.33,0.0,0.0
230.41,51.66,55.03,49.6,49.63,7337.59,2915.31,3580.01,0.0,0.0
230.53,51.65,55.06,49.63,49.64,7337.27,2912.78,3575.81,0.0,0.0
230.61,51.63,55.05,49.64,49.64,7338.21,2913.54,3574.13,0.0,0.0
230.74,51.68,55.05,49.65,49.65,7336.32,2913.28,3573.29,0.0,0.0
230.83,51.68,55.06,49.65,49.66,7336.64,2912.78,3572.44,0.0,0.0
230.93,51.69,55.07,49.67,49.66,7334.75,2911.26,3571.04,0.0,0.0
231.05,51.69,55.09,49.67,49.67,7334.75,2909.49,3570.48,0.0,0.0
231.12,51.68,55.09,49.68,49.68,7336.64,2908.73,3569.37,0.0,0.0
231.2,51.68,55.12,49.68,49.68,7336.32,2905.69,3569.65,0.0,0.0
231.34,51.69,55.12,49.68,49.69,7334.75,2905.94,3568.53,0.0,0.0
231.43,51.7,55.12,49.69,49.7,7335.38,2905.44,3567.69,0.0,0.0
231.54,51.7,55.13,49.69,49.7,7334.43,2905.18,3567.97,0.0,0.0
231.61,51.7,55.13,49.69,49.71,7335.07,2904.93,3567.69,0.0,0.0
231.73,51.71,55.15,49.69,49.72,7334.12,2902.91,3567.97,0.0,0.0
231.83,51.77,55.14,49.7,49.72,7331.29,2903.92,3566.01,0.0,0.0
231.9,51.73,55.16,49.7,49.73,7333.18,2902.15,3566.29,0.0,0.0
232.01,51.69,55.15,49.71,49.74,7334.75,2902.65,3564.61,0.0,0.0
232.14,51.74,55.16,49.72,49.74,7332.23,2902.15,3564.05,0.0,0.0
232.24,51.7,55.17,49.73,49.75,7334.43,2900.63,3562.65,0.0,0.0
232.37,51.74,55.18,49.74,49.76,7332.23,2899.37,3560.69,0.0,0.0
232.43,51.75,55.18,49.75,49.76,7332.55,2899.37,3558.74,0.0,0.0
232.53,51.77,55.19,49.75,49.77,7331.6,2898.1,3558.74,0.0,0.0
232.61,51.73,55.2,49.76,49.78,7333.49,2897.09,3558.18,0.0,0.0
232.7,51.78,55.22,49.79,49.78,7330.66,2895.58,3554.27,0.0,0.0
232.84,51.77,55.21,49.79,49.79,7331.29,2896.34,3554.55,0.0,0.0
232.94,51.76,55.22,49.78,49.8,7331.92,2894.82,3554.83,0.0,0.0
233.03,51.77,55.23,49.79,49.8,7331.6,2893.81,3553.71,0.0,0.0
233.1,51.8,55.23,49.81,49.81,7330.03,2894.57,3551.2,0.0,0.0
233.21,51.8,55.26,49.81,49.82,7329.71,2891.29,3550.92,0.0,0.0
233.34,51.8,55.26,49.81,49.82,7330.03,2890.78,3550.64,0.0,0.0
233.43,51.81,55.27,49.82,49.83,7329.4,2890.28,3549.52,0.0,0.0
233.5,51.78,55.25,49.82,49.84,7330.34,2891.79,3549.24,0.0,0.0
233.63,51.84,55.25,49.83,49.84,7328.14,2892.04,3548.41,0.0,0.0
233.74,51.8,55.28,49.84,49.85,7329.71,2889.01,3547.29,0.0,0.0
233.84,51.81,55.28,49.84,49.86,7329.08,2889.01,3547.57,0.0,0.0
233.9,51.84,55.27,49.83,49.86,7327.82,2889.77,3547.85,0.0,0.0
234.03,51.85,55.29,49.85,49.87,7326.88,2887.5,3545.89,0.0,0.0
234.14,51.88,55.3,49.86,49.88,7325.94,2887.0,3544.78,0.0,0.0
234.23,51.86,55.3,49.86,49.88,7326.57,2887.0,3544.78,0.0,0.0
234.34,51.88,55.31,49.89,49.89,7325.94,2885.99,3540.88,0.0,0.0
234.43,51.81,55.3,49.88,49.9,7328.77,2886.24,3541.43,0.0,0.0
234.53,51.86,55.31,49.88,49.9,7326.57,2885.48,3541.71,0.0,0.0
234.65,51.85,55.32,49.89,49.91,7327.2,2884.73,3540.04,0.0,0.0
234.74,51.88,55.33,49.91,49.92,7325.94,2883.46,3537.81,0.0,0.0
234.87,51.82,55.34,49.92,49.92,7328.45,2882.71,3536.14,0.0,0.0
234.93,51.88,55.36,49.91,49.93,7325.62,2880.44,3536.97,0.0,0.0
235.04,51.88,55.36,49.93,49.94,7324.99,2880.44,3534.47,0.0,0.0
235.16,51.89,55.37,49.93,49.94,7325.31,2878.68,3535.3,0.0,0.0
235.26,51.95,55.37,49.93,49.95,7321.84,2879.43,3534.47,0.0,0.0
235.36,51.96,55.4,49.95,49.96,7322.16,2876.16,3532.24,0.0,0.0
235.42,51.93,55.41,49.95,49.96,7323.73,2874.65,3532.24,0.0,0.0
235.55,51.96,55.4,49.95,49.97,7322.16,2875.65,3531.96,0.0,0.0
235.64,51.93,55.41,49.96,49.97,7322.79,2874.9,3530.29,0.0,0.0
235.74,51.96,55.43,49.97,49.98,7321.53,2872.38,3529.74,0.0,0.0
235.82,51.93,55.42,49.97,49.99,7322.79,2874.14,3529.46,0.0,0.0
235.93,51.94,55.43,49.98,49.99,7322.47,2873.14,3527.79,0.0,0.0
236.04,51.96,55.43,50.0,50.0,7322.16,2872.38,3525.01,0.0,0.0
236.13,51.96,55.45,49.99,50.01,7322.16,2871.12,3526.12,0.0,0.0
236.27,51.93,55.46,50.0,50.01,7322.79,2869.61,3525.56,0.0,0.0
236.33,51.96,55.46,50.02,50.02,7320.9,2869.11,3522.51,0.0,0.0
236.44,51.98,55.47,50.03,50.03,7320.58,2868.36,3521.95,0.0,0.0
236.54,51.96,55.47,50.05,50.03,7321.53,2868.86,3519.17,0.0,0.0
236.64,51.96,55.47,50.05,50.04,7320.9,2868.61,3518.89,0.0,0.0
236.74,51.98,55.49,50.04,50.05,7320.27,2866.6,3519.73,0.0,0.0
236.84,51.98,55.48,50.06,50.05,7320.58,2867.85,3516.67,0.0,0.0
236.94,52.01,55.49,50.08,50.06,7319.64,2866.85,3514.45,0.0,0.0
237.01,51.96,55.5,50.08,50.07,7320.9,2865.34,3514.45,0.0,0.0
237.13,51.96,55.51,50.08,50.07,7320.9,2864.58,3514.45,0.0,0.0
237.23,52.02,55.51,50.09,50.08,7318.7,2864.33,3513.62,0.0,0.0
237.33,51.98,55.53,50.1,50.09,7321.21,2862.32,3512.51,0.0,0.0
237.45,51.99,55.54,50.1,50.09,7319.95,2861.32,3512.51,0.0,0.0
237.52,52.01,55.55,50.1,50.1,7319.64,2860.31,3511.67,0.0,0.0
237.68,52.01,55.54,50.12,50.11,7319.64,2861.07,3509.45,0.0,0.0
237.71,52.02,55.55,50.12,50.11,7318.7,2860.56,3509.45,0.0,0.0
237.83,52.02,55.56,50.12,50.12,7318.7,2859.06,3508.9,0.0,0.0
237.96,52.0,55.57,50.14,50.13,7319.01,2858.05,3506.13,0.0,0.0
238.03,52.0,55.58,50.16,50.13,7319.01,2857.05,3504.19,0.0,0.0
238.17,52.03,55.59,50.16,50.14,7318.07,2855.79,3503.63,0.0,0.0
238.23,52.03,55.59,50.17,50.15,7318.07,2855.79,3502.52,0.0,0.0
238.37,52.0,55.59,50.17,50.15,7319.01,2856.04,3502.25,0.0,0.0
238.46,52.02,55.6,50.18,50.16,7318.38,2854.54,3501.14,0.0,0.0
238.54,52.0,55.61,50.19,50.17,7319.01,2854.29,3499.2,0.0,0.0
238.64,52.02,55.62,50.19,50.17,7318.38,2852.53,3499.47,0.0,0.0
238.74,52.05,55.63,50.19,50.18,7316.81,2851.78,3499.75,0.0,0.0
238.83,52.03,55.64,50.2,50.19,7317.75,2850.77,3498.37,0.0,0.0
238.94,52.05,55.63,50.2,50.19,7316.81,2851.53,3498.92,0.0,0.0
239.04,52.02,55.64,50.21,50.2,7318.7,2851.02,3496.98,0.0,0.0
239.14,52.03,55.66,50.21,50.21,7317.44,2848.77,3496.43,0.0,0.0
239.23,52.03,55.68,50.23,50.21,7318.07,2846.76,3494.77,0.0,0.0
239.34,52.0,55.68,50.22,50.22,7319.01,2846.51,3495.32,0.0,0.0
239.46,52.05,55.68,50.24,50.22,7316.81,2846.01,3493.11,0.0,0.0
239.56,52.03,55.7,50.23,50.23,7317.44,2844.25,3494.21,0.0,0.0
239.63,52.05,55.71,50.24,50.24,7316.81,2843.25,3492.83,0.0,0.0
239.73,52.05,55.72,50.25,50.24,7316.81,2842.25,3491.17,0.0,0.0
239.86,52.06,55.71,50.27,50.25,7315.86,2843.75,3489.23,0.0,0.0
239.95,52.07,55.7,50.27,50.26,7316.18,2844.0,3489.51,0.0,0.0
240.02,52.06,55.72,50.28,50.26,7315.86,2842.5,3487.85,0.0,0.0
240.13,52.03,55.75,50.28,50.27,7317.44,2838.99,3487.57,0.0,0.0
240.25,52.03,55.73,50.31,50.28,7317.44,2841.25,3484.26,0.0,0.0
240.36,52.06,55.74,50.3,50.28,7315.86,2840.0,3485.64,0.0,0.0
240.43,52.09,55.74,50.33,50.29,7315.55,2839.75,3481.22,0.0,0.0
240.53,52.07,55.75,50.32,50.3,7316.18,2838.74,3482.32,0.0,0.0
240.65,52.1,55.76,50.33,50.3,7314.6,2838.49,3481.22,0.0,0.0
240.74,52.06,55.76,50.34,50.31,7315.86,2837.99,3479.56,0.0,0.0
240.85,52.08,55.78,50.34,50.32,7315.23,2835.99,3480.11,0.0,0.0
240.94,52.09,55.78,50.34,50.32,7314.29,2836.24,3479.28,0.0,0.0
241.04,52.12,55.77,50.35,50.33,7313.66,2836.99,3477.9,0.0,0.0
241.13,52.07,55.78,50.35,50.34,7316.18,2835.49,3478.46,0.0,0.0
241.25,52.11,55.79,50.36,50.34,7313.97,2835.24,3477.63,0.0,0.0
241.34,52.1,55.8,50.37,50.35,7314.6,2833.99,3475.14,0.0,0.0
241.44,52.1,55.79,50.37,50.36,7313.34,2834.99,3475.42,0.0,0.0
241.57,52.11,55.81,50.38,50.36,7313.97,2832.99,3473.76,0.0,0.0
241.66,52.13,55.8,50.38,50.37,7312.71,2834.24,3474.31,0.0,0.0
241.72,52.07,55.82,50.39,50.38,7316.18,2831.24,3473.21,0.0,0.0
241.83,52.1,55.82,50.39,50.38,7314.6,2831.49,3472.38,0.0,0.0
241.95,52.09,55.82,50.4,50.39,7314.29,2831.24,3471.56,0.0,0.0
242.05,52.17,55.84,50.41,50.39,7311.14,2829.74,3470.18,0.0,0.0
242.12,52.13,55.85,50.42,50.4,7313.03,2828.49,3469.35,0.0,0.0
242.28,52.1,55.85,50.43,50.41,7313.34,2828.74,3467.69,0.0,0.0
242.35,52.13,55.86,50.43,50.41,7313.03,2827.74,3467.69,0.0,0.0
242.42,52.19,55.89,50.44,50.42,7310.51,2824.24,3465.77,0.0,0.0
242.52,52.15,55.88,50.43,50.43,7311.77,2824.99,3467.97,0.0,0.0
242.63,52.15,55.89,50.45,50.43,7311.77,2823.99,3464.66,0.0,0.0
242.75,52.15,55.9,50.47,50.44,7312.09,2823.24,3462.73,0.0,0.0
242.85,52.13,55.91,50.46,50.45,7313.03,2822.24,3463.56,0.0,0.0
242.92,52.18,55.91,50.47,50.45,7310.2,2821.99,3462.18,0.0,0.0
243.05,52.22,55.93,50.48,50.46,7308.62,2820.49,3461.63,0.0,0.0
243.15,52.2,55.93,50.48,50.47,7309.25,2820.49,3461.08,0.0,0.0
243.25,52.2,55.95,50.48,50.47,7309.57,2818.0,3460.53,0.0,0.0
243.32,52.2,55.94,50.48,50.48,7309.25,2819.0,3460.53,0.0,0.0
243.43,52.21,55.96,50.49,50.48,7308.31,2817.0,3459.98,0.0,0.0
243.55,52.2,55.95,50.5,50.49,7309.25,2818.25,3457.78,0.0,0.0
243.65,52.21,55.98,50.5,50.5,7308.31,2815.5,3458.05,0.0,0.0
243.72,52.2,55.99,50.51,50.5,7309.25,2814.51,3456.68,0.0,0.0
243.85,52.26,56.0,50.52,50.51,7306.42,2813.51,3455.85,0.0,0.0
243.95,52.24,56.0,50.53,50.52,7307.05,2813.51,3454.47,0.0,0.0
244.05,52.26,56.01,50.53,50.52,7306.42,2812.01,3454.47,0.0,0.0
244.12,52.27,56.02,50.56,50.53,7306.11,2810.52,3450.35,0.0,0.0
244.22,52.23,56.02,50.56,50.54,7307.37,2810.77,3450.35,0.0,0.0
244.35,52.26,56.05,50.58,50.54,7306.42,2808.27,3447.87,0.0,0.0
244.45,52.27,56.04,50.58,50.55,7306.11,2809.27,3447.87,0.0,0.0
244.52,52.26,56.05,50.6,50.56,7306.42,2808.27,3445.4,0.0,0.0
244.62,52.24,56.05,50.59,50.56,7307.05,2808.27,3445.95,0.0,0.0
244.75,52.25,56.06,50.61,50.57,7306.74,2806.53,3444.3,0.0,0.0
244.85,52.29,56.07,50.6,50.58,7304.85,2805.78,3444.58,0.0,0.0
244.92,52.29,56.07,50.62,50.58,7305.16,2805.53,3442.93,0.0,0.0
245.05,52.29,56.07,50.62,50.59,7304.85,2805.28,3442.65,0.0,0.0
245.15,52.27,56.08,50.62,50.59,7305.48,2804.29,3442.1,0.0,0.0
245.26,52.29,56.09,50.63,50.6,7305.16,2803.79,3441.01,0.0,0.0
245.33,52.28,56.09,50.63,50.61,7305.79,2803.29,3441.56,0.0,0.0
245.44,52.28,56.09,50.64,50.61,7304.53,2803.54,3440.46,0.0,0.0
245.54,52.28,56.11,50.66,50.62,7304.53,2801.55,3437.71,0.0,0.0
245.61,52.28,56.12,50.65,50.63,7304.53,2800.31,3438.26,0.0,0.0
245.75,52.32,56.14,50.65,50.63,7302.65,2798.56,3438.81,0.0,0.0
245.85,52.32,56.14,50.64,50.64,7302.65,2798.81,3439.36,0.0,0.0
245.95,52.33,56.15,50.67,50.65,7303.27,2797.57,3436.61,0.0,0.0
246.02,52.35,56.15,50.66,50.65,7302.02,2797.07,3437.16,0.0,0.0
246.15,52.33,56.17,50.67,50.66,7302.33,2795.58,3436.07,0.0,0.0
246.25,52.32,56.19,50.7,50.67,7302.65,2793.59,3432.5,0.0,0.0
246.35,52.33,56.18,50.69,50.67,7302.33,2794.58,3432.77,0.0,0.0
246.42,52.37,56.19,50.72,50.68,7301.39,2793.34,3430.03,0.0,0.0
246.53,52.31,56.19,50.7,50.69,7303.59,2793.59,3431.68,0.0,0.0
246.65,52.35,56.2,50.72,50.69,7302.02,2792.35,3429.21,0.0,0.0
246.76,52.32,56.2,50.73,50.7,7302.65,2792.1,3428.39,0.0,0.0
246.83,52.37,56.22,50.73,50.71,7300.44,2790.61,3427.57,0.0,0.0
246.93,52.37,56.21,50.74,50.71,7301.39,2790.86,3426.19,0.0,0.0
247.06,52.35,56.21,50.76,50.72,7302.02,2791.85,3424.55,0.0,0.0
247.15,52.37,56.22,50.76,50.72,7301.39,2790.61,3424.28,0.0,0.0
247.26,52.37,56.22,50.76,50.73,7301.39,2790.61,3424.0,0.0,0.0
247.35,52.36,56.21,50.78,50.74,7301.07,2790.86,3421.54,0.0,0.0
247.45,52.39,56.22,50.78,50.74,7299.81,2789.86,3421.81,0.0,0.0
247.53,52.37,56.22,50.8,50.75,7300.44,2790.36,3419.08,0.0,0.0
247.62,52.39,56.23,50.81,50.76,7300.13,2788.87,3418.25,0.0,0.0
247.73,52.39,56.22,50.82,50.76,7299.5,2790.61,3416.07,0.0,0.0
247.85,52.37,56.23,50.83,50.77,7300.44,2788.87,3415.52,0.0,0.0
247.95,52.39,56.24,50.86,50.78,7299.81,2788.37,3411.69,0.0,0.0
248.06,52.39,56.23,50.86,50.78,7299.5,2789.12,3411.14,0.0,0.0
248.12,52.39,56.24,50.88,50.79,7300.13,2788.62,3408.96,0.0,0.0
248.25,52.37,56.23,50.87,50.8,7300.76,2789.37,3409.23,0.0,0.0
248.36,52.39,56.23,50.87,50.8,7298.87,2789.61,3409.78,0.0,0.0
248.43,52.39,56.23,50.89,50.81,7299.81,2789.12,3407.59,0.0,0.0
248.54,52.42,56.24,50.89,50.82,7298.56,2788.37,3407.86,0.0,0.0
248.66,52.43,56.23,50.9,50.82,7297.93,2789.12,3405.68,0.0,0.0
248.8,52.43,56.22,50.89,50.83,7297.61,2789.86,3407.04,0.0,0.0
248.83,52.43,56.24,50.9,50.83,7297.61,2787.88,3405.4,0.0,0.0
248.95,52.39,56.23,50.9,50.84,7299.81,2789.12,3405.4,0.0,0.0
249.07,52.42,56.24,50.91,50.85,7298.56,2788.12,3404.59,0.0,0.0
249.15,52.43,56.24,50.93,50.85,7297.61,2788.12,3402.13,0.0,0.0
249.28,52.43,56.24,50.92,50.86,7297.93,2788.62,3402.95,0.0,0.0
249.33,52.44,56.25,50.93,50.87,7297.3,2787.13,3401.58,0.0,0.0
249.46,52.43,56.26,50.94,50.87,7297.61,2786.39,3400.22,0.0,0.0
249.6,52.41,56.26,50.95,50.88,7298.24,2785.89,3399.94,0.0,0.0
249.66,52.42,56.29,50.96,50.88,7298.56,2783.65,3398.31,0.0,0.0
249.79,52.39,56.28,50.97,50.89,7299.18,2784.4,3397.49,0.0,0.0
249.88,52.46,56.29,50.97,50.9,7296.67,2783.41,3396.4,0.0,0.0
249.97,52.43,56.28,50.98,50.9,7297.93,2784.15,3395.03,0.0,0.0
250.05,52.46,56.3,50.99,50.91,7296.67,2782.41,3394.22,0.0,0.0
250.17,52.45,56.31,51.0,50.91,7296.04,2781.42,3392.58,0.0,0.0
250.28,52.46,56.34,50.99,50.92,7295.72,2778.44,3394.22,0.0,0.0
250.33,52.45,56.34,51.0,50.93,7296.04,2778.44,3392.85,0.0,0.0
250.48,52.46,56.34,51.01,50.93,7295.72,2777.7,3392.04,0.0,0.0
250.55,52.49,56.35,51.01,50.94,7294.47,2776.96,3391.22,0.0,0.0
250.63,52.46,56.34,51.02,50.94,7295.72,2777.7,3390.67,0.0,0.0
250.76,52.46,56.35,51.02,50.95,7296.35,2776.96,3390.13,0.0,0.0
250.84,52.48,56.36,51.03,50.96,7295.41,2775.72,3389.31,0.0,0.0
250.94,52.44,56.37,51.04,50.96,7296.98,2775.22,3387.95,0.0,0.0
251.05,52.49,56.36,51.04,50.97,7294.47,2776.21,3387.4,0.0,0.0
251.14,52.51,56.37,51.06,50.97,7293.83,2774.97,3384.68,0.0,0.0
251.25,52.53,56.37,51.07,50.98,7293.21,2774.97,3384.14,0.0,0.0
251.34,52.45,56.38,51.07,50.98,7296.04,2773.98,3384.41,0.0,0.0
251.45,52.51,56.38,51.09,50.99,7293.83,2773.98,3380.87,0.0,0.0
251.59,52.48,56.38,51.09,51.0,7295.09,2773.49,3380.87,0.0,0.0
251.69,52.49,56.39,51.1,51.0,7294.15,2772.5,3379.51,0.0,0.0
251.76,52.46,56.41,51.12,51.01,7296.35,2771.26,3377.33,0.0,0.0
251.86,52.51,56.39,51.13,51.01,7293.52,2772.74,3376.52,0.0,0.0
251.96,52.54,56.4,51.14,51.02,7292.26,2772.25,3374.61,0.0,0.0
252.03,52.51,56.4,51.15,51.03,7293.52,2771.75,3373.53,0.0,0.0
252.16,52.54,56.41,51.15,51.03,7292.26,2770.76,3372.98,0.0,0.0
252.26,52.55,56.41,51.15,51.04,7291.95,2770.51,3373.8,0.0,0.0
252.36,52.51,56.43,51.16,51.04,7293.83,2769.28,3372.44,0.0,0.0
252.43,52.51,56.41,51.16,51.05,7292.89,2771.26,3372.44,0.0,0.0
252.56,52.61,56.43,51.17,51.06,7288.8,2769.28,3371.35,0.0,0.0
252.67,52.6,56.43,51.18,51.06,7289.43,2768.78,3369.18,0.0,0.0
252.77,52.54,56.41,51.19,51.07,7292.26,2770.51,3368.63,0.0,0.0
252.83,52.53,56.43,51.19,51.07,7293.21,2768.78,3368.91,0.0,0.0
252.94,52.61,56.44,51.2,51.08,7288.49,2767.79,3367.0,0.0,0.0
253.06,52.61,56.45,51.2,51.09,7288.8,2767.29,3367.0,0.0,0.0
253.16,52.63,56.42,51.22,51.09,7288.17,2769.52,3364.02,0.0,0.0
253.23,52.66,56.44,51.24,51.1,7286.28,2767.79,3362.66,0.0,0.0
253.34,52.58,56.44,51.24,51.1,7289.75,2767.79,3361.85,0.0,0.0
253.47,52.6,56.45,51.24,51.11,7289.43,2767.29,3361.85,0.0,0.0
253.57,52.61,56.44,51.26,51.11,7287.86,2767.54,3359.13,0.0,0.0
253.64,52.58,56.45,51.25,51.12,7290.37,2766.55,3360.22,0.0,0.0
253.74,52.64,56.45,51.28,51.13,7287.54,2767.05,3357.51,0.0,0.0
253.86,52.55,56.47,51.29,51.13,7291.0,2765.07,3355.07,0.0,0.0
253.96,52.6,56.47,51.29,51.14,7289.12,2764.32,3355.34,0.0,0.0
254.03,52.63,56.47,51.3,51.14,7288.17,2765.07,3353.98,0.0,0.0
254.16,52.61,56.49,51.31,51.15,7288.49,2762.35,3352.9,0.0,0.0
254.26,52.61,56.47,51.32,51.15,7288.49,2764.32,3352.36,0.0,0.0
254.37,52.63,56.51,51.33,51.16,7288.17,2761.11,3351.0,0.0,0.0
254.44,52.63,56.5,51.34,51.17,7288.17,2761.36,3348.84,0.0,0.0
254.55,52.64,56.51,51.34,51.17,7287.54,2760.61,3348.84,0.0,0.0
254.64,52.65,56.51,51.36,51.18,7285.97,2761.11,3346.13,0.0,0.0
254.76,52.63,56.52,51.36,51.18,7287.23,2759.62,3346.4,0.0,0.0
254.85,52.65,56.51,51.37,51.19,7285.97,2760.37,3345.86,0.0,0.0
254.96,52.69,56.52,51.36,51.19,7284.71,2759.87,3346.4,0.0,0.0
255.06,52.61,56.52,51.37,51.2,7287.86,2759.38,3345.59,0.0,0.0
255.17,52.66,56.53,51.37,51.21,7286.28,2759.13,3345.32,0.0,0.0
255.26,52.68,56.53,51.38,51.21,7285.03,2758.64,3344.5,0.0,0.0
255.37,52.72,56.54,51.39,51.22,7283.14,2758.14,3343.42,0.0,0.0
255.48,52.71,56.55,51.38,51.22,7282.83,2756.91,3343.96,0.0,0.0
255.55,52.66,56.55,51.39,51.23,7286.28,2756.66,3342.61,0.0,0.0
255.65,52.72,56.54,51.39,51.23,7283.77,2757.4,3342.88,0.0,0.0
255.76,52.69,56.57,51.39,51.24,7284.71,2755.18,3343.42,0.0,0.0
255.83,52.72,56.58,51.39,51.24,7283.45,2753.2,3343.15,0.0,0.0
255.96,52.72,56.6,51.39,51.25,7283.14,2751.47,3342.88,0.0,0.0
256.06,52.68,56.6,51.4,51.26,7285.03,2751.72,3342.07,0.0,0.0
256.16,52.72,56.62,51.4,51.26,7283.14,2749.99,3342.07,0.0,0.0
256.22,52.72,56.62,51.42,51.27,7283.77,2749.5,3339.63,0.0,0.0
256.36,52.72,56.65,51.41,51.27,7283.45,2747.03,3339.91,0.0,0.0
256.46,52.72,56.65,51.42,51.28,7283.45,2746.78,3338.55,0.0,0.0
256.56,52.72,56.66,51.42,51.28,7283.45,2746.04,3339.09,0.0,0.0
256.63,52.74,56.67,51.43,51.29,7282.19,2744.31,3338.28,0.0,0.0
256.74,52.72,56.67,51.42,51.29,7283.77,2744.56,3338.55,0.0,0.0
256.87,52.74,56.69,51.43,51.3,7282.19,2742.09,3338.01,0.0,0.0
256.97,52.72,56.69,51.43,51.31,7283.45,2742.09,3337.74,0.0,0.0
257.04,52.69,56.71,51.44,51.31,7284.71,2740.61,3336.93,0.0,0.0
257.15,52.74,56.7,51.44,51.32,7282.19,2741.35,3336.39,0.0,0.0
257.24,52.74,56.73,51.44,51.32,7282.19,2738.15,3336.93,0.0,0.0
257.38,52.71,56.72,51.46,51.33,7282.83,2739.38,3334.23,0.0,0.0
257.45,52.71,56.74,51.46,51.33,7282.83,2737.41,3334.5,0.0,0.0
257.56,52.74,56.77,51.47,51.34,7281.88,2734.95,3332.61,0.0,0.0
257.66,52.74,56.76,51.47,51.34,7281.88,2735.19,3332.34,0.0,0.0
257.77,52.79,56.77,51.47,51.35,7280.31,2734.21,3332.61,0.0,0.0
257.87,52.79,56.79,51.49,51.36,7279.68,2732.24,3330.45,0.0,0.0
257.97,52.8,56.79,51.49,51.36,7279.36,2732.98,3329.64,0.0,0.0
258.07,52.75,56.82,51.51,51.37,7281.57,2729.78,3328.02,0.0,0.0
258.15,52.79,56.82,51.51,51.37,7279.68,2729.53,3327.75,0.0,0.0
258.25,52.79,56.82,51.53,51.38,7280.31,2729.29,3325.05,0.0,0.0
258.38,52.77,56.82,51.54,51.39,7281.25,2729.53,3324.51,0.0,0.0
258.46,52.75,56.82,51.54,51.39,7280.94,2729.29,3323.97,0.0,0.0
258.56,52.78,56.84,51.55,51.4,7279.99,2727.81,3322.08,0.0,0.0
258.66,52.8,56.84,51.54,51.4,7278.73,2727.56,3323.7,0.0,0.0
258.76,52.78,56.84,51.57,51.41,7280.62,2727.07,3320.73,0.0,0.0
258.83,52.8,56.84,51.56,51.41,7279.36,2727.81,3321.54,0.0,0.0
258.95,52.8,56.85,51.57,51.42,7278.73,2726.33,3320.73,0.0,0.0
259.08,52.8,56.85,51.57,51.43,7278.73,2726.09,3320.73,0.0,0.0
259.18,52.82,56.87,51.58,51.43,7278.11,2724.61,3319.11,0.0,0.0
259.25,52.82,56.86,51.58,51.44,7278.42,2725.59,3318.3,0.0,0.0
259.36,52.82,56.89,51.59,51.44,7278.42,2722.89,3317.23,0.0,0.0
259.45,52.8,56.89,51.59,51.45,7279.36,2722.15,3318.04,0.0,0.0
259.56,52.8,56.9,51.59,51.46,7279.36,2721.91,3317.5,0.0,0.0
259.66,52.8,56.89,51.61,51.46,7279.05,2722.89,3315.61,0.0,0.0
259.77,52.82,56.92,51.6,51.47,7277.79,2719.94,3316.42,0.0,0.0
259.87,52.83,56.92,51.62,51.47,7277.48,2719.2,3313.45,0.0,0.0
259.95,52.82,56.93,51.63,51.48,7278.42,2718.96,3312.65,0.0,0.0
260.05,52.75,56.95,51.63,51.48,7280.94,2716.26,3312.11,0.0,0.0
260.13,52.8,56.94,51.64,51.49,7279.36,2717.73,3311.3,0.0,0.0
260.23,52.82,56.97,51.65,51.5,7278.42,2715.03,3309.68,0.0,0.0
260.34,52.82,56.98,51.67,51.5,7278.11,2713.8,3307.8,0.0,0.0
260.45,52.83,56.97,51.66,51.51,7277.48,2714.54,3308.34,0.0,0.0
260.59,52.84,56.98,51.66,51.51,7277.16,2713.56,3308.61,0.0,0.0
260.67,52.84,56.98,51.67,51.52,7277.16,2713.8,3307.26,0.0,0.0
260.77,52.8,56.99,51.68,51.53,7278.73,2713.07,3306.45,0.0,0.0
260.88,52.82,57.0,51.67,51.53,7278.11,2711.84,3307.26,0.0,0.0
260.98,52.84,57.01,51.69,51.54,7277.16,2710.86,3305.38,0.0,0.0
261.16,52.82,57.0,51.69,51.54,7278.11,2711.84,3304.84,0.0,0.0
261.27,52.82,57.01,51.69,51.55,7277.79,2710.86,3305.11,0.0,0.0
261.36,52.82,57.01,51.69,51.56,7277.79,2710.61,3304.84,0.0,0.0
261.4,52.83,57.03,51.69,51.56,7277.48,2708.89,3305.38,0.0,0.0
261.48,52.83,57.03,51.7,51.57,7277.48,2709.14,3304.03,0.0,0.0
261.56,52.82,57.03,51.7,51.57,7277.79,2709.14,3304.3,0.0,0.0
261.68,52.84,57.03,51.7,51.58,7277.16,2708.16,3304.3,0.0,0.0
261.77,52.86,57.03,51.7,51.58,7276.53,2708.16,3304.3,0.0,0.0
261.85,52.84,57.05,51.7,51.59,7276.85,2706.69,3304.3,0.0,0.0
261.95,52.83,57.03,51.7,51.6,7277.48,2709.14,3304.3,0.0,0.0
262.1,52.86,57.05,51.7,51.6,7275.9,2706.44,3303.76,0.0,0.0
262.15,52.83,57.04,51.7,51.61,7277.48,2707.42,3303.5,0.0,0.0
262.29,52.86,57.05,51.7,51.61,7276.22,2706.2,3303.5,0.0,0.0
262.33,52.84,57.06,51.7,51.62,7276.85,2705.46,3303.76,0.0,0.0
262.48,52.83,57.05,51.7,51.63,7277.48,2706.44,3303.76,0.0,0.0
262.57,52.86,57.05,51.71,51.63,7276.22,2706.2,3302.69,0.0,0.0
262.65,52.87,57.07,51.71,51.64,7275.59,2704.97,3302.69,0.0,0.0
262.76,52.86,57.07,51.72,51.64,7275.9,2704.97,3301.08,0.0,0.0
262.87,52.89,57.06,51.72,51.65,7274.96,2705.22,3301.61,0.0,0.0
262.95,52.86,57.08,51.73,51.65,7275.9,2703.75,3300.27,0.0,0.0
263.06,52.86,57.08,51.72,51.66,7276.53,2703.75,3301.34,0.0,0.0
263.16,52.87,57.09,51.72,51.67,7275.59,2702.52,3300.81,0.0,0.0
263.24,52.87,57.08,51.72,51.67,7275.59,2703.5,3300.81,0.0,0.0
263.39,52.89,57.1,51.73,51.68,7274.96,2701.78,3300.0,0.0,0.0
263.47,52.86,57.1,51.74,51.68,7276.53,2702.03,3299.19,0.0,0.0
263.54,52.86,57.1,51.73,51.69,7276.53,2701.54,3299.46,0.0,0.0
263.66,52.86,57.11,51.73,51.7,7276.22,2700.56,3300.54,0.0,0.0
263.73,52.86,57.11,51.75,51.7,7276.22,2700.31,3297.85,0.0,0.0
263.83,52.84,57.11,51.75,51.71,7276.85,2700.8,3297.58,0.0,0.0
263.94,52.84,57.12,51.75,51.71,7276.85,2700.07,3297.04,0.0,0.0
264.07,52.92,57.12,51.76,51.72,7273.39,2699.58,3296.24,0.0,0.0
264.18,52.92,57.13,51.76,51.72,7273.39,2699.09,3296.77,0.0,0.0
264.25,52.92,57.14,51.78,51.73,7273.07,2698.11,3294.36,0.0,0.0
264.39,52.91,57.14,51.79,51.73,7273.7,2697.87,3293.01,0.0,0.0
264.46,52.91,57.14,51.78,51.74,7274.33,2697.62,3293.28,0.0,0.0
264.53,52.89,57.15,51.8,51.75,7274.96,2696.89,3290.87,0.0,0.0
264.67,52.89,57.15,51.81,51.75,7274.02,2696.4,3290.6,0.0,0.0
264.77,52.88,57.14,51.82,51.76,7274.65,2697.38,3289.26,0.0,0.0
264.85,52.89,57.17,51.81,51.76,7274.96,2694.93,3289.79,0.0,0.0
264.98,52.89,57.16,51.81,51.77,7274.02,2695.91,3290.33,0.0,0.0
265.05,52.91,57.17,51.84,51.77,7274.33,2694.93,3286.57,0.0,0.0
265.19,52.94,57.18,51.84,51.78,7272.76,2693.95,3286.3,0.0,0.0
265.27,52.92,57.2,51.87,51.79,7273.07,2691.99,3283.09,0.0,0.0
265.34,52.96,57.21,51.88,51.79,7271.5,2691.26,3281.48,0.0,0.0
265.48,52.94,57.21,51.87,51.8,7272.76,2690.52,3283.09,0.0,0.0
265.59,52.92,57.22,51.87,51.8,7273.07,2690.04,3282.01,0.0,0.0
265.63,52.92,57.23,51.9,51.81,7273.07,2688.57,3278.8,0.0,0.0
265.76,52.89,57.25,51.91,51.81,7274.96,2686.61,3277.99,0.0,0.0
265.89,52.94,57.25,51.92,51.82,7272.76,2687.35,3275.85,0.0,0.0
265.93,52.94,57.27,51.91,51.82,7272.76,2684.66,3277.73,0.0,0.0
266.06,52.89,57.28,51.93,51.83,7274.02,2684.41,3275.58,0.0,0.0
266.16,52.94,57.28,51.92,51.83,7272.13,2684.17,3275.85,0.0,0.0
266.27,52.92,57.29,51.93,51.84,7273.39,2683.44,3274.78,0.0,0.0
266.34,52.94,57.29,51.95,51.85,7271.82,2683.44,3273.17,0.0,0.0
266.45,52.96,57.29,51.94,51.85,7271.5,2682.7,3273.98,0.0,0.0
266.58,52.96,57.3,51.94,51.86,7271.5,2681.73,3274.24,0.0,0.0
266.68,52.94,57.31,51.95,51.86,7272.13,2681.24,3272.37,0.0,0.0
266.75,52.94,57.31,51.95,51.87,7272.76,2680.75,3272.1,0.0,0.0
266.86,53.0,57.32,51.97,51.87,7268.36,2680.02,3270.5,0.0,0.0
266.96,52.96,57.32,51.97,51.88,7271.5,2680.02,3270.5,0.0,0.0
267.03,53.01,57.32,51.97,51.89,7268.67,2680.51,3270.23,0.0,0.0
267.18,52.98,57.34,51.97,51.89,7269.93,2678.31,3269.96,0.0,0.0
267.28,52.98,57.34,51.99,51.9,7269.61,2678.06,3268.09,0.0,0.0
267.39,52.98,57.35,51.97,51.9,7269.61,2677.58,3269.96,0.0,0.0
267.46,53.02,57.35,51.96,51.91,7268.99,2677.58,3270.76,0.0,0.0
267.57,53.02,57.36,51.98,51.91,7268.99,2676.11,3269.43,0.0,0.0
267.67,53.03,57.35,51.98,51.92,7267.41,2677.58,3269.43,0.0,0.0
267.74,53.01,57.37,51.98,51.93,7268.04,2675.62,3269.16,0.0,0.0
267.85,53.05,57.35,51.98,51.93,7266.78,2677.09,3268.62,0.0,0.0
267.98,53.0,57.37,51.99,51.94,7268.36,2674.89,3267.29,0.0,0.0
268.08,53.04,57.39,51.99,51.94,7267.73,2673.67,3267.55,0.0,0.0
268.15,53.08,57.39,52.0,51.95,7265.84,2673.67,3266.22,0.0,0.0
268.3,53.08,57.39,51.99,51.95,7265.84,2672.94,3267.02,0.0,0.0
268.37,53.05,57.39,52.01,51.96,7266.78,2673.67,3264.88,0.0,0.0
268.44,53.04,57.4,52.01,51.96,7267.73,2672.7,3264.88,0.0,0.0
268.55,53.03,57.42,52.0,51.97,7267.1,2670.26,3266.22,0.0,0.0
268.65,53.08,57.41,52.01,51.98,7265.84,2671.48,3264.61,0.0,0.0
268.77,53.06,57.41,52.01,51.98,7266.16,2671.23,3265.41,0.0,0.0
268.86,53.08,57.42,52.03,51.99,7265.21,2670.5,3262.47,0.0,0.0
268.97,53.08,57.42,52.04,51.99,7265.84,2670.26,3261.94,0.0,0.0
269.08,53.06,57.42,52.03,52.0,7266.47,2670.75,3262.21,0.0,0.0
269.15,53.06,57.42,52.04,52.0,7266.47,2670.5,3261.67,0.0,0.0
269.26,53.08,57.42,52.06,52.01,7265.53,2670.01,3259.53,0.0,0.0
269.4,53.08,57.44,52.06,52.01,7264.9,2668.31,3259.0,0.0,0.0
269.43,53.1,57.45,52.08,52.02,7263.95,2667.82,3257.13,0.0,0.0
269.54,53.08,57.45,52.07,52.03,7264.9,2667.82,3257.66,0.0,0.0
269.64,53.08,57.46,52.08,52.03,7265.53,2666.85,3256.59,0.0,0.0
269.78,53.08,57.45,52.08,52.04,7265.53,2667.09,3256.33,0.0,0.0
269.85,53.04,57.47,52.08,52.04,7267.73,2665.38,3256.06,0.0,0.0
269.96,53.06,57.47,52.09,52.05,7266.47,2665.87,3255.26,0.0,0.0
270.06,53.08,57.46,52.09,52.05,7264.9,2666.6,3255.26,0.0,0.0
270.19,53.06,57.46,52.09,52.06,7266.47,2666.12,3254.73,0.0,0.0
270.26,53.08,57.45,52.1,52.06,7264.58,2667.09,3254.46,0.0,0.0
270.36,53.08,57.46,52.09,52.07,7264.9,2666.12,3254.73,0.0,0.0
270.46,53.06,57.48,52.1,52.08,7266.16,2664.9,3254.19,0.0,0.0
270.54,53.1,57.48,52.1,52.08,7263.95,2664.9,3254.19,0.0,0.0
270.64,53.08,57.47,52.1,52.09,7264.9,2665.14,3253.92,0.0,0.0
270.78,53.06,57.48,52.11,52.09,7266.16,2664.41,3252.32,0.0,0.0
270.88,53.08,57.49,52.11,52.1,7264.58,2663.68,3253.12,0.0,0.0
270.95,53.06,57.48,52.11,52.1,7266.47,2664.9,3252.59,0.0,0.0
271.05,53.08,57.48,52.12,52.11,7265.21,2664.9,3252.06,0.0,0.0
271.18,53.13,57.49,52.12,52.11,7263.33,2663.92,3251.52,0.0,0.0
271.29,53.08,57.49,52.12,52.12,7264.58,2663.68,3251.52,0.0,0.0
271.36,53.08,57.49,52.11,52.12,7264.9,2663.68,3252.32,0.0,0.0
271.47,53.15,57.48,52.13,52.13,7262.07,2664.17,3250.46,0.0,0.0
271.57,53.08,57.48,52.12,52.14,7265.21,2664.41,3251.52,0.0,0.0
271.7,53.08,57.48,52.13,52.14,7264.58,2664.41,3250.72,0.0,0.0
271.77,53.1,57.49,52.13,52.15,7264.27,2663.92,3250.19,0.0,0.0
271.88,53.14,57.49,52.12,52.15,7261.44,2663.68,3252.06,0.0,0.0
271.96,53.13,57.5,52.13,52.16,7263.01,2662.71,3249.92,0.0,0.0
272.06,53.13,57.51,52.13,52.16,7263.01,2661.98,3250.72,0.0,0.0
272.16,53.1,57.5,52.13,52.17,7263.95,2662.46,3249.92,0.0,0.0
272.26,53.15,57.51,52.13,52.17,7261.75,2661.49,3250.19,0.0,0.0
272.37,53.1,57.5,52.14,52.18,7264.27,2662.71,3248.85,0.0,0.0
272.47,53.14,57.5,52.16,52.18,7261.44,2662.71,3246.45,0.0,0.0
272.58,53.14,57.51,52.15,52.19,7261.44,2661.73,3247.52,0.0,0.0
272.72,53.17,57.52,52.15,52.19,7260.81,2660.76,3247.79,0.0,0.0
272.76,53.14,57.53,52.16,52.2,7261.44,2659.78,3247.25,0.0,0.0
272.87,53.16,57.51,52.17,52.2,7261.13,2661.98,3245.92,0.0,0.0
273.01,53.17,57.53,52.18,52.21,7260.81,2659.3,3244.59,0.0,0.0
273.08,53.1,57.54,52.17,52.21,7263.95,2658.57,3244.85,0.0,0.0
273.18,53.13,57.55,52.18,52.22,7263.01,2657.84,3244.59,0.0,0.0
273.28,53.14,57.55,52.18,52.22,7261.44,2657.59,3243.79,0.0,0.0
273.39,53.14,57.55,52.19,52.23,7261.44,2657.84,3243.26,0.0,0.0
273.46,53.14,57.55,52.18,52.23,7262.38,2658.08,3244.59,0.0,0.0
273.56,53.15,57.56,52.2,52.24,7261.75,2656.38,3242.19,0.0,0.0
273.66,53.15,57.57,52.2,52.24,7262.07,2655.89,3241.92,0.0,0.0
273.79,53.12,57.58,52.22,52.25,7262.7,2654.92,3239.79,0.0,0.0
273.86,53.14,57.58,52.22,52.25,7261.44,2654.92,3238.99,0.0,0.0
273.97,53.18,57.58,52.22,52.26,7259.87,2655.16,3238.99,0.0,0.0
274.07,53.18,57.56,52.23,52.26,7259.87,2656.38,3238.19,0.0,0.0
274.21,53.17,57.57,52.22,52.27,7260.5,2655.41,3238.99,0.0,0.0
274.25,53.15,57.59,52.22,52.27,7262.07,2653.7,3238.99,0.0,0.0
274.38,53.14,57.59,52.23,52.28,7261.44,2654.19,3238.46,0.0,0.0
274.48,53.16,57.6,52.24,52.28,7261.13,2653.22,3237.4,0.0,0.0
274.55,53.15,57.6,52.25,52.29,7262.07,2652.49,3235.8,0.0,0.0
274.66,53.14,57.59,52.23,52.29,7261.44,2653.7,3237.66,0.0,0.0
274.77,53.16,57.61,52.24,52.3,7261.13,2652.24,3236.86,0.0,0.0
274.84,53.19,57.59,52.25,52.3,7260.18,2653.46,3236.06,0.0,0.0
274.98,53.14,57.59,52.25,52.31,7261.44,2653.46,3236.06,0.0,0.0
275.1,53.15,57.62,52.26,52.31,7262.07,2651.27,3235.0,0.0,0.0
275.19,53.19,57.61,52.26,52.32,7260.18,2651.52,3235.0,0.0,0.0
275.28,53.14,57.61,52.26,52.32,7261.44,2652.0,3234.73,0.0,0.0
275.37,53.17,57.63,52.26,52.33,7260.5,2650.06,3234.47,0.0,0.0
275.45,53.17,57.61,52.26,52.33,7260.81,2652.24,3234.47,0.0,0.0
275.57,53.18,57.62,52.26,52.34,7259.87,2650.54,3234.47,0.0,0.0
275.67,53.14,57.65,52.27,52.34,7261.44,2648.11,3232.6,0.0,0.0
275.75,53.2,57.64,52.27,52.35,7259.24,2649.33,3232.87,0.0,0.0
275.86,53.19,57.64,52.27,52.35,7260.18,2649.09,3233.14,0.0,0.0
275.96,53.19,57.64,52.28,52.36,7260.18,2649.09,3232.34,0.0,0.0
276.08,53.19,57.65,52.27,52.36,7260.18,2648.11,3233.14,0.0,0.0
276.22,53.17,57.66,52.27,52.37,7260.81,2646.9,3233.14,0.0,0.0
276.31,53.16,57.66,52.27,52.37,7261.13,2647.14,3232.6,0.0,0.0
276.4,53.18,57.66,52.28,52.38,7259.87,2646.66,3231.54,0.0,0.0
276.5,53.14,57.68,52.29,52.38,7261.44,2645.44,3230.48,0.0,0.0
276.6,53.15,57.67,52.27,52.39,7261.75,2645.93,3233.4,0.0,0.0
276.7,53.15,57.67,52.28,52.39,7261.75,2645.68,3231.81,0.0,0.0
276.81,53.17,57.68,52.29,52.4,7260.81,2644.96,3231.27,0.0,0.0
276.93,53.18,57.71,52.27,52.4,7259.87,2642.29,3232.6,0.0,0.0
277.05,53.15,57.7,52.29,52.41,7261.75,2643.01,3231.01,0.0,0.0
277.14,53.14,57.74,52.29,52.41,7262.38,2639.62,3231.01,0.0,0.0
277.27,53.14,57.73,52.29,52.42,7262.38,2640.59,3230.74,0.0,0.0
277.38,53.12,57.74,52.29,52.42,7262.7,2639.62,3231.01,0.0,0.0
277.46,53.16,57.73,52.29,52.42,7261.13,2640.34,3231.01,0.0,0.0
277.52,53.15,57.74,52.3,52.43,7261.75,2639.62,3229.15,0.0,0.0
277.63,53.15,57.75,52.29,52.43,7261.75,2638.89,3231.27,0.0,0.0
277.72,53.14,57.75,52.31,52.44,7261.44,2638.4,3228.35,0.0,0.0
277.81,53.15,57.75,52.31,52.44,7261.75,2638.65,3228.88,0.0,0.0
277.89,53.12,57.77,52.31,52.45,7262.7,2636.46,3228.35,0.0,0.0
278.01,53.14,57.76,52.32,52.45,7261.44,2637.92,3226.75,0.0,0.0
278.06,53.15,57.74,52.32,52.46,7261.75,2639.13,3226.75,0.0,0.0
278.18,53.17,57.76,52.33,52.46,7260.81,2637.19,3225.96,0.0,0.0
278.3,53.14,57.75,52.33,52.47,7261.44,2638.16,3225.96,0.0,0.0
278.37,53.19,57.77,52.34,52.47,7259.55,2636.22,3224.89,0.0,0.0
278.45,53.11,57.78,52.34,52.48,7263.64,2635.74,3224.36,0.0,0.0
278.57,53.15,57.78,52.36,52.48,7262.07,2635.98,3222.5,0.0,0.0
278.71,53.17,57.79,52.36,52.49,7260.5,2635.01,3221.97,0.0,0.0
278.8,53.15,57.79,52.35,52.49,7262.07,2634.77,3223.03,0.0,0.0
278.88,53.14,57.77,52.37,52.5,7262.38,2636.22,3221.17,0.0,0.0
278.99,53.13,57.78,52.37,52.5,7263.01,2635.74,3221.44,0.0,0.0
279.07,53.12,57.78,52.37,52.51,7262.7,2635.74,3221.44,0.0,0.0
279.19,53.12,57.79,52.37,52.51,7262.7,2635.01,3221.44,0.0,0.0
279.29,53.15,57.79,52.38,52.52,7262.07,2634.77,3219.84,0.0,0.0
279.37,53.13,57.79,52.38,52.52,7263.33,2635.01,3219.31,0.0,0.0
279.48,53.15,57.79,52.39,52.53,7261.75,2634.52,3218.78,0.0,0.0
279.59,53.15,57.79,52.38,52.53,7261.75,2634.52,3219.31,0.0,0.0
279.71,53.19,57.79,52.4,52.54,7260.18,2634.28,3217.72,0.0,0.0
279.79,53.12,57.8,52.39,52.54,7262.7,2634.04,3217.99,0.0,0.0
279.9,53.12,57.79,52.41,52.54,7262.7,2634.28,3215.6,0.0,0.0
279.98,53.11,57.81,52.44,52.55,7263.64,2632.83,3212.94,0.0,0.0
280.09,53.15,57.81,52.43,52.55,7262.07,2633.07,3214.0,0.0,0.0
280.18,53.15,57.82,52.45,52.56,7262.07,2631.86,3211.35,0.0,0.0
280.28,53.17,57.82,52.45,52.56,7260.81,2631.62,3211.35,0.0,0.0
280.39,53.19,57.82,52.46,52.57,7260.18,2631.86,3210.03,0.0,0.0
280.5,53.14,57.82,52.46,52.57,7261.44,2631.62,3210.29,0.0,0.0
280.58,53.14,57.83,52.48,52.58,7262.38,2630.65,3207.9,0.0,0.0
280.69,53.14,57.85,52.48,52.58,7261.44,2628.71,3207.64,0.0,0.0
280.8,53.15,57.84,52.49,52.59,7261.75,2629.92,3206.31,0.0,0.0
280.88,53.14,57.83,52.48,52.59,7262.38,2630.41,3207.11,0.0,0.0
280.99,53.17,57.84,52.51,52.6,7260.5,2629.44,3204.19,0.0,0.0
281.1,53.15,57.82,52.5,52.6,7262.07,2632.1,3204.99,0.0,0.0
281.17,53.19,57.84,52.51,52.6,7260.18,2630.16,3204.46,0.0,0.0
281.28,53.18,57.85,52.51,52.61,7259.87,2628.95,3203.93,0.0,0.0
281.39,53.16,57.84,52.52,52.61,7261.13,2629.44,3203.14,0.0,0.0
281.47,53.19,57.83,52.52,52.62,7260.18,2630.41,3202.61,0.0,0.0
281.58,53.19,57.83,52.53,52.62,7260.18,2630.89,3202.08,0.0,0.0
281.69,53.19,57.82,52.53,52.63,7260.18,2632.1,3202.08,0.0,0.0
281.77,53.18,57.84,52.53,52.63,7259.87,2629.92,3201.02,0.0,0.0
281.88,53.19,57.84,52.53,52.64,7259.55,2630.16,3201.02,0.0,0.0
281.99,53.17,57.83,52.54,52.64,7260.5,2630.41,3200.49,0.0,0.0
282.06,53.19,57.82,52.55,52.65,7260.18,2631.62,3199.16,0.0,0.0
282.18,53.2,57.81,52.54,52.65,7258.61,2633.07,3200.22,0.0,0.0
282.28,53.19,57.82,52.55,52.65,7259.55,2631.37,3198.63,0.0,0.0
282.35,53.2,57.84,52.56,52.66,7258.29,2629.92,3198.37,0.0,0.0
282.47,53.2,57.83,52.57,52.66,7258.61,2630.41,3196.52,0.0,0.0
282.61,53.17,57.84,52.57,52.67,7260.5,2629.68,3196.25,0.0,0.0
282.64,53.25,57.84,52.58,52.67,7257.04,2629.68,3195.99,0.0,0.0
282.76,53.21,57.86,52.59,52.68,7258.92,2627.5,3193.87,0.0,0.0
282.89,53.2,57.87,52.6,52.68,7258.61,2626.77,3193.34,0.0,0.0
283.0,53.24,57.86,52.62,52.68,7257.67,2627.5,3191.23,0.0,0.0
283.07,53.26,57.85,52.61,52.69,7256.72,2628.71,3192.02,0.0,0.0
283.19,53.23,57.87,52.62,52.69,7257.98,2627.26,3190.43,0.0,0.0
283.29,53.25,57.87,52.64,52.7,7257.04,2626.77,3188.85,0.0,0.0
283.36,53.24,57.9,52.64,52.7,7257.67,2624.11,3188.85,0.0,0.0
283.48,53.23,57.9,52.64,52.71,7257.98,2623.63,3188.85,0.0,0.0
283.59,53.2,57.88,52.65,52.71,7258.29,2625.56,3187.53,0.0,0.0
283.66,53.26,57.89,52.66,52.71,7256.41,2624.59,3186.47,0.0,0.0
283.79,53.23,57.9,52.64,52.72,7257.35,2623.87,3188.05,0.0,0.0
283.87,53.2,57.91,52.65,52.72,7258.29,2623.14,3187.26,0.0,0.0
283.95,53.23,57.91,52.65,52.73,7257.98,2623.14,3187.0,0.0,0.0
284.11,53.2,57.93,52.65,52.73,7258.61,2620.96,3187.0,0.0,0.0
284.15,53.2,57.92,52.66,52.74,7258.29,2622.66,3185.68,0.0,0.0
284.29,53.27,57.94,52.65,52.74,7255.78,2620.24,3187.0,0.0,0.0
284.41,53.23,57.94,52.67,52.74,7257.98,2620.24,3184.88,0.0,0.0
284.49,53.23,57.92,52.67,52.75,7257.98,2622.17,3184.88,0.0,0.0
284.57,53.26,57.94,52.67,52.75,7256.72,2620.48,3184.88,0.0,0.0
284.71,53.26,57.94,52.68,52.76,7256.41,2620.48,3184.09,0.0,0.0
284.78,53.24,57.92,52.68,52.76,7257.67,2622.17,3183.83,0.0,0.0
284.89,53.2,57.95,52.68,52.77,7258.29,2619.76,3183.83,0.0,0.0
284.97,53.24,57.93,52.68,52.77,7257.67,2621.45,3183.83,0.0,0.0
285.08,53.24,57.93,52.68,52.77,7257.67,2621.45,3183.56,0.0,0.0
285.19,53.24,57.93,52.7,52.78,7257.67,2621.69,3181.71,0.0,0.0
285.27,53.25,57.94,52.69,52.78,7257.04,2620.24,3181.98,0.0,0.0
285.38,53.29,57.95,52.69,52.79,7255.15,2619.51,3181.98,0.0,0.0
285.5,53.26,57.95,52.7,52.79,7256.72,2619.27,3181.45,0.0,0.0
285.58,53.25,57.94,52.7,52.79,7257.04,2620.48,3181.45,0.0,0.0
285.7,53.26,57.95,52.7,52.8,7256.72,2619.03,3181.71,0.0,0.0
285.8,53.29,57.95,52.7,52.8,7255.46,2619.27,3181.19,0.0,0.0
285.88,53.27,57.96,52.7,52.81,7255.78,2618.06,3181.45,0.0,0.0
285.99,53.26,57.96,52.71,52.81,7256.41,2618.3,3180.39,0.0,0.0
286.07,53.29,57.98,52.71,52.82,7255.46,2616.37,3180.39,0.0,0.0
286.18,53.29,57.98,52.71,52.82,7255.15,2616.61,3180.13,0.0,0.0
286.34,53.26,57.98,52.71,52.82,7256.72,2616.37,3180.13,0.0,0.0
286.37,53.27,57.98,52.71,52.83,7255.78,2616.37,3179.87,0.0,0.0
286.49,53.27,57.98,52.73,52.83,7255.78,2616.13,3177.76,0.0,0.0
286.6,53.26,57.99,52.72,52.84,7256.72,2615.89,3178.81,0.0,0.0
286.67,53.29,58.0,52.74,52.84,7255.15,2614.92,3176.17,0.0,0.0
286.78,53.3,58.0,52.73,52.84,7254.21,2614.68,3177.23,0.0,0.0
286.9,53.25,57.99,52.74,52.85,7257.04,2615.89,3176.44,0.0,0.0
286.97,53.29,57.99,52.73,52.85,7255.15,2615.89,3177.76,0.0,0.0
287.08,53.33,57.99,52.74,52.86,7252.32,2615.16,3176.7,0.0,0.0
287.18,53.27,58.0,52.73,52.86,7255.78,2614.2,3178.02,0.0,0.0
287.25,53.3,58.01,52.75,52.86,7254.21,2613.47,3175.64,0.0,0.0
287.4,53.29,58.02,52.73,52.87,7255.46,2612.99,3178.02,0.0,0.0
287.47,53.28,58.0,52.75,52.87,7254.84,2614.68,3174.59,0.0,0.0
287.58,53.26,58.03,52.77,52.88,7256.09,2612.02,3172.74,0.0,0.0
287.65,53.26,58.02,52.77,52.88,7256.41,2612.51,3173.01,0.0,0.0
287.79,53.26,58.02,52.76,52.88,7256.72,2612.26,3174.06,0.0,0.0
287.91,53.29,58.03,52.79,52.89,7255.46,2611.54,3170.9,0.0,0.0
287.99,53.31,58.04,52.79,52.89,7253.89,2610.81,3170.9,0.0,0.0
288.1,53.26,58.03,52.8,52.9,7256.41,2611.3,3169.32,0.0,0.0
288.21,53.3,58.06,52.79,52.9,7254.21,2609.12,3170.9,0.0,0.0
288.28,53.26,58.05,52.81,52.9,7256.09,2610.09,3167.47,0.0,0.0
288.4,53.27,58.08,52.81,52.91,7255.78,2607.19,3167.74,0.0,0.0
288.51,53.29,58.09,52.83,52.91,7255.15,2605.99,3166.16,0.0,0.0
288.58,53.29,58.09,52.81,52.92,7255.46,2605.99,3167.74,0.0,0.0
288.69,53.31,58.09,52.82,52.92,7253.89,2605.75,3166.95,0.0,0.0
288.82,53.29,58.09,52.82,52.92,7255.46,2605.75,3166.68,0.0,0.0
288.87,53.29,58.09,52.84,52.93,7255.46,2605.75,3164.58,0.0,0.0
288.99,53.26,58.11,52.83,52.93,7256.72,2603.82,3165.1,0.0,0.0
289.07,53.29,58.11,52.84,52.94,7254.52,2603.82,3164.05,0.0,0.0
289.19,53.32,58.12,52.85,52.94,7253.26,2603.09,3163.52,0.0,0.0
289.3,53.28,58.12,52.83,52.94,7254.84,2603.57,3165.1,0.0,0.0
289.37,53.32,58.13,52.84,52.95,7253.26,2602.37,3164.05,0.0,0.0
289.48,53.28,58.14,52.84,52.95,7254.84,2601.4,3164.05,0.0,0.0
289.6,53.31,58.13,52.85,52.96,7253.89,2601.89,3163.79,0.0,0.0
289.72,53.29,58.14,52.84,52.96,7255.46,2601.4,3164.05,0.0,0.0
289.79,53.35,58.14,52.82,52.96,7252.01,2601.4,3166.42,0.0,0.0
289.9,53.33,58.15,52.84,52.97,7252.95,2600.2,3164.58,0.0,0.0
289.98,53.31,58.15,52.83,52.97,7253.89,2600.68,3165.89,0.0,0.0
290.09,53.35,58.17,52.84,52.98,7252.01,2598.75,3164.84,0.0,0.0
290.24,53.33,58.15,52.84,52.98,7252.95,2600.2,3164.31,0.0,0.0
290.28,53.35,58.16,52.83,52.98,7252.01,2599.23,3165.89,0.0,0.0
290.39,53.36,58.16,52.83,52.99,7251.06,2599.23,3165.89,0.0,0.0
290.5,53.37,58.17,52.84,52.99,7250.43,2598.51,3164.84,0.0,0.0
290.58,53.36,58.2,52.83,53.0,7250.75,2595.86,3165.63,0.0,0.0
290.7,53.39,58.18,52.83,53.0,7249.49,2597.31,3166.16,0.0,0.0
290.81,53.41,58.19,52.83,53.0,7248.55,2597.07,3166.16,0.0,0.0
290.88,53.34,58.19,52.83,53.01,7252.64,2596.82,3165.37,0.0,0.0
290.99,53.39,58.18,52.83,53.01,7250.12,2597.31,3165.37,0.0,0.0
291.1,53.36,58.2,52.83,53.02,7251.38,2595.62,3165.37,0.0,0.0
291.18,53.41,58.19,52.82,53.02,7248.87,2596.34,3166.42,0.0,0.0
291.29,53.38,58.21,52.83,53.03,7249.81,2595.14,3166.16,0.0,0.0
291.39,53.36,58.21,52.84,53.03,7251.38,2594.42,3164.84,0.0,0.0
291.46,53.39,58.23,52.84,53.03,7250.12,2592.49,3164.05,0.0,0.0
291.59,53.39,58.23,52.84,53.04,7249.49,2592.73,3164.58,0.0,0.0
291.74,53.41,58.22,52.83,53.04,7248.55,2593.69,3165.1,0.0,0.0
291.78,53.45,58.24,52.85,53.05,7247.29,2591.77,3163.26,0.0,0.0
291.91,53.4,58.25,52.86,53.05,7249.18,2590.56,3162.21,0.0,0.0
291.96,53.41,58.26,52.85,53.05,7248.55,2590.32,3162.73,0.0,0.0
292.11,53.43,58.26,52.87,53.06,7247.92,2590.32,3161.15,0.0,0.0
292.25,53.41,58.27,52.87,53.06,7248.55,2589.12,3160.36,0.0,0.0
292.3,53.4,58.25,52.87,53.07,7249.18,2590.8,3161.15,0.0,0.0
292.45,53.5,58.26,52.88,53.07,7244.15,2590.32,3159.57,0.0,0.0
292.5,53.46,58.25,52.88,53.07,7246.35,2590.56,3159.05,0.0,0.0
292.63,53.52,58.25,52.89,53.08,7243.52,2591.04,3158.26,0.0,0.0
292.68,53.46,58.25,52.9,53.08,7246.35,2591.29,3157.73,0.0,0.0
292.77,53.48,58.27,52.9,53.09,7245.72,2588.64,3156.68,0.0,0.0
292.89,53.53,58.27,52.89,53.09,7242.89,2589.12,3158.0,0.0,0.0
293.01,53.52,58.27,52.9,53.09,7243.52,2588.64,3156.68,0.0,0.0
293.1,53.5,58.3,52.92,53.1,7244.78,2586.71,3154.58,0.0,0.0
293.18,53.46,58.3,52.94,53.1,7246.35,2586.71,3152.74,0.0,0.0
293.26,53.49,58.29,52.92,53.11,7245.41,2587.43,3155.1,0.0,0.0
293.37,53.53,58.3,52.93,53.11,7243.2,2586.71,3154.05,0.0,0.0
293.5,53.53,58.3,52.94,53.11,7243.2,2586.71,3153.0,0.0,0.0
293.63,53.5,58.32,52.94,53.12,7244.78,2584.55,3152.74,0.0,0.0
293.68,53.48,58.31,52.94,53.12,7245.09,2585.27,3151.95,0.0,0.0
293.82,53.53,58.32,52.95,53.13,7242.89,2584.07,3151.69,0.0,0.0
293.91,53.49,58.31,52.95,53.13,7245.41,2585.27,3151.42,0.0,0.0
294.02,53.51,58.32,52.94,53.13,7243.84,2584.07,3151.95,0.0,0.0
294.08,53.54,58.33,52.95,53.14,7242.58,2583.35,3151.42,0.0,0.0
294.22,53.53,58.34,52.96,53.14,7243.2,2582.63,3150.63,0.0,0.0
294.31,53.54,58.36,52.96,53.15,7242.58,2580.94,3149.58,0.0,0.0
294.45,53.51,58.36,52.97,53.15,7243.84,2580.94,3149.32,0.0,0.0
294.48,53.5,58.36,52.96,53.15,7244.78,2580.7,3149.58,0.0,0.0
294.61,53.56,58.37,52.97,53.16,7241.32,2579.5,3148.79,0.0,0.0
294.71,53.5,58.37,52.98,53.16,7244.15,2579.98,3148.01,0.0,0.0
294.8,53.56,58.39,52.98,53.17,7241.63,2577.58,3148.01,0.0,0.0
294.97,53.57,58.4,52.99,53.17,7240.38,2576.86,3146.17,0.0,0.0
295.03,53.56,58.4,53.0,53.18,7241.32,2576.86,3145.91,0.0,0.0
295.09,53.57,58.4,53.01,53.18,7241.01,2577.1,3144.33,0.0,0.0
295.2,53.59,58.4,53.01,53.18,7240.06,2576.86,3143.81,0.0,0.0
295.26,53.57,58.42,53.03,53.19,7241.01,2574.94,3141.97,0.0,0.0
295.39,53.57,58.42,53.01,53.19,7240.38,2575.18,3144.33,0.0,0.0
295.48,53.57,58.42,53.05,53.2,7240.38,2574.94,3139.61,0.0,0.0
295.62,53.6,58.43,53.04,53.2,7239.12,2574.46,3140.66,0.0,0.0
295.66,53.56,58.42,53.07,53.2,7241.32,2575.42,3136.98,0.0,0.0
295.8,53.6,58.42,53.06,53.21,7239.12,2574.7,3138.3,0.0,0.0
295.93,53.62,58.44,53.08,53.21,7238.81,2573.5,3136.46,0.0,0.0
295.98,53.6,58.45,53.08,53.22,7239.43,2572.3,3135.94,0.0,0.0
296.09,53.6,58.44,53.09,53.22,7239.43,2573.26,3134.62,0.0,0.0
296.17,53.6,58.46,53.08,53.22,7239.75,2571.34,3135.94,0.0,0.0
296.29,53.63,58.45,53.1,53.23,7238.49,2572.54,3134.1,0.0,0.0
296.42,53.6,58.46,53.09,53.23,7239.43,2571.1,3134.36,0.0,0.0
296.5,53.6,58.47,53.11,53.24,7239.12,2570.14,3132.53,0.0,0.0
296.62,53.62,58.47,53.12,53.24,7238.18,2570.14,3131.74,0.0,0.0
296.66,53.63,58.48,53.11,53.24,7237.55,2569.66,3132.27,0.0,0.0
296.8,53.62,58.47,53.13,53.25,7238.18,2570.62,3130.17,0.0,0.0
296.94,53.6,58.48,53.13,53.25,7239.12,2569.66,3129.91,0.0,0.0
297.05,53.6,58.5,53.14,53.26,7239.43,2567.26,3128.6,0.0,0.0
297.22,53.6,58.51,53.16,53.26,7239.75,2566.3,3127.03,0.0,0.0
297.28,53.65,58.49,53.16,53.27,7237.23,2568.46,3125.98,0.0,0.0
297.34,53.62,58.52,53.19,53.27,7238.81,2566.06,3123.36,0.0,0.0
297.44,53.63,58.51,53.2,53.27,7238.49,2566.78,3122.32,0.0,0.0
297.55,53.63,58.53,53.18,53.28,7237.55,2564.62,3123.63,0.0,0.0
297.64,53.63,58.54,53.22,53.28,7237.55,2563.9,3119.7,0.0,0.0
297.69,53.64,58.54,53.21,53.29,7237.86,2563.66,3120.49,0.0,0.0
297.81,53.62,58.53,53.22,53.29,7238.18,2565.1,3119.44,0.0,0.0
297.95,53.63,58.55,53.22,53.29,7237.55,2562.7,3119.96,0.0,0.0
297.99,53.62,58.56,53.23,53.3,7238.18,2562.23,3117.87,0.0,0.0
298.09,53.63,58.55,53.24,53.3,7237.55,2563.42,3117.09,0.0,0.0
298.23,53.66,58.56,53.25,53.31,7236.92,2562.46,3115.78,0.0,0.0
298.27,53.63,58.57,53.24,53.31,7237.55,2561.27,3117.61,0.0,0.0
298.4,53.66,58.58,53.25,53.31,7236.92,2560.55,3116.3,0.0,0.0
298.52,53.62,58.58,53.24,53.32,7238.18,2560.55,3116.82,0.0,0.0
298.61,53.62,58.58,53.26,53.32,7238.18,2560.31,3114.73,0.0,0.0
298.68,53.67,58.59,53.26,53.33,7236.61,2559.11,3114.47,0.0,0.0
298.76,53.66,58.58,53.27,53.33,7236.92,2559.83,3113.69,0.0,0.0
298.89,53.67,58.6,53.3,53.34,7235.98,2558.63,3110.03,0.0,0.0
299.0,53.63,58.62,53.29,53.34,7237.55,2556.96,3111.6,0.0,0.0
299.07,53.66,58.62,53.3,53.34,7236.92,2556.24,3109.77,0.0,0.0
299.19,53.66,58.62,53.31,53.35,7236.92,2556.48,3108.47,0.0,0.0
299.3,53.69,58.64,53.33,53.35,7234.72,2555.04,3107.16,0.0,0.0
299.37,53.67,58.62,53.33,53.36,7235.98,2556.24,3106.64,0.0,0.0
299.49,53.69,58.63,53.32,53.36,7235.03,2556.0,3107.94,0.0,0.0
299.62,53.63,58.63,53.34,53.37,7237.55,2555.28,3105.59,0.0,0.0
299.67,53.67,58.65,53.35,53.37,7235.98,2553.61,3104.81,0.0,0.0
299.78,53.67,58.63,53.37,53.37,7235.98,2555.52,3102.46,0.0,0.0
299.9,53.67,58.64,53.37,53.38,7235.66,2554.8,3101.68,0.0,0.0
299.98,53.66,58.65,53.37,53.38,7236.29,2554.08,3101.68,0.0,0.0
300.09,53.71,58.66,53.38,53.39,7234.41,2552.41,3100.38,0.0,0.0
300.19,53.67,58.66,53.38,53.39,7235.98,2552.65,3100.38,0.0,0.0
300.27,53.69,58.67,53.39,53.39,7234.72,2551.93,3099.33,0.0,0.0
300.38,53.69,58.68,53.4,53.4,7235.03,2550.97,3098.29,0.0,0.0
300.48,53.64,58.68,53.41,53.4,7237.86,2551.21,3097.51,0.0,0.0
300.63,53.69,58.7,53.44,53.41,7235.35,2549.54,3094.38,0.0,0.0
300.68,53.69,58.7,53.42,53.41,7234.72,2549.3,3096.21,0.0,0.0
300.82,53.67,58.71,53.42,53.42,7236.61,2548.34,3095.69,0.0,0.0
300.91,53.7,58.71,53.44,53.42,7234.09,2548.34,3093.86,0.0,0.0
300.98,53.69,58.72,53.46,53.42,7234.72,2547.39,3092.04,0.0,0.0
301.12,53.69,58.72,53.46,53.43,7235.35,2546.91,3091.52,0.0,0.0
301.2,53.71,58.71,53.46,53.43,7234.41,2548.1,3091.0,0.0,0.0
301.3,53.67,58.74,53.48,53.44,7235.66,2545.71,3089.43,0.0,0.0
301.41,53.69,58.75,53.48,53.44,7234.72,2544.76,3088.65,0.0,0.0
301.52,53.67,58.75,53.49,53.45,7235.98,2544.52,3087.87,0.0,0.0
301.59,53.73,58.77,53.49,53.45,7233.78,2542.85,3088.39,0.0,0.0
301.7,53.71,58.74,53.5,53.45,7234.41,2545.48,3086.31,0.0,0.0
301.81,53.69,58.76,53.51,53.46,7234.72,2543.8,3085.79,0.0,0.0
301.89,53.72,58.76,53.51,53.46,7233.46,2543.32,3085.53,0.0,0.0
302.0,53.73,58.77,53.51,53.47,7232.83,2543.09,3085.79,0.0,0.0
302.14,53.67,58.76,53.52,53.47,7235.98,2543.32,3084.49,0.0,0.0
302.18,53.69,58.77,53.52,53.47,7235.03,2543.09,3084.49,0.0,0.0
302.29,53.73,58.78,53.53,53.48,7233.15,2542.13,3083.71,0.0,0.0
302.4,53.76,58.78,53.53,53.48,7231.89,2541.65,3083.71,0.0,0.0
302.48,53.76,58.78,53.54,53.49,7232.52,2541.65,3082.67,0.0,0.0
302.58,53.73,58.79,53.55,53.49,7232.83,2540.7,3081.11,0.0,0.0
302.73,53.76,58.8,53.54,53.5,7232.52,2539.98,3081.89,0.0,0.0
302.77,53.73,58.8,53.56,53.5,7233.78,2539.98,3080.07,0.0,0.0
302.89,53.76,58.8,53.57,53.5,7231.58,2539.5,3079.03,0.0,0.0
303.0,53.76,58.81,53.58,53.51,7231.26,2539.27,3077.73,0.0,0.0
303.07,53.73,58.81,53.57,53.51,7233.15,2539.27,3078.25,0.0,0.0
303.18,53.83,58.79,53.58,53.52,7228.44,2540.7,3077.73,0.0,0.0
303.33,53.76,58.8,53.58,53.52,7232.52,2539.74,3077.73,0.0,0.0
303.37,53.76,58.82,53.59,53.53,7232.52,2538.55,3075.91,0.0,0.0
303.51,53.76,58.81,53.61,53.53,7231.58,2538.79,3074.09,0.0,0.0
303.59,53.76,58.83,53.6,53.53,7231.26,2537.59,3074.87,0.0,0.0
303.73,53.79,58.82,53.61,53.54,7230.32,2537.83,3074.61,0.0,0.0
303.77,53.81,58.84,53.62,53.54,7230.0,2535.92,3073.06,0.0,0.0
303.91,53.81,58.84,53.62,53.55,7230.0,2536.16,3072.54,0.0,0.0
304.02,53.83,58.84,53.63,53.55,7228.12,2536.64,3072.02,0.0,0.0
304.09,53.8,58.85,53.63,53.56,7229.38,2534.97,3071.76,0.0,0.0
304.2,53.78,58.86,53.65,53.56,7230.64,2534.73,3069.94,0.0,0.0
304.31,53.78,58.86,53.64,53.56,7230.64,2534.02,3070.2,0.0,0.0
304.38,53.78,58.87,53.64,53.57,7230.64,2533.3,3070.72,0.0,0.0
304.5,53.79,58.88,53.66,53.57,7230.32,2533.06,3068.64,0.0,0.0
304.6,53.82,58.89,53.65,53.58,7229.06,2531.63,3069.68,0.0,0.0
304.71,53.77,58.89,53.65,53.58,7230.95,2531.39,3069.16,0.0,0.0
304.8,53.84,58.9,53.67,53.59,7227.81,2531.15,3066.83,0.0,0.0
304.91,53.8,58.89,53.67,53.59,7229.38,2531.63,3067.09,0.0,0.0
304.98,53.83,58.9,53.66,53.59,7228.44,2531.15,3067.86,0.0,0.0
305.1,53.82,58.91,53.67,53.6,7229.06,2530.2,3067.09,0.0,0.0
305.24,53.82,58.91,53.68,53.6,7229.06,2530.2,3066.31,0.0,0.0
305.28,53.86,58.9,53.68,53.61,7227.49,2530.68,3066.57,0.0,0.0
305.4,53.87,58.92,53.68,53.61,7227.18,2529.25,3066.57,0.0,0.0
305.51,53.8,58.91,53.69,53.61,7229.38,2529.72,3065.27,0.0,0.0
305.58,53.84,58.91,53.68,53.62,7227.81,2529.96,3066.05,0.0,0.0
305.7,53.87,58.92,53.68,53.62,7227.18,2529.25,3065.79,0.0,0.0
305.8,53.87,58.92,53.68,53.63,7226.86,2528.77,3065.79,0.0,0.0
305.88,53.84,58.94,53.69,53.63,7227.81,2527.34,3064.75,0.0,0.0
306.0,53.8,58.93,53.7,53.64,7229.38,2528.06,3063.72,0.0,0.0
306.11,53.87,58.94,53.71,53.64,7227.18,2527.1,3063.2,0.0,0.0
306.18,53.87,58.94,53.72,53.64,7227.18,2527.34,3061.12,0.0,0.0
306.29,53.89,58.94,53.71,53.65,7225.29,2527.58,3062.68,0.0,0.0
306.39,53.94,58.95,53.72,53.65,7223.09,2526.63,3061.9,0.0,0.0
306.48,53.89,58.94,53.71,53.66,7225.29,2527.1,3062.68,0.0,0.0
306.58,53.89,58.95,53.73,53.66,7225.29,2526.39,3059.83,0.0,0.0
306.69,53.95,58.95,53.74,53.67,7222.46,2526.39,3058.79,0.0,0.0
306.81,53.94,58.97,53.73,53.67,7223.41,2524.48,3059.83,0.0,0.0
306.88,53.87,58.95,53.73,53.67,7226.86,2526.15,3060.6,0.0,0.0
307.02,53.9,58.95,53.76,53.68,7224.66,2526.39,3057.24,0.0,0.0
307.13,53.89,58.96,53.76,53.68,7225.61,2524.96,3056.46,0.0,0.0
307.2,53.89,58.96,53.76,53.69,7225.61,2524.96,3056.46,0.0,0.0
307.31,53.94,58.98,53.77,53.69,7222.78,2523.77,3055.68,0.0,0.0
307.42,53.92,58.97,53.79,53.69,7223.72,2524.48,3053.61,0.0,0.0
307.49,53.92,58.98,53.79,53.7,7224.04,2523.77,3053.09,0.0,0.0
307.6,53.95,59.0,53.8,53.7,7222.46,2521.39,3052.58,0.0,0.0
307.71,53.91,59.0,53.8,53.71,7224.35,2522.1,3052.83,0.0,0.0
307.78,53.89,59.0,53.81,53.71,7225.61,2521.86,3051.54,0.0,0.0
307.89,53.94,59.01,53.81,53.71,7223.41,2521.15,3051.54,0.0,0.0
307.97,53.96,59.02,53.82,53.72,7222.15,2520.2,3050.25,0.0,0.0
308.08,53.95,59.04,53.82,53.72,7222.46,2517.82,3049.99,0.0,0.0
308.19,53.97,59.06,53.83,53.73,7221.52,2516.63,3048.95,0.0,0.0
308.3,53.92,59.07,53.84,53.73,7224.04,2515.44,3047.92,0.0,0.0
308.37,53.91,59.1,53.86,53.74,7224.35,2512.82,3045.33,0.0,0.0
308.48,53.95,59.07,53.84,53.74,7222.46,2515.2,3047.92,0.0,0.0
308.59,53.94,59.08,53.86,53.74,7222.78,2514.72,3045.33,0.0,0.0
308.71,53.96,59.1,53.87,53.75,7222.15,2512.35,3044.3,0.0,0.0
308.78,53.94,59.11,53.87,53.75,7223.09,2512.11,3044.04,0.0,0.0
308.89,53.98,59.12,53.89,53.76,7221.21,2510.45,3041.71,0.0,0.0
308.98,53.99,59.11,53.9,53.76,7220.89,2512.11,3040.68,0.0,0.0
309.11,53.89,59.11,53.92,53.76,7225.61,2511.63,3038.61,0.0,0.0
309.22,53.94,59.13,53.92,53.77,7223.41,2509.97,3038.87,0.0,0.0
309.33,53.98,59.13,53.93,53.77,7221.21,2509.73,3038.1,0.0,0.0
309.37,53.96,59.15,53.93,53.78,7222.15,2508.31,3037.58,0.0,0.0
309.51,53.99,59.17,53.93,53.78,7220.27,2506.41,3037.06,0.0,0.0
309.62,53.94,59.16,53.94,53.79,7223.09,2507.36,3036.29,0.0,0.0
309.7,53.95,59.18,53.95,53.79,7222.46,2505.46,3035.77,0.0,0.0
309.81,53.97,59.16,53.95,53.79,7221.52,2506.88,3035.26,0.0,0.0
309.93,53.97,59.17,53.96,53.8,7221.52,2505.93,3034.22,0.0,0.0
309.97,53.98,59.2,53.95,53.8,7221.21,2503.32,3035.0,0.0,0.0
310.12,53.94,59.21,53.97,53.81,7222.78,2502.61,3032.93,0.0,0.0
310.21,54.01,59.21,53.96,53.81,7219.95,2502.37,3033.71,0.0,0.0
310.29,53.92,59.23,53.98,53.82,7223.72,2500.95,3032.42,0.0,0.0
310.39,53.99,59.24,53.99,53.82,7220.58,2499.76,3030.61,0.0,0.0
310.47,53.99,59.25,53.99,53.82,7220.58,2499.05,3031.13,0.0,0.0
310.6,53.99,59.25,54.0,53.83,7220.27,2499.05,3029.84,0.0,0.0
310.74,53.98,59.25,54.01,53.83,7221.21,2499.05,3028.03,0.0,0.0
310.78,53.99,59.29,54.01,53.84,7220.89,2495.73,3028.81,0.0,0.0
310.93,53.99,59.29,54.03,53.84,7220.58,2495.73,3026.49,0.0,0.0
311.01,54.03,59.29,54.03,53.85,7219.32,2495.26,3025.71,0.0,0.0
311.09,54.02,59.3,54.03,53.85,7219.64,2494.78,3025.97,0.0,0.0
311.2,54.02,59.29,54.04,53.86,7218.69,2495.49,3025.2,0.0,0.0
311.31,54.02,59.3,54.06,53.86,7219.64,2495.02,3022.36,0.0,0.0
311.38,54.02,59.33,54.06,53.86,7219.01,2491.94,3022.88,0.0,0.0
311.51,53.99,59.32,54.08,53.87,7220.89,2492.89,3020.82,0.0,0.0
311.6,54.03,59.32,54.07,53.87,7219.32,2492.89,3021.59,0.0,0.0
311.67,54.04,59.32,54.08,53.88,7218.38,2492.41,3021.07,0.0,0.0
311.79,54.02,59.34,54.08,53.88,7219.01,2490.76,3020.04,0.0,0.0
311.94,54.04,59.35,54.09,53.89,7218.38,2490.52,3019.53,0.0,0.0
311.99,54.05,59.36,54.1,53.89,7217.44,2489.33,3018.76,0.0,0.0
312.13,54.02,59.35,54.11,53.9,7218.69,2490.52,3017.73,0.0,0.0
312.19,54.04,59.36,54.1,53.9,7217.75,2489.1,3018.76,0.0,0.0
312.36,54.02,59.38,54.1,53.91,7218.69,2487.44,3017.98,0.0,0.0
312.42,54.04,59.41,54.11,53.91,7217.75,2485.07,3016.95,0.0,0.0
312.55,54.04,59.37,54.11,53.92,7218.07,2487.91,3017.47,0.0,0.0
312.62,54.05,59.39,54.11,53.92,7217.44,2486.73,3017.21,0.0,0.0
312.68,54.04,59.41,54.11,53.92,7217.75,2484.36,3016.7,0.0,0.0
312.82,54.04,59.41,54.13,53.93,7218.07,2484.84,3015.41,0.0,0.0
312.89,54.09,59.4,54.14,53.93,7215.87,2486.02,3014.38,0.0,0.0
313.08,54.07,59.41,54.12,53.94,7216.81,2484.6,3015.93,0.0,0.0
313.16,54.07,59.41,54.13,53.94,7216.81,2484.84,3014.64,0.0,0.0
313.22,54.02,59.42,54.13,53.95,7218.69,2483.89,3014.64,0.0,0.0
313.36,54.1,59.43,54.12,53.95,7215.24,2482.94,3015.93,0.0,0.0
313.43,54.07,59.45,54.14,53.96,7216.81,2480.81,3014.38,0.0,0.0
313.49,54.09,59.45,54.15,53.96,7215.87,2481.52,3013.09,0.0,0.0
313.62,54.08,59.45,54.14,53.97,7216.18,2481.05,3014.12,0.0,0.0
313.69,54.04,59.46,54.15,53.97,7218.07,2480.11,3012.84,0.0,0.0
313.88,54.07,59.46,54.15,53.98,7216.5,2480.11,3012.58,0.0,0.0
313.95,54.08,59.46,54.15,53.98,7216.18,2480.34,3012.58,0.0,0.0
314.07,54.1,59.46,54.17,53.99,7215.24,2480.34,3010.52,0.0,0.0
314.11,54.1,59.48,54.14,53.99,7215.55,2478.45,3014.12,0.0,0.0
314.21,54.11,59.48,54.18,53.99,7214.61,2478.21,3009.75,0.0,0.0
314.34,54.09,59.49,54.16,54.0,7215.87,2477.74,3011.04,0.0,0.0
314.39,54.11,59.5,54.18,54.0,7214.93,2477.03,3009.24,0.0,0.0
314.51,54.06,59.5,54.18,54.01,7217.12,2476.56,3009.49,0.0,0.0
314.62,54.06,59.51,54.17,54.01,7217.12,2475.85,3010.01,0.0,0.0
314.7,54.11,59.51,54.21,54.02,7214.61,2475.85,3005.9,0.0,0.0
314.82,54.09,59.51,54.2,54.02,7215.87,2475.38,3006.92,0.0,0.0
314.93,54.1,59.53,54.2,54.03,7215.55,2473.96,3007.18,0.0,0.0
315.05,54.1,59.54,54.2,54.03,7215.24,2473.25,3006.67,0.0,0.0
315.12,54.11,59.55,54.22,54.04,7214.93,2472.31,3005.12,0.0,0.0
315.21,54.11,59.53,54.2,54.04,7214.93,2474.2,3006.92,0.0,0.0
315.32,54.1,59.55,54.22,54.05,7215.55,2471.83,3005.12,0.0,0.0
315.39,54.06,59.54,54.22,54.05,7217.12,2473.02,3004.87,0.0,0.0
315.51,54.13,59.55,54.22,54.06,7213.98,2472.31,3004.35,0.0,0.0
315.62,54.11,59.54,54.25,54.06,7214.93,2472.78,3002.04,0.0,0.0
315.69,54.11,59.56,54.23,54.07,7214.93,2471.36,3003.33,0.0,0.0
315.77,54.11,59.57,54.25,54.07,7214.61,2470.18,3002.04,0.0,0.0
316.72,54.09,59.58,54.23,54.07,7215.87,2469.95,3003.33,0.0,0.0
316.73,54.15,59.55,54.25,54.08,7213.35,2472.54,3001.27,0.0,0.0
316.73,54.17,59.55,54.25,54.08,7212.41,2472.07,3001.02,0.0,0.0
316.73,54.11,59.58,54.26,54.09,7214.93,2469.95,3000.76,0.0,0.0
316.73,54.12,59.56,54.26,54.09,7214.3,2471.13,3000.5,0.0,0.0
316.73,54.15,59.56,54.26,54.1,7213.04,2471.36,2999.99,0.0,0.0
316.73,54.1,59.58,54.26,54.1,7215.55,2469.71,3000.76,0.0,0.0
316.73,54.11,59.58,54.25,54.11,7214.61,2469.71,3001.27,0.0,0.0
316.75,54.15,59.58,54.26,54.11,7213.04,2469.47,2999.99,0.0,0.0
316.77,54.1,59.6,54.26,54.12,7215.55,2468.06,2999.99,0.0,0.0
316.9,54.12,59.59,54.27,54.12,7214.3,2468.53,2999.22,0.0,0.0
317.07,54.13,59.59,54.26,54.13,7213.98,2468.29,2999.99,0.0,0.0
317.11,54.09,59.6,54.27,54.13,7215.87,2467.59,2999.47,0.0,0.0
317.17,54.11,59.61,54.27,54.14,7214.61,2466.88,2999.22,0.0,0.0
317.27,54.14,59.61,54.29,54.14,7213.67,2466.88,2997.16,0.0,0.0
317.43,54.12,59.61,54.27,54.14,7214.3,2467.11,2999.22,0.0,0.0
317.58,54.08,59.63,54.28,54.15,7216.18,2465.23,2998.45,0.0,0.0
317.63,54.1,59.63,54.29,54.15,7215.55,2465.46,2996.91,0.0,0.0
317.72,54.15,59.63,54.29,54.16,7213.35,2464.75,2996.65,0.0,0.0
317.8,54.11,59.62,54.28,54.16,7214.93,2465.93,2997.68,0.0,0.0
317.93,54.09,59.63,54.29,54.17,7215.87,2464.99,2996.65,0.0,0.0
317.97,54.11,59.63,54.31,54.17,7214.93,2464.99,2994.6,0.0,0.0
318.13,54.11,59.64,54.29,54.18,7214.61,2464.28,2996.65,0.0,0.0
318.26,54.13,59.63,54.3,54.18,7213.98,2465.23,2995.37,0.0,0.0
318.34,54.11,59.65,54.3,54.19,7214.93,2463.58,2995.37,0.0,0.0
318.42,54.15,59.65,54.32,54.19,7212.73,2463.81,2993.57,0.0,0.0
318.5,54.11,59.64,54.32,54.2,7214.61,2464.52,2993.57,0.0,0.0
318.61,54.15,59.65,54.32,54.2,7213.35,2463.1,2994.09,0.0,0.0
318.71,54.14,59.63,54.33,54.2,7213.67,2464.75,2992.8,0.0,0.0
318.8,54.13,59.65,54.33,54.21,7213.98,2463.34,2992.03,0.0,0.0
318.92,54.14,59.65,54.33,54.21,7213.67,2463.58,2992.8,0.0,0.0
319.04,54.1,59.66,54.34,54.22,7215.55,2462.63,2991.01,0.0,0.0
319.12,54.15,59.66,54.34,54.22,7213.04,2462.16,2991.01,0.0,0.0
319.2,54.11,59.67,54.35,54.23,7214.93,2461.22,2990.75,0.0,0.0
319.28,54.14,59.67,54.34,54.23,7213.67,2461.22,2991.52,0.0,0.0
319.4,54.13,59.66,54.36,54.24,7213.98,2462.16,2989.47,0.0,0.0
319.51,54.12,59.67,54.36,54.24,7214.3,2461.69,2989.73,0.0,0.0
319.59,54.11,59.69,54.36,54.24,7214.93,2460.27,2989.21,0.0,0.0
319.74,54.1,59.68,54.36,54.25,7215.24,2460.75,2988.7,0.0,0.0
319.79,54.11,59.68,54.37,54.25,7214.61,2460.75,2987.93,0.0,0.0
319.96,54.11,59.68,54.37,54.26,7214.61,2460.51,2987.93,0.0,0.0
320.08,54.07,59.7,54.38,54.26,7216.81,2458.62,2986.65,0.0,0.0
320.16,54.15,59.69,54.37,54.27,7213.35,2459.8,2987.68,0.0,0.0
320.25,54.15,59.7,54.39,54.27,7213.35,2459.33,2986.4,0.0,0.0
320.37,54.14,59.7,54.38,54.28,7213.67,2459.1,2987.16,0.0,0.0
320.43,54.13,59.72,54.38,54.28,7213.98,2456.98,2987.16,0.0,0.0
320.48,54.11,59.73,54.39,54.28,7214.61,2456.74,2985.88,0.0,0.0
320.66,54.17,59.71,54.38,54.29,7212.41,2458.15,2986.65,0.0,0.0
320.77,54.15,59.73,54.39,54.29,7212.73,2456.5,2985.63,0.0,0.0
320.82,54.13,59.72,54.4,54.3,7213.98,2457.21,2985.11,0.0,0.0
320.92,54.15,59.73,54.4,54.3,7213.04,2456.5,2985.11,0.0,0.0
321.01,54.18,59.73,54.4,54.31,7212.1,2456.74,2984.35,0.0,0.0
321.1,54.15,59.74,54.4,54.31,7212.73,2455.8,2984.6,0.0,0.0
321.22,54.14,59.73,54.41,54.31,7213.67,2456.27,2983.83,0.0,0.0
321.35,54.15,59.75,54.42,54.32,7212.73,2454.62,2983.07,0.0,0.0
321.4,54.14,59.74,54.42,54.32,7213.67,2455.09,2982.81,0.0,0.0
321.51,54.18,59.74,54.41,54.33,7212.1,2455.09,2983.32,0.0,0.0
321.6,54.15,59.74,54.42,54.33,7213.04,2455.56,2982.55,0.0,0.0
321.72,54.1,59.74,54.41,54.34,7215.24,2455.33,2983.32,0.0,0.0
321.84,54.15,59.74,54.42,54.34,7213.04,2455.33,2983.07,0.0,0.0
321.92,54.18,59.75,54.43,54.34,7212.1,2454.62,2981.27,0.0,0.0
322.01,54.11,59.75,54.42,54.35,7214.61,2454.86,2983.07,0.0,0.0
322.09,54.15,59.74,54.44,54.35,7213.04,2455.09,2980.51,0.0,0.0
322.2,54.18,59.73,54.44,54.36,7212.1,2456.27,2979.99,0.0,0.0
322.32,54.17,59.74,54.45,54.36,7212.41,2455.8,2978.71,0.0,0.0
322.39,54.12,59.75,54.45,54.37,7214.3,2454.62,2979.48,0.0,0.0
322.53,54.18,59.75,54.46,54.37,7212.1,2454.62,2977.95,0.0,0.0
322.62,54.15,59.77,54.45,54.37,7213.04,2453.21,2978.97,0.0,0.0
322.76,54.15,59.74,54.48,54.38,7213.04,2455.56,2976.16,0.0,0.0
322.85,54.14,59.74,54.48,54.38,7213.67,2455.09,2976.41,0.0,0.0
322.89,54.13,59.75,54.47,54.39,7213.98,2454.38,2977.18,0.0,0.0
323.03,54.14,59.75,54.48,54.39,7213.67,2454.62,2975.39,0.0,0.0
323.08,54.15,59.73,54.49,54.4,7213.04,2456.03,2974.37,0.0,0.0
323.23,54.15,59.73,54.48,54.4,7213.35,2456.27,2976.41,0.0,0.0
323.36,54.1,59.74,54.49,54.4,7215.24,2455.09,2974.62,0.0,0.0
323.41,54.15,59.74,54.48,54.41,7213.04,2455.33,2975.39,0.0,0.0
323.5,54.14,59.75,54.5,54.41,7213.67,2454.38,2973.6,0.0,0.0
323.64,54.15,59.74,54.49,54.42,7213.04,2455.8,2974.62,0.0,0.0
323.7,54.15,59.72,54.49,54.42,7213.35,2456.98,2974.88,0.0,0.0
323.85,54.14,59.74,54.5,54.42,7213.67,2455.8,2973.6,0.0,0.0
323.95,54.12,59.76,54.5,54.43,7214.3,2453.68,2973.34,0.0,0.0
324.06,54.15,59.76,54.5,54.43,7213.04,2453.91,2973.6,0.0,0.0
324.18,54.11,59.75,54.51,54.44,7214.61,2454.86,2972.58,0.0,0.0
324.24,54.11,59.76,54.52,54.44,7214.93,2453.68,2971.81,0.0,0.0
324.35,54.14,59.75,54.51,54.44,7213.67,2454.15,2972.32,0.0,0.0
324.46,54.12,59.75,54.52,54.45,7214.3,2454.62,2971.81,0.0,0.0
324.57,54.11,59.77,54.51,54.45,7214.93,2453.21,2972.83,0.0,0.0
324.66,54.1,59.76,54.5,54.46,7215.55,2453.44,2974.11,0.0,0.0
324.78,54.11,59.77,54.52,54.46,7214.93,2452.97,2971.55,0.0,0.0
324.82,54.11,59.75,54.52,54.46,7214.61,2454.15,2971.55,0.0,0.0
324.93,54.11,59.75,54.51,54.47,7214.61,2454.15,2972.06,0.0,0.0
325.1,54.13,59.76,54.52,54.47,7213.98,2453.91,2971.3,0.0,0.0
325.15,54.11,59.77,54.52,54.47,7214.61,2453.21,2971.55,0.0,0.0
325.25,54.14,59.76,54.55,54.48,7213.67,2453.68,2968.49,0.0,0.0
325.32,54.18,59.77,54.52,54.48,7211.78,2453.21,2971.3,0.0,0.0
325.49,54.15,59.77,54.54,54.49,7213.04,2452.97,2969.25,0.0,0.0
325.51,54.12,59.76,54.53,54.49,7214.3,2453.68,2970.02,0.0,0.0
325.64,54.15,59.78,54.54,54.49,7212.73,2452.27,2969.76,0.0,0.0
325.69,54.11,59.75,54.52,54.5,7214.61,2454.38,2971.55,0.0,0.0
325.81,54.18,59.78,54.52,54.5,7212.1,2452.27,2971.3,0.0,0.0
325.97,54.14,59.77,54.53,54.51,7213.67,2453.21,2970.28,0.0,0.0
326.01,54.17,59.78,54.53,54.51,7212.41,2452.27,2970.28,0.0,0.0
326.14,54.15,59.77,54.54,54.51,7212.73,2453.21,2969.25,0.0,0.0
326.24,54.15,59.78,54.52,54.52,7213.35,2452.27,2971.3,0.0,0.0
326.31,54.12,59.79,54.54,54.52,7214.3,2451.09,2969.51,0.0,0.0
326.42,54.17,59.78,54.54,54.52,7212.41,2451.8,2969.76,0.0,0.0
326.49,54.15,59.78,54.54,54.53,7213.35,2451.8,2969.25,0.0,0.0
326.62,54.22,59.79,54.54,54.53,7210.21,2450.85,2968.74,0.0,0.0
326.72,54.13,59.78,54.54,54.53,7213.98,2451.8,2969.51,0.0,0.0
326.79,54.15,59.79,54.52,54.54,7213.04,2451.09,2971.04,0.0,0.0
326.94,54.18,59.78,54.54,54.54,7212.1,2452.27,2969.0,0.0,0.0
327.02,54.15,59.77,54.54,54.55,7213.04,2452.97,2969.25,0.0,0.0
327.09,54.18,59.78,54.54,54.55,7211.78,2452.03,2969.0,0.0,0.0
327.2,54.14,59.78,54.55,54.55,7213.67,2452.27,2968.23,0.0,0.0
327.3,54.15,59.8,54.56,54.56,7213.04,2450.15,2966.95,0.0,0.0
327.44,54.18,59.78,54.55,54.56,7212.1,2451.8,2967.98,0.0,0.0
327.52,54.17,59.79,54.56,54.56,7212.41,2451.32,2967.21,0.0,0.0
327.59,54.19,59.77,54.56,54.57,7211.16,2452.5,2966.95,0.0,0.0
327.7,54.15,59.78,54.55,54.57,7212.73,2451.8,2968.23,0.0,0.0
327.8,54.15,59.78,54.55,54.57,7213.04,2452.27,2968.49,0.0,0.0
327.91,54.22,59.78,54.56,54.58,7209.9,2451.8,2967.21,0.0,0.0
328.01,54.13,59.77,54.56,54.58,7213.98,2452.5,2967.46,0.0,0.0
328.1,54.19,59.78,54.57,54.58,7211.47,2451.8,2965.93,0.0,0.0
328.21,54.15,59.78,54.56,54.59,7212.73,2451.8,2967.46,0.0,0.0
328.32,54.2,59.78,54.55,54.59,7210.53,2451.56,2967.72,0.0,0.0
328.39,54.18,59.78,54.56,54.59,7212.1,2452.03,2967.21,0.0,0.0
328.51,54.18,59.77,54.56,54.6,7211.78,2452.74,2967.21,0.0,0.0
328.61,54.13,59.77,54.54,54.6,7213.98,2452.74,2969.0,0.0,0.0
328.72,54.15,59.77,54.56,54.6,7213.04,2452.74,2966.7,0.0,0.0
328.79,54.15,59.77,54.55,54.61,7212.73,2452.97,2968.49,0.0,0.0
328.93,54.2,59.77,54.57,54.61,7210.84,2453.21,2966.44,0.0,0.0
329.01,54.17,59.76,54.56,54.61,7212.41,2453.91,2967.46,0.0,0.0
329.09,54.11,59.77,54.56,54.62,7214.93,2452.74,2967.46,0.0,0.0
329.24,54.15,59.77,54.55,54.62,7212.73,2453.21,2967.72,0.0,0.0
329.33,54.14,59.75,54.56,54.62,7213.67,2454.86,2967.21,0.0,0.0
329.43,54.13,59.76,54.56,54.63,7213.98,2453.68,2966.95,0.0,0.0
329.49,54.11,59.77,54.56,54.63,7214.61,2453.21,2966.7,0.0,0.0
329.66,54.17,59.75,54.57,54.63,7212.41,2454.38,2966.19,0.0,0.0
329.71,54.17,59.76,54.56,54.64,7212.41,2453.91,2967.21,0.0,0.0
329.86,54.15,59.76,54.56,54.64,7213.04,2453.68,2967.21,0.0,0.0
329.9,54.13,59.75,54.57,54.64,7213.98,2454.38,2965.68,0.0,0.0
330.02,54.15,59.75,54.56,54.65,7212.73,2454.62,2966.7,0.0,0.0
330.13,54.19,59.75,54.56,54.65,7211.16,2454.62,2967.46,0.0,0.0
330.21,54.17,59.75,54.57,54.65,7212.41,2454.38,2966.19,0.0,0.0
330.33,54.13,59.75,54.56,54.66,7213.98,2454.15,2966.95,0.0,0.0
330.43,54.15,59.75,54.55,54.66,7212.73,2454.86,2968.23,0.0,0.0
330.51,54.2,59.75,54.57,54.66,7210.53,2454.38,2966.44,0.0,0.0
330.63,54.15,59.76,54.56,54.66,7213.35,2453.68,2967.46,0.0,0.0
330.74,54.13,59.75,54.56,54.67,7213.98,2454.38,2967.46,0.0,0.0
330.81,54.15,59.75,54.57,54.67,7213.04,2454.15,2965.93,0.0,0.0
330.94,54.11,59.75,54.56,54.67,7214.93,2454.62,2967.21,0.0,0.0
331.05,54.15,59.76,54.57,54.68,7213.04,2453.68,2965.42,0.0,0.0
331.13,54.11,59.76,54.57,54.68,7214.93,2453.68,2966.19,0.0,0.0
331.21,54.13,59.77,54.57,54.68,7213.98,2452.5,2966.44,0.0,0.0
331.33,54.11,59.77,54.57,54.68,7214.93,2452.5,2966.44,0.0,0.0
331.41,54.11,59.77,54.56,54.69,7214.93,2452.74,2967.21,0.0,0.0
331.51,54.12,59.77,54.57,54.69,7214.3,2452.74,2965.93,0.0,0.0
331.59,54.15,59.79,54.56,54.69,7213.35,2451.09,2966.7,0.0,0.0
331.72,54.18,59.79,54.56,54.7,7211.78,2450.62,2966.95,0.0,0.0
331.83,54.15,59.8,54.56,54.7,7212.73,2450.15,2966.7,0.0,0.0
331.91,54.1,59.79,54.55,54.7,7215.24,2450.85,2967.72,0.0,0.0
332.03,54.09,59.79,54.57,54.7,7215.87,2450.62,2966.44,0.0,0.0
332.12,54.11,59.81,54.57,54.71,7214.61,2449.68,2966.19,0.0,0.0
332.23,54.12,59.81,54.56,54.71,7214.3,2449.21,2967.21,0.0,0.0
332.35,54.11,59.83,54.56,54.71,7214.93,2447.32,2966.95,0.0,0.0
332.46,54.11,59.81,54.57,54.72,7214.61,2448.97,2966.19,0.0,0.0
332.53,54.13,59.82,54.57,54.72,7213.98,2448.27,2965.42,0.0,0.0
332.65,54.09,59.82,54.57,54.72,7215.87,2448.5,2965.42,0.0,0.0
332.76,54.13,59.83,54.57,54.72,7213.98,2447.56,2966.44,0.0,0.0
332.82,54.1,59.83,54.57,54.73,7215.24,2447.32,2965.93,0.0,0.0
332.95,54.13,59.84,54.57,54.73,7213.98,2446.38,2966.19,0.0,0.0
332.99,54.1,59.86,54.58,54.73,7215.24,2445.21,2965.17,0.0,0.0
333.14,54.11,59.86,54.57,54.74,7214.61,2444.5,2965.93,0.0,0.0
333.22,54.08,59.87,54.57,54.74,7216.18,2444.03,2965.42,0.0,0.0
333.29,54.1,59.87,54.58,54.74,7215.24,2444.27,2964.91,0.0,0.0
333.41,54.09,59.88,54.58,54.74,7215.87,2442.86,2964.66,0.0,0.0
333.52,54.07,59.88,54.58,54.75,7216.81,2443.09,2964.66,0.0,0.0
333.6,54.1,59.89,54.58,54.75,7215.55,2442.62,2965.17,0.0,0.0
333.74,54.11,59.89,54.58,54.75,7214.61,2441.92,2965.17,0.0,0.0
333.82,54.11,59.9,54.6,54.76,7214.93,2441.68,2963.12,0.0,0.0
333.9,54.06,59.9,54.59,54.76,7217.12,2440.98,2963.63,0.0,0.0
334.02,54.1,59.94,54.58,54.76,7215.24,2437.92,2964.91,0.0,0.0
334.1,54.1,59.94,54.6,54.76,7215.24,2437.69,2962.61,0.0,0.0
334.21,54.09,59.93,54.58,54.77,7215.87,2438.39,2965.17,0.0,0.0
334.33,54.08,59.95,54.6,54.77,7216.18,2436.98,2963.12,0.0,0.0
334.43,54.08,59.95,54.59,54.77,7216.18,2436.75,2963.63,0.0,0.0
334.5,54.07,59.95,54.59,54.78,7216.5,2436.98,2963.63,0.0,0.0
334.63,54.08,59.95,54.6,54.78,7216.18,2436.98,2962.36,0.0,0.0
334.73,54.1,59.98,54.59,54.78,7215.24,2434.64,2963.38,0.0,0.0
334.84,54.07,59.97,54.6,54.79,7216.81,2434.87,2962.36,0.0,0.0
334.93,54.07,59.97,54.59,54.79,7216.5,2435.34,2963.38,0.0,0.0
335.02,54.08,59.99,54.6,54.79,7216.18,2433.46,2962.61,0.0,0.0
335.16,54.04,60.0,54.62,54.79,7217.75,2432.52,2960.83,0.0,0.0
335.23,54.07,60.0,54.61,54.8,7216.81,2432.52,2961.08,0.0,0.0
335.31,54.04,59.99,54.61,54.8,7218.07,2433.23,2961.34,0.0,0.0
335.39,54.07,59.98,54.61,54.8,7216.81,2434.64,2961.34,0.0,0.0
335.54,54.07,60.0,54.61,54.81,7216.81,2432.76,2961.59,0.0,0.0
335.65,54.05,60.02,54.62,54.81,7217.44,2431.35,2960.83,0.0,0.0
335.73,54.05,60.02,54.62,54.81,7217.44,2430.65,2960.57,0.0,0.0
335.81,54.05,60.01,54.61,54.82,7217.44,2432.05,2961.08,0.0,0.0
335.89,54.04,60.03,54.64,54.82,7217.75,2429.94,2957.77,0.0,0.0
336.04,54.04,60.04,54.63,54.82,7217.75,2428.77,2959.55,0.0,0.0
336.12,54.05,60.04,54.63,54.83,7217.44,2429.47,2959.04,0.0,0.0
336.27,54.06,60.05,54.65,54.83,7217.12,2428.54,2957.51,0.0,0.0
336.31,54.06,60.04,54.65,54.83,7217.12,2428.77,2957.0,0.0,0.0
336.42,54.07,60.04,54.65,54.84,7216.5,2429.47,2956.75,0.0,0.0
336.5,54.07,60.05,54.65,54.84,7216.81,2428.07,2957.26,0.0,0.0
336.62,54.07,60.06,54.66,54.84,7216.81,2427.13,2956.23,0.0,0.0
336.7,54.04,60.06,54.65,54.85,7218.38,2427.6,2957.26,0.0,0.0
336.81,54.04,60.07,54.65,54.85,7217.75,2426.19,2957.26,0.0,0.0
336.93,54.08,60.06,54.66,54.85,7216.18,2427.13,2956.49,0.0,0.0
337.04,54.04,60.08,54.65,54.85,7218.07,2425.49,2957.26,0.0,0.0
337.11,54.05,60.09,54.68,54.86,7217.44,2425.02,2954.2,0.0,0.0
337.23,54.04,60.08,54.67,54.86,7217.75,2425.49,2955.47,0.0,0.0
337.34,54.08,60.11,54.68,54.86,7216.18,2423.38,2953.94,0.0,0.0
337.39,54.04,60.1,54.67,54.87,7217.75,2424.08,2954.96,0.0,0.0
337.54,54.04,60.1,54.67,54.87,7218.07,2424.32,2955.47,0.0,0.0
337.65,54.04,60.12,54.67,54.87,7218.07,2422.44,2955.47,0.0,0.0
337.73,54.06,60.12,54.67,54.88,7217.12,2421.97,2954.7,0.0,0.0
337.85,54.05,60.13,54.68,54.88,7217.44,2421.74,2954.2,0.0,0.0
337.93,54.07,60.12,54.66,54.88,7216.81,2422.21,2956.23,0.0,0.0
338.0,54.02,60.13,54.67,54.89,7219.01,2421.04,2954.45,0.0,0.0
338.11,54.04,60.14,54.67,54.89,7218.38,2420.33,2954.45,0.0,0.0
338.19,54.06,60.15,54.69,54.89,7217.12,2419.63,2952.92,0.0,0.0
338.34,54.04,60.15,54.69,54.9,7218.07,2419.4,2953.18,0.0,0.0
338.47,54.07,60.15,54.67,54.9,7216.81,2419.63,2954.45,0.0,0.0
338.5,54.07,60.14,54.68,54.9,7216.5,2420.1,2953.43,0.0,0.0
338.62,54.04,60.16,54.67,54.91,7217.75,2418.7,2954.7,0.0,0.0
338.7,54.04,60.15,54.68,54.91,7218.07,2419.63,2953.43,0.0,0.0
338.81,54.04,60.16,54.69,54.91,7218.38,2418.93,2952.92,0.0,0.0
338.96,54.06,60.15,54.68,54.92,7217.12,2419.63,2954.2,0.0,0.0
339.03,54.06,60.17,54.69,54.92,7217.12,2417.76,2952.41,0.0,0.0
339.11,54.09,60.15,54.7,54.92,7215.87,2419.87,2952.16,0.0,0.0
339.23,54.05,60.16,54.69,54.93,7217.44,2418.93,2953.18,0.0,0.0
339.33,54.04,60.15,54.7,54.93,7218.07,2419.4,2951.39,0.0,0.0
339.41,54.04,60.16,54.71,54.93,7217.75,2418.7,2950.88,0.0,0.0
339.53,54.04,60.16,54.7,54.94,7218.38,2418.46,2951.9,0.0,0.0
339.64,54.05,60.15,54.7,54.94,7217.44,2419.87,2951.39,0.0,0.0
339.72,54.07,60.17,54.71,54.94,7216.5,2417.76,2950.88,0.0,0.0
339.83,54.04,60.15,54.7,54.95,7217.75,2419.4,2951.65,0.0,0.0
339.95,54.06,60.16,54.71,54.95,7217.12,2418.7,2950.12,0.0,0.0
340.03,54.06,60.17,54.73,54.95,7217.12,2417.53,2948.59,0.0,0.0
340.15,54.08,60.16,54.72,54.96,7216.18,2419.16,2949.35,0.0,0.0
340.24,54.06,60.15,54.73,54.96,7217.12,2419.4,2948.84,0.0,0.0
340.31,54.06,60.16,54.72,54.96,7217.12,2418.46,2949.35,0.0,0.0
340.42,54.04,60.18,54.72,54.97,7217.75,2417.06,2949.61,0.0,0.0
340.58,54.07,60.19,54.73,54.97,7216.81,2416.35,2947.83,0.0,0.0
340.62,54.1,60.16,54.73,54.97,7215.55,2419.16,2947.83,0.0,0.0
340.7,54.08,60.19,54.76,54.98,7216.18,2415.89,2944.77,0.0,0.0
340.81,54.07,60.19,54.74,54.98,7216.81,2416.59,2947.06,0.0,0.0
340.93,54.04,60.16,54.76,54.98,7217.75,2418.7,2945.53,0.0,0.0
341.04,54.07,60.19,54.77,54.99,7216.5,2416.35,2944.26,0.0,0.0
341.12,54.09,60.19,54.78,54.99,7215.87,2416.35,2942.48,0.0,0.0
341.24,54.1,60.18,54.79,54.99,7215.55,2417.06,2942.23,0.0,0.0
341.36,54.07,60.2,54.78,54.99,7216.5,2415.18,2942.48,0.0,0.0
341.42,54.11,60.22,54.81,55.0,7214.93,2414.01,2939.43,0.0,0.0
341.52,54.1,60.19,54.81,55.0,7215.24,2415.89,2939.94,0.0,0.0
341.6,54.1,60.2,54.8,55.0,7215.24,2415.18,2940.7,0.0,0.0
341.73,54.08,60.2,54.82,55.01,7216.18,2415.65,2938.66,0.0,0.0
341.83,54.1,60.19,54.83,55.01,7215.24,2416.35,2937.65,0.0,0.0
341.95,54.1,60.22,54.83,55.01,7215.24,2414.01,2937.9,0.0,0.0
342.03,54.15,60.22,54.83,55.02,7212.73,2413.55,2937.14,0.0,0.0
342.13,54.1,60.23,54.84,55.02,7215.55,2412.38,2936.38,0.0,0.0
342.21,54.12,60.23,54.84,55.02,7214.3,2412.61,2935.87,0.0,0.0
342.33,54.11,60.23,54.85,55.03,7214.61,2412.85,2935.36,0.0,0.0
342.44,54.11,60.24,54.85,55.03,7214.93,2411.91,2935.36,0.0,0.0
342.52,54.19,60.24,54.85,55.03,7211.47,2412.14,2935.1,0.0,0.0
342.63,54.11,60.24,54.87,55.03,7214.93,2411.91,2932.56,0.0,0.0
342.72,54.11,60.26,54.86,55.04,7214.61,2410.04,2933.83,0.0,0.0
342.79,54.18,60.26,54.86,55.04,7211.78,2409.81,2933.83,0.0,0.0
342.94,54.15,60.26,54.88,55.04,7212.73,2410.51,2932.31,0.0,0.0
343.05,54.17,60.26,54.87,55.05,7212.41,2410.27,2932.82,0.0,0.0
343.13,54.18,60.26,54.87,55.05,7211.78,2410.27,2933.33,0.0,0.0
343.25,54.18,60.26,54.89,55.05,7212.1,2409.81,2931.29,0.0,0.0
343.34,54.2,60.26,54.88,55.06,7210.84,2409.81,2931.8,0.0,0.0
343.43,54.22,60.26,54.9,55.06,7209.9,2410.04,2929.77,0.0,0.0
343.55,54.12,60.28,54.89,55.06,7214.3,2408.87,2931.04,0.0,0.0
343.63,54.18,60.27,54.89,55.07,7212.1,2409.57,2930.53,0.0,0.0
343.72,54.18,60.26,54.89,55.07,7212.1,2410.27,2930.53,0.0,0.0
343.86,54.22,60.26,54.9,55.07,7209.59,2410.04,2929.26,0.0,0.0
343.96,54.2,60.27,54.91,55.08,7210.53,2409.57,2928.25,0.0,0.0
344.06,54.2,60.26,54.9,55.08,7210.53,2409.81,2929.77,0.0,0.0
344.11,54.19,60.27,54.91,55.08,7211.47,2409.1,2928.75,0.0,0.0
344.24,54.22,60.25,54.91,55.08,7210.21,2410.74,2928.75,0.0,0.0
344.32,54.19,60.27,54.92,55.09,7211.47,2409.1,2927.99,0.0,0.0
344.46,54.23,60.27,54.93,55.09,7209.27,2409.1,2926.47,0.0,0.0
344.6,54.2,60.26,54.94,55.09,7210.84,2409.81,2925.71,0.0,0.0
344.66,54.22,60.26,54.94,55.1,7209.9,2410.04,2925.71,0.0,0.0
344.81,54.15,60.27,54.94,55.1,7212.73,2409.34,2925.45,0.0,0.0
344.87,54.22,60.26,54.96,55.1,7210.21,2410.04,2923.42,0.0,0.0
344.91,54.22,60.27,54.96,55.11,7210.21,2409.57,2923.17,0.0,0.0
345.08,54.29,60.29,54.95,55.11,7206.44,2407.94,2923.93,0.0,0.0
345.18,54.22,60.27,54.95,55.11,7208.96,2409.34,2923.93,0.0,0.0
345.28,54.23,60.27,54.97,55.11,7208.64,2409.1,2922.41,0.0,0.0
345.33,54.26,60.26,54.98,55.12,7207.7,2410.51,2921.39,0.0,0.0
345.44,54.23,60.29,54.98,55.12,7209.27,2407.94,2921.14,0.0,0.0
345.56,54.22,60.27,54.99,55.12,7209.9,2409.34,2919.87,0.0,0.0
345.67,54.22,60.27,54.99,55.13,7208.96,2409.34,2919.87,0.0,0.0
345.79,54.29,60.28,54.99,55.13,7206.76,2408.64,2919.87,0.0,0.0
345.86,54.26,60.27,54.98,55.13,7207.7,2409.34,2921.14,0.0,0.0
345.96,54.25,60.27,55.0,55.14,7208.01,2409.57,2919.37,0.0,0.0
346.02,54.23,60.28,54.99,55.14,7208.64,2408.17,2919.62,0.0,0.0
346.14,54.29,60.28,54.98,55.14,7206.44,2408.87,2920.63,0.0,0.0
346.21,54.29,60.28,54.99,55.14,7206.76,2408.64,2920.38,0.0,0.0
346.37,54.27,60.29,55.0,55.15,7207.07,2407.7,2919.11,0.0,0.0
346.46,54.29,60.29,54.99,55.15,7206.13,2407.47,2919.87,0.0,0.0
346.59,54.32,60.29,55.0,55.15,7205.19,2407.94,2919.37,0.0,0.0
346.65,54.29,60.29,55.01,55.16,7206.13,2407.23,2917.59,0.0,0.0
346.77,54.34,60.3,55.01,55.16,7204.24,2406.3,2918.35,0.0,0.0
346.87,54.26,60.29,55.01,55.16,7207.39,2407.94,2917.34,0.0,0.0
346.92,54.29,60.28,55.01,55.16,7206.13,2408.17,2917.59,0.0,0.0
347.08,54.29,60.29,55.01,55.17,7205.5,2407.47,2917.59,0.0,0.0
347.13,54.36,60.3,55.02,55.17,7202.99,2407.0,2917.08,0.0,0.0
347.24,54.29,60.3,55.01,55.17,7205.5,2407.0,2917.59,0.0,0.0
347.34,54.29,60.29,55.02,55.17,7205.5,2407.23,2916.83,0.0,0.0
347.45,54.29,60.29,55.04,55.18,7206.44,2407.7,2914.8,0.0,0.0
347.51,54.29,60.3,55.05,55.18,7205.5,2406.77,2914.04,0.0,0.0
347.66,54.34,60.3,55.06,55.18,7204.24,2407.0,2912.02,0.0,0.0
347.74,54.34,60.31,55.06,55.19,7204.24,2406.07,2912.27,0.0,0.0
347.87,54.33,60.3,55.06,55.19,7204.56,2407.0,2912.27,0.0,0.0
347.93,54.29,60.31,55.08,55.19,7206.44,2405.6,2910.25,0.0,0.0
348.08,54.35,60.31,55.06,55.19,7203.3,2405.83,2912.02,0.0,0.0
348.19,54.33,60.32,55.07,55.2,7204.87,2404.66,2911.76,0.0,0.0
348.3,54.33,60.31,55.08,55.2,7204.56,2406.07,2910.5,0.0,0.0
348.35,54.34,60.31,55.1,55.2,7204.24,2405.83,2908.47,0.0,0.0
348.47,54.33,60.33,55.1,55.2,7204.56,2403.96,2907.97,0.0,0.0
348.57,54.29,60.35,55.08,55.21,7206.44,2402.33,2910.5,0.0,0.0
348.68,54.37,60.33,55.09,55.21,7202.67,2404.43,2908.73,0.0,0.0
348.72,54.33,60.33,55.12,55.21,7203.93,2403.73,2905.94,0.0,0.0
348.83,54.32,60.34,55.11,55.22,7205.19,2403.26,2906.7,0.0,0.0
348.93,54.35,60.33,55.12,55.22,7203.3,2403.73,2905.69,0.0,0.0
349.07,54.35,60.33,55.13,55.22,7203.3,2403.73,2904.93,0.0,0.0
349.2,54.36,60.34,55.12,55.22,7202.99,2403.26,2905.69,0.0,0.0
349.25,54.33,60.33,55.12,55.23,7203.93,2403.73,2905.69,0.0,0.0
349.35,54.34,60.35,55.13,55.23,7204.24,2402.8,2904.68,0.0,0.0
349.42,54.39,60.34,55.13,55.23,7201.73,2403.5,2904.68,0.0,0.0
349.57,54.33,60.35,55.12,55.23,7204.56,2402.8,2905.69,0.0,0.0
349.64,54.33,60.36,55.14,55.24,7203.62,2401.63,2904.17,0.0,0.0
349.81,54.33,60.37,55.14,55.24,7203.93,2400.93,2904.17,0.0,0.0
349.88,54.37,60.37,55.15,55.24,7202.67,2400.69,2902.91,0.0,0.0
350.01,54.36,60.37,55.15,55.24,7202.99,2400.46,2903.16,0.0,0.0
350.06,54.35,60.39,55.14,55.25,7203.3,2399.06,2903.41,0.0,0.0
350.13,54.36,60.39,55.15,55.25,7202.99,2398.59,2903.16,0.0,0.0
350.31,54.37,60.39,55.16,55.25,7202.05,2398.59,2902.15,0.0,0.0
350.37,54.4,60.41,55.15,55.26,7201.42,2397.43,2902.4,0.0,0.0
350.42,54.38,60.4,55.16,55.26,7202.36,2398.36,2901.9,0.0,0.0
350.59,54.45,60.43,55.14,55.26,7198.91,2395.79,2903.92,0.0,0.0
350.64,54.41,60.43,55.16,55.26,7200.79,2395.79,2901.14,0.0,0.0
350.76,54.4,60.43,55.16,55.27,7201.42,2395.56,2902.15,0.0,0.0
350.82,54.41,60.42,55.16,55.27,7200.48,2396.03,2902.15,0.0,0.0
350.97,54.37,60.43,55.15,55.27,7202.05,2395.33,2902.4,0.0,0.0
351.03,54.4,60.44,55.17,55.27,7201.1,2394.39,2900.63,0.0,0.0
351.18,54.44,60.44,55.16,55.28,7199.53,2395.09,2901.14,0.0,0.0
351.24,54.4,60.44,55.17,55.28,7201.42,2394.39,2900.38,0.0,0.0
351.39,54.44,60.46,55.17,55.28,7199.53,2393.0,2900.88,0.0,0.0
351.46,54.42,60.47,55.18,55.29,7199.85,2392.53,2899.37,0.0,0.0
351.51,54.42,60.47,55.17,55.29,7199.85,2392.53,2900.63,0.0,0.0
351.69,54.41,60.46,55.17,55.29,7200.79,2392.76,2900.63,0.0,0.0
351.74,54.44,60.46,55.19,55.29,7199.53,2393.23,2898.1,0.0,0.0
351.85,54.44,60.45,55.2,55.3,7199.22,2393.93,2897.35,0.0,0.0
351.91,54.44,60.47,55.18,55.3,7199.53,2392.53,2899.37,0.0,0.0
352.07,54.42,60.47,55.18,55.3,7199.85,2392.06,2899.12,0.0,0.0
352.17,54.45,60.48,55.19,55.3,7198.59,2391.36,2898.61,0.0,0.0
352.28,54.41,60.47,55.21,55.31,7200.16,2392.53,2896.59,0.0,0.0
352.34,54.41,60.46,55.2,55.31,7200.48,2392.76,2897.35,0.0,0.0
352.5,54.42,60.49,55.2,55.31,7199.85,2390.2,2897.85,0.0,0.0
352.57,54.4,60.48,55.2,55.32,7201.1,2390.9,2897.35,0.0,0.0
352.63,54.41,60.48,55.22,55.32,7200.48,2391.36,2895.58,0.0,0.0
352.78,54.44,60.47,55.21,55.32,7199.22,2392.06,2895.83,0.0,0.0
352.83,54.45,60.48,55.21,55.32,7198.28,2390.9,2895.83,0.0,0.0
352.94,54.44,60.49,55.23,55.33,7199.22,2390.66,2894.57,0.0,0.0
353.04,54.42,60.5,55.24,55.33,7199.85,2389.73,2893.56,0.0,0.0
353.15,54.49,60.49,55.23,55.33,7197.02,2390.66,2894.06,0.0,0.0
353.21,54.47,60.5,55.24,55.34,7197.96,2389.5,2892.55,0.0,0.0
353.36,54.44,60.52,55.23,55.34,7199.22,2387.64,2894.06,0.0,0.0
353.43,54.49,60.52,55.25,55.34,7197.02,2387.64,2891.79,0.0,0.0
353.57,54.45,60.51,55.25,55.34,7198.91,2388.57,2891.79,0.0,0.0
353.63,54.49,60.51,55.25,55.35,7197.02,2388.57,2892.3,0.0,0.0
353.81,54.47,60.54,55.27,55.35,7197.96,2386.47,2890.02,0.0,0.0
353.85,54.45,60.55,55.27,55.35,7198.59,2385.77,2890.28,0.0,0.0
353.94,54.49,60.53,55.27,55.36,7197.34,2386.94,2890.02,0.0,0.0
354.03,54.49,60.56,55.27,55.36,7196.71,2384.38,2890.02,0.0,0.0
354.16,54.45,60.56,55.28,55.36,7198.28,2384.14,2888.76,0.0,0.0
354.28,54.47,60.57,55.28,55.36,7197.96,2383.44,2889.27,0.0,0.0
354.38,54.47,60.58,55.29,55.37,7197.96,2382.98,2888.0,0.0,0.0
354.44,54.47,60.56,55.28,55.37,7197.96,2384.14,2888.51,0.0,0.0
354.53,54.48,60.59,55.29,55.37,7197.65,2382.28,2888.26,0.0,0.0
354.66,54.49,60.59,55.29,55.37,7197.02,2381.82,2887.25,0.0,0.0
354.71,54.48,60.61,55.29,55.38,7197.65,2379.95,2887.5,0.0,0.0
354.88,54.48,60.62,55.29,55.38,7197.65,2379.49,2887.25,0.0,0.0
354.92,54.45,60.61,55.3,55.38,7198.59,2379.95,2887.0,0.0,0.0
355.04,54.49,60.62,55.3,55.39,7197.02,2379.49,2886.74,0.0,0.0
355.16,54.53,60.61,55.31,55.39,7195.45,2379.95,2885.73,0.0,0.0
355.25,54.49,60.63,55.31,55.39,7196.39,2378.56,2885.23,0.0,0.0
355.37,54.49,60.63,55.31,55.4,7196.71,2378.79,2885.73,0.0,0.0
355.41,54.54,60.64,55.31,55.4,7194.82,2377.4,2885.99,0.0,0.0
355.54,54.48,60.65,55.31,55.4,7197.65,2377.16,2885.99,0.0,0.0
355.65,54.49,60.65,55.33,55.4,7196.71,2376.46,2883.72,0.0,0.0
355.71,54.5,60.64,55.33,55.41,7195.77,2377.4,2883.97,0.0,0.0
355.87,54.48,60.64,55.33,55.41,7197.65,2378.09,2883.46,0.0,0.0
355.95,54.5,60.66,55.34,55.41,7195.77,2376.23,2882.46,0.0,0.0
356.03,54.49,60.65,55.35,55.42,7197.34,2376.46,2881.7,0.0,0.0
356.18,54.54,60.65,55.34,55.42,7194.82,2377.16,2882.2,0.0,0.0
356.22,54.5,60.67,55.35,55.42,7195.77,2375.53,2880.94,0.0,0.0
356.37,54.5,60.68,55.35,55.42,7195.77,2374.61,2881.2,0.0,0.0
356.45,54.54,60.67,55.38,55.43,7194.82,2375.53,2878.42,0.0,0.0
356.53,54.53,60.67,55.38,55.43,7195.45,2375.53,2878.17,0.0,0.0
356.65,54.53,60.68,55.38,55.43,7195.45,2374.37,2877.92,0.0,0.0
356.81,54.54,60.67,55.39,55.44,7194.2,2375.07,2877.16,0.0,0.0
356.81,54.54,60.68,55.38,55.44,7194.51,2373.91,2878.17,0.0,0.0
356.97,54.5,60.68,55.39,55.44,7195.77,2374.14,2876.66,0.0,0.0
357.01,54.5,60.68,55.39,55.45,7195.77,2374.37,2876.91,0.0,0.0
357.13,54.49,60.68,55.39,55.45,7196.08,2374.37,2876.91,0.0,0.0
357.24,54.5,60.67,55.43,55.45,7195.77,2374.84,2872.63,0.0,0.0
357.38,54.56,60.68,55.42,55.46,7192.94,2374.14,2874.39,0.0,0.0
357.48,54.54,60.68,55.44,55.46,7194.82,2374.37,2872.13,0.0,0.0
357.52,54.54,60.68,55.45,55.46,7194.2,2374.61,2871.12,0.0,0.0
357.65,54.56,60.69,55.44,55.46,7193.57,2373.68,2871.88,0.0,0.0
357.76,54.54,60.69,55.45,55.47,7194.2,2373.21,2870.87,0.0,0.0
357.81,54.53,60.69,55.44,55.47,7195.45,2373.44,2871.37,0.0,0.0
357.96,54.49,60.7,55.46,55.47,7196.08,2372.51,2869.36,0.0,0.0
358.08,54.55,60.69,55.45,55.48,7193.88,2373.68,2870.37,0.0,0.0
358.13,54.56,60.7,55.46,55.48,7193.57,2372.98,2869.61,0.0,0.0
358.23,54.49,60.7,55.46,55.48,7196.08,2372.98,2869.11,0.0,0.0
358.31,54.59,60.71,55.47,55.49,7192.0,2372.05,2868.86,0.0,0.0
358.44,54.54,60.73,55.47,55.49,7194.2,2370.19,2868.36,0.0,0.0
358.56,54.56,60.73,55.49,55.49,7193.25,2370.42,2866.85,0.0,0.0
358.63,54.56,60.73,55.5,55.49,7193.57,2369.96,2865.34,0.0,0.0
358.75,54.56,60.73,55.5,55.5,7193.25,2369.73,2865.84,0.0,0.0
358.86,54.56,60.75,55.51,55.5,7192.94,2368.56,2864.08,0.0,0.0
358.94,54.54,60.75,55.53,55.5,7194.2,2368.33,2862.57,0.0,0.0
359.06,54.55,60.76,55.53,55.51,7193.88,2367.87,2861.82,0.0,0.0
359.15,54.56,60.76,55.53,55.51,7193.25,2367.64,2861.82,0.0,0.0
359.23,54.55,60.76,55.54,55.51,7193.88,2367.17,2860.81,0.0,0.0
359.33,54.56,60.76,55.55,55.51,7192.94,2367.87,2860.56,0.0,0.0
359.41,54.56,60.79,55.54,55.52,7193.57,2364.85,2861.07,0.0,0.0
359.54,54.6,60.77,55.56,55.52,7191.68,2366.71,2859.56,0.0,0.0
359.65,54.6,60.77,55.56,55.52,7191.68,2366.47,2858.8,0.0,0.0
359.73,54.58,60.78,55.57,55.53,7192.31,2365.55,2857.8,0.0,0.0
359.85,54.58,60.81,55.57,55.53,7192.31,2363.69,2858.05,0.0,0.0
359.97,54.56,60.81,55.57,55.53,7192.94,2363.46,2857.8,0.0,0.0
360.02,54.58,60.8,55.58,55.54,7192.31,2364.62,2856.8,0.0,0.0
360.14,54.58,60.8,55.59,55.54,7192.31,2363.92,2856.29,0.0,0.0
360.22,54.58,60.81,55.57,55.54,7192.31,2363.23,2857.8,0.0,0.0
360.34,54.63,60.81,55.58,55.54,7190.43,2363.23,2856.8,0.0,0.0
360.45,54.56,60.8,55.59,55.55,7193.25,2363.92,2856.04,0.0,0.0
360.53,54.59,60.81,55.59,55.55,7192.0,2363.46,2855.79,0.0,0.0
360.65,54.62,60.82,55.56,55.55,7190.74,2362.53,2858.8,0.0,0.0
360.77,54.63,60.81,55.59,55.56,7190.43,2362.99,2855.54,0.0,0.0
360.85,54.59,60.82,55.58,55.56,7192.0,2362.76,2856.8,0.0,0.0
360.96,54.56,60.81,55.57,55.56,7192.94,2363.46,2857.55,0.0,0.0
361.05,54.56,60.8,55.58,55.57,7192.94,2364.39,2856.8,0.0,0.0
361.13,54.63,60.83,55.57,55.57,7189.8,2361.83,2858.05,0.0,0.0
361.24,54.62,60.81,55.58,55.57,7190.11,2363.46,2856.54,0.0,0.0
361.35,54.68,60.83,55.57,55.57,7187.91,2361.83,2857.55,0.0,0.0
361.44,54.6,60.84,55.57,55.58,7191.37,2360.91,2857.8,0.0,0.0
361.55,54.59,60.82,55.56,55.58,7192.0,2362.53,2859.31,0.0,0.0
361.63,54.66,60.83,55.58,55.58,7188.54,2362.07,2857.3,0.0,0.0
361.75,54.62,60.84,55.6,55.59,7190.74,2360.91,2855.29,0.0,0.0
361.86,54.62,60.85,55.58,55.59,7190.11,2359.75,2856.54,0.0,0.0
361.94,54.62,60.83,55.59,55.59,7190.11,2362.07,2855.54,0.0,0.0
362.06,54.59,60.85,55.59,55.6,7192.0,2359.75,2856.29,0.0,0.0
362.17,54.6,60.85,55.6,55.6,7191.68,2360.21,2854.79,0.0,0.0
362.25,54.6,60.86,55.6,55.6,7191.37,2359.05,2855.04,0.0,0.0
362.36,54.63,60.87,55.6,55.6,7190.43,2358.59,2854.79,0.0,0.0
362.45,54.66,60.87,55.59,55.61,7188.23,2358.59,2855.79,0.0,0.0
362.53,54.69,60.87,55.61,55.61,7186.66,2358.59,2854.29,0.0,0.0
362.64,54.66,60.88,55.6,55.61,7188.23,2357.66,2854.54,0.0,0.0
362.73,54.66,60.89,55.62,55.62,7188.54,2356.96,2852.78,0.0,0.0
362.85,54.66,60.9,55.62,55.62,7188.23,2356.04,2852.53,0.0,0.0
362.96,54.62,60.87,55.62,55.62,7190.11,2358.59,2852.78,0.0,0.0
363.04,54.64,60.92,55.62,55.63,7189.49,2354.18,2853.03,0.0,0.0
363.16,54.6,60.9,55.63,55.63,7191.68,2356.04,2851.78,0.0,0.0
363.28,54.65,60.91,55.64,55.63,7188.86,2355.34,2850.52,0.0,0.0
363.32,54.62,60.89,55.64,55.63,7190.11,2356.96,2850.27,0.0,0.0
363.44,54.66,60.92,55.62,55.64,7188.54,2354.18,2852.78,0.0,0.0
363.52,54.64,60.91,55.64,55.64,7189.17,2355.11,2851.02,0.0,0.0
363.64,54.7,60.9,55.65,55.64,7187.29,2355.57,2849.77,0.0,0.0
363.75,54.63,60.91,55.65,55.65,7190.43,2354.88,2849.27,0.0,0.0
363.89,54.66,60.91,55.65,55.65,7188.54,2354.88,2849.52,0.0,0.0
363.96,54.64,60.91,55.66,55.65,7189.17,2354.88,2849.02,0.0,0.0
364.07,54.71,60.92,55.64,55.66,7185.72,2354.42,2851.02,0.0,0.0
364.12,54.64,60.9,55.66,55.66,7189.17,2355.57,2848.27,0.0,0.0
364.27,54.66,60.91,55.64,55.66,7188.23,2355.34,2851.02,0.0,0.0
364.36,54.7,60.92,55.65,55.66,7186.97,2353.95,2849.27,0.0,0.0
364.43,54.69,60.89,55.66,55.67,7186.66,2356.27,2849.02,0.0,0.0
364.55,54.7,60.93,55.64,55.67,7187.29,2353.03,2850.52,0.0,0.0
364.63,54.7,60.92,55.67,55.67,7187.29,2354.42,2847.51,0.0,0.0
364.75,54.64,60.94,55.68,55.68,7189.49,2352.33,2846.01,0.0,0.0
364.87,54.66,60.95,55.69,55.68,7188.23,2351.64,2845.76,0.0,0.0
364.92,54.7,60.96,55.69,55.68,7187.29,2351.17,2845.76,0.0,0.0
365.07,54.7,60.96,55.67,55.69,7186.97,2350.71,2847.76,0.0,0.0
365.11,54.73,60.94,55.68,55.69,7185.4,2352.33,2846.26,0.0,0.0
365.24,54.66,60.96,55.7,55.69,7188.23,2350.94,2844.51,0.0,0.0
365.32,54.7,60.97,55.68,55.69,7186.97,2350.02,2846.26,0.0,0.0
365.43,54.64,60.97,55.69,55.7,7189.49,2349.78,2845.01,0.0,0.0
365.55,54.7,60.99,55.69,55.7,7186.35,2348.63,2845.51,0.0,0.0
365.67,54.69,60.98,55.7,55.7,7186.66,2348.86,2844.0,0.0,0.0
365.74,54.7,61.0,55.71,55.71,7186.03,2347.7,2843.75,0.0,0.0
365.86,54.69,61.01,55.72,55.71,7186.66,2346.54,2842.0,0.0,0.0
365.96,54.7,61.02,55.71,55.71,7187.29,2345.62,2842.75,0.0,0.0
366.02,54.73,61.02,55.72,55.72,7185.4,2345.39,2842.25,0.0,0.0
366.18,54.68,61.04,55.73,55.72,7187.91,2344.23,2841.0,0.0,0.0
366.29,54.71,61.03,55.74,55.72,7185.72,2345.16,2840.25,0.0,0.0
366.34,54.7,61.04,55.74,55.72,7186.97,2344.46,2840.5,0.0,0.0
366.44,54.68,61.04,55.73,55.73,7187.91,2344.23,2841.5,0.0,0.0
366.53,54.7,61.04,55.74,55.73,7187.29,2344.0,2839.75,0.0,0.0
366.65,54.71,61.05,55.73,55.73,7185.72,2343.54,2840.75,0.0,0.0
366.76,54.66,61.06,55.73,55.74,7188.23,2342.15,2840.75,0.0,0.0
366.84,54.75,61.04,55.74,55.74,7184.78,2344.0,2840.5,0.0,0.0
366.97,54.71,61.06,55.74,55.74,7185.72,2342.61,2840.25,0.0,0.0
367.09,54.75,61.07,55.73,55.75,7184.46,2341.92,2841.0,0.0,0.0
367.13,54.75,61.04,55.74,55.75,7184.78,2344.0,2840.0,0.0,0.0
367.25,54.73,61.05,55.73,55.75,7185.4,2343.07,2841.25,0.0,0.0
367.33,54.73,61.06,55.73,55.76,7185.4,2342.15,2841.25,0.0,0.0
367.47,54.79,61.04,55.73,55.76,7182.26,2343.77,2840.75,0.0,0.0
367.59,54.75,61.06,55.74,55.76,7184.46,2342.38,2840.25,0.0,0.0
367.65,54.75,61.06,55.75,55.76,7184.78,2342.15,2839.25,0.0,0.0
367.75,54.73,61.07,55.74,55.77,7185.4,2341.45,2840.25,0.0,0.0
367.83,54.73,61.06,55.74,55.77,7185.4,2342.15,2840.25,0.0,0.0
367.95,54.75,61.07,55.74,55.77,7184.78,2341.69,2840.25,0.0,0.0
368.07,54.69,61.06,55.74,55.78,7186.66,2342.61,2839.75,0.0,0.0
368.15,54.7,61.05,55.75,55.78,7186.97,2343.07,2839.25,0.0,0.0
368.26,54.71,61.06,55.74,55.78,7185.72,2342.61,2840.5,0.0,0.0
368.35,54.77,61.06,55.73,55.79,7183.2,2342.38,2841.25,0.0,0.0
368.47,54.7,61.06,55.74,55.79,7186.03,2342.15,2840.25,0.0,0.0
368.51,54.76,61.07,55.74,55.79,7183.52,2341.22,2839.75,0.0,0.0
368.63,54.75,61.06,55.73,55.8,7184.78,2342.61,2840.75,0.0,0.0
368.76,54.78,61.06,55.74,55.8,7182.89,2342.61,2840.5,0.0,0.0
368.87,54.7,61.06,55.75,55.8,7186.03,2342.38,2838.99,0.0,0.0
368.92,54.7,61.06,55.75,55.8,7186.97,2342.61,2839.5,0.0,0.0
369.07,54.7,61.05,55.75,55.81,7186.03,2343.07,2839.5,0.0,0.0
369.18,54.68,61.06,55.74,55.81,7187.91,2342.61,2840.0,0.0,0.0
369.22,54.75,61.07,55.74,55.81,7183.83,2341.69,2840.0,0.0,0.0
369.36,54.71,61.06,55.74,55.82,7185.72,2342.38,2839.75,0.0,0.0
369.45,54.7,61.05,55.73,55.82,7186.97,2343.07,2841.25,0.0,0.0
369.56,54.73,61.05,55.73,55.82,7185.4,2343.3,2841.0,0.0,0.0
369.64,54.68,61.04,55.72,55.83,7187.91,2344.23,2841.75,0.0,0.0
369.77,54.69,61.06,55.72,55.83,7187.6,2342.38,2842.0,0.0,0.0
369.84,54.69,61.03,55.73,55.83,7187.6,2344.92,2841.0,0.0,0.0
369.95,54.7,61.04,55.72,55.83,7187.29,2344.0,2842.25,0.0,0.0
370.07,54.7,61.04,55.72,55.84,7186.03,2344.0,2841.75,0.0,0.0
370.15,54.69,61.04,55.71,55.84,7187.6,2344.46,2843.0,0.0,0.0
370.26,54.69,61.05,55.72,55.84,7186.66,2343.54,2842.0,0.0,0.0
370.34,54.65,61.03,55.72,55.85,7188.86,2345.16,2842.25,0.0,0.0
370.47,54.66,61.03,55.71,55.85,7188.54,2344.69,2843.25,0.0,0.0
370.57,54.66,61.03,55.72,55.85,7188.23,2344.92,2842.5,0.0,0.0
370.64,54.7,61.03,55.71,55.85,7186.03,2345.16,2843.25,0.0,0.0
370.77,54.61,61.01,55.71,55.86,7191.05,2346.54,2843.75,0.0,0.0
370.88,54.69,61.01,55.71,55.86,7187.6,2346.54,2843.5,0.0,0.0
370.95,54.65,61.02,55.72,55.86,7188.86,2346.08,2842.0,0.0,0.0
371.07,54.64,61.01,55.71,55.86,7189.17,2346.31,2843.25,0.0,0.0
371.19,54.65,61.01,55.73,55.87,7188.86,2346.54,2840.75,0.0,0.0
371.24,54.63,61.02,55.73,55.87,7190.43,2346.08,2841.5,0.0,0.0
371.35,54.64,61.02,55.72,55.87,7189.17,2345.39,2841.75,0.0,0.0
371.43,54.64,61.0,55.74,55.87,7189.17,2347.47,2840.5,0.0,0.0
371.55,54.6,60.99,55.75,55.88,7191.68,2348.16,2839.5,0.0,0.0
371.66,54.58,61.01,55.74,55.88,7192.31,2347.01,2839.75,0.0,0.0
371.74,54.63,60.97,55.74,55.88,7189.8,2350.02,2840.0,0.0,0.0
371.86,54.59,60.98,55.74,55.88,7192.0,2349.32,2840.0,0.0,0.0
371.97,54.59,60.98,55.75,55.89,7192.0,2349.09,2838.99,0.0,0.0
372.05,54.6,60.98,55.74,55.89,7191.37,2349.32,2839.75,0.0,0.0
372.17,54.62,60.96,55.76,55.89,7190.74,2350.71,2838.49,0.0,0.0
372.28,54.63,60.99,55.76,55.89,7190.43,2348.39,2838.24,0.0,0.0
372.36,54.61,60.96,55.76,55.9,7191.05,2350.71,2838.49,0.0,0.0
372.48,54.6,60.99,55.76,55.9,7191.37,2348.39,2838.24,0.0,0.0
372.53,54.58,60.99,55.77,55.9,7192.31,2348.16,2837.24,0.0,0.0
372.66,54.64,60.99,55.76,55.9,7189.17,2347.93,2838.49,0.0,0.0
372.76,54.62,60.98,55.76,55.91,7190.74,2348.86,2837.99,0.0,0.0
372.84,54.63,60.99,55.76,55.91,7190.43,2348.63,2837.49,0.0,0.0
372.96,54.6,61.01,55.76,55.91,7191.37,2346.77,2837.99,0.0,0.0
373.07,54.63,61.01,55.78,55.91,7190.43,2346.77,2835.99,0.0,0.0
373.14,54.6,61.01,55.77,55.91,7191.37,2346.77,2836.99,0.0,0.0
373.26,54.63,60.99,55.78,55.92,7190.43,2348.16,2835.99,0.0,0.0
373.41,54.61,61.01,55.78,55.92,7191.05,2346.77,2835.74,0.0,0.0
373.43,54.63,61.02,55.78,55.92,7190.43,2346.08,2835.99,0.0,0.0
373.56,54.62,61.0,55.78,55.92,7190.11,2347.7,2835.99,0.0,0.0
373.67,54.64,61.0,55.78,55.93,7189.49,2347.7,2835.99,0.0,0.0
373.74,54.62,61.01,55.79,55.93,7190.11,2346.54,2834.74,0.0,0.0
373.86,54.68,60.99,55.79,55.93,7187.91,2347.93,2834.49,0.0,0.0
373.97,54.62,61.0,55.78,55.93,7190.74,2347.47,2835.99,0.0,0.0
374.03,54.68,60.99,55.79,55.93,7187.91,2348.16,2834.49,0.0,0.0
374.16,54.62,61.0,55.8,55.94,7190.11,2347.47,2833.74,0.0,0.0
374.27,54.64,60.99,55.81,55.94,7189.49,2348.16,2832.74,0.0,0.0
374.35,54.63,60.99,55.8,55.94,7190.43,2348.63,2833.74,0.0,0.0
374.47,54.6,61.01,55.8,55.94,7191.68,2346.77,2833.99,0.0,0.0
374.61,54.62,60.99,55.82,55.95,7190.11,2348.39,2831.74,0.0,0.0
374.64,54.65,61.0,55.82,55.95,7188.86,2347.7,2831.49,0.0,0.0
374.76,54.64,61.0,55.82,55.95,7189.49,2347.24,2831.74,0.0,0.0
374.87,54.63,60.99,55.82,55.95,7190.43,2348.39,2831.49,0.0,0.0
374.95,54.6,60.98,55.84,55.95,7191.37,2349.09,2829.99,0.0,0.0
375.06,54.7,60.98,55.83,55.96,7186.97,2349.09,2830.74,0.0,0.0
375.17,54.64,60.97,55.82,55.96,7189.17,2349.55,2831.49,0.0,0.0
375.22,54.69,60.97,55.83,55.96,7187.6,2349.55,2830.24,0.0,0.0
375.39,54.62,60.99,55.85,55.96,7190.74,2348.16,2828.99,0.0,0.0
375.43,54.69,60.98,55.84,55.96,7186.66,2349.09,2829.74,0.0,0.0
375.58,54.64,60.98,55.82,55.97,7189.17,2348.86,2831.24,0.0,0.0
375.63,54.64,60.98,55.85,55.97,7189.49,2349.09,2828.74,0.0,0.0
375.79,54.66,60.97,55.85,55.97,7188.54,2349.55,2828.24,0.0,0.0
375.9,54.66,60.98,55.86,55.97,7188.23,2349.32,2827.49,0.0,0.0
375.96,54.66,60.99,55.85,55.97,7188.54,2348.63,2828.24,0.0,0.0
376.09,54.66,60.99,55.87,55.98,7188.23,2348.39,2826.99,0.0,0.0
376.15,54.69,61.0,55.85,55.98,7186.66,2347.47,2828.49,0.0,0.0
376.29,54.7,60.97,55.86,55.98,7186.03,2349.78,2827.74,0.0,0.0
376.35,54.7,60.99,55.85,55.98,7187.29,2347.93,2828.99,0.0,0.0
376.49,54.7,60.99,55.87,55.98,7186.97,2347.93,2826.74,0.0,0.0
376.57,54.64,60.99,55.86,55.99,7189.49,2347.93,2827.74,0.0,0.0
376.69,54.68,61.0,55.87,55.99,7187.91,2347.24,2826.99,0.0,0.0
376.74,54.73,60.99,55.88,55.99,7185.4,2348.16,2825.99,0.0,0.0
376.87,54.69,60.98,55.87,55.99,7187.6,2349.32,2826.99,0.0,0.0
376.92,54.66,60.99,55.87,55.99,7188.23,2347.93,2826.74,0.0,0.0
377.09,54.71,61.0,55.88,55.99,7185.72,2347.47,2825.99,0.0,0.0
377.14,54.7,60.99,55.86,56.0,7187.29,2347.93,2827.74,0.0,0.0
377.27,54.7,60.98,55.87,56.0,7186.35,2348.86,2826.49,0.0,0.0
377.36,54.7,61.0,55.87,56.0,7186.35,2347.47,2826.49,0.0,0.0
377.44,54.71,61.01,55.87,56.0,7185.72,2347.01,2826.74,0.0,0.0
377.55,54.74,61.01,55.86,56.0,7185.09,2346.77,2827.99,0.0,0.0
377.64,54.76,60.99,55.87,56.01,7184.15,2348.16,2826.99,0.0,0.0
377.77,54.75,61.0,55.88,56.01,7183.83,2347.7,2825.24,0.0,0.0
377.88,54.75,61.0,55.87,56.01,7184.78,2347.24,2826.49,0.0,0.0
377.96,54.71,60.99,55.88,56.01,7185.72,2348.63,2825.99,0.0,0.0
378.08,54.75,61.01,55.88,56.01,7184.46,2347.01,2825.49,0.0,0.0
378.14,54.75,61.0,55.86,56.01,7184.46,2347.24,2827.99,0.0,0.0
378.24,54.73,60.99,55.87,56.02,7185.4,2348.39,2826.99,0.0,0.0
378.36,54.74,61.01,55.87,56.02,7185.09,2347.01,2826.49,0.0,0.0
378.43,54.76,61.01,55.88,56.02,7183.52,2346.77,2825.74,0.0,0.0
378.56,54.75,61.01,55.86,56.02,7184.46,2346.31,2827.24,0.0,0.0
378.67,54.82,61.02,55.88,56.02,7181.64,2345.85,2825.74,0.0,0.0
378.74,54.75,61.01,55.87,56.03,7183.83,2346.77,2826.24,0.0,0.0
378.87,54.77,61.03,55.89,56.03,7183.2,2345.16,2824.49,0.0,0.0
378.98,54.73,61.03,55.88,56.03,7185.4,2344.92,2825.99,0.0,0.0
379.06,54.76,61.03,55.88,56.03,7184.15,2345.16,2824.99,0.0,0.0
379.17,54.75,61.01,55.88,56.03,7183.83,2346.54,2825.74,0.0,0.0
379.28,54.79,61.02,55.88,56.03,7182.58,2345.39,2824.99,0.0,0.0
379.36,54.83,61.02,55.89,56.04,7180.69,2345.62,2824.24,0.0,0.0
379.48,54.75,61.05,55.9,56.04,7183.83,2343.54,2823.49,0.0,0.0
379.59,54.84,61.04,55.88,56.04,7179.75,2344.23,2824.99,0.0,0.0
379.64,54.79,61.05,55.89,56.04,7182.26,2343.3,2824.49,0.0,0.0
379.75,54.83,61.05,55.9,56.04,7181.32,2343.07,2823.74,0.0,0.0
379.83,54.83,61.07,55.9,56.04,7180.69,2341.92,2823.24,0.0,0.0
379.96,54.83,61.07,55.91,56.05,7181.32,2341.92,2822.49,0.0,0.0
380.07,54.79,61.06,55.92,56.05,7182.58,2342.38,2821.24,0.0,0.0
380.15,54.75,61.07,55.92,56.05,7183.83,2341.22,2821.24,0.0,0.0
380.26,54.84,61.07,55.92,56.05,7180.07,2341.92,2821.49,0.0,0.0
380.38,54.83,61.06,55.94,56.05,7180.69,2342.84,2818.75,0.0,0.0
380.47,54.76,61.05,55.94,56.06,7183.52,2343.3,2819.0,0.0,0.0
380.58,54.82,61.05,55.93,56.06,7181.01,2343.3,2820.24,0.0,0.0
380.65,54.82,61.07,55.93,56.06,7181.64,2341.69,2820.0,0.0,0.0
380.74,54.83,61.09,55.95,56.06,7180.69,2340.3,2817.75,0.0,0.0
380.86,54.82,61.09,55.95,56.06,7181.01,2339.61,2818.0,0.0,0.0
380.94,54.84,61.07,55.96,56.06,7179.75,2341.45,2817.0,0.0,0.0
381.06,54.83,61.09,55.95,56.07,7180.38,2340.3,2818.25,0.0,0.0
381.18,54.8,61.09,55.94,56.07,7181.95,2339.84,2819.0,0.0,0.0
381.23,54.88,61.1,55.94,56.07,7178.5,2339.14,2819.75,0.0,0.0
381.39,54.8,61.1,55.94,56.07,7181.95,2339.37,2819.0,0.0,0.0
381.43,54.84,61.12,55.97,56.07,7179.75,2337.06,2816.5,0.0,0.0
381.55,54.88,61.12,55.95,56.08,7178.5,2337.29,2817.75,0.0,0.0
381.67,54.82,61.1,55.96,56.08,7181.01,2339.14,2816.75,0.0,0.0
381.76,54.85,61.1,55.97,56.08,7179.44,2338.91,2816.5,0.0,0.0
381.88,54.84,61.12,55.98,56.08,7180.07,2337.29,2815.0,0.0,0.0
381.99,54.84,61.12,55.98,56.08,7179.75,2337.53,2815.25,0.0,0.0
382.04,54.84,61.14,56.0,56.08,7180.07,2335.91,2813.01,0.0,0.0
382.19,54.86,61.13,55.97,56.09,7179.12,2336.37,2816.0,0.0,0.0
382.3,54.88,61.14,55.99,56.09,7178.5,2335.91,2814.26,0.0,0.0
382.36,54.84,61.14,55.99,56.09,7179.75,2335.45,2813.76,0.0,0.0
382.5,54.86,61.16,55.99,56.09,7179.12,2334.52,2813.76,0.0,0.0
382.53,54.85,61.16,56.0,56.09,7179.44,2334.06,2812.51,0.0,0.0
382.66,54.85,61.17,56.0,56.1,7179.44,2332.91,2812.51,0.0,0.0
382.77,54.82,61.18,55.98,56.1,7181.01,2332.44,2814.76,0.0,0.0
382.85,54.87,61.17,55.99,56.1,7178.81,2333.6,2814.26,0.0,0.0
382.98,54.83,61.17,56.01,56.1,7180.38,2333.14,2811.76,0.0,0.0
383.09,54.84,61.19,56.01,56.1,7180.07,2331.98,2811.76,0.0,0.0
383.17,54.88,61.2,56.01,56.11,7178.5,2330.6,2811.76,0.0,0.0
383.3,54.84,61.21,56.02,56.11,7179.75,2329.91,2811.26,0.0,0.0
383.34,54.84,61.19,56.02,56.11,7179.75,2331.52,2811.26,0.0,0.0
383.49,54.86,61.22,56.02,56.11,7179.12,2329.44,2810.77,0.0,0.0
383.57,54.9,61.21,56.02,56.11,7177.87,2330.37,2810.77,0.0,0.0
383.66,54.86,61.2,56.03,56.12,7179.12,2330.83,2810.27,0.0,0.0
383.78,54.85,61.2,56.04,56.12,7179.44,2330.83,2808.77,0.0,0.0
383.9,54.87,61.23,56.02,56.12,7178.81,2328.75,2811.26,0.0,0.0
383.94,54.85,61.23,56.03,56.12,7179.44,2328.75,2809.52,0.0,0.0
384.06,54.91,61.21,56.03,56.12,7177.55,2329.91,2809.52,0.0,0.0
384.14,54.9,61.22,56.04,56.13,7178.18,2328.98,2809.27,0.0,0.0
384.27,54.93,61.22,56.05,56.13,7175.67,2328.98,2807.78,0.0,0.0
384.35,54.85,61.23,56.05,56.13,7179.44,2328.52,2808.02,0.0,0.0
384.43,54.87,61.24,56.06,56.13,7178.81,2327.83,2807.28,0.0,0.0
384.59,54.87,61.24,56.07,56.13,7178.81,2327.37,2806.03,0.0,0.0
384.63,54.87,61.24,56.05,56.14,7178.81,2327.14,2807.78,0.0,0.0
384.76,54.87,61.23,56.06,56.14,7178.81,2328.06,2806.78,0.0,0.0
384.87,54.9,61.24,56.07,56.14,7177.24,2327.6,2805.53,0.0,0.0
385.0,54.9,61.27,56.07,56.14,7178.18,2324.83,2805.78,0.0,0.0
385.11,54.9,61.24,56.09,56.14,7177.87,2327.14,2803.54,0.0,0.0
385.18,54.86,61.25,56.07,56.15,7179.12,2326.45,2806.03,0.0,0.0
385.26,54.91,61.26,56.07,56.15,7177.55,2326.22,2805.28,0.0,0.0
385.38,54.9,61.26,56.08,56.15,7177.87,2325.75,2804.29,0.0,0.0
385.5,54.91,61.27,56.08,56.15,7176.93,2325.29,2804.29,0.0,0.0
385.58,54.86,61.25,56.09,56.16,7179.12,2326.91,2804.04,0.0,0.0
385.66,54.9,61.26,56.09,56.16,7178.18,2325.75,2803.54,0.0,0.0
385.76,54.87,61.28,56.08,56.16,7178.81,2324.37,2804.29,0.0,0.0
385.91,54.9,61.23,56.08,56.16,7178.18,2328.29,2804.29,0.0,0.0
385.95,54.88,61.27,56.08,56.16,7178.5,2325.29,2804.29,0.0,0.0
386.1,54.88,61.28,56.1,56.17,7178.5,2324.6,2803.04,0.0,0.0
386.2,54.87,61.28,56.09,56.17,7178.81,2324.37,2803.54,0.0,0.0
386.29,54.88,61.28,56.09,56.17,7178.5,2324.6,2803.79,0.0,0.0
386.44,54.91,61.28,56.1,56.17,7177.55,2324.37,2802.3,0.0,0.0
386.45,54.87,61.29,56.09,56.17,7178.81,2322.99,2803.79,0.0,0.0
386.56,54.84,61.29,56.1,56.18,7179.75,2323.45,2802.79,0.0,0.0
386.64,54.85,61.31,56.09,56.18,7179.44,2322.07,2804.04,0.0,0.0
386.78,54.88,61.28,56.09,56.18,7178.5,2323.91,2804.04,0.0,0.0
386.89,54.9,61.29,56.08,56.18,7177.87,2323.22,2804.29,0.0,0.0
386.98,54.9,61.31,56.09,56.19,7178.18,2321.83,2803.79,0.0,0.0
387.06,54.88,61.31,56.09,56.19,7178.5,2321.37,2803.29,0.0,0.0
387.15,54.86,61.32,56.09,56.19,7179.12,2320.91,2804.04,0.0,0.0
387.29,54.91,61.31,56.09,56.19,7177.55,2321.37,2803.29,0.0,0.0
387.45,54.86,61.33,56.09,56.19,7179.12,2319.76,2803.79,0.0,0.0
387.47,54.9,61.33,56.09,56.2,7177.87,2320.45,2803.79,0.0,0.0
387.57,54.88,61.32,56.09,56.2,7178.5,2320.91,2803.79,0.0,0.0
387.65,54.85,61.33,56.1,56.2,7179.44,2320.45,2802.55,0.0,0.0
387.77,54.91,61.32,56.11,56.2,7177.55,2320.91,2801.55,0.0,0.0
387.88,54.85,61.31,56.1,56.2,7179.44,2322.07,2802.3,0.0,0.0
387.96,54.87,61.32,56.1,56.21,7178.81,2321.14,2802.3,0.0,0.0
388.09,54.85,61.32,56.1,56.21,7179.44,2320.91,2803.04,0.0,0.0
388.2,54.87,61.31,56.1,56.21,7178.81,2321.83,2803.04,0.0,0.0
388.25,54.86,61.33,56.09,56.21,7179.12,2319.76,2803.54,0.0,0.0
388.36,54.87,61.34,56.1,56.22,7178.81,2319.53,2803.04,0.0,0.0
388.44,54.91,61.33,56.09,56.22,7177.55,2319.99,2804.04,0.0,0.0
388.57,54.9,61.32,56.09,56.22,7177.87,2320.68,2803.54,0.0,0.0
388.71,54.9,61.32,56.08,56.22,7178.18,2320.91,2804.54,0.0,0.0
388.76,54.91,61.3,56.09,56.22,7176.61,2322.76,2803.79,0.0,0.0
388.88,54.84,61.32,56.09,56.23,7180.07,2320.68,2803.79,0.0,0.0
388.97,54.9,61.33,56.09,56.23,7177.87,2319.99,2803.79,0.0,0.0
389.08,54.84,61.33,56.09,56.23,7179.75,2320.22,2803.54,0.0,0.0
389.16,54.9,61.31,56.11,56.23,7177.24,2321.6,2802.05,0.0,0.0
389.24,54.9,61.33,56.1,56.23,7177.24,2320.45,2802.3,0.0,0.0
389.38,54.91,61.32,56.1,56.24,7177.55,2320.91,2802.79,0.0,0.0
389.48,54.87,61.32,56.11,56.24,7178.81,2321.14,2802.05,0.0,0.0
389.55,54.9,61.32,56.11,56.24,7177.87,2320.68,2801.55,0.0,0.0
389.68,54.9,61.31,56.12,56.24,7177.87,2321.83,2800.31,0.0,0.0
389.79,54.88,61.32,56.13,56.24,7178.5,2320.91,2799.56,0.0,0.0
389.83,54.91,61.33,56.12,56.25,7177.55,2320.45,2801.05,0.0,0.0
390.01,54.9,61.34,56.12,56.25,7178.18,2319.3,2800.31,0.0,0.0
390.11,54.84,61.34,56.12,56.25,7179.75,2319.3,2800.8,0.0,0.0
390.19,54.9,61.33,56.13,56.25,7178.18,2319.76,2799.06,0.0,0.0
390.24,54.9,61.33,56.13,56.26,7178.18,2320.45,2799.31,0.0,0.0
390.37,54.93,61.34,56.14,56.26,7175.67,2319.3,2798.81,0.0,0.0
390.49,54.91,61.35,56.14,56.26,7177.55,2318.61,2798.56,0.0,0.0
390.54,54.9,61.35,56.15,56.26,7178.18,2318.38,2797.57,0.0,0.0
390.66,54.91,61.36,56.14,56.26,7176.93,2317.92,2798.07,0.0,0.0
390.74,54.9,61.36,56.15,56.27,7178.18,2317.46,2797.07,0.0,0.0
390.86,54.9,61.34,56.15,56.27,7177.87,2319.07,2797.32,0.0,0.0
390.97,54.91,61.35,56.17,56.27,7176.93,2318.84,2795.08,0.0,0.0
391.1,54.93,61.37,56.16,56.27,7175.98,2316.77,2796.82,0.0,0.0
391.18,54.93,61.38,56.14,56.27,7175.98,2316.31,2798.56,0.0,0.0
391.29,54.91,61.37,56.16,56.27,7177.55,2316.77,2796.33,0.0,0.0
391.38,54.91,61.37,56.16,56.28,7177.55,2317.0,2796.08,0.0,0.0
391.46,54.91,61.38,56.17,56.28,7177.55,2316.31,2795.83,0.0,0.0
391.56,54.91,61.37,56.16,56.28,7176.93,2316.77,2796.57,0.0,0.0
391.66,54.91,61.38,56.18,56.28,7177.55,2316.08,2794.83,0.0,0.0
391.76,54.93,61.39,56.17,56.29,7176.3,2315.39,2795.33,0.0,0.0
391.83,54.93,61.37,56.18,56.29,7175.67,2316.54,2794.09,0.0,0.0
391.96,54.9,61.39,56.18,56.29,7177.87,2315.16,2794.09,0.0,0.0
392.1,54.91,61.38,56.2,56.29,7176.93,2315.62,2792.35,0.0,0.0
392.14,54.93,61.38,56.19,56.29,7176.3,2315.85,2793.34,0.0,0.0
392.27,54.91,61.4,56.2,56.3,7176.93,2314.69,2792.35,0.0,0.0
392.37,54.93,61.39,56.2,56.3,7175.67,2315.39,2792.6,0.0,0.0
392.45,54.93,61.4,56.2,56.3,7176.3,2314.69,2792.84,0.0,0.0
392.57,54.94,61.4,56.21,56.3,7175.36,2314.46,2791.85,0.0,0.0
392.65,54.9,61.39,56.2,56.3,7178.18,2315.16,2792.6,0.0,0.0
392.76,54.96,61.4,56.2,56.31,7174.73,2314.46,2792.35,0.0,0.0
392.88,54.91,61.41,56.21,56.31,7176.61,2313.77,2791.6,0.0,0.0
392.97,54.91,61.41,56.2,56.31,7176.93,2313.77,2792.35,0.0,0.0
393.07,54.93,61.4,56.21,56.31,7176.3,2314.23,2791.6,0.0,0.0
393.19,54.99,61.42,56.22,56.31,7173.79,2312.85,2789.86,0.0,0.0
393.28,54.94,61.42,56.22,56.32,7175.36,2312.39,2790.11,0.0,0.0
393.37,54.91,61.42,56.21,56.32,7176.93,2312.39,2791.35,0.0,0.0
393.46,54.96,61.42,56.21,56.32,7174.73,2312.39,2791.35,0.0,0.0
393.55,54.96,61.43,56.23,56.32,7174.73,2312.16,2789.37,0.0,0.0
393.67,54.91,61.43,56.22,56.32,7176.61,2311.7,2789.86,0.0,0.0
393.79,54.93,61.44,56.24,56.33,7175.98,2311.01,2788.37,0.0,0.0
393.87,54.93,61.42,56.23,56.33,7175.98,2312.62,2789.37,0.0,0.0
394.0,54.98,61.43,56.22,56.33,7174.42,2312.16,2790.11,0.0,0.0
394.05,55.0,61.44,56.23,56.33,7173.16,2311.01,2789.61,0.0,0.0
394.18,54.96,61.42,56.22,56.33,7174.73,2312.62,2789.86,0.0,0.0
394.29,54.99,61.44,56.23,56.34,7174.1,2310.78,2789.12,0.0,0.0
394.34,54.99,61.44,56.25,56.34,7173.79,2310.78,2787.13,0.0,0.0
394.49,54.95,61.46,56.24,56.34,7175.04,2309.63,2788.12,0.0,0.0
394.54,54.94,61.46,56.23,56.34,7175.36,2309.4,2788.87,0.0,0.0
394.66,54.95,61.46,56.25,56.34,7175.04,2309.63,2787.13,0.0,0.0
394.78,54.95,61.48,56.25,56.35,7175.04,2307.56,2787.38,0.0,0.0
394.86,54.93,61.48,56.25,56.35,7175.98,2308.02,2787.38,0.0,0.0
394.98,54.99,61.5,56.24,56.35,7174.1,2306.41,2787.88,0.0,0.0
395.09,54.93,61.5,56.24,56.35,7176.3,2306.41,2788.12,0.0,0.0
395.17,54.95,61.51,56.24,56.35,7175.04,2305.26,2788.12,0.0,0.0
395.29,54.94,61.52,56.26,56.36,7175.36,2304.58,2786.63,0.0,0.0
395.41,54.99,61.51,56.25,56.36,7173.79,2305.26,2787.13,0.0,0.0
395.46,54.99,61.52,56.26,56.36,7173.79,2304.81,2786.39,0.0,0.0
395.61,55.02,61.53,56.25,56.36,7171.59,2303.89,2787.63,0.0,0.0
395.65,54.96,61.51,56.26,56.36,7174.73,2305.04,2786.14,0.0,0.0
395.77,54.96,61.53,56.27,56.37,7174.73,2303.89,2785.14,0.0,0.0
395.87,55.0,61.53,56.27,56.37,7172.85,2304.12,2785.64,0.0,0.0
396.0,54.94,61.53,56.26,56.37,7175.36,2303.43,2786.39,0.0,0.0
396.07,54.94,61.53,56.26,56.37,7175.36,2304.12,2786.63,0.0,0.0
396.19,54.93,61.54,56.27,56.37,7175.98,2302.97,2785.64,0.0,0.0
396.36,54.99,61.55,56.28,56.38,7173.79,2301.82,2784.65,0.0,0.0
396.4,54.93,61.53,56.26,56.38,7175.67,2303.43,2785.89,0.0,0.0
396.51,54.93,61.55,56.29,56.38,7175.67,2301.82,2783.41,0.0,0.0
396.62,54.93,61.57,56.27,56.38,7176.3,2300.44,2784.9,0.0,0.0
396.68,54.93,61.53,56.28,56.39,7175.67,2303.66,2784.4,0.0,0.0
396.83,54.96,61.54,56.27,56.39,7174.73,2302.51,2785.64,0.0,0.0
396.9,54.99,61.53,56.29,56.39,7174.1,2303.66,2783.41,0.0,0.0
396.95,54.99,61.53,56.27,56.39,7173.79,2304.12,2784.9,0.0,0.0
397.13,54.98,61.53,56.27,56.39,7174.42,2303.43,2785.64,0.0,0.0
397.18,54.99,61.53,56.28,56.4,7173.79,2303.89,2784.65,0.0,0.0
397.3,54.99,61.51,56.3,56.4,7174.1,2305.26,2781.92,0.0,0.0
397.36,54.93,61.53,56.3,56.4,7175.67,2303.66,2781.92,0.0,0.0
397.51,55.04,61.53,56.29,56.4,7170.65,2303.89,2783.16,0.0,0.0
397.57,55.0,61.5,56.29,56.41,7173.47,2305.95,2783.65,0.0,0.0
397.71,55.0,61.51,56.3,56.41,7172.85,2305.72,2781.92,0.0,0.0
397.76,55.04,61.5,56.28,56.41,7170.96,2306.41,2783.9,0.0,0.0
397.9,55.01,61.53,56.29,56.41,7172.53,2304.12,2782.66,0.0,0.0
397.95,55.0,61.52,56.28,56.41,7173.47,2304.35,2784.4,0.0,0.0
398.09,54.96,61.52,56.28,56.42,7174.73,2304.58,2783.9,0.0,0.0
398.14,54.94,61.5,56.28,56.42,7175.36,2306.41,2784.4,0.0,0.0
398.28,54.98,61.5,56.26,56.42,7174.42,2305.95,2785.89,0.0,0.0
398.37,55.05,61.52,56.28,56.42,7170.34,2304.81,2784.65,0.0,0.0
398.51,54.99,61.5,56.28,56.43,7173.79,2305.95,2784.15,0.0,0.0
398.56,54.95,61.49,56.3,56.43,7175.04,2307.33,2782.41,0.0,0.0
398.69,55.02,61.5,56.28,56.43,7171.9,2306.41,2784.4,0.0,0.0
398.79,55.0,61.48,56.29,56.43,7172.85,2307.79,2782.91,0.0,0.0
398.88,54.96,61.49,56.29,56.43,7174.73,2306.87,2783.65,0.0,0.0
399.01,54.94,61.47,56.29,56.43,7175.36,2308.71,2783.65,0.0,0.0
399.07,54.96,61.49,56.28,56.44,7174.73,2307.1,2784.15,0.0,0.0
399.21,54.99,61.47,56.28,56.44,7173.79,2308.71,2784.65,0.0,0.0
399.26,55.0,61.46,56.28,56.44,7173.16,2309.63,2784.15,0.0,0.0
399.4,54.96,61.46,56.29,56.44,7174.73,2309.63,2782.66,0.0,0.0
399.49,54.99,61.47,56.29,56.44,7174.1,2308.48,2783.41,0.0,0.0
399.59,54.98,61.46,56.29,56.45,7174.42,2309.4,2782.66,0.0,0.0
399.65,54.96,61.46,56.3,56.45,7174.73,2309.4,2782.41,0.0,0.0
399.75,54.95,61.47,56.28,56.45,7175.04,2308.25,2784.15,0.0,0.0
399.87,55.0,61.47,56.29,56.45,7172.85,2308.48,2782.91,0.0,0.0
400.0,55.0,61.46,56.29,56.45,7172.22,2309.63,2782.91,0.0,0.0
400.14,55.0,61.47,56.29,56.46,7173.16,2308.94,2783.65,0.0,0.0
400.19,54.99,61.46,56.28,56.46,7173.79,2309.63,2783.9,0.0,0.0
400.29,55.01,61.45,56.3,56.46,7172.53,2310.09,2782.17,0.0,0.0
400.38,54.99,61.46,56.29,56.46,7174.1,2309.63,2782.91,0.0,0.0
400.51,55.0,61.47,56.28,56.46,7173.16,2308.94,2783.9,0.0,0.0
400.56,54.93,61.45,56.3,56.46,7175.67,2310.32,2781.92,0.0,0.0
400.73,54.96,61.46,56.28,56.46,7174.73,2309.17,2783.9,0.0,0.0
400.78,55.02,61.46,56.31,56.47,7171.9,2309.4,2781.17,0.0,0.0
400.91,54.98,61.45,56.3,56.47,7174.42,2310.09,2781.92,0.0,0.0
400.96,54.96,61.46,56.29,56.47,7174.73,2309.17,2782.91,0.0,0.0
401.1,54.93,61.45,56.29,56.47,7175.67,2309.86,2782.91,0.0,0.0
401.14,55.0,61.46,56.3,56.47,7172.85,2309.63,2782.41,0.0,0.0
401.28,55.0,61.46,56.3,56.47,7173.47,2309.4,2782.41,0.0,0.0
401.41,54.96,61.47,56.3,56.48,7174.73,2308.94,2782.41,0.0,0.0
401.46,55.0,61.44,56.3,56.48,7173.16,2310.78,2781.92,0.0,0.0
401.59,55.0,61.45,56.3,56.48,7172.85,2309.86,2782.17,0.0,0.0
401.68,55.02,61.47,56.3,56.48,7171.59,2308.71,2782.41,0.0,0.0
401.77,54.99,61.46,56.32,56.48,7174.1,2309.63,2780.43,0.0,0.0
401.87,55.01,61.47,56.31,56.48,7172.53,2308.25,2781.42,0.0,0.0
402.0,55.0,61.46,56.29,56.49,7173.47,2309.4,2782.66,0.0,0.0
402.04,55.02,61.45,56.29,56.49,7171.9,2309.86,2782.66,0.0,0.0
402.16,55.0,61.48,56.31,56.49,7172.85,2307.56,2781.17,0.0,0.0
402.27,54.98,61.47,56.32,56.49,7174.42,2308.48,2780.18,0.0,0.0
402.36,55.0,61.48,56.3,56.49,7172.85,2307.79,2781.67,0.0,0.0
402.5,54.99,61.49,56.3,56.49,7173.79,2307.1,2782.17,0.0,0.0
402.59,55.01,61.48,56.33,56.49,7172.53,2307.56,2779.19,0.0,0.0
402.67,55.0,61.48,56.3,56.5,7172.22,2308.02,2782.17,0.0,0.0
402.79,55.0,61.49,56.32,56.5,7173.16,2306.64,2779.93,0.0,0.0
402.9,54.98,61.5,56.33,56.5,7174.42,2306.18,2779.44,0.0,0.0
402.98,55.02,61.5,56.32,56.5,7171.9,2306.18,2779.68,0.0,0.0
403.1,54.99,61.51,56.32,56.5,7173.79,2305.72,2780.43,0.0,0.0
403.18,55.0,61.49,56.33,56.5,7172.22,2307.33,2779.19,0.0,0.0
403.26,55.01,61.49,56.33,56.5,7172.53,2307.1,2778.94,0.0,0.0
403.41,55.0,61.5,56.34,56.51,7172.22,2305.95,2778.44,0.0,0.0
403.45,55.02,61.49,56.32,56.51,7171.9,2306.87,2779.68,0.0,0.0
403.57,54.99,61.49,56.34,56.51,7173.79,2307.1,2777.7,0.0,0.0
403.68,55.0,61.49,56.33,56.51,7172.85,2306.87,2778.69,0.0,0.0
403.76,55.0,61.5,56.33,56.51,7172.22,2305.95,2778.94,0.0,0.0
403.89,54.98,61.48,56.35,56.51,7174.42,2307.79,2777.45,0.0,0.0
404.02,55.0,61.48,56.33,56.52,7172.22,2307.79,2778.94,0.0,0.0
404.07,55.0,61.5,56.34,56.52,7172.85,2306.41,2778.2,0.0,0.0
404.2,54.99,61.5,56.34,56.52,7173.79,2306.41,2778.44,0.0,0.0
404.28,55.04,61.49,56.34,56.52,7170.65,2306.64,2778.2,0.0,0.0
404.4,54.98,61.49,56.32,56.52,7174.42,2307.1,2779.93,0.0,0.0
404.49,54.99,61.49,56.34,56.52,7173.79,2307.1,2778.2,0.0,0.0
404.58,55.01,61.49,56.35,56.52,7172.53,2306.87,2777.45,0.0,0.0
404.69,54.99,61.51,56.33,56.53,7174.1,2305.72,2778.69,0.0,0.0
404.78,55.0,61.48,56.35,56.53,7172.85,2307.56,2776.71,0.0,0.0
404.9,55.01,61.5,56.33,56.53,7172.53,2306.41,2778.69,0.0,0.0
405.01,55.0,61.49,56.35,56.53,7172.22,2307.33,2777.45,0.0,0.0
405.05,54.94,61.48,56.36,56.53,7175.36,2307.79,2775.96,0.0,0.0
405.2,54.99,61.46,56.36,56.53,7174.1,2309.4,2776.21,0.0,0.0
405.29,55.0,61.49,56.36,56.53,7173.47,2307.33,2775.96,0.0,0.0
405.36,54.96,61.47,56.34,56.54,7174.73,2308.71,2777.95,0.0,0.0
405.47,54.95,61.46,56.36,56.54,7175.04,2309.4,2775.96,0.0,0.0
405.56,54.93,61.48,56.36,56.54,7175.67,2308.02,2776.21,0.0,0.0
405.68,55.0,61.47,56.35,56.54,7173.16,2308.48,2776.96,0.0,0.0
405.79,55.0,61.45,56.35,56.54,7172.22,2309.86,2776.71,0.0,0.0
405.89,55.02,61.47,56.36,56.54,7171.9,2308.94,2775.72,0.0,0.0
405.98,54.99,61.47,56.35,56.54,7174.1,2308.94,2776.96,0.0,0.0
406.1,55.02,61.47,56.36,56.55,7171.59,2308.94,2775.96,0.0,0.0
406.18,55.02,61.46,56.36,56.55,7171.59,2309.4,2775.96,0.0,0.0
406.31,55.02,61.45,56.37,56.55,7171.59,2310.09,2775.47,0.0,0.0
406.42,55.03,61.45,56.37,56.55,7171.28,2310.09,2774.97,0.0,0.0
406.47,55.0,61.46,56.36,56.55,7173.16,2309.17,2775.96,0.0,0.0
406.58,54.98,61.47,56.37,56.55,7174.42,2308.25,2774.48,0.0,0.0
406.66,55.0,61.47,56.36,56.55,7172.85,2308.25,2776.21,0.0,0.0
406.78,55.01,61.48,56.36,56.55,7172.53,2308.02,2776.46,0.0,0.0
406.89,54.95,61.5,56.37,56.56,7175.04,2306.41,2774.73,0.0,0.0
406.97,55.02,61.5,56.37,56.56,7171.59,2305.95,2774.97,0.0,0.0
407.08,55.02,61.5,56.38,56.56,7171.9,2306.18,2774.23,0.0,0.0
407.2,55.0,61.51,56.39,56.56,7172.85,2305.04,2772.99,0.0,0.0
407.28,55.0,61.52,56.39,56.56,7172.22,2304.35,2772.74,0.0,0.0
407.41,55.01,61.52,56.38,56.56,7172.53,2304.58,2774.23,0.0,0.0
407.51,55.02,61.54,56.4,56.56,7171.59,2303.2,2772.25,0.0,0.0
407.55,54.99,61.52,56.4,56.56,7173.79,2304.35,2772.25,0.0,0.0
407.7,55.03,61.53,56.4,56.57,7171.28,2303.89,2771.75,0.0,0.0
407.81,55.0,61.55,56.4,56.57,7172.22,2302.05,2772.0,0.0,0.0
407.89,54.96,61.54,56.41,56.57,7174.73,2302.74,2771.01,0.0,0.0
408.01,54.99,61.56,56.41,56.57,7174.1,2301.13,2770.51,0.0,0.0
408.1,55.05,61.55,56.42,56.57,7170.34,2301.82,2769.52,0.0,0.0
408.17,55.1,61.55,56.41,56.57,7168.45,2301.82,2770.51,0.0,0.0
408.3,55.0,61.58,56.43,56.57,7172.22,2299.75,2768.53,0.0,0.0
408.41,55.05,61.58,56.45,56.57,7170.02,2299.52,2767.29,0.0,0.0
408.45,55.09,61.58,56.45,56.58,7169.08,2299.75,2767.05,0.0,0.0
408.61,55.09,61.57,56.44,56.58,7169.39,2300.44,2768.28,0.0,0.0
408.72,55.09,61.58,56.46,56.58,7169.08,2299.29,2766.06,0.0,0.0
408.79,55.04,61.6,56.46,56.58,7170.65,2298.14,2766.3,0.0,0.0
408.9,55.13,61.59,56.47,56.58,7167.2,2298.6,2765.07,0.0,0.0
409.01,55.05,61.6,56.48,56.58,7170.02,2298.14,2763.33,0.0,0.0
409.09,55.06,61.6,56.49,56.58,7169.71,2297.91,2762.35,0.0,0.0
409.21,55.11,61.61,56.47,56.59,7167.51,2297.23,2764.57,0.0,0.0
409.29,55.16,61.62,56.48,56.59,7165.0,2296.08,2763.58,0.0,0.0
409.4,55.16,61.63,56.51,56.59,7165.63,2295.39,2760.61,0.0,0.0
409.48,55.06,61.64,56.51,56.59,7169.71,2294.7,2760.61,0.0,0.0
409.56,55.13,61.65,56.51,56.59,7167.2,2293.55,2760.61,0.0,0.0
409.69,55.16,61.67,56.52,56.59,7165.63,2292.41,2760.12,0.0,0.0
409.81,55.16,61.67,56.53,56.59,7165.0,2292.41,2759.13,0.0,0.0
409.85,55.09,61.69,56.53,56.6,7169.39,2291.03,2758.64,0.0,0.0
409.95,55.13,61.7,56.54,56.6,7167.2,2290.12,2758.14,0.0,0.0
410.06,55.16,61.7,56.54,56.6,7165.63,2289.89,2757.89,0.0,0.0
410.19,55.15,61.71,56.54,56.6,7165.31,2288.97,2757.89,0.0,0.0
410.31,55.16,61.7,56.53,56.6,7164.37,2290.12,2758.64,0.0,0.0
410.4,55.15,61.73,56.56,56.6,7165.94,2287.59,2755.92,0.0,0.0
410.48,55.17,61.73,56.56,56.61,7164.06,2287.59,2755.92,0.0,0.0
410.56,55.2,61.71,56.57,56.61,7163.12,2289.2,2755.18,0.0,0.0
410.68,55.18,61.73,56.57,56.61,7163.43,2287.14,2754.19,0.0,0.0
410.8,55.2,61.73,56.57,56.61,7163.12,2287.36,2754.19,0.0,0.0
410.88,55.2,61.74,56.59,56.61,7163.12,2286.45,2752.21,0.0,0.0
411.01,55.18,61.75,56.59,56.62,7163.43,2285.99,2752.71,0.0,0.0
411.13,55.16,61.77,56.57,56.62,7164.37,2284.62,2754.68,0.0,0.0
411.18,55.15,61.75,56.58,56.62,7165.94,2285.53,2753.45,0.0,0.0
411.3,55.14,61.76,56.59,56.62,7166.25,2285.3,2752.95,0.0,0.0
411.38,55.14,61.75,56.56,56.62,7166.25,2285.53,2755.42,0.0,0.0
411.51,55.17,61.77,56.57,56.62,7164.06,2284.16,2755.18,0.0,0.0
411.55,55.18,61.77,56.55,56.63,7163.74,2284.62,2756.41,0.0,0.0
411.7,55.22,61.77,56.57,56.63,7162.18,2284.62,2755.18,0.0,0.0
411.82,55.13,61.77,56.55,56.63,7166.57,2284.39,2757.15,0.0,0.0
411.9,55.22,61.78,56.53,56.63,7162.18,2283.24,2758.39,0.0,0.0
411.95,55.16,61.78,56.55,56.63,7165.0,2283.47,2757.15,0.0,0.0
412.12,55.22,61.77,56.54,56.64,7162.49,2283.93,2757.4,0.0,0.0
412.2,55.16,61.78,56.53,56.64,7164.68,2283.7,2758.39,0.0,0.0
412.32,55.2,61.8,56.53,56.64,7162.8,2282.1,2758.64,0.0,0.0
412.37,55.24,61.8,56.55,56.64,7161.86,2282.1,2756.66,0.0,0.0
412.52,55.22,61.78,56.54,56.64,7162.18,2283.24,2758.14,0.0,0.0
412.56,55.18,61.81,56.53,56.65,7163.43,2281.18,2758.64,0.0,0.0
412.69,55.25,61.79,56.55,56.65,7160.92,2283.01,2756.66,0.0,0.0
412.81,55.24,61.79,56.55,56.65,7161.55,2282.33,2756.91,0.0,0.0
412.9,55.24,61.82,56.55,56.65,7161.55,2280.49,2757.15,0.0,0.0
412.98,55.24,61.8,56.54,56.65,7161.86,2281.87,2758.14,0.0,0.0
413.06,55.22,61.81,56.55,56.66,7162.18,2281.41,2756.41,0.0,0.0
413.19,55.2,61.8,56.54,56.66,7163.12,2281.64,2758.14,0.0,0.0
413.31,55.22,61.81,56.56,56.66,7162.49,2280.72,2756.16,0.0,0.0
413.4,55.24,61.81,56.56,56.66,7161.86,2281.41,2755.92,0.0,0.0
413.52,55.18,61.82,56.56,56.66,7163.74,2280.26,2755.42,0.0,0.0
413.56,55.22,61.81,56.58,56.67,7162.49,2281.18,2753.69,0.0,0.0
413.69,55.18,61.8,56.58,56.67,7163.43,2281.87,2753.45,0.0,0.0
413.8,55.24,61.81,56.55,56.67,7161.23,2281.18,2756.41,0.0,0.0
413.88,55.24,61.81,56.58,56.67,7161.55,2280.72,2753.45,0.0,0.0
414.0,55.2,61.79,56.57,56.68,7163.12,2282.55,2754.19,0.0,0.0
414.12,55.24,61.81,56.59,56.68,7161.86,2281.41,2752.95,0.0,0.0
414.16,55.2,61.82,56.57,56.68,7163.12,2280.26,2754.19,0.0,0.0
414.31,55.24,61.83,56.57,56.68,7161.86,2279.35,2754.19,0.0,0.0
414.36,55.24,61.82,56.59,56.68,7161.55,2280.49,2752.21,0.0,0.0
414.49,55.25,61.83,56.59,56.69,7160.92,2279.58,2752.95,0.0,0.0
414.59,55.25,61.84,56.6,56.69,7160.92,2278.43,2751.22,0.0,0.0
414.67,55.24,61.83,56.6,56.69,7161.23,2279.81,2751.22,0.0,0.0
414.79,55.22,61.84,56.59,56.69,7162.18,2278.66,2752.46,0.0,0.0
414.89,55.16,61.84,56.6,56.69,7165.0,2278.21,2751.72,0.0,0.0
415.02,55.22,61.84,56.59,56.69,7162.49,2278.66,2752.46,0.0,0.0
415.09,55.22,61.83,56.61,56.7,7162.49,2279.12,2750.24,0.0,0.0
415.21,55.28,61.84,56.58,56.7,7159.66,2278.21,2753.45,0.0,0.0
415.25,55.22,61.85,56.6,56.7,7162.18,2277.75,2751.22,0.0,0.0
415.41,55.2,61.86,56.62,56.7,7162.8,2276.6,2749.99,0.0,0.0
415.5,55.26,61.84,56.61,56.7,7160.29,2278.43,2750.73,0.0,0.0
415.58,55.24,61.83,56.61,56.71,7161.86,2279.12,2750.48,0.0,0.0
415.69,55.2,61.85,56.64,56.71,7163.12,2277.75,2747.77,0.0,0.0
415.77,55.24,61.86,56.64,56.71,7161.86,2277.06,2747.52,0.0,0.0
415.89,55.24,61.86,56.62,56.71,7161.55,2276.6,2749.99,0.0,0.0
416.0,55.24,61.85,56.62,56.71,7161.86,2277.98,2749.5,0.0,0.0
416.07,55.24,61.86,56.64,56.72,7161.86,2276.6,2748.01,0.0,0.0
416.2,55.24,61.87,56.63,56.72,7161.86,2275.92,2748.26,0.0,0.0
416.31,55.22,61.86,56.61,56.72,7162.18,2276.6,2750.24,0.0,0.0
416.39,55.24,61.86,56.63,56.72,7161.23,2277.06,2749.0,0.0,0.0
416.52,55.28,61.86,56.64,56.72,7159.66,2277.29,2747.52,0.0,0.0
416.56,55.24,61.88,56.64,56.73,7161.23,2275.69,2747.77,0.0,0.0
416.69,55.24,61.88,56.63,56.73,7161.23,2275.0,2748.76,0.0,0.0
416.81,55.26,61.88,56.62,56.73,7160.29,2275.46,2749.25,0.0,0.0
416.89,55.27,61.87,56.64,56.73,7159.98,2275.92,2747.52,0.0,0.0
417.01,55.24,61.87,56.64,56.73,7161.23,2275.92,2747.27,0.0,0.0
417.09,55.27,61.88,56.63,56.74,7159.98,2275.46,2748.76,0.0,0.0
417.17,55.22,61.87,56.64,56.74,7162.49,2275.92,2747.52,0.0,0.0
417.33,55.25,61.88,56.65,56.74,7160.6,2275.46,2746.29,0.0,0.0
417.37,55.24,61.88,56.64,56.74,7161.23,2275.0,2747.52,0.0,0.0
417.49,55.24,61.87,56.65,56.74,7161.23,2276.38,2747.03,0.0,0.0
417.61,55.26,61.87,56.65,56.75,7160.29,2276.38,2747.03,0.0,0.0
417.69,55.24,61.86,56.64,56.75,7161.23,2276.83,2747.27,0.0,0.0
417.81,55.25,61.87,56.65,56.75,7160.92,2275.92,2746.29,0.0,0.0
417.89,55.25,61.88,56.64,56.75,7160.6,2275.23,2748.01,0.0,0.0
417.97,55.24,61.87,56.64,56.75,7161.23,2276.15,2747.77,0.0,0.0
418.09,55.25,61.88,56.66,56.76,7160.92,2275.23,2745.55,0.0,0.0
418.17,55.25,61.88,56.66,56.76,7160.92,2275.46,2745.3,0.0,0.0
418.29,55.25,61.86,56.65,56.76,7160.6,2276.6,2746.29,0.0,0.0
418.44,55.26,61.85,56.67,56.76,7160.29,2277.52,2745.05,0.0,0.0
418.48,55.27,61.88,56.67,56.76,7159.98,2275.46,2744.56,0.0,0.0
418.6,55.26,61.86,56.67,56.77,7160.29,2276.6,2745.05,0.0,0.0
418.72,55.29,61.86,56.66,56.77,7159.35,2277.29,2745.55,0.0,0.0
418.77,55.25,61.86,56.67,56.77,7160.6,2276.6,2744.81,0.0,0.0
418.89,55.29,61.86,56.66,56.77,7159.35,2277.29,2745.79,0.0,0.0
419.01,55.24,61.86,56.66,56.77,7161.55,2276.6,2746.04,0.0,0.0
419.09,55.24,61.86,56.65,56.78,7161.55,2276.83,2747.03,0.0,0.0
419.21,55.24,61.86,56.65,56.78,7161.23,2277.06,2746.29,0.0,0.0
419.29,55.29,61.87,56.66,56.78,7159.04,2276.15,2746.04,0.0,0.0
419.41,55.26,61.85,56.66,56.78,7160.29,2277.98,2745.79,0.0,0.0
419.52,55.22,61.85,56.66,56.78,7162.49,2277.75,2745.79,0.0,0.0
419.57,55.24,61.87,56.66,56.78,7161.55,2276.38,2745.3,0.0,0.0
419.69,55.25,61.86,56.66,56.79,7160.6,2276.83,2745.79,0.0,0.0
419.79,55.24,61.87,56.67,56.79,7161.55,2276.15,2744.56,0.0,0.0
419.89,55.24,61.87,56.67,56.79,7161.23,2276.15,2744.56,0.0,0.0
419.99,55.24,61.86,56.67,56.79,7161.86,2277.06,2745.05,0.0,0.0
420.09,55.24,61.85,56.66,56.79,7161.55,2277.52,2745.55,0.0,0.0
420.21,55.25,61.88,56.66,56.79,7160.92,2275.46,2745.3,0.0,0.0
420.33,55.22,61.88,56.68,56.8,7162.49,2275.69,2744.07,0.0,0.0
420.37,55.22,61.89,56.67,56.8,7162.18,2274.77,2744.56,0.0,0.0
420.49,55.16,61.87,56.69,56.8,7164.68,2275.92,2742.83,0.0,0.0
420.57,55.2,61.9,56.67,56.8,7162.8,2273.86,2744.31,0.0,0.0
420.7,55.25,61.89,56.68,56.8,7160.92,2274.77,2744.07,0.0,0.0
420.81,55.2,61.88,56.68,56.81,7163.12,2275.0,2744.07,0.0,0.0
420.89,55.2,61.89,56.68,56.81,7163.12,2274.55,2743.33,0.0,0.0
421.01,55.17,61.92,56.69,56.81,7164.06,2272.03,2742.59,0.0,0.0
421.13,55.22,61.9,56.69,56.81,7162.18,2273.63,2743.08,0.0,0.0
421.18,55.18,61.9,56.68,56.81,7163.43,2273.63,2743.82,0.0,0.0
421.34,55.16,61.9,56.69,56.81,7164.68,2273.4,2742.34,0.0,0.0
421.38,55.2,61.93,56.71,56.82,7163.12,2271.34,2740.37,0.0,0.0
421.51,55.18,61.92,56.69,56.82,7163.74,2272.03,2743.08,0.0,0.0
421.61,55.18,61.93,56.7,56.82,7163.43,2271.57,2741.11,0.0,0.0
421.69,55.16,61.92,56.72,56.82,7164.68,2272.26,2739.63,0.0,0.0
421.8,55.2,61.94,56.7,56.82,7163.12,2270.66,2741.35,0.0,0.0
421.88,55.16,61.96,56.71,56.82,7165.0,2269.29,2740.61,0.0,0.0
422.0,55.17,61.96,56.72,56.83,7164.06,2268.83,2739.88,0.0,0.0
422.12,55.16,61.95,56.72,56.83,7164.68,2269.97,2739.14,0.0,0.0
422.16,55.18,61.98,56.73,56.83,7163.74,2267.46,2738.89,0.0,0.0
422.32,55.22,61.97,56.72,56.83,7162.49,2268.37,2739.88,0.0,0.0
422.36,55.15,61.98,56.72,56.83,7165.31,2267.69,2739.14,0.0,0.0
422.49,55.18,61.97,56.72,56.83,7163.43,2267.92,2739.38,0.0,0.0
422.59,55.18,61.98,56.74,56.84,7163.74,2267.69,2737.41,0.0,0.0
422.68,55.13,62.0,56.74,56.84,7167.2,2266.09,2737.41,0.0,0.0
422.8,55.24,62.0,56.74,56.84,7161.23,2266.09,2737.16,0.0,0.0
422.92,55.24,62.0,56.75,56.84,7161.86,2266.09,2736.92,0.0,0.0
422.97,55.22,61.99,56.75,56.84,7162.49,2266.78,2736.92,0.0,0.0
423.13,55.17,62.02,56.76,56.85,7164.06,2264.49,2735.69,0.0,0.0
423.17,55.25,62.01,56.76,56.85,7160.92,2264.72,2735.69,0.0,0.0
423.3,55.22,62.02,56.77,56.85,7162.18,2264.26,2734.21,0.0,0.0
423.42,55.2,62.03,56.76,56.85,7163.12,2263.35,2735.19,0.0,0.0
423.49,55.2,62.05,56.77,56.85,7162.8,2261.75,2734.95,0.0,0.0
423.62,55.24,62.05,56.78,56.85,7161.55,2261.75,2733.96,0.0,0.0
423.71,55.22,62.05,56.78,56.86,7162.49,2261.53,2733.72,0.0,0.0
423.79,55.24,62.06,56.77,56.86,7161.23,2260.61,2734.21,0.0,0.0
423.9,55.18,62.07,56.76,56.86,7163.74,2259.93,2735.44,0.0,0.0
423.98,55.22,62.06,56.77,56.86,7162.18,2260.61,2734.7,0.0,0.0
424.11,55.16,62.09,56.77,56.86,7165.0,2258.33,2734.7,0.0,0.0
424.22,55.18,62.08,56.76,56.87,7163.43,2259.47,2735.44,0.0,0.0
424.28,55.22,62.11,56.78,56.87,7162.49,2256.96,2733.96,0.0,0.0
424.42,55.22,62.11,56.78,56.87,7162.18,2256.73,2733.72,0.0,0.0
424.46,55.2,62.1,56.77,56.87,7162.8,2257.65,2734.45,0.0,0.0
424.58,55.2,62.1,56.77,56.87,7162.8,2257.65,2734.45,0.0,0.0
424.7,55.18,62.12,56.77,56.88,7163.43,2255.82,2734.45,0.0,0.0
424.78,55.2,62.1,56.79,56.88,7163.12,2257.42,2732.98,0.0,0.0
424.9,55.18,62.12,56.78,56.88,7163.43,2256.28,2733.47,0.0,0.0
425.02,55.24,62.11,56.78,56.88,7161.86,2256.96,2733.96,0.0,0.0
425.07,55.2,62.12,56.79,56.89,7162.8,2256.28,2732.24,0.0,0.0
425.23,55.29,62.11,56.8,56.89,7159.35,2256.73,2731.25,0.0,0.0
425.27,55.25,62.13,56.78,56.89,7160.92,2255.37,2733.96,0.0,0.0
425.4,55.24,62.14,56.8,56.89,7161.86,2254.91,2731.75,0.0,0.0
425.56,55.24,62.14,56.8,56.89,7161.23,2254.91,2731.5,0.0,0.0
425.58,55.27,62.14,56.79,56.9,7159.98,2254.46,2732.73,0.0,0.0
425.71,55.16,62.13,56.8,56.9,7164.37,2255.14,2731.75,0.0,0.0
425.8,55.22,62.16,56.8,56.9,7162.18,2253.32,2731.25,0.0,0.0
425.88,55.28,62.17,56.81,56.9,7159.66,2252.4,2730.76,0.0,0.0
425.99,55.28,62.15,56.81,56.91,7159.66,2254.0,2730.27,0.0,0.0
426.07,55.24,62.13,56.82,56.91,7161.55,2255.37,2729.78,0.0,0.0
426.2,55.25,62.15,56.81,56.91,7160.6,2253.77,2730.27,0.0,0.0
426.31,55.25,62.13,56.82,56.91,7160.6,2255.14,2729.78,0.0,0.0
426.39,55.24,62.14,56.8,56.91,7161.23,2254.68,2731.5,0.0,0.0
426.52,55.26,62.15,56.81,56.92,7160.29,2254.0,2731.01,0.0,0.0
426.64,55.25,62.15,56.8,56.92,7160.92,2253.77,2731.5,0.0,0.0
426.68,55.28,62.14,56.8,56.92,7159.66,2254.91,2731.75,0.0,0.0
426.8,55.27,62.14,56.81,56.92,7159.98,2254.91,2731.01,0.0,0.0
426.89,55.26,62.14,56.78,56.93,7160.29,2254.91,2733.96,0.0,0.0
427.01,55.26,62.13,56.78,56.93,7160.29,2255.14,2733.96,0.0,0.0
427.13,55.25,62.15,56.79,56.93,7160.6,2254.0,2732.24,0.0,0.0
427.17,55.26,62.14,56.77,56.93,7160.29,2254.91,2734.7,0.0,0.0
427.33,55.25,62.14,56.76,56.94,7160.6,2254.23,2735.93,0.0,0.0
427.37,55.29,62.14,56.77,56.94,7159.04,2254.46,2734.7,0.0,0.0
427.51,55.27,62.15,56.78,56.94,7159.98,2254.0,2733.72,0.0,0.0
427.66,55.29,62.13,56.74,56.94,7159.04,2255.6,2737.16,0.0,0.0
427.7,55.26,62.14,56.75,56.94,7160.29,2254.91,2736.18,0.0,0.0
427.83,55.33,62.13,56.75,56.95,7157.15,2255.37,2736.18,0.0,0.0
427.88,55.31,62.14,56.75,56.95,7157.78,2254.46,2736.18,0.0,0.0
428.0,55.26,62.13,56.75,56.95,7160.29,2255.37,2736.92,0.0,0.0
428.12,55.29,62.13,56.73,56.95,7159.04,2255.37,2738.64,0.0,0.0
428.17,55.25,62.12,56.74,56.95,7160.6,2256.28,2737.41,0.0,0.0
428.34,55.3,62.13,56.73,56.96,7158.41,2255.37,2738.89,0.0,0.0
428.39,55.25,62.12,56.74,56.96,7160.6,2256.51,2737.16,0.0,0.0
428.52,55.28,62.13,56.73,56.96,7159.66,2255.6,2738.89,0.0,0.0
428.64,55.29,62.13,56.73,56.96,7159.04,2255.37,2738.15,0.0,0.0
428.69,55.3,62.12,56.72,56.96,7158.41,2256.05,2739.14,0.0,0.0
428.78,55.25,62.14,56.74,56.97,7160.92,2254.23,2737.9,0.0,0.0
428.88,55.3,62.11,56.76,56.97,7158.41,2256.96,2735.19,0.0,0.0
429.03,55.29,62.15,56.75,56.97,7159.04,2254.0,2736.92,0.0,0.0
429.15,55.26,62.12,56.76,56.97,7160.29,2256.28,2735.44,0.0,0.0
429.19,55.28,62.13,56.75,56.97,7159.66,2255.6,2736.43,0.0,0.0
429.28,55.26,62.13,56.76,56.98,7160.29,2255.37,2735.93,0.0,0.0
429.39,55.29,62.12,56.77,56.98,7159.04,2255.82,2734.21,0.0,0.0
429.51,55.29,62.12,56.79,56.98,7159.04,2256.28,2732.48,0.0,0.0
429.63,55.29,62.13,56.78,56.98,7158.72,2255.37,2733.72,0.0,0.0
429.71,55.26,62.13,56.8,56.98,7160.29,2255.6,2731.99,0.0,0.0
429.84,55.28,62.14,56.79,56.99,7159.66,2254.68,2732.73,0.0,0.0
429.88,55.29,62.13,56.79,56.99,7159.04,2255.6,2732.73,0.0,0.0
430.0,55.3,62.13,56.79,56.99,7158.41,2255.14,2732.98,0.0,0.0
430.11,55.29,62.13,56.79,56.99,7158.72,2255.37,2732.73,0.0,0.0
430.2,55.31,62.12,56.81,56.99,7158.1,2256.51,2730.76,0.0,0.0
430.32,55.28,62.12,56.81,57.0,7159.66,2255.82,2730.76,0.0,0.0
430.4,55.29,62.15,56.8,57.0,7158.72,2253.77,2731.99,0.0,0.0
430.49,55.32,62.14,56.81,57.0,7157.47,2254.46,2731.01,0.0,0.0
430.57,55.28,62.15,56.81,57.0,7159.66,2254.0,2730.52,0.0,0.0
430.73,55.29,62.14,56.81,57.0,7159.04,2254.46,2730.52,0.0,0.0
430.81,55.3,62.15,56.82,57.0,7158.41,2253.77,2729.29,0.0,0.0
430.89,55.31,62.16,56.83,57.01,7158.1,2253.32,2728.05,0.0,0.0
430.98,55.31,62.15,56.82,57.01,7157.78,2254.0,2729.53,0.0,0.0
431.11,55.29,62.14,56.83,57.01,7159.04,2254.46,2728.3,0.0,0.0
431.2,55.29,62.14,56.83,57.01,7158.72,2254.46,2729.04,0.0,0.0
431.34,55.31,62.15,56.83,57.01,7158.1,2254.0,2728.05,0.0,0.0
431.43,55.34,62.16,56.84,57.02,7156.84,2253.09,2727.32,0.0,0.0
431.51,55.29,62.16,56.84,57.02,7158.72,2252.86,2727.32,0.0,0.0
431.64,55.33,62.16,56.84,57.02,7157.15,2252.86,2727.56,0.0,0.0
431.69,55.31,62.16,56.83,57.02,7157.78,2252.86,2728.3,0.0,0.0
431.81,55.33,62.16,56.86,57.02,7157.15,2252.63,2725.59,0.0,0.0
431.89,55.3,62.18,56.86,57.02,7158.41,2251.49,2725.84,0.0,0.0
432.01,55.32,62.17,56.88,57.03,7157.47,2251.95,2723.87,0.0,0.0
432.14,55.29,62.18,56.86,57.03,7158.72,2251.49,2725.59,0.0,0.0
432.18,55.32,62.18,56.85,57.03,7157.47,2251.27,2726.33,0.0,0.0
432.3,55.29,62.19,56.88,57.03,7158.72,2250.58,2723.63,0.0,0.0
432.38,55.31,62.19,56.87,57.03,7157.78,2250.58,2724.12,0.0,0.0
432.51,55.29,62.18,56.89,57.04,7159.04,2251.72,2722.64,0.0,0.0
432.63,55.36,62.18,56.89,57.04,7155.9,2251.04,2722.89,0.0,0.0
432.71,55.31,62.19,56.9,57.04,7158.1,2250.58,2721.91,0.0,0.0
432.83,55.31,62.17,56.89,57.04,7158.1,2252.18,2722.4,0.0,0.0
432.87,55.36,62.19,56.91,57.04,7155.9,2250.35,2720.68,0.0,0.0
433.0,55.34,62.18,56.93,57.04,7156.53,2251.04,2718.71,0.0,0.0
433.12,55.33,62.19,56.9,57.05,7157.15,2250.58,2721.17,0.0,0.0
433.2,55.31,62.19,56.91,57.05,7158.1,2250.35,2720.19,0.0,0.0
433.33,55.32,62.21,56.94,57.05,7157.47,2249.44,2717.73,0.0,0.0
433.38,55.33,62.2,56.94,57.05,7157.15,2249.67,2717.73,0.0,0.0
433.5,55.31,62.2,56.95,57.05,7158.1,2250.13,2716.99,0.0,0.0
433.66,55.32,62.2,56.95,57.06,7157.47,2249.9,2716.5,0.0,0.0
433.67,55.34,62.21,56.96,57.06,7156.53,2248.76,2715.27,0.0,0.0
433.83,55.34,62.19,56.97,57.06,7156.84,2250.81,2714.78,0.0,0.0
433.87,55.32,62.18,56.97,57.06,7157.47,2251.27,2714.29,0.0,0.0
434.0,55.34,62.18,56.97,57.06,7156.84,2251.49,2715.03,0.0,0.0
434.08,55.31,62.2,56.95,57.06,7157.78,2250.13,2716.26,0.0,0.0
434.19,55.31,62.2,56.97,57.07,7157.78,2250.13,2714.29,0.0,0.0
434.31,55.36,62.19,56.97,57.07,7155.9,2250.81,2715.03,0.0,0.0
434.43,55.34,62.2,56.99,57.07,7156.84,2249.9,2712.82,0.0,0.0
434.47,55.34,62.22,56.98,57.07,7156.53,2248.53,2713.56,0.0,0.0
434.62,55.36,62.2,56.99,57.07,7155.27,2249.9,2712.57,0.0,0.0
434.74,55.36,62.19,56.98,57.08,7155.27,2250.81,2713.56,0.0,0.0
434.79,55.33,62.19,57.01,57.08,7157.15,2250.58,2711.1,0.0,0.0
434.91,55.34,62.2,56.99,57.08,7156.53,2249.67,2712.33,0.0,0.0
434.99,55.34,62.18,56.99,57.08,7156.84,2251.04,2712.57,0.0,0.0
435.12,55.36,62.18,56.99,57.08,7155.27,2251.04,2712.33,0.0,0.0
435.24,55.36,62.22,56.99,57.08,7155.27,2248.53,2712.57,0.0,0.0
435.28,55.36,62.21,57.0,57.09,7155.9,2249.44,2711.59,0.0,0.0
435.43,55.31,62.2,57.0,57.09,7158.1,2250.13,2711.84,0.0,0.0
435.48,55.34,62.21,57.01,57.09,7156.84,2248.76,2711.1,0.0,0.0
435.6,55.34,62.2,57.01,57.09,7156.53,2250.13,2710.61,0.0,0.0
435.72,55.34,62.19,57.01,57.09,7156.84,2250.81,2711.1,0.0,0.0
435.79,55.38,62.19,57.02,57.09,7154.33,2250.58,2710.12,0.0,0.0
435.93,55.36,62.21,57.01,57.1,7155.9,2248.99,2710.61,0.0,0.0
435.98,55.36,62.21,57.0,57.1,7155.27,2248.76,2711.35,0.0,0.0
436.1,55.38,62.21,57.01,57.1,7154.33,2249.22,2710.61,0.0,0.0
436.25,55.32,62.23,57.03,57.1,7157.47,2247.85,2709.14,0.0,0.0
436.29,55.34,62.23,57.02,57.1,7156.84,2247.17,2709.38,0.0,0.0
436.42,55.35,62.23,57.02,57.1,7156.21,2247.62,2709.63,0.0,0.0
436.54,55.33,62.24,57.02,57.11,7157.15,2246.94,2709.38,0.0,0.0
436.59,55.36,62.21,57.01,57.11,7155.9,2248.76,2710.37,0.0,0.0
436.71,55.4,62.25,57.03,57.11,7153.7,2246.26,2708.16,0.0,0.0
436.8,55.36,62.23,57.02,57.11,7155.58,2247.39,2709.63,0.0,0.0
436.93,55.38,62.24,57.02,57.11,7154.64,2246.48,2709.38,0.0,0.0
437.04,55.38,62.23,57.04,57.11,7154.96,2247.39,2707.42,0.0,0.0
437.09,55.38,62.24,57.03,57.12,7154.33,2246.94,2708.89,0.0,0.0
437.21,55.38,62.24,57.03,57.12,7154.64,2246.48,2708.89,0.0,0.0
437.29,55.36,62.24,57.03,57.12,7155.58,2246.94,2708.65,0.0,0.0
437.42,55.38,62.28,57.03,57.12,7154.33,2243.75,2708.16,0.0,0.0
437.55,55.4,62.26,57.05,57.12,7153.7,2245.12,2706.93,0.0,0.0
437.6,55.38,62.28,57.05,57.12,7154.64,2243.3,2706.44,0.0,0.0
437.72,55.39,62.27,57.06,57.13,7154.02,2244.66,2705.71,0.0,0.0
437.8,55.39,62.27,57.06,57.13,7154.02,2243.98,2705.22,0.0,0.0
437.92,55.38,62.28,57.07,57.13,7154.33,2243.75,2704.97,0.0,0.0
438.04,55.38,62.29,57.08,57.13,7154.96,2242.84,2703.75,0.0,0.0
438.09,55.38,62.29,57.07,57.13,7154.64,2242.84,2704.48,0.0,0.0
438.17,55.39,62.29,57.07,57.14,7154.02,2242.62,2704.97,0.0,0.0
438.29,55.39,62.3,57.07,57.14,7154.02,2241.93,2704.73,0.0,0.0
438.42,55.39,62.32,57.07,57.14,7154.02,2240.57,2704.97,0.0,0.0
438.54,55.4,62.3,57.08,57.14,7153.7,2242.16,2703.25,0.0,0.0
438.59,55.42,62.32,57.09,57.14,7152.45,2240.11,2703.01,0.0,0.0
438.71,55.41,62.34,57.08,57.14,7153.39,2238.75,2703.75,0.0,0.0
438.85,55.42,62.33,57.1,57.15,7153.07,2239.66,2702.03,0.0,0.0
438.93,55.42,62.33,57.07,57.15,7153.07,2239.66,2704.24,0.0,0.0
439.05,55.38,62.33,57.07,57.15,7154.33,2239.2,2704.24,0.0,0.0
439.1,55.4,62.34,57.09,57.15,7153.7,2238.98,2702.76,0.0,0.0
439.22,55.42,62.34,57.09,57.15,7152.76,2238.98,2702.76,0.0,0.0
439.3,55.49,62.34,57.1,57.15,7150.25,2238.75,2701.78,0.0,0.0
439.43,55.42,62.34,57.1,57.16,7153.07,2238.98,2701.54,0.0,0.0
439.51,55.4,62.34,57.11,57.16,7153.7,2238.98,2701.05,0.0,0.0
439.6,55.41,62.32,57.1,57.16,7153.39,2240.57,2701.54,0.0,0.0
439.69,55.46,62.34,57.1,57.16,7151.19,2238.75,2702.03,0.0,0.0
439.81,55.45,62.35,57.1,57.16,7152.13,2238.29,2701.78,0.0,0.0
439.93,55.46,62.34,57.1,57.17,7151.19,2238.52,2701.29,0.0,0.0
439.98,55.42,62.35,57.09,57.17,7152.45,2237.84,2702.52,0.0,0.0
440.11,55.47,62.35,57.1,57.17,7150.56,2237.61,2701.78,0.0,0.0
440.23,55.42,62.34,57.1,57.17,7153.07,2238.98,2702.03,0.0,0.0
440.32,55.47,62.34,57.11,57.17,7150.88,2238.75,2700.8,0.0,0.0
440.45,55.49,62.33,57.1,57.18,7150.25,2239.43,2702.03,0.0,0.0
440.48,55.42,62.35,57.11,57.18,7152.76,2238.29,2700.8,0.0,0.0
440.61,55.47,62.34,57.1,57.18,7150.56,2238.98,2701.29,0.0,0.0
440.7,55.47,62.34,57.11,57.18,7150.88,2238.98,2700.8,0.0,0.0
440.81,55.52,62.33,57.12,57.18,7149.0,2239.2,2699.83,0.0,0.0
440.92,55.51,62.34,57.13,57.18,7149.62,2238.75,2699.09,0.0,0.0
440.98,55.51,62.35,57.11,57.19,7149.62,2238.29,2700.56,0.0,0.0
441.11,55.52,62.35,57.14,57.19,7149.0,2237.61,2698.11,0.0,0.0
441.23,55.49,62.35,57.15,57.19,7150.25,2237.84,2697.13,0.0,0.0
441.31,55.49,62.34,57.13,57.19,7149.94,2238.98,2698.36,0.0,0.0
441.43,55.49,62.35,57.15,57.19,7150.25,2238.07,2696.4,0.0,0.0
441.47,55.51,62.36,57.15,57.2,7149.62,2236.93,2697.13,0.0,0.0
441.61,55.49,62.33,57.16,57.2,7150.25,2239.89,2696.15,0.0,0.0
441.74,55.53,62.36,57.15,57.2,7148.68,2237.39,2696.89,0.0,0.0
441.79,55.56,62.36,57.15,57.2,7146.49,2237.39,2697.13,0.0,0.0
441.91,55.56,62.37,57.17,57.2,7146.8,2236.48,2695.17,0.0,0.0
442.0,55.53,62.34,57.16,57.2,7148.68,2238.98,2695.42,0.0,0.0
442.12,55.55,62.38,57.17,57.21,7147.11,2236.02,2695.17,0.0,0.0
442.22,55.54,62.36,57.16,57.21,7147.74,2236.93,2695.42,0.0,0.0
442.29,55.56,62.36,57.15,57.21,7146.17,2237.16,2696.4,0.0,0.0
442.41,55.52,62.37,57.17,57.21,7149.0,2236.7,2694.44,0.0,0.0
442.5,55.56,62.38,57.19,57.21,7146.49,2236.02,2693.22,0.0,0.0
442.63,55.58,62.38,57.18,57.22,7145.86,2235.79,2693.46,0.0,0.0
442.74,55.56,62.37,57.19,57.22,7146.49,2236.48,2692.48,0.0,0.0
442.79,55.53,62.38,57.18,57.22,7148.68,2236.02,2693.95,0.0,0.0
442.95,55.55,62.39,57.18,57.22,7147.11,2235.11,2693.7,0.0,0.0
442.99,55.56,62.4,57.18,57.22,7146.49,2234.43,2693.46,0.0,0.0
443.11,55.53,62.37,57.18,57.22,7148.68,2236.48,2693.95,0.0,0.0
443.23,55.56,62.36,57.19,57.23,7146.17,2237.16,2693.22,0.0,0.0
443.31,55.56,62.39,57.2,57.23,7146.17,2234.89,2691.5,0.0,0.0
443.44,55.56,62.42,57.21,57.23,7146.17,2232.61,2690.77,0.0,0.0
443.48,55.61,62.38,57.22,57.23,7144.6,2235.57,2690.04,0.0,0.0
443.61,55.58,62.4,57.21,57.23,7145.86,2234.43,2690.77,0.0,0.0
443.77,55.56,62.42,57.2,57.23,7146.8,2232.84,2691.99,0.0,0.0
443.82,55.56,62.39,57.22,57.24,7146.17,2234.66,2689.79,0.0,0.0
443.94,55.54,62.4,57.23,57.24,7148.05,2234.2,2689.3,0.0,0.0
443.99,55.56,62.44,57.22,57.24,7146.17,2231.25,2689.79,0.0,0.0
444.11,55.61,62.42,57.21,57.24,7144.6,2232.61,2691.26,0.0,0.0
444.19,55.62,62.4,57.23,57.24,7144.29,2233.75,2689.06,0.0,0.0
444.32,55.56,62.4,57.23,57.25,7146.49,2233.75,2688.57,0.0,0.0
444.44,55.56,62.4,57.22,57.25,7146.17,2233.98,2690.28,0.0,0.0
444.48,55.59,62.42,57.22,57.25,7145.23,2232.16,2690.04,0.0,0.0
444.64,55.62,62.41,57.21,57.25,7144.29,2233.52,2691.26,0.0,0.0
444.76,55.56,62.4,57.21,57.25,7146.17,2233.75,2691.01,0.0,0.0
444.81,55.6,62.39,57.22,57.25,7144.92,2234.89,2690.28,0.0,0.0
444.93,55.58,62.41,57.22,57.26,7145.86,2233.52,2690.28,0.0,0.0
445.01,55.58,62.43,57.2,57.26,7145.54,2231.71,2691.5,0.0,0.0
445.14,55.62,62.42,57.21,57.26,7144.29,2232.39,2691.01,0.0,0.0
445.18,55.59,62.42,57.21,57.26,7145.23,2232.61,2690.52,0.0,0.0
445.31,55.56,62.42,57.22,57.26,7146.8,2232.16,2690.04,0.0,0.0
445.4,55.58,62.41,57.22,57.27,7145.54,2233.52,2690.04,0.0,0.0
445.48,55.59,62.44,57.22,57.27,7145.23,2230.57,2689.55,0.0,0.0
445.65,55.62,62.43,57.21,57.27,7144.29,2231.71,2690.77,0.0,0.0
445.69,55.58,62.44,57.2,57.27,7145.54,2231.25,2691.75,0.0,0.0
445.82,55.6,62.44,57.21,57.27,7144.92,2230.8,2690.77,0.0,0.0
445.94,55.54,62.45,57.22,57.27,7148.05,2229.89,2690.04,0.0,0.0
446.01,55.62,62.45,57.23,57.28,7143.98,2230.34,2689.3,0.0,0.0
446.11,55.58,62.46,57.21,57.28,7145.86,2229.21,2690.52,0.0,0.0
446.2,55.56,62.45,57.22,57.28,7146.17,2229.89,2689.55,0.0,0.0
446.33,55.54,62.48,57.22,57.28,7148.05,2227.85,2689.79,0.0,0.0
446.44,55.54,62.47,57.22,57.28,7147.74,2228.76,2689.79,0.0,0.0
446.5,55.53,62.49,57.24,57.28,7148.68,2226.94,2688.08,0.0,0.0
446.66,55.54,62.48,57.23,57.29,7147.74,2227.62,2689.06,0.0,0.0
446.75,55.53,62.48,57.23,57.29,7148.68,2228.07,2688.57,0.0,0.0
446.84,55.54,62.51,57.23,57.29,7147.74,2225.81,2688.57,0.0,0.0
446.88,55.56,62.51,57.23,57.29,7146.8,2225.81,2688.57,0.0,0.0
447.01,55.54,62.49,57.24,57.29,7147.43,2227.17,2688.08,0.0,0.0
447.14,55.53,62.49,57.24,57.3,7148.68,2226.94,2688.32,0.0,0.0
447.19,55.45,62.5,57.25,57.3,7151.5,2226.26,2686.61,0.0,0.0
447.31,55.58,62.5,57.25,57.3,7145.54,2226.49,2687.35,0.0,0.0
447.4,55.53,62.51,57.23,57.3,7148.37,2225.58,2689.3,0.0,0.0
447.53,55.54,62.5,57.25,57.3,7148.05,2226.03,2687.1,0.0,0.0
447.65,55.53,62.5,57.26,57.3,7148.68,2226.26,2685.64,0.0,0.0
447.7,55.58,62.5,57.26,57.31,7145.86,2226.03,2685.64,0.0,0.0
447.85,55.54,62.51,57.24,57.31,7147.74,2225.58,2687.59,0.0,0.0
447.89,55.56,62.5,57.27,57.31,7146.49,2226.03,2685.15,0.0,0.0
448.04,55.47,62.53,57.27,57.31,7150.56,2223.76,2685.39,0.0,0.0
448.15,55.56,62.51,57.27,57.31,7146.8,2225.58,2685.15,0.0,0.0
448.2,55.56,62.53,57.27,57.32,7146.17,2223.54,2684.9,0.0,0.0
448.32,55.53,62.53,57.27,57.32,7148.68,2223.99,2684.9,0.0,0.0
448.4,55.54,62.53,57.27,57.32,7147.74,2224.22,2685.15,0.0,0.0
448.54,55.56,62.54,57.27,57.32,7146.17,2222.86,2685.15,0.0,0.0
448.65,55.52,62.53,57.29,57.32,7149.31,2223.76,2683.44,0.0,0.0
448.7,55.52,62.54,57.26,57.33,7149.31,2222.86,2685.64,0.0,0.0
448.83,55.51,62.56,57.27,57.33,7149.62,2221.5,2684.9,0.0,0.0
448.92,55.54,62.56,57.3,57.33,7147.74,2221.5,2681.73,0.0,0.0
449.04,55.47,62.55,57.28,57.33,7150.56,2221.95,2683.68,0.0,0.0
449.09,55.46,62.57,57.29,57.33,7151.19,2220.36,2682.95,0.0,0.0
449.24,55.52,62.57,57.3,57.34,7149.31,2220.82,2682.46,0.0,0.0
449.32,55.55,62.56,57.28,57.34,7147.11,2221.27,2683.68,0.0,0.0
449.41,55.52,62.59,57.28,57.34,7149.0,2219.0,2684.17,0.0,0.0
449.54,55.49,62.6,57.29,57.34,7149.94,2218.1,2683.44,0.0,0.0
449.58,55.58,62.59,57.31,57.34,7145.86,2219.23,2680.99,0.0,0.0
449.71,55.54,62.58,57.31,57.34,7148.05,2219.91,2681.48,0.0,0.0
449.83,55.53,62.6,57.3,57.35,7148.37,2218.1,2681.97,0.0,0.0
449.91,55.56,62.61,57.29,57.35,7146.8,2217.42,2682.7,0.0,0.0
450.04,55.58,62.6,57.31,57.35,7145.54,2218.1,2680.75,0.0,0.0
450.16,55.54,62.62,57.31,57.35,7148.05,2216.96,2680.75,0.0,0.0
450.21,55.56,62.62,57.31,57.35,7146.49,2216.96,2681.24,0.0,0.0
450.33,55.59,62.64,57.31,57.36,7145.23,2215.61,2680.75,0.0,0.0
450.41,55.56,62.64,57.31,57.36,7146.8,2215.15,2680.99,0.0,0.0
450.54,55.54,62.62,57.31,57.36,7147.74,2216.96,2681.24,0.0,0.0
450.63,55.58,62.61,57.32,57.36,7145.54,2217.42,2680.26,0.0,0.0
450.7,55.55,62.65,57.33,57.36,7147.11,2214.7,2679.53,0.0,0.0
450.81,55.59,62.64,57.32,57.37,7145.23,2215.61,2680.26,0.0,0.0
450.9,55.56,62.63,57.33,57.37,7146.49,2215.83,2679.28,0.0,0.0
451.03,55.56,62.64,57.33,57.37,7146.17,2215.15,2679.04,0.0,0.0
451.11,55.58,62.64,57.34,57.37,7145.54,2214.93,2678.55,0.0,0.0
451.23,55.54,62.64,57.35,57.38,7147.43,2214.93,2677.33,0.0,0.0
451.31,55.62,62.66,57.35,57.38,7144.29,2214.02,2676.84,0.0,0.0
451.39,55.56,62.65,57.35,57.38,7146.49,2214.7,2677.58,0.0,0.0
451.52,55.58,62.66,57.36,57.38,7145.54,2214.02,2676.36,0.0,0.0
451.64,55.54,62.67,57.37,57.38,7147.43,2213.34,2675.62,0.0,0.0
451.74,55.56,62.65,57.37,57.39,7146.17,2214.7,2674.89,0.0,0.0
451.83,55.6,62.67,57.38,57.39,7144.92,2212.66,2674.4,0.0,0.0
451.92,55.62,62.66,57.38,57.39,7144.29,2213.57,2674.65,0.0,0.0
452.04,55.65,62.69,57.38,57.39,7142.72,2211.08,2674.4,0.0,0.0
452.09,55.64,62.67,57.39,57.39,7143.66,2213.12,2673.18,0.0,0.0
452.22,55.65,62.68,57.4,57.4,7142.72,2212.44,2672.45,0.0,0.0
452.34,55.61,62.67,57.42,57.4,7144.6,2213.12,2670.26,0.0,0.0
452.39,55.65,62.68,57.41,57.4,7143.03,2211.98,2671.23,0.0,0.0
452.55,55.65,62.7,57.42,57.4,7143.03,2210.63,2670.26,0.0,0.0
452.68,55.65,62.71,57.43,57.41,7143.03,2210.17,2669.28,0.0,0.0
452.72,55.62,62.71,57.43,57.41,7143.98,2210.17,2669.53,0.0,0.0
452.85,55.59,62.73,57.43,57.41,7145.23,2208.14,2669.77,0.0,0.0
452.93,55.67,62.7,57.45,57.41,7142.09,2210.4,2667.09,0.0,0.0
453.06,55.65,62.7,57.45,57.41,7143.03,2210.63,2667.09,0.0,0.0
453.1,55.65,62.72,57.46,57.42,7142.41,2209.04,2666.6,0.0,0.0
453.22,55.69,62.74,57.45,57.42,7141.15,2207.23,2667.09,0.0,0.0
453.31,55.62,62.76,57.47,57.42,7144.29,2205.65,2665.14,0.0,0.0
453.4,55.67,62.77,57.47,57.42,7142.09,2204.97,2665.14,0.0,0.0
453.51,55.62,62.78,57.47,57.42,7144.29,2204.75,2665.14,0.0,0.0
453.65,55.64,62.78,57.47,57.43,7143.35,2204.07,2665.38,0.0,0.0
453.73,55.67,62.78,57.49,57.43,7141.46,2204.75,2663.92,0.0,0.0
453.84,55.7,62.79,57.48,57.43,7140.52,2203.84,2664.41,0.0,0.0
453.93,55.67,62.81,57.49,57.43,7141.78,2202.26,2663.19,0.0,0.0
454.05,55.64,62.82,57.51,57.44,7143.35,2201.58,2661.25,0.0,0.0
454.1,55.67,62.81,57.5,57.44,7142.09,2202.03,2662.22,0.0,0.0
454.23,55.69,62.78,57.51,57.44,7140.84,2204.29,2661.98,0.0,0.0
454.35,55.69,62.8,57.51,57.44,7140.84,2202.71,2661.98,0.0,0.0
454.41,55.7,62.8,57.53,57.44,7140.52,2202.71,2660.03,0.0,0.0
454.56,55.65,62.81,57.52,57.45,7142.72,2202.48,2661.0,0.0,0.0
454.6,55.69,62.8,57.53,57.45,7140.84,2203.16,2660.03,0.0,0.0
454.72,55.65,62.82,57.53,57.45,7142.72,2201.13,2659.3,0.0,0.0
454.84,55.69,62.8,57.52,57.45,7140.84,2202.94,2660.51,0.0,0.0
454.89,55.67,62.8,57.54,57.46,7141.78,2202.94,2659.05,0.0,0.0
455.05,55.67,62.79,57.53,57.46,7141.46,2203.62,2659.3,0.0,0.0
455.09,55.69,62.81,57.54,57.46,7141.15,2202.48,2658.81,0.0,0.0
455.22,55.67,62.78,57.53,57.46,7141.78,2204.07,2659.3,0.0,0.0
455.33,55.69,62.8,57.53,57.47,7140.21,2202.71,2659.78,0.0,0.0
455.42,55.69,62.78,57.54,57.47,7140.84,2204.52,2658.57,0.0,0.0
455.54,55.69,62.78,57.54,57.47,7140.84,2204.52,2658.57,0.0,0.0
455.59,55.74,62.76,57.55,57.47,7138.96,2206.1,2658.08,0.0,0.0
455.72,55.64,62.78,57.55,57.48,7143.35,2204.29,2657.35,0.0,0.0
455.83,55.72,62.77,57.55,57.48,7139.9,2204.97,2657.84,0.0,0.0
455.9,55.72,62.75,57.56,57.48,7139.58,2206.55,2656.62,0.0,0.0
456.04,55.69,62.76,57.58,57.48,7140.84,2205.65,2654.68,0.0,0.0
456.13,55.69,62.76,57.57,57.49,7140.84,2206.33,2655.89,0.0,0.0
456.21,55.65,62.78,57.58,57.49,7142.41,2204.07,2654.68,0.0,0.0
456.33,55.75,62.79,57.58,57.49,7138.64,2203.84,2655.16,0.0,0.0
456.41,55.65,62.78,57.6,57.49,7142.72,2204.52,2653.22,0.0,0.0
456.53,55.67,62.78,57.59,57.49,7141.46,2204.75,2654.19,0.0,0.0
456.65,55.65,62.78,57.58,57.5,7143.03,2204.52,2654.92,0.0,0.0
456.7,55.72,62.8,57.58,57.5,7139.9,2202.71,2654.68,0.0,0.0
456.83,55.67,62.75,57.59,57.5,7142.09,2207.01,2653.46,0.0,0.0
456.91,55.67,62.78,57.61,57.5,7142.09,2204.75,2652.24,0.0,0.0
457.04,55.65,62.75,57.62,57.51,7142.72,2206.55,2651.27,0.0,0.0
457.13,55.67,62.76,57.61,57.51,7141.46,2205.65,2652.24,0.0,0.0
457.21,55.69,62.76,57.62,57.51,7140.84,2205.65,2651.27,0.0,0.0
457.32,55.65,62.76,57.62,57.51,7142.41,2206.33,2651.27,0.0,0.0
457.4,55.64,62.77,57.61,57.51,7143.66,2204.97,2652.24,0.0,0.0
457.52,55.65,62.76,57.61,57.52,7142.72,2206.33,2652.24,0.0,0.0
457.68,55.67,62.76,57.61,57.52,7142.09,2205.88,2651.76,0.0,0.0
457.72,55.67,62.76,57.61,57.52,7141.78,2205.88,2651.76,0.0,0.0
457.84,55.69,62.77,57.62,57.52,7141.15,2204.97,2650.54,0.0,0.0
457.93,55.67,62.77,57.61,57.52,7141.78,2205.42,2651.76,0.0,0.0
458.01,55.67,62.78,57.63,57.53,7141.78,2204.75,2650.06,0.0,0.0
458.12,55.67,62.78,57.63,57.53,7141.46,2204.29,2650.3,0.0,0.0
458.25,55.64,62.77,57.63,57.53,7143.66,2205.2,2649.81,0.0,0.0
458.33,55.65,62.75,57.61,57.53,7142.72,2206.55,2651.52,0.0,0.0
458.44,55.65,62.77,57.63,57.53,7142.41,2204.97,2650.3,0.0,0.0
458.52,55.65,62.77,57.63,57.54,7142.41,2205.42,2650.3,0.0,0.0
458.65,55.65,62.76,57.61,57.54,7142.41,2205.65,2651.52,0.0,0.0
458.77,55.67,62.78,57.62,57.54,7142.09,2204.75,2651.27,0.0,0.0
458.82,55.64,62.77,57.61,57.54,7143.66,2205.2,2651.52,0.0,0.0
458.9,55.62,62.79,57.64,57.54,7143.98,2203.84,2649.33,0.0,0.0
459.0,55.65,62.76,57.63,57.55,7143.03,2205.65,2650.06,0.0,0.0
459.16,55.67,62.81,57.62,57.55,7142.09,2202.48,2650.79,0.0,0.0
459.21,55.59,62.8,57.63,57.55,7145.23,2202.94,2650.06,0.0,0.0
459.34,55.65,62.77,57.64,57.55,7142.72,2204.97,2649.33,0.0,0.0
459.45,55.65,62.79,57.63,57.55,7142.72,2203.84,2649.57,0.0,0.0
459.53,55.64,62.77,57.64,57.56,7143.66,2205.42,2649.09,0.0,0.0
459.66,55.62,62.79,57.63,57.56,7144.29,2203.84,2650.06,0.0,0.0
459.7,55.67,62.76,57.64,57.56,7141.78,2205.65,2649.09,0.0,0.0
459.87,55.65,62.8,57.64,57.56,7142.72,2202.94,2648.84,0.0,0.0
459.95,55.62,62.78,57.65,57.56,7143.98,2204.29,2647.63,0.0,0.0
460.03,55.61,62.78,57.64,57.56,7144.6,2204.07,2649.33,0.0,0.0
460.16,55.67,62.8,57.65,57.57,7141.46,2202.94,2647.87,0.0,0.0
460.28,55.64,62.76,57.66,57.57,7143.66,2206.33,2647.14,0.0,0.0
460.37,55.65,62.8,57.65,57.57,7142.41,2202.94,2647.63,0.0,0.0
460.46,55.65,62.78,57.65,57.57,7142.41,2204.75,2648.36,0.0,0.0
460.55,55.7,62.76,57.65,57.57,7140.52,2205.65,2648.36,0.0,0.0
460.64,55.69,62.78,57.67,57.58,7141.15,2204.75,2646.17,0.0,0.0
460.72,55.67,62.77,57.65,57.58,7141.78,2204.97,2648.11,0.0,0.0
460.84,55.67,62.76,57.66,57.58,7141.46,2206.33,2646.66,0.0,0.0
460.92,55.69,62.8,57.66,57.58,7140.84,2203.16,2647.38,0.0,0.0
461.05,55.72,62.78,57.66,57.58,7139.58,2204.75,2647.14,0.0,0.0
461.09,55.64,62.78,57.66,57.59,7143.35,2204.29,2647.14,0.0,0.0
461.22,55.64,62.77,57.66,57.59,7143.35,2205.42,2647.14,0.0,0.0
461.37,55.65,62.77,57.68,57.59,7143.03,2205.42,2645.44,0.0,0.0
461.42,55.65,62.77,57.68,57.59,7143.03,2205.42,2644.71,0.0,0.0
461.53,55.65,62.78,57.67,57.59,7142.41,2204.29,2645.93,0.0,0.0
461.65,55.67,62.78,57.67,57.59,7141.46,2204.75,2645.93,0.0,0.0
461.73,55.65,62.78,57.68,57.6,7142.41,2204.52,2644.96,0.0,0.0
461.86,55.65,62.79,57.67,57.6,7142.72,2203.39,2646.17,0.0,0.0
461.91,55.67,62.79,57.68,57.6,7141.78,2203.84,2644.96,0.0,0.0
462.03,55.72,62.79,57.68,57.6,7139.9,2203.84,2645.2,0.0,0.0
462.15,55.69,62.77,57.67,57.6,7140.84,2204.97,2645.68,0.0,0.0
462.23,55.69,62.77,57.68,57.6,7140.84,2205.42,2644.96,0.0,0.0
462.35,55.69,62.78,57.68,57.61,7141.15,2204.07,2645.44,0.0,0.0
462.4,55.67,62.78,57.7,57.61,7141.78,2204.75,2643.5,0.0,0.0
462.52,55.7,62.79,57.69,57.61,7140.52,2203.62,2644.47,0.0,0.0
462.63,55.7,62.79,57.69,57.61,7140.52,2203.39,2643.99,0.0,0.0
462.71,55.65,62.8,57.69,57.61,7142.41,2203.16,2644.47,0.0,0.0
462.84,55.7,62.79,57.7,57.61,7140.52,2203.62,2643.26,0.0,0.0
462.97,55.72,62.77,57.7,57.62,7139.9,2205.2,2643.26,0.0,0.0
463.05,55.7,62.79,57.7,57.62,7140.52,2203.84,2643.5,0.0,0.0
463.17,55.69,62.8,57.7,57.62,7140.21,2202.94,2643.5,0.0,0.0
463.25,55.67,62.78,57.7,57.62,7141.78,2204.75,2643.26,0.0,0.0
463.34,55.67,62.77,57.7,57.62,7141.46,2205.42,2643.26,0.0,0.0
463.45,55.67,62.77,57.71,57.62,7141.46,2205.2,2642.04,0.0,0.0
463.5,55.65,62.76,57.69,57.63,7143.03,2205.65,2643.74,0.0,0.0
463.65,55.67,62.8,57.71,57.63,7141.78,2202.71,2642.53,0.0,0.0
463.7,55.7,62.78,57.74,57.63,7140.52,2204.75,2639.86,0.0,0.0
463.83,55.69,62.78,57.71,57.63,7140.21,2204.29,2642.29,0.0,0.0
463.94,55.69,62.78,57.73,57.63,7140.21,2204.75,2640.59,0.0,0.0
464.02,55.72,62.78,57.72,57.63,7139.58,2204.75,2641.32,0.0,0.0
464.14,55.75,62.79,57.71,57.64,7138.64,2203.62,2642.04,0.0,0.0
464.25,55.69,62.78,57.73,57.64,7141.15,2204.29,2640.59,0.0,0.0
464.3,55.67,62.81,57.74,57.64,7141.78,2202.26,2639.62,0.0,0.0
464.45,55.7,62.81,57.74,57.64,7140.52,2201.81,2639.62,0.0,0.0
464.5,55.67,62.79,57.74,57.64,7141.46,2203.39,2639.86,0.0,0.0
464.64,55.67,62.8,57.75,57.64,7142.09,2202.94,2638.65,0.0,0.0
464.76,55.7,62.79,57.74,57.64,7140.52,2203.84,2639.86,0.0,0.0
464.81,55.67,62.81,57.75,57.65,7141.46,2202.26,2638.65,0.0,0.0
464.93,55.69,62.8,57.75,57.65,7140.21,2202.94,2638.4,0.0,0.0
465.01,55.69,62.8,57.76,57.65,7140.84,2202.94,2637.19,0.0,0.0
465.13,55.67,62.82,57.75,57.65,7141.46,2201.36,2638.16,0.0,0.0
465.26,55.67,62.81,57.77,57.65,7141.78,2201.81,2636.46,0.0,0.0
465.34,55.67,62.8,57.77,57.65,7141.78,2202.71,2636.71,0.0,0.0
465.46,55.67,62.83,57.78,57.66,7141.46,2200.9,2635.74,0.0,0.0
465.51,55.67,62.83,57.78,57.66,7141.46,2200.9,2635.49,0.0,0.0
465.64,55.67,62.83,57.77,57.66,7141.46,2200.23,2636.71,0.0,0.0
465.77,55.67,62.85,57.78,57.66,7141.46,2198.87,2635.25,0.0,0.0
465.82,55.65,62.84,57.8,57.66,7142.72,2199.55,2634.04,0.0,0.0
465.94,55.72,62.85,57.79,57.66,7139.58,2199.1,2634.77,0.0,0.0
466.02,55.69,62.86,57.78,57.66,7140.84,2197.97,2635.25,0.0,0.0
466.15,55.65,62.84,57.79,57.67,7142.41,2200.0,2635.01,0.0,0.0
466.27,55.69,62.86,57.81,57.67,7141.15,2198.19,2633.07,0.0,0.0
466.32,55.69,62.86,57.8,57.67,7141.15,2198.64,2634.04,0.0,0.0
466.44,55.65,62.86,57.8,57.67,7142.41,2198.64,2633.31,0.0,0.0
466.52,55.67,62.88,57.82,57.67,7141.46,2197.06,2632.1,0.0,0.0
466.64,55.69,62.87,57.82,57.67,7140.84,2197.74,2631.86,0.0,0.0
466.77,55.69,62.86,57.81,57.68,7141.15,2198.19,2633.07,0.0,0.0
466.82,55.69,62.88,57.83,57.68,7141.15,2197.06,2630.65,0.0,0.0
466.94,55.69,62.88,57.82,57.68,7141.15,2196.61,2631.62,0.0,0.0
467.02,55.64,62.89,57.82,57.68,7143.35,2195.94,2631.37,0.0,0.0
467.14,55.72,62.88,57.83,57.68,7139.9,2196.39,2631.13,0.0,0.0
467.26,55.69,62.89,57.83,57.68,7140.84,2195.71,2630.41,0.0,0.0
467.31,55.72,62.89,57.86,57.69,7139.58,2196.16,2627.98,0.0,0.0
467.43,55.69,62.91,57.86,57.69,7140.84,2194.58,2627.74,0.0,0.0
467.51,55.7,62.9,57.86,57.69,7140.52,2195.48,2627.74,0.0,0.0
467.68,55.69,62.91,57.86,57.69,7140.21,2194.13,2627.74,0.0,0.0
467.76,55.65,62.91,57.85,57.69,7142.41,2194.36,2628.95,0.0,0.0
467.81,55.67,62.92,57.87,57.69,7141.46,2193.68,2626.77,0.0,0.0
467.93,55.69,62.93,57.87,57.7,7141.15,2192.55,2627.26,0.0,0.0
468.01,55.67,62.92,57.86,57.7,7141.46,2193.45,2627.74,0.0,0.0
468.13,55.69,62.95,57.87,57.7,7140.84,2191.65,2627.26,0.0,0.0
468.25,55.69,62.95,57.88,57.7,7141.15,2191.42,2625.56,0.0,0.0
468.35,55.7,62.96,57.89,57.7,7140.52,2190.29,2624.84,0.0,0.0
468.43,55.69,62.96,57.91,57.7,7140.21,2190.75,2623.14,0.0,0.0
468.52,55.67,62.97,57.9,57.71,7142.09,2190.07,2623.63,0.0,0.0
468.65,55.64,62.98,57.91,57.71,7143.35,2189.39,2622.9,0.0,0.0
468.77,55.69,62.98,57.9,57.71,7141.15,2189.39,2624.35,0.0,0.0
468.82,55.67,62.98,57.93,57.71,7141.78,2188.72,2621.69,0.0,0.0
468.95,55.69,62.98,57.92,57.71,7140.84,2188.94,2621.93,0.0,0.0
469.03,55.69,63.0,57.93,57.71,7140.84,2187.36,2621.69,0.0,0.0
469.15,55.67,63.01,57.93,57.72,7141.46,2186.91,2621.45,0.0,0.0
469.27,55.67,63.01,57.94,57.72,7142.09,2186.69,2620.48,0.0,0.0
469.32,55.69,63.01,57.93,57.72,7140.21,2186.46,2620.96,0.0,0.0
469.44,55.67,63.01,57.93,57.72,7141.78,2186.69,2621.21,0.0,0.0
469.52,55.69,63.03,57.95,57.72,7140.84,2185.11,2619.03,0.0,0.0
469.65,55.69,63.02,57.96,57.73,7140.84,2186.01,2618.79,0.0,0.0
469.77,55.72,63.03,57.95,57.73,7139.27,2185.11,2619.76,0.0,0.0
469.82,55.65,63.03,57.96,57.73,7142.41,2185.11,2618.06,0.0,0.0
469.91,55.69,63.04,57.95,57.73,7140.84,2184.21,2619.03,0.0,0.0
470.02,55.67,63.05,57.96,57.73,7141.46,2183.53,2618.3,0.0,0.0
470.15,55.7,63.05,57.96,57.74,7140.52,2183.31,2618.06,0.0,0.0
470.28,55.69,63.05,57.97,57.74,7140.21,2183.53,2617.82,0.0,0.0
470.32,55.72,63.05,57.98,57.74,7139.9,2183.31,2616.61,0.0,0.0
470.45,55.72,63.05,57.98,57.74,7139.58,2183.98,2616.37,0.0,0.0
470.53,55.69,63.05,57.97,57.74,7140.21,2183.53,2617.34,0.0,0.0
470.65,55.75,63.05,57.98,57.75,7138.33,2183.31,2616.85,0.0,0.0
470.7,55.74,63.05,57.98,57.75,7138.96,2183.31,2616.61,0.0,0.0
470.83,55.7,63.03,57.99,57.75,7140.52,2184.88,2615.4,0.0,0.0
470.95,55.72,63.07,58.0,57.75,7139.27,2182.41,2614.44,0.0,0.0
471.03,55.72,63.04,57.99,57.75,7139.27,2184.21,2615.65,0.0,0.0
471.16,55.72,63.05,57.99,57.76,7139.58,2183.76,2615.89,0.0,0.0
471.2,55.69,63.04,57.98,57.76,7140.21,2184.43,2616.61,0.0,0.0
471.33,55.74,63.03,58.0,57.76,7138.96,2184.88,2614.68,0.0,0.0
471.45,55.75,63.04,57.99,57.76,7138.64,2184.66,2615.16,0.0,0.0
471.54,55.75,63.04,57.99,57.76,7138.33,2184.21,2615.89,0.0,0.0
471.64,55.76,63.04,58.01,57.77,7138.02,2184.43,2613.95,0.0,0.0
471.74,55.76,63.04,57.99,57.77,7137.7,2184.66,2615.4,0.0,0.0
471.89,55.74,63.05,58.01,57.77,7138.96,2183.76,2613.71,0.0,0.0
471.94,55.76,63.04,57.99,57.77,7137.39,2184.21,2615.16,0.0,0.0
472.03,55.76,63.06,58.02,57.78,7138.02,2183.08,2612.51,0.0,0.0
472.13,55.75,63.04,58.03,57.78,7138.33,2184.66,2611.54,0.0,0.0
472.26,55.76,63.05,58.02,57.78,7138.02,2183.76,2612.75,0.0,0.0
472.3,55.8,63.06,58.03,57.78,7136.13,2182.63,2612.02,0.0,0.0
472.44,55.75,63.05,58.03,57.78,7138.33,2183.98,2611.54,0.0,0.0
472.57,55.77,63.05,58.03,57.78,7137.07,2183.98,2611.3,0.0,0.0
472.64,55.77,63.05,58.04,57.79,7137.07,2183.98,2611.06,0.0,0.0
472.74,55.76,63.05,58.03,57.79,7137.39,2183.76,2611.3,0.0,0.0
472.83,55.78,63.05,58.06,57.79,7136.45,2183.53,2609.12,0.0,0.0
472.97,55.8,63.04,58.04,57.79,7136.13,2184.21,2610.57,0.0,0.0
473.01,55.79,63.05,58.04,57.79,7135.19,2183.76,2610.81,0.0,0.0
473.14,55.78,63.03,58.05,57.8,7135.82,2185.56,2609.85,0.0,0.0
473.31,55.77,63.04,58.06,57.8,7137.07,2184.21,2609.12,0.0,0.0
473.32,55.78,63.05,58.05,57.8,7135.82,2183.98,2609.85,0.0,0.0
473.44,55.78,63.04,58.05,57.8,7135.82,2184.21,2610.09,0.0,0.0
473.53,55.78,63.03,58.07,57.8,7135.82,2184.88,2607.68,0.0,0.0
473.65,55.78,63.04,58.06,57.81,7135.82,2184.21,2609.37,0.0,0.0
473.74,55.82,63.03,58.07,57.81,7134.88,2185.34,2608.4,0.0,0.0
473.85,55.82,63.06,58.08,57.81,7134.88,2182.63,2606.95,0.0,0.0
473.95,55.78,63.04,58.08,57.81,7135.82,2184.43,2607.19,0.0,0.0
474.04,55.83,63.05,58.08,57.81,7134.56,2183.76,2606.95,0.0,0.0
474.16,55.77,63.04,58.08,57.81,7137.07,2184.21,2606.71,0.0,0.0
474.25,55.83,63.05,58.09,57.82,7133.94,2183.98,2605.75,0.0,0.0
474.33,55.83,63.04,58.1,57.82,7134.56,2184.43,2604.78,0.0,0.0
474.42,55.78,63.06,58.09,57.82,7136.45,2182.63,2606.47,0.0,0.0
474.56,55.83,63.04,58.1,57.82,7134.25,2184.66,2605.26,0.0,0.0
474.65,55.83,63.05,58.11,57.82,7133.94,2183.31,2604.3,0.0,0.0
474.73,55.81,63.05,58.1,57.83,7135.51,2183.98,2605.26,0.0,0.0
474.85,55.8,63.06,58.11,57.83,7136.13,2183.08,2604.06,0.0,0.0
474.94,55.81,63.05,58.12,57.83,7135.51,2183.98,2603.33,0.0,0.0
475.06,55.79,63.04,58.11,57.83,7135.19,2184.43,2603.82,0.0,0.0
475.15,55.81,63.06,58.12,57.83,7135.51,2182.63,2603.09,0.0,0.0
475.23,55.86,63.05,58.12,57.83,7133.31,2183.31,2603.09,0.0,0.0
475.37,55.86,63.07,58.12,57.84,7132.68,2181.96,2603.57,0.0,0.0
475.45,55.85,63.06,58.13,57.84,7133.62,2183.08,2602.61,0.0,0.0
475.59,55.86,63.07,58.14,57.84,7133.31,2182.18,2601.64,0.0,0.0
475.62,55.86,63.07,58.14,57.84,7133.31,2182.41,2601.4,0.0,0.0
475.75,55.83,63.07,58.14,57.84,7133.94,2182.41,2601.64,0.0,0.0
475.87,55.86,63.07,58.14,57.84,7132.68,2181.96,2601.4,0.0,0.0
475.92,55.85,63.07,58.14,57.85,7133.62,2181.96,2601.64,0.0,0.0
476.04,55.86,63.08,58.15,57.85,7132.68,2181.28,2600.44,0.0,0.0
476.12,55.83,63.09,58.14,57.85,7133.94,2180.38,2600.92,0.0,0.0
476.25,55.83,63.1,58.15,57.85,7134.25,2179.7,2600.68,0.0,0.0
476.36,55.88,63.08,58.14,57.85,7131.43,2181.51,2601.16,0.0,0.0
476.44,55.87,63.1,58.15,57.85,7133.0,2179.7,2600.44,0.0,0.0
476.56,55.87,63.08,58.15,57.86,7133.0,2181.51,2599.96,0.0,0.0
476.68,55.87,63.1,58.16,57.86,7132.37,2179.48,2599.48,0.0,0.0
476.77,55.82,63.09,58.16,57.86,7134.88,2180.38,2599.72,0.0,0.0
476.85,55.87,63.1,58.17,57.86,7132.37,2179.7,2598.51,0.0,0.0
476.91,55.88,63.12,58.18,57.86,7131.74,2178.58,2598.03,0.0,0.0
477.07,55.87,63.1,58.18,57.87,7132.37,2180.15,2597.79,0.0,0.0
477.11,55.86,63.12,58.18,57.87,7133.31,2178.58,2598.03,0.0,0.0
477.24,55.88,63.12,58.19,57.87,7131.74,2178.58,2597.07,0.0,0.0
477.36,55.83,63.11,58.19,57.87,7133.94,2179.25,2597.07,0.0,0.0
477.44,55.86,63.11,58.18,57.87,7132.68,2178.8,2597.55,0.0,0.0
477.56,55.87,63.12,58.19,57.87,7132.05,2178.35,2596.82,0.0,0.0
477.62,55.92,63.14,58.19,57.88,7130.17,2177.0,2596.82,0.0,0.0
477.74,55.86,63.12,58.17,57.88,7132.68,2178.35,2598.75,0.0,0.0
477.86,55.87,63.13,58.19,57.88,7132.05,2177.9,2596.82,0.0,0.0
477.95,55.86,63.13,58.18,57.88,7132.68,2177.23,2598.03,0.0,0.0
478.07,55.88,63.15,58.18,57.88,7131.43,2176.33,2597.55,0.0,0.0
478.11,55.95,63.16,58.19,57.88,7128.6,2175.65,2596.82,0.0,0.0
478.25,55.87,63.16,58.18,57.89,7133.0,2175.65,2597.79,0.0,0.0
478.37,55.82,63.14,58.18,57.89,7134.88,2176.55,2598.03,0.0,0.0
478.42,55.9,63.14,58.18,57.89,7130.8,2176.55,2597.55,0.0,0.0
478.58,55.89,63.16,58.19,57.89,7131.11,2175.65,2596.82,0.0,0.0
478.62,55.92,63.18,58.18,57.89,7129.86,2173.85,2597.55,0.0,0.0
478.75,55.94,63.17,58.18,57.89,7128.92,2174.75,2597.79,0.0,0.0
478.88,55.87,63.18,58.18,57.9,7132.37,2174.08,2597.55,0.0,0.0
478.93,55.92,63.17,58.19,57.9,7129.86,2174.75,2596.58,0.0,0.0
479.04,55.87,63.18,58.17,57.9,7132.37,2174.08,2598.75,0.0,0.0
479.12,55.91,63.18,58.18,57.9,7130.49,2174.08,2597.55,0.0,0.0
479.25,55.89,63.16,58.18,57.9,7131.11,2174.98,2597.31,0.0,0.0
479.38,55.89,63.18,58.17,57.91,7131.11,2173.63,2598.27,0.0,0.0
479.42,55.87,63.2,58.17,57.91,7132.37,2172.51,2598.27,0.0,0.0
479.55,55.86,63.18,58.19,57.91,7132.68,2174.08,2596.82,0.0,0.0
479.63,55.88,63.21,58.19,57.91,7131.74,2171.83,2596.82,0.0,0.0
479.76,55.92,63.21,58.17,57.91,7129.86,2171.38,2598.27,0.0,0.0
479.85,55.92,63.21,58.17,57.92,7129.86,2171.16,2598.27,0.0,0.0
479.93,55.88,63.2,58.17,57.92,7131.43,2172.06,2598.51,0.0,0.0
480.06,55.92,63.21,58.19,57.92,7129.86,2171.16,2597.07,0.0,0.0
480.14,55.93,63.23,58.2,57.92,7129.23,2170.26,2596.1,0.0,0.0
480.22,55.98,63.21,58.18,57.92,7127.66,2171.61,2597.79,0.0,0.0
480.35,55.87,63.24,58.2,57.92,7132.05,2169.36,2596.1,0.0,0.0
480.43,55.91,63.25,58.19,57.93,7130.49,2168.68,2596.58,0.0,0.0
480.55,55.87,63.22,58.17,57.93,7132.37,2170.48,2598.27,0.0,0.0
480.63,55.86,63.23,58.19,57.93,7132.68,2170.03,2596.34,0.0,0.0
480.76,55.93,63.24,58.2,57.93,7129.23,2169.13,2595.62,0.0,0.0
480.87,55.92,63.24,58.21,57.93,7129.55,2169.13,2595.14,0.0,0.0
480.92,55.88,63.26,58.2,57.94,7131.74,2167.78,2595.62,0.0,0.0
481.04,55.86,63.26,58.2,57.94,7132.68,2167.56,2595.62,0.0,0.0
481.13,55.91,63.27,58.2,57.94,7130.49,2166.89,2596.1,0.0,0.0
481.26,55.95,63.28,58.2,57.94,7128.6,2165.99,2596.1,0.0,0.0
481.35,55.91,63.26,58.18,57.94,7130.49,2167.34,2597.55,0.0,0.0
481.43,55.98,63.26,58.2,57.95,7127.66,2167.34,2595.38,0.0,0.0
481.55,55.88,63.27,58.18,57.95,7131.43,2166.66,2597.55,0.0,0.0
481.64,55.95,63.27,58.22,57.95,7128.6,2167.11,2593.93,0.0,0.0
481.76,56.0,63.26,58.21,57.95,7126.72,2167.56,2594.9,0.0,0.0
481.87,55.94,63.27,58.22,57.95,7128.92,2167.11,2594.17,0.0,0.0
481.94,55.92,63.29,58.18,57.96,7129.55,2165.54,2597.31,0.0,0.0
482.07,56.0,63.28,58.22,57.96,7126.72,2166.21,2593.45,0.0,0.0
482.15,55.9,63.26,58.22,57.96,7130.8,2167.34,2593.45,0.0,0.0
482.28,55.92,63.29,58.22,57.96,7129.86,2165.31,2593.45,0.0,0.0
482.32,56.0,63.28,58.21,57.96,7127.04,2165.99,2594.66,0.0,0.0
482.45,55.99,63.29,58.21,57.97,7127.35,2165.31,2595.14,0.0,0.0
482.55,55.98,63.29,58.22,57.97,7127.98,2165.76,2593.45,0.0,0.0
482.63,55.98,63.3,58.21,57.97,7127.66,2164.42,2594.9,0.0,0.0
482.73,55.92,63.3,58.21,57.97,7129.55,2164.64,2594.9,0.0,0.0
482.84,55.88,63.29,58.21,57.97,7131.43,2165.54,2594.42,0.0,0.0
482.97,56.0,63.29,58.21,57.98,7126.41,2165.31,2594.42,0.0,0.0
483.02,55.97,63.28,58.23,57.98,7128.29,2166.21,2592.97,0.0,0.0
483.14,55.98,63.29,58.22,57.98,7127.66,2165.09,2594.17,0.0,0.0
483.26,55.92,63.29,58.23,57.98,7129.86,2165.54,2592.97,0.0,0.0
483.34,55.92,63.3,58.22,57.98,7129.86,2164.86,2593.45,0.0,0.0
483.46,55.98,63.3,58.24,57.99,7127.98,2164.42,2591.53,0.0,0.0
483.58,55.88,63.3,58.24,57.99,7131.74,2164.42,2592.01,0.0,0.0
483.63,55.98,63.33,58.21,57.99,7127.98,2162.39,2594.42,0.0,0.0
483.75,55.95,63.31,58.22,57.99,7128.6,2163.97,2593.45,0.0,0.0
483.83,55.95,63.32,58.24,57.99,7128.6,2163.52,2592.25,0.0,0.0
483.96,55.95,63.31,58.24,58.0,7128.6,2163.74,2592.01,0.0,0.0
484.08,55.93,63.3,58.22,58.0,7129.23,2164.42,2593.69,0.0,0.0
484.12,55.88,63.33,58.23,58.0,7131.43,2162.39,2592.73,0.0,0.0
484.27,55.98,63.32,58.24,58.0,7127.98,2163.52,2591.77,0.0,0.0
484.32,55.91,63.34,58.24,58.0,7130.49,2161.72,2592.01,0.0,0.0
484.44,55.92,63.34,58.23,58.01,7129.55,2161.72,2592.49,0.0,0.0
484.55,56.02,63.35,58.23,58.01,7125.16,2160.82,2592.97,0.0,0.0
484.64,56.0,63.35,58.23,58.01,7127.04,2160.82,2592.73,0.0,0.0
484.76,56.0,63.34,58.23,58.01,7126.41,2161.5,2593.21,0.0,0.0
484.84,55.93,63.35,58.24,58.01,7129.23,2160.6,2591.53,0.0,0.0
484.96,55.99,63.34,58.24,58.02,7127.35,2161.27,2592.01,0.0,0.0
485.06,56.02,63.34,58.24,58.02,7125.16,2161.27,2592.25,0.0,0.0
485.11,56.02,63.36,58.23,58.02,7125.47,2160.15,2592.49,0.0,0.0
485.27,55.95,63.35,58.24,58.02,7128.6,2160.82,2592.01,0.0,0.0
485.31,56.07,63.35,58.23,58.02,7123.27,2160.6,2592.97,0.0,0.0
485.44,56.01,63.35,58.26,58.03,7125.78,2160.6,2590.08,0.0,0.0
485.56,56.0,63.36,58.25,58.03,7126.41,2159.93,2591.04,0.0,0.0
485.65,56.04,63.38,58.26,58.03,7124.84,2158.8,2589.6,0.0,0.0
485.77,56.0,63.35,58.25,58.03,7126.72,2160.82,2591.04,0.0,0.0
485.81,56.05,63.36,58.24,58.03,7124.21,2159.93,2591.77,0.0,0.0
485.95,56.04,63.37,58.25,58.04,7124.84,2159.48,2591.04,0.0,0.0
486.06,56.02,63.38,58.24,58.04,7125.16,2158.58,2592.25,0.0,0.0
486.14,56.02,63.37,58.24,58.04,7125.47,2159.7,2592.01,0.0,0.0
486.27,55.97,63.37,58.25,58.04,7128.29,2159.03,2591.04,0.0,0.0
486.31,56.02,63.4,58.25,58.04,7125.47,2157.46,2591.04,0.0,0.0
486.44,56.0,63.39,58.25,58.05,7126.72,2158.13,2591.29,0.0,0.0
486.57,56.02,63.38,58.24,58.05,7125.16,2158.36,2591.77,0.0,0.0
486.61,55.98,63.4,58.24,58.05,7127.66,2157.46,2591.53,0.0,0.0
486.78,56.04,63.38,58.26,58.05,7124.84,2158.58,2590.08,0.0,0.0
486.82,56.01,63.4,58.25,58.05,7125.78,2157.46,2591.29,0.0,0.0
486.98,56.02,63.41,58.26,58.06,7125.16,2156.34,2590.08,0.0,0.0
487.05,56.02,63.39,58.27,58.06,7125.16,2157.68,2589.12,0.0,0.0
487.13,56.01,63.4,58.26,58.06,7126.1,2157.23,2590.32,0.0,0.0
487.25,56.05,63.4,58.26,58.06,7124.53,2157.23,2590.32,0.0,0.0
487.34,56.01,63.4,58.26,58.06,7126.1,2157.23,2589.6,0.0,0.0
487.46,56.01,63.42,58.27,58.07,7125.78,2155.44,2588.88,0.0,0.0
487.55,56.0,63.42,58.28,58.07,7127.04,2155.44,2588.16,0.0,0.0
487.66,56.0,63.41,58.27,58.07,7126.72,2156.34,2589.12,0.0,0.0
487.79,56.02,63.44,58.28,58.07,7125.16,2154.09,2587.92,0.0,0.0
487.83,56.01,63.43,58.28,58.07,7126.1,2154.99,2588.16,0.0,0.0
487.96,56.01,63.44,58.29,58.08,7125.78,2154.09,2587.19,0.0,0.0
488.07,56.01,63.45,58.26,58.08,7126.1,2153.65,2589.84,0.0,0.0
488.12,55.97,63.43,58.29,58.08,7128.29,2154.99,2586.95,0.0,0.0
488.25,56.01,63.44,58.27,58.08,7126.1,2154.09,2588.88,0.0,0.0
488.33,56.0,63.45,58.3,58.08,7126.72,2153.2,2585.99,0.0,0.0
488.48,56.02,63.45,58.28,58.09,7125.16,2153.42,2587.92,0.0,0.0
488.58,56.01,63.47,58.29,58.09,7125.78,2151.63,2587.19,0.0,0.0
488.63,56.0,63.46,58.29,58.09,7126.72,2152.75,2586.95,0.0,0.0
488.76,55.97,63.44,58.29,58.09,7128.29,2153.87,2587.43,0.0,0.0
488.85,56.0,63.49,58.29,58.09,7126.72,2150.51,2587.19,0.0,0.0
488.97,55.98,63.46,58.28,58.1,7127.98,2152.75,2587.92,0.0,0.0
489.02,56.02,63.46,58.29,58.1,7125.47,2152.53,2587.19,0.0,0.0
489.15,56.02,63.46,58.32,58.1,7125.47,2152.53,2584.79,0.0,0.0
489.27,55.98,63.47,58.29,58.1,7127.66,2151.63,2587.19,0.0,0.0
489.32,55.98,63.48,58.3,58.1,7127.66,2151.41,2586.23,0.0,0.0
489.47,55.94,63.48,58.31,58.11,7128.92,2150.73,2585.27,0.0,0.0
489.57,55.98,63.48,58.31,58.11,7127.66,2151.18,2585.75,0.0,0.0
489.65,55.95,63.52,58.3,58.11,7128.6,2148.27,2586.47,0.0,0.0
489.77,56.0,63.49,58.31,58.11,7127.04,2150.06,2585.75,0.0,0.0
489.86,55.98,63.51,58.29,58.12,7127.98,2148.49,2586.95,0.0,0.0
489.94,55.99,63.5,58.32,58.12,7127.35,2149.39,2584.55,0.0,0.0
490.02,56.01,63.51,58.32,58.12,7126.1,2148.94,2584.07,0.0,0.0
490.15,55.98,63.51,58.3,58.12,7127.66,2148.49,2586.23,0.0,0.0
490.28,55.95,63.51,58.3,58.12,7128.6,2149.17,2585.99,0.0,0.0
490.37,55.99,63.52,58.32,58.13,7127.35,2148.05,2584.31,0.0,0.0
490.45,56.0,63.52,58.31,58.13,7126.41,2148.27,2585.51,0.0,0.0
490.54,55.99,63.51,58.32,58.13,7127.35,2148.72,2584.31,0.0,0.0
490.67,55.98,63.5,58.32,58.13,7127.98,2149.61,2584.79,0.0,0.0
490.72,56.02,63.51,58.32,58.13,7125.47,2148.94,2584.79,0.0,0.0
490.85,55.97,63.5,58.32,58.14,7128.29,2149.39,2584.55,0.0,0.0
490.97,55.98,63.52,58.32,58.14,7127.98,2148.05,2584.79,0.0,0.0
491.06,56.0,63.52,58.33,58.14,7126.72,2148.27,2583.59,0.0,0.0
491.18,56.02,63.52,58.32,58.14,7125.47,2148.05,2584.55,0.0,0.0
491.22,55.98,63.52,58.33,58.15,7127.66,2148.05,2583.59,0.0,0.0
491.35,55.98,63.54,58.31,58.15,7127.98,2146.25,2585.27,0.0,0.0
491.46,56.01,63.52,58.32,58.15,7125.78,2148.27,2584.31,0.0,0.0
491.55,55.95,63.54,58.33,58.15,7128.6,2146.48,2583.11,0.0,0.0
491.68,55.98,63.53,58.33,58.15,7127.66,2147.15,2583.59,0.0,0.0
491.72,55.97,63.57,58.33,58.16,7128.29,2144.69,2583.11,0.0,0.0
491.85,55.98,63.55,58.34,58.16,7127.66,2145.81,2582.38,0.0,0.0
491.94,55.95,63.55,58.34,58.16,7128.6,2145.58,2582.38,0.0,0.0
492.07,55.98,63.54,58.34,58.16,7127.98,2146.25,2582.87,0.0,0.0
492.15,56.04,63.56,58.35,58.16,7124.84,2145.36,2581.42,0.0,0.0
492.24,55.92,63.57,58.33,58.17,7129.55,2144.46,2583.35,0.0,0.0
492.38,55.92,63.55,58.33,58.17,7130.17,2146.03,2583.11,0.0,0.0
492.42,55.99,63.56,58.34,58.17,7127.35,2145.13,2582.87,0.0,0.0
492.56,55.92,63.56,58.34,58.17,7129.55,2145.13,2582.63,0.0,0.0
492.69,56.0,63.58,58.34,58.18,7126.41,2143.34,2582.63,0.0,0.0
492.73,55.95,63.57,58.34,58.18,7128.6,2144.46,2582.63,0.0,0.0
492.86,55.98,63.59,58.34,58.18,7127.66,2142.9,2582.63,0.0,0.0
492.94,55.95,63.58,58.35,58.18,7128.6,2143.34,2581.66,0.0,0.0
493.07,55.94,63.57,58.35,58.18,7128.92,2144.24,2581.42,0.0,0.0
493.16,55.97,63.58,58.34,58.19,7128.29,2143.57,2582.87,0.0,0.0
493.24,55.92,63.57,58.34,58.19,7130.17,2144.46,2582.63,0.0,0.0
493.37,55.92,63.6,58.36,58.19,7129.86,2142.0,2580.7,0.0,0.0
493.45,55.97,63.6,58.35,58.19,7128.29,2142.23,2581.9,0.0,0.0
493.58,55.92,63.61,58.34,58.19,7129.55,2141.11,2582.38,0.0,0.0
493.63,56.0,63.61,58.37,58.2,7126.72,2141.11,2579.98,0.0,0.0
493.77,55.97,63.6,58.34,58.2,7128.29,2142.45,2582.63,0.0,0.0
493.93,55.89,63.6,58.34,58.2,7131.11,2141.78,2582.14,0.0,0.0
493.95,55.98,63.61,58.34,58.2,7127.98,2141.11,2582.87,0.0,0.0
494.04,55.92,63.61,58.34,58.21,7129.55,2141.11,2582.87,0.0,0.0
494.14,55.98,63.62,58.32,58.21,7127.66,2140.66,2584.07,0.0,0.0
494.27,56.01,63.62,58.33,58.21,7126.1,2140.88,2583.59,0.0,0.0
494.39,55.97,63.63,58.33,58.21,7128.29,2139.54,2583.83,0.0,0.0
494.44,55.92,63.61,58.32,58.21,7129.55,2141.55,2584.79,0.0,0.0
494.57,55.98,63.61,58.3,58.22,7127.66,2141.11,2586.23,0.0,0.0
494.63,55.92,63.62,58.3,58.22,7129.86,2140.88,2586.23,0.0,0.0
494.78,55.97,63.61,58.31,58.22,7128.29,2141.33,2585.51,0.0,0.0
494.82,55.98,63.6,58.32,58.22,7127.66,2142.0,2584.79,0.0,0.0
494.95,55.93,63.6,58.31,58.23,7129.23,2142.0,2585.27,0.0,0.0
495.07,55.92,63.6,58.31,58.23,7129.86,2142.45,2585.75,0.0,0.0
495.16,55.92,63.58,58.3,58.23,7129.55,2143.34,2586.23,0.0,0.0
495.29,55.93,63.59,58.31,58.23,7129.23,2142.9,2585.03,0.0,0.0
495.33,55.91,63.59,58.31,58.23,7130.49,2142.9,2585.03,0.0,0.0
495.46,55.91,63.57,58.31,58.24,7130.49,2144.02,2585.51,0.0,0.0
495.59,55.92,63.58,58.31,58.24,7129.86,2143.57,2585.75,0.0,0.0
495.64,55.92,63.6,58.31,58.24,7129.55,2142.0,2585.27,0.0,0.0
495.77,55.99,63.6,58.32,58.24,7127.35,2141.78,2584.79,0.0,0.0
495.82,55.89,63.59,58.31,58.25,7131.11,2142.67,2585.27,0.0,0.0
495.99,55.94,63.58,58.31,58.25,7128.92,2143.79,2585.51,0.0,0.0
496.03,55.89,63.6,58.32,58.25,7131.11,2142.45,2584.55,0.0,0.0
496.16,55.87,63.6,58.32,58.25,7133.0,2142.45,2584.55,0.0,0.0
496.27,55.93,63.58,58.31,58.25,7129.23,2143.34,2585.75,0.0,0.0
496.32,55.97,63.61,58.3,58.26,7128.29,2141.55,2586.47,0.0,0.0
496.49,55.98,63.6,58.32,58.26,7127.98,2142.23,2584.79,0.0,0.0
496.53,55.95,63.6,58.3,58.26,7128.6,2141.78,2586.47,0.0,0.0
496.66,55.98,63.61,58.31,58.26,7127.98,2141.55,2585.27,0.0,0.0
496.77,55.9,63.6,58.31,58.26,7130.8,2142.0,2585.03,0.0,0.0
496.84,55.92,63.61,58.31,58.27,7129.55,2141.33,2585.27,0.0,0.0
496.96,55.92,63.59,58.31,58.27,7129.86,2142.67,2585.75,0.0,0.0
497.05,55.93,63.61,58.31,58.27,7129.23,2141.33,2585.27,0.0,0.0
497.18,55.91,63.61,58.32,58.27,7130.49,2141.55,2584.79,0.0,0.0
497.23,55.95,63.6,58.33,58.27,7128.6,2141.78,2583.59,0.0,0.0
497.36,55.92,63.6,58.31,58.27,7129.55,2142.0,2585.03,0.0,0.0
497.48,55.98,63.61,58.31,58.28,7127.98,2141.55,2585.51,0.0,0.0
497.57,55.94,63.61,58.31,58.28,7128.92,2141.55,2585.27,0.0,0.0
497.69,56.0,63.6,58.29,58.28,7126.72,2141.78,2587.19,0.0,0.0
497.74,55.93,63.62,58.31,58.28,7129.23,2140.66,2585.03,0.0,0.0
497.87,55.92,63.6,58.32,58.28,7130.17,2142.45,2584.55,0.0,0.0
497.97,55.98,63.61,58.31,58.29,7127.66,2141.11,2585.27,0.0,0.0
498.05,55.97,63.61,58.3,58.29,7128.29,2141.55,2586.47,0.0,0.0
498.18,56.0,63.63,58.31,58.29,7127.04,2140.21,2585.51,0.0,0.0
498.27,55.92,63.6,58.31,58.29,7129.55,2141.78,2585.75,0.0,0.0
498.36,56.0,63.62,58.3,58.29,7126.72,2140.66,2585.99,0.0,0.0
498.45,55.95,63.6,58.32,58.3,7128.6,2142.23,2584.79,0.0,0.0
498.59,55.94,63.61,58.32,58.3,7128.92,2141.11,2584.55,0.0,0.0
498.63,56.0,63.61,58.32,58.3,7126.72,2141.11,2584.79,0.0,0.0
498.76,56.0,63.61,58.32,58.3,7126.72,2141.33,2584.07,0.0,0.0
498.89,56.0,63.62,58.32,58.3,7126.72,2140.66,2584.55,0.0,0.0
498.96,56.05,63.61,58.31,58.3,7124.53,2141.33,2585.51,0.0,0.0
499.06,56.02,63.6,58.32,58.31,7125.16,2142.0,2584.55,0.0,0.0
499.15,56.05,63.63,58.32,58.31,7124.21,2139.99,2584.55,0.0,0.0
499.23,55.99,63.61,58.32,58.31,7127.35,2141.11,2584.31,0.0,0.0
499.4,56.04,63.63,58.33,58.31,7124.84,2139.77,2583.83,0.0,0.0
499.49,56.05,63.61,58.33,58.31,7124.21,2141.33,2583.35,0.0,0.0
499.58,56.06,63.62,58.32,58.32,7123.9,2140.66,2584.07,0.0,0.0
499.66,56.07,63.61,58.33,58.32,7123.27,2141.11,2583.83,0.0,0.0
499.75,56.0,63.63,58.34,58.32,7126.41,2139.77,2582.63,0.0,0.0
499.84,56.14,63.62,58.32,58.32,7120.45,2140.44,2584.31,0.0,0.0
499.98,56.02,63.63,58.33,58.32,7125.47,2139.77,2583.35,0.0,0.0
500.07,56.07,63.62,58.34,58.32,7123.59,2140.44,2582.87,0.0,0.0
500.16,56.05,63.61,58.35,58.33,7124.21,2141.55,2581.66,0.0,0.0
500.25,56.04,63.61,58.34,58.33,7124.84,2141.11,2582.63,0.0,0.0
500.34,56.12,63.62,58.36,58.33,7121.08,2140.66,2580.7,0.0,0.0
500.47,56.09,63.62,58.36,58.33,7122.02,2140.88,2580.94,0.0,0.0
500.55,56.07,63.62,58.35,58.33,7123.27,2140.88,2581.18,0.0,0.0
500.65,56.14,63.64,58.37,58.34,7120.14,2139.32,2579.74,0.0,0.0
500.74,56.08,63.63,58.36,58.34,7122.65,2139.99,2580.7,0.0,0.0
500.88,56.07,63.63,58.36,58.34,7122.96,2139.77,2580.22,0.0,0.0
501.0,56.08,63.62,58.38,58.34,7122.65,2140.66,2578.54,0.0,0.0
501.05,56.12,63.64,58.37,58.34,7121.39,2139.32,2579.5,0.0,0.0
501.21,56.09,63.64,58.37,58.34,7122.02,2138.87,2579.74,0.0,0.0
501.26,56.09,63.64,58.39,58.35,7122.02,2139.32,2578.3,0.0,0.0
501.39,56.07,63.64,58.37,58.35,7123.27,2139.32,2579.98,0.0,0.0
501.43,56.09,63.63,58.36,58.35,7122.02,2139.77,2580.22,0.0,0.0
501.57,56.09,63.63,58.4,58.35,7122.02,2139.77,2577.1,0.0,0.0
501.69,56.12,63.65,58.39,58.35,7121.39,2138.65,2578.06,0.0,0.0
501.74,56.1,63.64,58.39,58.35,7121.7,2138.87,2578.3,0.0,0.0
501.88,56.12,63.64,58.39,58.36,7121.39,2138.87,2578.06,0.0,0.0
501.97,56.07,63.64,58.39,58.36,7122.96,2139.32,2578.06,0.0,0.0
502.06,56.09,63.64,58.4,58.36,7122.02,2139.32,2576.62,0.0,0.0
502.15,56.08,63.64,58.4,58.36,7122.33,2138.87,2577.34,0.0,0.0
502.27,56.05,63.66,58.41,58.36,7124.21,2137.98,2576.38,0.0,0.0
502.41,56.12,63.64,58.42,58.36,7121.39,2139.09,2575.42,0.0,0.0
502.46,56.09,63.64,58.41,58.37,7122.02,2139.32,2576.14,0.0,0.0
502.58,56.14,63.64,58.4,58.37,7120.14,2139.09,2576.62,0.0,0.0
502.63,56.08,63.65,58.42,58.37,7122.33,2138.65,2575.42,0.0,0.0
502.77,56.09,63.66,58.42,58.37,7122.02,2137.53,2574.7,0.0,0.0
502.86,56.14,63.64,58.43,58.37,7120.45,2139.09,2574.46,0.0,0.0
502.99,56.18,63.66,58.42,58.37,7119.2,2137.53,2574.7,0.0,0.0
503.03,56.09,63.66,58.43,58.38,7122.02,2137.53,2574.22,0.0,0.0
503.16,56.14,63.65,58.43,58.38,7120.45,2138.2,2574.22,0.0,0.0
503.29,56.12,63.64,58.44,58.38,7121.08,2138.87,2573.02,0.0,0.0
503.34,56.15,63.65,58.44,58.38,7119.83,2138.2,2573.5,0.0,0.0
503.51,56.18,63.63,58.43,58.38,7118.88,2139.54,2574.22,0.0,0.0
503.55,56.12,63.64,58.45,58.38,7120.76,2139.09,2572.54,0.0,0.0
503.68,56.14,63.66,58.44,58.39,7119.51,2137.53,2573.02,0.0,0.0
503.73,56.14,63.66,58.43,58.39,7120.14,2137.31,2573.74,0.0,0.0
503.87,56.12,63.66,58.46,58.39,7120.76,2137.98,2571.1,0.0,0.0
503.97,56.14,63.67,58.45,58.39,7120.14,2136.63,2571.82,0.0,0.0
504.06,56.14,63.66,58.45,58.39,7120.14,2137.53,2572.54,0.0,0.0
504.19,56.14,63.66,58.46,58.39,7120.45,2137.75,2571.58,0.0,0.0
504.23,56.14,63.66,58.45,58.4,7120.14,2137.75,2572.06,0.0,0.0
504.36,56.14,63.67,58.45,58.4,7120.14,2137.08,2571.82,0.0,0.0
504.47,56.14,63.67,58.46,58.4,7120.45,2136.63,2571.1,0.0,0.0
504.56,56.14,63.67,58.47,58.4,7120.45,2136.63,2570.62,0.0,0.0
504.69,56.19,63.67,58.48,58.4,7118.26,2136.86,2569.66,0.0,0.0
504.78,56.14,63.69,58.47,58.4,7120.45,2135.74,2570.38,0.0,0.0
504.86,56.18,63.69,58.45,58.4,7118.57,2135.74,2571.82,0.0,0.0
504.99,56.14,63.68,58.48,58.41,7119.51,2136.41,2569.9,0.0,0.0
505.04,56.18,63.68,58.46,58.41,7118.57,2135.96,2571.34,0.0,0.0
505.16,56.18,63.69,58.47,58.41,7119.2,2135.07,2570.62,0.0,0.0
505.25,56.14,63.7,58.48,58.41,7119.51,2134.62,2569.18,0.0,0.0
505.38,56.18,63.7,58.48,58.41,7118.88,2134.4,2569.9,0.0,0.0
505.47,56.15,63.71,58.48,58.41,7119.83,2133.95,2569.9,0.0,0.0
505.58,56.18,63.71,58.48,58.42,7118.57,2133.73,2569.42,0.0,0.0
505.68,56.12,63.72,58.46,58.42,7120.76,2132.84,2571.58,0.0,0.0
505.73,56.14,63.72,58.48,58.42,7120.14,2133.28,2569.66,0.0,0.0
505.86,56.14,63.75,58.45,58.42,7120.45,2131.27,2571.82,0.0,0.0
505.95,56.18,63.74,58.48,58.42,7118.88,2131.5,2569.42,0.0,0.0
506.08,56.18,63.74,58.48,58.42,7117.94,2131.94,2569.9,0.0,0.0
506.17,56.18,63.75,58.47,58.43,7118.88,2130.6,2570.38,0.0,0.0
506.25,56.14,63.75,58.45,58.43,7119.51,2130.6,2571.82,0.0,0.0
506.41,56.12,63.74,58.47,58.43,7121.08,2131.72,2570.86,0.0,0.0
506.45,56.14,63.76,58.46,58.43,7119.51,2129.93,2571.34,0.0,0.0
506.58,56.18,63.76,58.46,58.43,7119.2,2130.38,2571.1,0.0,0.0
506.71,56.14,63.76,58.45,58.43,7119.51,2130.16,2571.82,0.0,0.0
506.76,56.18,63.74,58.47,58.44,7118.88,2131.5,2570.86,0.0,0.0
506.88,56.14,63.75,58.47,58.44,7119.51,2131.27,2570.14,0.0,0.0
506.95,56.18,63.75,58.46,58.44,7118.88,2130.83,2571.58,0.0,0.0
507.1,56.18,63.73,58.48,58.44,7118.88,2132.39,2569.42,0.0,0.0
507.15,56.18,63.73,58.45,58.44,7118.88,2132.39,2571.82,0.0,0.0
507.29,56.14,63.75,58.47,58.44,7119.51,2131.27,2570.86,0.0,0.0
507.41,56.14,63.72,58.47,58.45,7119.51,2132.84,2570.38,0.0,0.0
507.46,56.19,63.75,58.47,58.45,7118.26,2131.27,2570.14,0.0,0.0
507.57,56.18,63.75,58.46,58.45,7119.2,2131.05,2571.1,0.0,0.0
507.65,56.14,63.73,58.48,58.45,7120.14,2132.17,2569.66,0.0,0.0
507.77,56.18,63.74,58.48,58.45,7118.57,2131.72,2569.42,0.0,0.0
507.89,56.18,63.73,58.47,58.45,7118.57,2132.61,2570.38,0.0,0.0
507.98,56.14,63.74,58.49,58.46,7119.51,2131.5,2568.22,0.0,0.0
508.07,56.14,63.73,58.47,58.46,7120.14,2132.17,2570.38,0.0,0.0
508.16,56.18,63.73,58.47,58.46,7119.2,2132.17,2570.14,0.0,0.0
508.28,56.18,63.74,58.49,58.46,7117.94,2131.94,2568.46,0.0,0.0
508.37,56.18,63.74,58.49,58.46,7118.57,2131.5,2568.22,0.0,0.0
508.46,56.2,63.74,58.5,58.46,7117.32,2131.94,2567.74,0.0,0.0
508.62,56.18,63.73,58.5,58.47,7119.2,2132.39,2567.74,0.0,0.0
508.67,56.18,63.74,58.51,58.47,7119.2,2131.5,2567.02,0.0,0.0
508.8,56.12,63.75,58.51,58.47,7121.08,2130.83,2566.3,0.0,0.0
508.84,56.18,63.73,58.51,58.47,7118.57,2132.17,2566.78,0.0,0.0
508.97,56.18,63.74,58.52,58.47,7118.57,2131.94,2565.82,0.0,0.0
509.09,56.12,63.74,58.55,58.47,7120.76,2131.5,2563.18,0.0,0.0
509.17,56.12,63.73,58.54,58.48,7121.08,2132.61,2563.66,0.0,0.0
509.31,56.12,63.72,58.56,58.48,7121.08,2132.84,2562.23,0.0,0.0
509.35,56.18,63.73,58.55,58.48,7119.2,2132.39,2562.94,0.0,0.0
509.48,56.14,63.73,58.58,58.48,7119.51,2132.61,2560.55,0.0,0.0
509.61,56.18,63.72,58.57,58.48,7118.57,2133.06,2561.51,0.0,0.0
509.66,56.1,63.72,58.57,58.48,7121.7,2133.06,2561.27,0.0,0.0
509.78,56.14,63.71,58.57,58.49,7120.45,2133.95,2560.79,0.0,0.0
509.83,56.18,63.73,58.57,58.49,7118.88,2132.61,2560.79,0.0,0.0
510.01,56.14,63.71,58.57,58.49,7119.51,2134.18,2561.51,0.0,0.0
510.05,56.18,63.72,58.58,58.49,7119.2,2133.51,2560.31,0.0,0.0
510.17,56.18,63.71,58.59,58.49,7118.88,2133.73,2559.11,0.0,0.0
510.27,56.18,63.73,58.58,58.49,7118.88,2132.61,2560.31,0.0,0.0
510.35,56.12,63.73,58.6,58.49,7120.76,2132.61,2558.39,0.0,0.0
510.47,56.18,63.72,58.6,58.5,7119.2,2133.28,2558.63,0.0,0.0
510.56,56.18,63.72,58.6,58.5,7119.2,2133.51,2558.63,0.0,0.0
510.69,56.18,63.73,58.59,58.5,7117.94,2132.17,2559.35,0.0,0.0
510.73,56.18,63.74,58.59,58.5,7118.57,2131.72,2559.35,0.0,0.0
510.86,56.18,63.73,58.6,58.5,7119.2,2132.61,2558.63,0.0,0.0
510.98,56.19,63.73,58.6,58.5,7118.26,2132.61,2557.91,0.0,0.0
511.06,56.2,63.72,58.59,58.5,7117.32,2133.28,2559.35,0.0,0.0
511.2,56.18,63.74,58.6,58.51,7118.88,2131.72,2558.15,0.0,0.0
511.28,56.18,63.72,58.59,58.51,7118.88,2132.84,2559.11,0.0,0.0
511.37,56.19,63.73,58.58,58.51,7118.26,2132.61,2560.07,0.0,0.0
511.49,56.19,63.73,58.59,58.51,7118.26,2132.17,2559.35,0.0,0.0
511.54,56.18,63.71,58.59,58.51,7119.2,2133.73,2559.11,0.0,0.0
511.67,56.18,63.72,58.6,58.51,7118.88,2132.84,2558.15,0.0,0.0
511.76,56.19,63.72,58.6,58.51,7118.26,2133.06,2558.39,0.0,0.0
511.88,56.18,63.72,58.6,58.52,7118.57,2132.84,2558.63,0.0,0.0
511.99,56.18,63.75,58.62,58.52,7118.88,2131.27,2556.72,0.0,0.0
512.06,56.19,63.71,58.6,58.52,7117.63,2133.95,2558.15,0.0,0.0
512.18,56.18,63.71,58.62,58.52,7118.57,2134.18,2556.96,0.0,0.0
512.27,56.18,63.73,58.6,58.52,7118.57,2132.39,2558.15,0.0,0.0
512.4,56.18,63.72,58.6,58.52,7118.88,2132.84,2558.39,0.0,0.0
512.44,56.18,63.71,58.61,58.52,7119.2,2133.73,2557.43,0.0,0.0
512.57,56.19,63.72,58.62,58.52,7118.26,2132.84,2556.72,0.0,0.0
512.7,56.18,63.7,58.62,58.53,7118.57,2134.85,2556.24,0.0,0.0
512.75,56.19,63.72,58.63,58.53,7117.63,2133.06,2555.76,0.0,0.0
512.89,56.19,63.71,58.62,58.53,7117.63,2133.95,2556.24,0.0,0.0
512.99,56.15,63.74,58.63,58.53,7119.83,2131.94,2556.0,0.0,0.0
513.09,56.19,63.71,58.64,58.53,7118.26,2133.73,2554.56,0.0,0.0
513.14,56.14,63.71,58.66,58.53,7120.14,2133.95,2552.89,0.0,0.0
513.34,56.19,63.71,58.64,58.53,7118.26,2134.18,2554.8,0.0,0.0
513.39,56.18,63.72,58.65,58.53,7118.88,2132.84,2553.37,0.0,0.0
513.53,56.18,63.71,58.64,58.54,7119.2,2133.73,2554.8,0.0,0.0
513.58,56.14,63.72,58.65,58.54,7119.51,2133.51,2553.61,0.0,0.0
513.73,56.18,63.73,58.65,58.54,7118.88,2132.39,2553.37,0.0,0.0
513.78,56.19,63.72,58.66,58.54,7118.26,2132.84,2552.65,0.0,0.0
513.87,56.19,63.74,58.66,58.54,7118.26,2131.94,2552.65,0.0,0.0
513.96,56.18,63.73,58.66,58.54,7117.94,2132.61,2552.89,0.0,0.0
514.09,56.18,63.73,58.67,58.54,7118.88,2132.61,2552.17,0.0,0.0
514.22,56.19,63.72,58.68,58.54,7118.26,2132.84,2551.21,0.0,0.0
514.27,56.14,63.72,58.67,58.55,7119.51,2132.84,2551.45,0.0,0.0
514.39,56.15,63.72,58.67,58.55,7119.83,2133.06,2551.93,0.0,0.0
514.48,56.19,63.71,58.69,58.55,7117.63,2133.73,2550.5,0.0,0.0
514.6,56.18,63.72,58.69,58.55,7118.57,2133.51,2550.26,0.0,0.0
514.64,56.19,63.73,58.7,58.55,7118.26,2132.61,2549.06,0.0,0.0
514.76,56.18,63.72,58.7,58.55,7117.94,2133.06,2548.82,0.0,0.0
514.88,56.15,63.72,58.69,58.55,7119.83,2133.51,2550.26,0.0,0.0
514.97,56.18,63.74,58.71,58.55,7118.57,2131.94,2548.34,0.0,0.0
515.09,56.2,63.73,58.7,58.55,7117.32,2132.61,2549.54,0.0,0.0
515.21,56.18,63.7,58.72,58.56,7118.88,2134.4,2547.63,0.0,0.0
515.26,56.18,63.73,58.72,58.56,7118.57,2132.39,2547.39,0.0,0.0
515.38,56.18,63.72,58.71,58.56,7118.57,2133.06,2548.58,0.0,0.0
515.47,56.19,63.72,58.72,58.56,7118.26,2133.51,2547.15,0.0,0.0
515.6,56.18,63.73,58.7,58.56,7119.2,2132.61,2549.3,0.0,0.0
515.64,56.2,63.72,58.73,58.56,7117.32,2133.51,2545.95,0.0,0.0
515.77,56.18,63.72,58.74,58.56,7118.88,2133.06,2545.0,0.0,0.0
515.91,56.18,63.72,58.71,58.56,7119.2,2132.84,2548.58,0.0,0.0
515.96,56.18,63.73,58.73,58.57,7118.88,2132.17,2546.19,0.0,0.0
516.07,56.18,63.72,58.73,58.57,7117.94,2133.28,2546.67,0.0,0.0
516.17,56.22,63.71,58.74,58.57,7116.69,2133.95,2545.71,0.0,0.0
516.3,56.18,63.74,58.73,58.57,7118.57,2131.5,2546.67,0.0,0.0
516.39,56.19,63.7,58.72,58.57,7118.26,2134.4,2547.15,0.0,0.0
516.47,56.19,63.71,58.73,58.57,7118.26,2133.73,2546.19,0.0,0.0
516.6,56.18,63.7,58.72,58.57,7119.2,2134.85,2547.63,0.0,0.0
516.68,56.2,63.72,58.75,58.57,7117.32,2133.28,2544.52,0.0,0.0
516.81,56.2,63.71,58.75,58.57,7117.0,2133.73,2544.76,0.0,0.0
516.86,56.22,63.72,58.75,58.57,7116.69,2133.28,2544.28,0.0,0.0
516.99,56.19,63.73,58.76,58.58,7117.63,2132.61,2544.04,0.0,0.0
517.11,56.18,63.75,58.75,58.58,7117.94,2131.05,2544.76,0.0,0.0
517.16,56.14,63.72,58.77,58.58,7119.51,2133.51,2543.09,0.0,0.0
517.29,56.18,63.72,58.76,58.58,7117.94,2133.06,2543.8,0.0,0.0
517.39,56.2,63.73,58.74,58.58,7117.32,2132.39,2545.0,0.0,0.0
517.48,56.19,63.7,58.76,58.58,7118.26,2134.4,2543.32,0.0,0.0
517.62,56.22,63.71,58.74,58.58,7116.69,2134.18,2545.0,0.0,0.0
517.69,56.2,63.73,58.75,58.58,7117.32,2132.17,2544.76,0.0,0.0
517.8,56.2,63.74,58.75,58.58,7117.32,2131.5,2544.52,0.0,0.0
517.88,56.2,63.71,58.75,58.58,7117.0,2133.73,2544.52,0.0,0.0
518.0,56.19,63.72,58.74,58.59,7117.63,2132.84,2545.0,0.0,0.0
518.08,56.22,63.73,58.75,58.59,7116.69,2132.61,2544.28,0.0,0.0
518.15,56.22,63.73,58.74,58.59,7116.69,2132.61,2545.24,0.0,0.0
518.31,56.2,63.73,58.74,58.59,7117.0,2132.17,2545.0,0.0,0.0
518.36,56.22,63.73,58.74,58.59,7116.37,2132.17,2545.0,0.0,0.0
518.48,56.22,63.73,58.74,58.59,7116.37,2132.17,2545.71,0.0,0.0
518.56,56.2,63.73,58.73,58.59,7117.32,2132.39,2545.95,0.0,0.0
518.69,56.23,63.75,58.74,58.59,7116.06,2130.6,2545.24,0.0,0.0
518.81,56.22,63.72,58.73,58.59,7116.69,2133.06,2546.43,0.0,0.0
518.86,56.19,63.72,58.72,58.6,7118.26,2133.06,2547.15,0.0,0.0
518.98,56.22,63.72,58.74,58.6,7116.69,2133.51,2545.48,0.0,0.0
519.07,56.22,63.74,58.71,58.6,7116.69,2131.94,2547.87,0.0,0.0
519.19,56.22,63.75,58.71,58.6,7116.69,2131.27,2547.87,0.0,0.0
519.24,56.22,63.74,58.71,58.6,7116.37,2131.5,2548.58,0.0,0.0
519.37,56.22,63.73,58.7,58.6,7116.69,2132.17,2549.3,0.0,0.0
519.54,56.22,63.74,58.7,58.6,7116.37,2131.94,2549.3,0.0,0.0
519.59,56.23,63.74,58.68,58.6,7115.75,2131.94,2551.21,0.0,0.0
519.67,56.19,63.75,58.67,58.6,7117.63,2131.05,2551.69,0.0,0.0
519.76,56.2,63.75,58.66,58.6,7117.0,2130.6,2552.89,0.0,0.0
519.89,56.19,63.75,58.66,58.6,7118.26,2130.6,2552.41,0.0,0.0
520.02,56.19,63.75,58.65,58.61,7117.63,2130.83,2554.08,0.0,0.0
520.07,56.2,63.77,58.65,58.61,7117.0,2129.26,2553.61,0.0,0.0
520.2,56.2,63.75,58.65,58.61,7117.0,2131.05,2553.37,0.0,0.0
520.27,56.23,63.75,58.64,58.61,7116.06,2130.83,2554.56,0.0,0.0
520.38,56.2,63.75,58.63,58.61,7117.0,2130.6,2555.28,0.0,0.0
520.47,56.19,63.75,58.64,58.61,7117.63,2130.83,2554.32,0.0,0.0
520.59,56.18,63.77,58.65,58.61,7117.94,2129.71,2553.61,0.0,0.0
520.69,56.22,63.77,58.65,58.61,7116.69,2129.71,2553.84,0.0,0.0
520.76,56.2,63.78,58.64,58.61,7117.32,2129.04,2554.32,0.0,0.0
520.89,56.23,63.78,58.66,58.61,7116.06,2129.04,2552.89,0.0,0.0
520.98,56.19,63.78,58.65,58.62,7117.63,2128.82,2553.84,0.0,0.0
521.1,56.2,63.78,58.66,58.62,7117.0,2128.37,2552.65,0.0,0.0
521.18,56.22,63.77,58.65,58.62,7116.69,2129.26,2553.84,0.0,0.0
521.27,56.2,63.78,58.65,58.62,7117.32,2129.04,2553.84,0.0,0.0
521.36,56.22,63.78,58.65,58.62,7116.37,2128.82,2553.37,0.0,0.0
521.46,56.2,63.79,58.66,58.62,7117.0,2127.7,2552.41,0.0,0.0
521.59,56.23,63.8,58.66,58.62,7116.06,2127.03,2552.65,0.0,0.0
521.68,56.23,63.8,58.65,58.62,7115.75,2127.03,2553.84,0.0,0.0
521.76,56.24,63.82,58.66,58.62,7115.12,2125.92,2552.89,0.0,0.0
521.88,56.23,63.82,58.68,58.62,7116.06,2125.47,2550.97,0.0,0.0
521.98,56.2,63.81,58.66,58.63,7117.0,2126.81,2552.41,0.0,0.0
522.08,56.19,63.83,58.67,58.63,7117.63,2124.8,2552.17,0.0,0.0
522.18,56.2,63.82,58.64,58.63,7117.0,2125.47,2554.32,0.0,0.0
522.28,56.22,63.82,58.66,58.63,7116.37,2125.47,2552.89,0.0,0.0
522.38,56.22,63.82,58.65,58.63,7116.37,2125.92,2554.08,0.0,0.0
522.51,56.2,63.82,58.66,58.63,7117.32,2125.69,2552.89,0.0,0.0
522.6,56.2,63.84,58.67,58.63,7117.0,2124.13,2551.69,0.0,0.0
522.69,56.27,63.81,58.68,58.63,7114.49,2126.14,2551.21,0.0,0.0
522.79,56.23,63.83,58.67,58.63,7115.43,2125.25,2552.17,0.0,0.0
522.88,56.22,63.84,58.67,58.64,7116.69,2124.35,2552.17,0.0,0.0
523.01,56.23,63.83,58.67,58.64,7116.06,2125.25,2551.45,0.0,0.0
523.07,56.22,63.82,58.69,58.64,7116.37,2125.47,2550.26,0.0,0.0
523.2,56.2,63.81,58.66,58.64,7117.0,2126.58,2552.41,0.0,0.0
523.28,56.19,63.82,58.67,58.64,7117.63,2125.47,2551.45,0.0,0.0
523.37,56.23,63.84,58.69,58.64,7115.43,2124.35,2550.5,0.0,0.0
523.47,56.22,63.83,58.69,58.64,7116.69,2125.02,2550.5,0.0,0.0
523.55,56.2,63.82,58.67,58.64,7117.32,2125.92,2551.93,0.0,0.0
523.69,56.2,63.8,58.68,58.65,7117.0,2127.03,2551.21,0.0,0.0
523.8,56.22,63.82,58.69,58.65,7116.69,2125.69,2550.26,0.0,0.0
523.89,56.22,63.83,58.68,58.65,7116.37,2124.8,2550.97,0.0,0.0
524.03,56.2,63.81,58.7,58.65,7117.32,2126.14,2548.82,0.0,0.0
524.09,56.19,63.82,58.69,58.65,7117.63,2125.47,2549.78,0.0,0.0
524.17,56.23,63.81,58.7,58.65,7116.06,2126.14,2549.3,0.0,0.0
524.27,56.23,63.83,58.69,58.65,7116.06,2125.02,2549.78,0.0,0.0
524.39,56.19,63.84,58.71,58.65,7117.63,2124.58,2548.1,0.0,0.0
524.49,56.2,63.83,58.7,58.65,7117.0,2125.02,2548.82,0.0,0.0
524.58,56.18,63.81,58.69,58.66,7117.94,2126.14,2549.78,0.0,0.0
524.71,56.23,63.82,58.7,58.66,7115.75,2125.69,2549.3,0.0,0.0
524.8,56.18,63.84,58.7,58.66,7117.94,2124.35,2549.3,0.0,0.0
524.88,56.22,63.82,58.7,58.66,7116.37,2125.69,2549.3,0.0,0.0
524.97,56.2,63.83,58.7,58.66,7117.32,2125.25,2549.06,0.0,0.0
525.09,56.23,63.82,58.69,58.66,7115.75,2125.92,2550.26,0.0,0.0
525.19,56.2,63.84,58.72,58.66,7117.32,2123.91,2547.39,0.0,0.0
525.27,56.2,63.81,58.69,58.66,7117.32,2126.81,2550.02,0.0,0.0
525.39,56.22,63.82,58.69,58.66,7116.69,2125.69,2550.5,0.0,0.0
525.48,56.23,63.82,58.7,58.67,7116.06,2125.47,2549.54,0.0,0.0
525.61,56.23,63.81,58.69,58.67,7115.43,2126.81,2550.26,0.0,0.0
525.66,56.23,63.82,58.69,58.67,7115.43,2125.92,2549.78,0.0,0.0
525.81,56.27,63.81,58.66,58.67,7114.81,2126.58,2552.65,0.0,0.0
525.89,56.2,63.81,58.68,58.67,7117.0,2126.36,2550.97,0.0,0.0
525.98,56.23,63.79,58.67,58.67,7115.43,2128.15,2551.45,0.0,0.0
526.11,56.23,63.81,58.66,58.67,7116.06,2126.36,2552.65,0.0,0.0
526.2,56.23,63.81,58.66,58.67,7115.43,2126.36,2552.41,0.0,0.0
526.27,56.23,63.8,58.66,58.67,7115.75,2127.25,2552.89,0.0,0.0
526.4,56.22,63.81,58.65,58.67,7116.69,2126.36,2554.08,0.0,0.0
526.5,56.23,63.81,58.66,58.68,7115.75,2126.81,2552.65,0.0,0.0
526.55,56.2,63.82,58.66,58.68,7117.0,2125.92,2553.13,0.0,0.0
526.71,56.24,63.81,58.66,58.68,7115.12,2126.14,2552.89,0.0,0.0
526.81,56.22,63.82,58.64,58.68,7116.69,2125.92,2554.8,0.0,0.0
526.9,56.23,63.82,58.65,58.68,7115.43,2125.69,2553.84,0.0,0.0
526.98,56.23,63.83,58.66,58.68,7115.43,2125.25,2553.13,0.0,0.0
527.07,56.23,63.82,58.64,58.68,7116.06,2125.92,2554.56,0.0,0.0
527.21,56.23,63.82,58.64,58.68,7116.06,2125.69,2554.8,0.0,0.0
527.28,56.2,63.86,58.64,58.68,7117.0,2123.02,2554.32,0.0,0.0
527.39,56.22,63.82,58.65,58.68,7116.69,2125.69,2553.84,0.0,0.0
527.48,56.23,63.84,58.64,58.68,7115.43,2124.13,2554.32,0.0,0.0
527.57,56.22,63.83,58.64,58.69,7116.69,2124.8,2554.8,0.0,0.0
527.7,56.23,63.84,58.64,58.69,7116.06,2124.58,2554.56,0.0,0.0
527.79,56.23,63.85,58.65,58.69,7116.06,2123.68,2553.84,0.0,0.0
527.91,56.23,63.86,58.66,58.69,7115.43,2122.57,2552.89,0.0,0.0
528.0,56.23,63.85,58.64,58.69,7116.06,2123.68,2554.56,0.0,0.0
528.1,56.23,63.85,58.65,58.69,7116.06,2123.68,2553.37,0.0,0.0
528.22,56.23,63.85,58.65,58.69,7116.06,2123.24,2553.61,0.0,0.0
528.27,56.23,63.85,58.68,58.69,7116.06,2123.46,2551.21,0.0,0.0
528.4,56.24,63.84,58.66,58.69,7115.12,2124.35,2552.41,0.0,0.0
528.45,56.22,63.85,58.66,58.69,7116.37,2123.46,2552.89,0.0,0.0
528.62,56.2,63.85,58.66,58.7,7117.0,2123.46,2552.41,0.0,0.0
528.71,56.27,63.85,58.67,58.7,7114.49,2123.68,2551.45,0.0,0.0
528.8,56.23,63.85,58.69,58.7,7116.06,2123.24,2550.02,0.0,0.0
528.89,56.27,63.84,58.7,58.7,7114.81,2123.91,2548.82,0.0,0.0
528.98,56.23,63.84,58.7,58.7,7115.43,2123.91,2548.82,0.0,0.0
529.07,56.27,63.87,58.68,58.7,7114.81,2122.35,2550.73,0.0,0.0
529.16,56.23,63.86,58.7,58.7,7115.43,2122.57,2549.3,0.0,0.0
529.28,56.27,63.83,58.71,58.7,7114.49,2124.8,2548.34,0.0,0.0
529.37,56.23,63.87,58.71,58.7,7115.75,2122.12,2547.87,0.0,0.0
529.5,56.24,63.85,58.72,58.7,7115.12,2123.68,2547.39,0.0,0.0
529.59,56.29,63.84,58.72,58.71,7113.55,2123.91,2547.63,0.0,0.0
529.68,56.27,63.84,58.76,58.71,7114.18,2124.13,2543.8,0.0,0.0
529.81,56.22,63.86,58.74,58.71,7116.37,2122.57,2545.71,0.0,0.0
529.87,56.27,63.85,58.74,58.71,7114.49,2123.46,2545.48,0.0,0.0
529.99,56.27,63.85,58.74,58.71,7114.49,2123.24,2545.0,0.0,0.0
530.09,56.27,63.86,58.74,58.71,7114.81,2122.57,2545.0,0.0,0.0
530.18,56.27,63.89,58.75,58.71,7114.49,2120.56,2544.76,0.0,0.0
530.27,56.24,63.88,58.74,58.71,7115.12,2121.45,2545.48,0.0,0.0
530.41,56.32,63.88,58.76,58.71,7112.3,2121.68,2544.04,0.0,0.0
530.45,56.23,63.85,58.76,58.71,7115.43,2123.46,2543.32,0.0,0.0
530.59,56.29,63.87,58.78,58.72,7113.55,2122.35,2541.89,0.0,0.0
530.7,56.27,63.88,58.76,58.72,7114.81,2121.68,2543.56,0.0,0.0
530.77,56.29,63.86,58.77,58.72,7113.55,2122.57,2542.61,0.0,0.0
530.91,56.31,63.88,58.77,58.72,7112.93,2121.23,2542.37,0.0,0.0
531.0,56.27,63.86,58.78,58.72,7113.87,2122.79,2541.89,0.0,0.0
531.08,56.27,63.87,58.77,58.72,7114.49,2122.35,2542.85,0.0,0.0
531.18,56.31,63.87,58.78,58.72,7112.61,2121.9,2541.65,0.0,0.0
531.3,56.27,63.88,58.76,58.72,7114.81,2121.45,2543.32,0.0,0.0
531.38,56.31,63.88,58.77,58.72,7113.24,2121.45,2543.09,0.0,0.0
531.46,56.23,63.88,58.76,58.72,7115.75,2121.01,2543.8,0.0,0.0
531.65,56.27,63.92,58.78,58.72,7113.87,2118.56,2542.13,0.0,0.0
531.67,56.31,63.88,58.77,58.73,7113.24,2121.01,2542.37,0.0,0.0
531.79,56.27,63.91,58.79,58.73,7114.81,2119.23,2540.94,0.0,0.0
531.88,56.27,63.89,58.78,58.73,7113.87,2120.56,2541.41,0.0,0.0
532.01,56.27,63.9,58.77,58.73,7114.81,2120.12,2542.61,0.0,0.0
532.06,56.32,63.89,58.77,58.73,7111.99,2120.34,2542.85,0.0,0.0
532.19,56.31,63.88,58.78,58.73,7112.61,2121.01,2541.41,0.0,0.0
532.33,56.32,63.88,58.77,58.73,7111.99,2121.23,2543.09,0.0,0.0
532.38,56.33,63.91,58.77,58.73,7111.67,2119.23,2542.37,0.0,0.0
532.49,56.32,63.92,58.77,58.73,7111.99,2118.56,2542.37,0.0,0.0
532.6,56.29,63.89,58.77,58.73,7113.55,2120.56,2542.85,0.0,0.0
532.69,56.29,63.89,58.78,58.74,7113.55,2120.34,2541.89,0.0,0.0
532.78,56.32,63.88,58.78,58.74,7111.99,2121.68,2541.89,0.0,0.0
532.91,56.33,63.91,58.78,58.74,7111.67,2118.78,2541.41,0.0,0.0
532.97,56.33,63.9,58.79,58.74,7111.67,2119.89,2540.46,0.0,0.0
533.13,56.37,63.91,58.79,58.74,7109.79,2119.45,2541.18,0.0,0.0
533.18,56.31,63.87,58.78,58.74,7112.61,2121.9,2541.65,0.0,0.0
533.31,56.31,63.88,58.78,58.74,7112.93,2121.45,2541.89,0.0,0.0
533.44,56.32,63.9,58.78,58.74,7111.99,2119.89,2541.89,0.0,0.0
533.48,56.36,63.9,58.79,58.74,7110.1,2119.89,2540.94,0.0,0.0
533.61,56.32,63.9,58.78,58.74,7111.99,2119.89,2541.41,0.0,0.0
533.7,56.32,63.9,58.8,58.75,7111.99,2120.12,2540.22,0.0,0.0
533.79,56.35,63.89,58.79,58.75,7110.73,2120.34,2540.7,0.0,0.0
533.88,56.31,63.91,58.8,58.75,7113.24,2118.78,2539.98,0.0,0.0
534.01,56.33,63.9,58.81,58.75,7111.67,2119.89,2539.03,0.0,0.0
534.05,56.39,63.91,58.79,58.75,7108.85,2118.78,2540.46,0.0,0.0
534.19,56.31,63.9,58.79,58.75,7112.93,2119.67,2540.46,0.0,0.0
534.31,56.31,63.91,58.79,58.75,7112.61,2119.45,2540.46,0.0,0.0
534.4,56.35,63.9,58.81,58.75,7110.42,2119.89,2538.79,0.0,0.0
534.53,56.35,63.93,58.8,58.75,7110.42,2117.89,2539.98,0.0,0.0
534.57,56.32,63.91,58.81,58.75,7112.3,2119.0,2539.27,0.0,0.0
534.71,56.24,63.92,58.81,58.76,7115.12,2118.11,2539.03,0.0,0.0
534.76,56.35,63.94,58.81,58.76,7110.73,2117.0,2539.03,0.0,0.0
534.89,56.35,63.92,58.81,58.76,7110.73,2118.11,2539.03,0.0,0.0
535.02,56.32,63.91,58.81,58.76,7111.99,2119.45,2539.27,0.0,0.0
535.07,56.33,63.92,58.81,58.76,7111.67,2118.11,2539.03,0.0,0.0
535.2,56.31,63.93,58.82,58.76,7112.93,2117.44,2538.55,0.0,0.0
535.29,56.32,63.94,58.81,58.76,7111.99,2117.0,2539.27,0.0,0.0
535.42,56.32,63.95,58.8,58.76,7112.3,2116.11,2540.22,0.0,0.0
535.47,56.32,63.94,58.81,58.76,7111.99,2117.22,2539.27,0.0,0.0
535.61,56.34,63.92,58.81,58.76,7111.04,2118.33,2539.27,0.0,0.0
535.66,56.35,63.94,58.8,58.77,7110.73,2116.77,2540.22,0.0,0.0
535.8,56.32,63.95,58.82,58.77,7111.99,2116.33,2538.55,0.0,0.0
535.93,56.32,63.96,58.81,58.77,7111.99,2115.66,2539.03,0.0,0.0
535.98,56.32,63.97,58.82,58.77,7112.3,2114.99,2537.83,0.0,0.0
536.11,56.32,63.94,58.82,58.77,7112.3,2116.55,2538.07,0.0,0.0
536.2,56.31,63.95,58.82,58.77,7112.61,2116.33,2538.55,0.0,0.0
536.29,56.29,63.97,58.81,58.77,7113.55,2114.55,2538.79,0.0,0.0
536.39,56.32,63.95,58.81,58.77,7111.99,2115.88,2538.79,0.0,0.0
536.52,56.33,63.96,58.81,58.77,7111.36,2115.66,2538.79,0.0,0.0
536.61,56.34,63.96,58.82,58.77,7111.04,2115.66,2538.07,0.0,0.0
536.7,56.31,63.95,58.8,58.78,7113.24,2116.11,2539.74,0.0,0.0
536.83,56.32,63.96,58.81,58.78,7112.3,2115.44,2539.03,0.0,0.0
536.88,56.27,63.94,58.82,58.78,7113.87,2116.77,2538.55,0.0,0.0
537.01,56.32,63.94,58.81,58.78,7112.3,2117.22,2539.03,0.0,0.0
537.1,56.31,63.95,58.81,58.78,7112.61,2116.33,2539.03,0.0,0.0
537.23,56.35,63.95,58.79,58.78,7110.73,2116.11,2540.46,0.0,0.0
537.28,56.32,63.97,58.8,58.78,7112.3,2114.99,2539.74,0.0,0.0
537.41,56.31,63.95,58.8,58.78,7113.24,2116.33,2539.5,0.0,0.0
537.46,56.31,63.97,58.8,58.78,7112.61,2114.99,2539.98,0.0,0.0
537.6,56.31,63.97,58.83,58.78,7112.93,2114.99,2537.59,0.0,0.0
537.72,56.29,63.98,58.81,58.79,7113.55,2114.1,2538.79,0.0,0.0
537.77,56.32,63.98,58.8,58.79,7112.3,2113.66,2539.98,0.0,0.0
537.86,56.29,64.0,58.8,58.79,7113.55,2112.32,2539.98,0.0,0.0
537.99,56.29,63.97,58.79,58.79,7113.55,2114.32,2540.46,0.0,0.0
538.09,56.27,63.99,58.79,58.79,7113.87,2113.21,2540.94,0.0,0.0
538.18,56.31,64.0,58.79,58.79,7112.93,2112.54,2540.46,0.0,0.0
538.31,56.23,63.98,58.8,58.79,7115.43,2114.1,2539.98,0.0,0.0
538.4,56.27,64.0,58.8,58.79,7113.87,2112.32,2540.22,0.0,0.0
538.49,56.31,63.99,58.8,58.79,7112.93,2113.43,2539.74,0.0,0.0
538.62,56.24,63.99,58.79,58.79,7115.12,2113.21,2540.7,0.0,0.0
538.67,56.23,64.01,58.79,58.8,7116.06,2112.1,2540.46,0.0,0.0
538.81,56.27,64.01,58.8,58.8,7114.81,2112.1,2539.5,0.0,0.0
538.86,56.31,64.0,58.8,58.8,7112.61,2112.32,2539.5,0.0,0.0
539.04,56.27,64.01,58.82,58.8,7114.81,2111.88,2537.83,0.0,0.0
539.08,56.27,64.01,58.81,58.8,7114.49,2111.88,2538.79,0.0,0.0
539.22,56.24,64.01,58.83,58.8,7115.12,2112.1,2537.59,0.0,0.0
539.27,56.24,64.0,58.82,58.8,7115.12,2112.77,2537.83,0.0,0.0
539.44,56.31,64.01,58.82,58.8,7113.24,2111.88,2538.07,0.0,0.0
539.55,56.27,64.01,58.82,58.8,7114.18,2112.1,2538.07,0.0,0.0
539.6,56.24,64.0,58.83,58.81,7115.12,2112.77,2537.12,0.0,0.0
539.69,56.24,64.0,58.84,58.81,7115.12,2112.54,2536.4,0.0,0.0
539.83,56.27,63.99,58.84,58.81,7114.18,2113.21,2536.4,0.0,0.0
539.87,56.27,63.98,58.86,58.81,7113.87,2114.1,2534.73,0.0,0.0
540.01,56.23,63.99,58.85,58.81,7115.75,2112.99,2535.45,0.0,0.0
540.06,56.24,63.99,58.87,58.81,7115.12,2113.43,2533.3,0.0,0.0
540.2,56.27,63.99,58.87,58.81,7114.49,2113.43,2533.78,0.0,0.0
540.33,56.27,64.0,58.88,58.81,7114.49,2112.77,2532.82,0.0,0.0
540.39,56.23,63.99,58.88,58.82,7115.43,2113.43,2532.35,0.0,0.0
540.51,56.23,63.97,58.88,58.82,7115.43,2114.55,2532.82,0.0,0.0
540.56,56.23,64.0,58.89,58.82,7116.06,2112.77,2532.11,0.0,0.0
540.69,56.24,63.98,58.86,58.82,7115.12,2114.1,2534.02,0.0,0.0
540.78,56.24,63.98,58.87,58.82,7115.12,2113.88,2533.54,0.0,0.0
540.91,56.29,63.99,58.88,58.82,7113.55,2112.99,2532.82,0.0,0.0
541.01,56.23,64.0,58.91,58.82,7116.06,2112.54,2530.2,0.0,0.0
541.1,56.27,64.0,58.91,58.82,7114.18,2112.77,2529.72,0.0,0.0
541.23,56.27,63.99,58.91,58.82,7113.87,2112.99,2529.96,0.0,0.0
541.28,56.27,64.0,58.91,58.82,7114.49,2112.77,2529.96,0.0,0.0
541.41,56.27,64.01,58.9,58.83,7114.81,2111.43,2530.92,0.0,0.0
541.48,56.27,63.99,58.93,58.83,7114.49,2112.99,2528.29,0.0,0.0
541.59,56.22,63.98,58.91,58.83,7116.37,2113.88,2529.49,0.0,0.0
541.68,56.23,64.01,58.92,58.83,7116.06,2112.1,2528.53,0.0,0.0
541.81,56.23,64.02,58.92,58.83,7115.43,2110.98,2529.25,0.0,0.0
541.86,56.27,64.03,58.94,58.83,7114.81,2110.32,2526.86,0.0,0.0
542.0,56.27,64.02,58.94,58.83,7114.49,2110.76,2527.34,0.0,0.0
542.13,56.24,64.02,58.95,58.83,7115.12,2111.21,2526.39,0.0,0.0
542.18,56.27,64.02,58.94,58.83,7114.49,2111.21,2527.1,0.0,0.0
542.31,56.31,64.01,58.94,58.83,7113.24,2111.43,2527.58,0.0,0.0
542.37,56.27,64.02,58.95,58.84,7114.49,2110.98,2526.63,0.0,0.0
542.5,56.27,64.03,58.95,58.84,7114.18,2110.32,2526.15,0.0,0.0
542.58,56.24,64.05,58.95,58.84,7115.12,2108.76,2526.39,0.0,0.0
542.72,56.23,64.04,58.96,58.84,7116.06,2109.65,2525.67,0.0,0.0
542.76,56.31,64.06,58.97,58.84,7112.61,2108.31,2524.72,0.0,0.0
542.9,56.29,64.07,58.96,58.84,7113.55,2107.65,2524.96,0.0,0.0
542.99,56.27,64.06,58.97,58.84,7114.49,2108.09,2524.48,0.0,0.0
543.08,56.23,64.07,58.97,58.84,7115.75,2106.98,2524.01,0.0,0.0
543.21,56.27,64.08,58.98,58.84,7114.49,2106.54,2523.77,0.0,0.0
543.3,56.24,64.08,58.98,58.84,7115.12,2106.31,2523.05,0.0,0.0
543.43,56.29,64.09,58.97,58.85,7113.55,2106.09,2524.01,0.0,0.0
543.48,56.33,64.08,59.01,58.85,7111.67,2106.76,2521.15,0.0,0.0
543.62,56.31,64.1,59.01,58.85,7112.61,2104.98,2520.91,0.0,0.0
543.67,56.27,64.1,59.01,58.85,7114.18,2105.2,2520.43,0.0,0.0
543.8,56.35,64.1,59.03,58.85,7110.73,2104.98,2518.77,0.0,0.0
543.94,56.31,64.1,59.03,58.85,7113.24,2105.2,2518.53,0.0,0.0
543.99,56.27,64.09,59.04,58.85,7114.49,2105.65,2518.05,0.0,0.0
544.11,56.27,64.1,59.03,58.85,7113.87,2104.98,2518.77,0.0,0.0
544.2,56.29,64.11,59.04,58.85,7113.55,2104.31,2518.29,0.0,0.0
544.33,56.31,64.12,59.04,58.86,7112.61,2103.42,2517.58,0.0,0.0
544.38,56.29,64.13,59.04,58.86,7113.55,2102.98,2517.58,0.0,0.0
544.52,56.27,64.13,59.05,58.86,7114.18,2102.76,2516.87,0.0,0.0
544.57,56.27,64.14,59.04,58.86,7114.81,2102.09,2517.58,0.0,0.0
544.7,56.31,64.12,59.07,58.86,7113.24,2103.42,2515.68,0.0,0.0
544.84,56.32,64.14,59.06,58.86,7112.3,2102.53,2516.15,0.0,0.0
544.89,56.31,64.16,59.05,58.86,7113.24,2100.76,2516.87,0.0,0.0
545.02,56.31,64.17,59.06,58.86,7112.61,2100.31,2516.39,0.0,0.0
545.07,56.23,64.16,59.06,58.87,7115.75,2100.76,2516.39,0.0,0.0
545.2,56.31,64.16,59.05,58.87,7113.24,2100.53,2517.1,0.0,0.0
545.29,56.27,64.14,59.06,58.87,7113.87,2102.53,2516.63,0.0,0.0
545.42,56.31,64.15,59.05,58.87,7112.61,2101.2,2517.34,0.0,0.0
545.52,56.27,64.15,59.04,58.87,7114.18,2101.42,2518.29,0.0,0.0
545.6,56.31,64.17,59.04,58.87,7112.93,2100.31,2517.82,0.0,0.0
545.74,56.31,64.18,59.04,58.87,7112.93,2099.2,2517.82,0.0,0.0
545.81,56.24,64.18,59.04,58.88,7115.12,2099.2,2517.58,0.0,0.0
545.92,56.29,64.18,59.04,58.88,7113.55,2099.64,2517.58,0.0,0.0
545.97,56.27,64.16,59.06,58.88,7114.18,2100.98,2515.91,0.0,0.0
546.14,56.27,64.19,59.05,58.88,7113.87,2098.76,2517.34,0.0,0.0
546.18,56.32,64.2,59.04,58.88,7112.3,2097.65,2517.82,0.0,0.0
546.32,56.27,64.18,59.05,58.88,7114.49,2099.2,2516.87,0.0,0.0
546.4,56.33,64.21,59.04,58.88,7111.67,2097.42,2517.82,0.0,0.0
546.51,56.23,64.22,59.04,58.89,7115.75,2096.54,2517.82,0.0,0.0
546.64,56.31,64.21,59.05,58.89,7112.61,2097.42,2517.1,0.0,0.0
546.69,56.27,64.22,59.06,58.89,7114.81,2096.54,2516.15,0.0,0.0
546.79,56.27,64.19,59.04,58.89,7113.87,2098.31,2517.82,0.0,0.0
546.92,56.27,64.2,59.05,58.89,7114.18,2097.65,2517.34,0.0,0.0
546.99,56.24,64.21,59.05,58.89,7115.12,2096.98,2517.1,0.0,0.0
547.07,56.23,64.21,59.06,58.89,7115.75,2096.76,2516.39,0.0,0.0
547.21,56.23,64.24,59.04,58.9,7115.43,2094.76,2517.58,0.0,0.0
547.33,56.23,64.24,59.06,58.9,7116.06,2094.76,2516.39,0.0,0.0
547.38,56.23,64.23,59.04,58.9,7115.75,2095.42,2517.82,0.0,0.0
547.52,56.27,64.25,59.05,58.9,7114.49,2094.54,2516.87,0.0,0.0
547.57,56.23,64.25,59.03,58.9,7116.06,2094.54,2518.53,0.0,0.0
547.74,56.23,64.24,59.07,58.9,7116.06,2094.76,2515.2,0.0,0.0
547.79,56.23,64.27,59.06,58.9,7116.06,2092.76,2515.91,0.0,0.0
547.92,56.23,64.27,59.06,58.91,7115.75,2092.54,2516.63,0.0,0.0
548.0,56.27,64.27,59.07,58.91,7114.81,2092.98,2514.96,0.0,0.0
548.09,56.27,64.28,59.04,58.91,7114.81,2092.32,2517.58,0.0,0.0
548.22,56.23,64.27,59.05,58.91,7116.06,2092.76,2517.1,0.0,0.0
548.32,56.2,64.27,59.06,58.91,7117.0,2092.54,2516.63,0.0,0.0
548.41,56.22,64.26,59.06,58.91,7116.37,2093.43,2516.39,0.0,0.0
548.5,56.24,64.28,59.05,58.92,7115.12,2092.32,2516.87,0.0,0.0
548.63,56.23,64.26,59.04,58.92,7116.06,2093.21,2517.82,0.0,0.0
548.68,56.27,64.29,59.05,58.92,7114.49,2091.21,2517.34,0.0,0.0
548.82,56.23,64.31,59.04,58.92,7116.06,2089.88,2517.58,0.0,0.0
548.91,56.22,64.31,59.05,58.92,7116.37,2089.66,2517.34,0.0,0.0
549.0,56.23,64.31,59.06,58.92,7115.43,2090.1,2516.39,0.0,0.0
549.12,56.22,64.29,59.05,58.93,7116.69,2091.21,2517.1,0.0,0.0
549.17,56.23,64.31,59.03,58.93,7116.06,2089.66,2518.77,0.0,0.0
549.34,56.22,64.31,59.06,58.93,7116.37,2090.1,2516.63,0.0,0.0
549.45,56.23,64.32,59.06,58.93,7116.06,2088.77,2516.15,0.0,0.0
549.53,56.2,64.31,59.03,58.93,7117.0,2090.1,2518.77,0.0,0.0
549.58,56.2,64.33,59.03,58.93,7117.0,2088.55,2519.01,0.0,0.0
549.72,56.23,64.32,59.04,58.94,7115.75,2089.21,2517.58,0.0,0.0
549.77,56.19,64.33,59.03,58.94,7117.63,2088.55,2518.77,0.0,0.0
549.91,56.23,64.31,59.06,58.94,7115.75,2089.66,2516.63,0.0,0.0
550.05,56.22,64.32,59.04,58.94,7116.37,2088.77,2518.29,0.0,0.0
550.1,56.2,64.32,59.03,58.94,7117.32,2089.43,2518.77,0.0,0.0
550.24,56.24,64.32,59.04,58.94,7115.12,2089.21,2518.29,0.0,0.0
550.29,56.22,64.31,59.02,58.95,7116.37,2089.66,2519.96,0.0,0.0
550.51,56.22,64.33,59.03,58.95,7116.37,2088.33,2518.77,0.0,0.0
550.52,56.23,64.32,59.03,58.95,7115.43,2088.99,2519.24,0.0,0.0
550.57,56.22,64.32,59.01,58.95,7116.69,2088.99,2521.15,0.0,0.0
550.76,56.23,64.32,59.03,58.95,7115.43,2088.77,2518.53,0.0,0.0
550.8,56.23,64.31,59.03,58.95,7115.75,2089.88,2518.53,0.0,0.0
550.94,56.23,64.29,59.04,58.96,7116.06,2091.21,2517.82,0.0,0.0
551.01,56.22,64.31,59.04,58.96,7116.37,2090.1,2518.29,0.0,0.0
551.13,56.22,64.31,59.04,58.96,7116.69,2090.1,2517.58,0.0,0.0
551.24,56.23,64.29,59.04,58.96,7116.06,2091.65,2518.05,0.0,0.0
551.3,56.23,64.3,59.06,58.96,7115.43,2090.77,2516.39,0.0,0.0
551.41,56.27,64.29,59.05,58.96,7114.81,2091.65,2516.87,0.0,0.0
551.48,56.24,64.28,59.06,58.97,7115.12,2092.32,2516.39,0.0,0.0
551.64,56.2,64.28,59.05,58.97,7117.32,2092.1,2517.34,0.0,0.0
551.7,56.2,64.29,59.07,58.97,7117.32,2090.99,2514.96,0.0,0.0
551.86,56.23,64.29,59.09,58.97,7115.43,2091.43,2513.3,0.0,0.0
551.92,56.23,64.28,59.09,58.97,7115.75,2092.1,2513.3,0.0,0.0
551.97,56.22,64.29,59.1,58.97,7116.69,2091.65,2512.82,0.0,0.0
552.12,56.24,64.26,59.1,58.98,7115.12,2093.21,2512.35,0.0,0.0
552.22,56.24,64.29,59.11,58.98,7115.12,2091.65,2511.87,0.0,0.0
552.31,56.27,64.26,59.11,58.98,7114.81,2093.21,2511.87,0.0,0.0
552.41,56.24,64.27,59.11,58.98,7115.12,2092.98,2511.4,0.0,0.0
552.5,56.23,64.26,59.11,58.98,7115.43,2093.43,2511.4,0.0,0.0
552.64,56.23,64.27,59.13,58.98,7115.75,2092.54,2509.73,0.0,0.0
552.69,56.24,64.27,59.13,58.98,7115.12,2092.76,2509.97,0.0,0.0
552.82,56.27,64.28,59.12,58.99,7114.81,2092.32,2511.16,0.0,0.0
552.87,56.23,64.28,59.15,58.99,7115.75,2092.32,2508.31,0.0,0.0
553.0,56.23,64.28,59.15,58.99,7115.43,2092.32,2508.07,0.0,0.0
553.09,56.23,64.26,59.17,58.99,7115.43,2093.43,2506.65,0.0,0.0
553.22,56.27,64.27,59.16,58.99,7114.49,2092.98,2506.88,0.0,0.0
553.27,56.27,64.28,59.15,58.99,7113.87,2092.32,2507.83,0.0,0.0
553.41,56.27,64.28,59.16,58.99,7114.49,2092.32,2506.88,0.0,0.0
553.54,56.27,64.27,59.16,59.0,7114.49,2092.98,2506.88,0.0,0.0
553.59,56.23,64.26,59.17,59.0,7115.43,2093.21,2506.65,0.0,0.0
553.72,56.27,64.26,59.18,59.0,7114.81,2093.65,2505.7,0.0,0.0
553.79,56.31,64.25,59.18,59.0,7112.61,2094.32,2505.7,0.0,0.0
553.94,56.27,64.27,59.17,59.0,7113.87,2092.98,2506.17,0.0,0.0
553.99,56.29,64.25,59.19,59.0,7113.55,2094.09,2504.75,0.0,0.0
554.12,56.27,64.24,59.19,59.0,7114.81,2094.98,2504.03,0.0,0.0
554.17,56.27,64.25,59.19,59.01,7114.18,2094.09,2504.51,0.0,0.0
554.31,56.31,64.24,59.18,59.01,7112.61,2095.2,2505.46,0.0,0.0
554.44,56.27,64.26,59.2,59.01,7114.81,2093.21,2503.32,0.0,0.0
554.49,56.31,64.26,59.19,59.01,7112.61,2093.65,2504.51,0.0,0.0
554.61,56.31,64.26,59.2,59.01,7113.24,2093.21,2503.56,0.0,0.0
554.69,56.27,64.25,59.2,59.01,7114.18,2094.09,2503.56,0.0,0.0
554.82,56.31,64.25,59.2,59.01,7112.93,2094.54,2503.32,0.0,0.0
554.91,56.32,64.28,59.21,59.01,7112.3,2091.87,2502.85,0.0,0.0
555.0,56.29,64.28,59.21,59.02,7113.55,2092.1,2502.85,0.0,0.0
555.12,56.32,64.29,59.22,59.02,7111.99,2091.65,2501.42,0.0,0.0
555.17,56.29,64.3,59.22,59.02,7113.55,2090.77,2501.42,0.0,0.0
555.33,56.31,64.29,59.21,59.02,7112.93,2091.21,2502.37,0.0,0.0
555.38,56.32,64.3,59.21,59.02,7111.99,2090.32,2502.61,0.0,0.0
555.52,56.35,64.32,59.2,59.02,7110.42,2089.21,2503.56,0.0,0.0
555.65,56.34,64.32,59.21,59.02,7111.04,2088.77,2502.37,0.0,0.0
555.7,56.35,64.31,59.2,59.02,7110.73,2090.1,2503.32,0.0,0.0
555.83,56.33,64.32,59.2,59.02,7111.67,2088.99,2503.8,0.0,0.0
555.89,56.38,64.31,59.21,59.03,7109.48,2089.66,2502.85,0.0,0.0
556.02,56.33,64.34,59.21,59.03,7111.36,2087.66,2503.08,0.0,0.0
556.07,56.36,64.34,59.2,59.03,7110.1,2087.88,2503.8,0.0,0.0
556.21,56.32,64.33,59.2,59.03,7111.99,2088.33,2503.32,0.0,0.0
556.31,56.34,64.36,59.21,59.03,7111.04,2086.55,2502.37,0.0,0.0
556.44,56.35,64.36,59.21,59.03,7110.42,2086.55,2503.08,0.0,0.0
556.49,56.39,64.35,59.21,59.03,7108.85,2086.77,2502.85,0.0,0.0
556.63,56.39,64.38,59.19,59.03,7109.16,2085.0,2504.03,0.0,0.0
556.68,56.35,64.36,59.2,59.04,7110.73,2085.89,2503.32,0.0,0.0
556.82,56.4,64.37,59.21,59.04,7108.22,2085.44,2502.85,0.0,0.0
556.92,56.34,64.37,59.2,59.04,7111.04,2085.44,2503.8,0.0,0.0
557.01,56.44,64.34,59.19,59.04,7106.65,2087.44,2504.03,0.0,0.0
557.14,56.37,64.38,59.2,59.04,7109.79,2085.0,2503.8,0.0,0.0
557.19,56.45,64.38,59.18,59.04,7106.03,2084.56,2505.46,0.0,0.0
557.28,56.42,64.37,59.18,59.04,7106.97,2085.67,2505.46,0.0,0.0
557.38,56.41,64.38,59.2,59.05,7107.91,2084.78,2503.56,0.0,0.0
557.53,56.41,64.38,59.18,59.05,7107.91,2085.0,2505.46,0.0,0.0
557.58,56.45,64.38,59.18,59.05,7106.34,2084.78,2504.98,0.0,0.0
557.71,56.47,64.38,59.2,59.05,7105.4,2085.0,2503.32,0.0,0.0
557.85,56.48,64.35,59.17,59.05,7104.46,2087.0,2506.41,0.0,0.0
557.93,56.42,64.37,59.15,59.05,7107.6,2085.44,2508.07,0.0,0.0
557.99,56.41,64.38,59.15,59.05,7107.91,2085.0,2508.07,0.0,0.0
558.13,56.47,64.37,59.16,59.06,7105.4,2085.44,2507.12,0.0,0.0
558.22,56.46,64.36,59.16,59.06,7105.71,2085.89,2507.6,0.0,0.0
558.31,56.45,64.36,59.17,59.06,7106.03,2086.11,2506.65,0.0,0.0
558.42,56.45,64.36,59.13,59.06,7106.03,2086.33,2509.5,0.0,0.0
558.52,56.48,64.37,59.15,59.06,7105.09,2085.67,2507.83,0.0,0.0
558.61,56.45,64.36,59.14,59.06,7106.34,2086.11,2508.78,0.0,0.0
558.7,56.45,64.35,59.13,59.06,7106.34,2087.22,2509.73,0.0,0.0
558.84,56.45,64.37,59.14,59.07,7106.03,2085.67,2509.26,0.0,0.0
558.89,56.42,64.35,59.16,59.07,7107.6,2087.0,2507.36,0.0,0.0
559.03,56.48,64.36,59.14,59.07,7104.46,2086.33,2508.78,0.0,0.0
559.08,56.52,64.33,59.14,59.07,7102.89,2088.1,2508.55,0.0,0.0
559.21,56.45,64.35,59.14,59.07,7106.03,2087.0,2508.78,0.0,0.0
559.35,56.48,64.34,59.14,59.07,7105.09,2087.66,2509.02,0.0,0.0
559.4,56.46,64.35,59.15,59.07,7105.71,2087.0,2507.83,0.0,0.0
559.59,56.48,64.31,59.15,59.08,7105.09,2089.66,2508.07,0.0,0.0
559.6,56.49,64.33,59.14,59.08,7104.77,2088.1,2508.55,0.0,0.0
559.73,56.46,64.34,59.12,59.08,7105.71,2087.88,2510.45,0.0,0.0
559.82,56.49,64.32,59.15,59.08,7103.84,2089.21,2508.07,0.0,0.0
559.91,56.55,64.33,59.15,59.08,7101.64,2088.55,2508.31,0.0,0.0
560.01,56.51,64.33,59.14,59.08,7103.52,2088.55,2509.26,0.0,0.0
560.15,56.42,64.33,59.17,59.08,7106.97,2088.55,2505.93,0.0,0.0
560.2,56.46,64.34,59.14,59.09,7105.71,2087.66,2508.55,0.0,0.0
560.34,56.46,64.35,59.15,59.09,7105.71,2087.22,2507.83,0.0,0.0
560.43,56.53,64.34,59.14,59.09,7102.58,2087.88,2508.55,0.0,0.0
560.52,56.49,64.31,59.16,59.09,7103.84,2089.66,2506.88,0.0,0.0
560.66,56.48,64.33,59.16,59.09,7104.46,2088.33,2507.36,0.0,0.0
560.71,56.52,64.34,59.16,59.09,7102.89,2087.44,2507.6,0.0,0.0
560.83,56.51,64.33,59.16,59.09,7103.52,2088.55,2507.12,0.0,0.0
560.88,56.47,64.35,59.16,59.09,7105.4,2087.0,2507.36,0.0,0.0
561.01,56.49,64.34,59.16,59.09,7103.84,2087.88,2507.6,0.0,0.0
561.1,56.51,64.32,59.14,59.1,7103.21,2088.77,2508.55,0.0,0.0
561.23,56.48,64.31,59.16,59.1,7105.09,2089.66,2507.36,0.0,0.0
561.33,56.48,64.32,59.15,59.1,7104.46,2088.77,2508.31,0.0,0.0
561.42,56.48,64.34,59.14,59.1,7105.09,2087.88,2508.55,0.0,0.0
561.56,56.49,64.33,59.14,59.1,7104.77,2088.55,2508.55,0.0,0.0
561.61,56.42,64.32,59.13,59.1,7107.6,2088.99,2509.5,0.0,0.0
561.75,56.42,64.32,59.13,59.1,7106.97,2088.99,2509.97,0.0,0.0
561.8,56.4,64.32,59.13,59.1,7108.22,2088.99,2509.73,0.0,0.0
561.93,56.51,64.31,59.16,59.1,7103.52,2089.66,2507.6,0.0,0.0
561.98,56.45,64.3,59.13,59.11,7106.34,2090.77,2509.5,0.0,0.0
562.12,56.47,64.32,59.14,59.11,7105.4,2088.77,2508.78,0.0,0.0
562.21,56.4,64.32,59.15,59.11,7108.22,2089.43,2507.83,0.0,0.0
562.34,56.48,64.3,59.13,59.11,7105.09,2090.54,2509.97,0.0,0.0
562.39,56.46,64.33,59.13,59.11,7105.71,2088.1,2509.73,0.0,0.0
562.53,56.45,64.3,59.13,59.11,7106.03,2090.77,2509.97,0.0,0.0
562.67,56.47,64.3,59.12,59.11,7105.4,2090.77,2510.68,0.0,0.0
562.72,56.45,64.31,59.13,59.11,7106.34,2089.66,2509.5,0.0,0.0
562.85,56.49,64.29,59.14,59.11,7104.77,2091.21,2508.55,0.0,0.0
562.9,56.42,64.29,59.13,59.11,7106.97,2091.65,2510.21,0.0,0.0
562.99,56.38,64.28,59.13,59.12,7109.48,2092.1,2510.21,0.0,0.0
563.08,56.42,64.28,59.13,59.12,7107.28,2092.32,2509.73,0.0,0.0
563.22,56.4,64.3,59.13,59.12,7108.54,2090.32,2510.21,0.0,0.0
563.31,56.44,64.28,59.12,59.12,7106.65,2091.87,2510.68,0.0,0.0
563.44,56.38,64.29,59.15,59.12,7109.48,2091.43,2507.83,0.0,0.0
563.49,56.41,64.28,59.13,59.12,7107.91,2091.87,2509.97,0.0,0.0
563.63,56.35,64.29,59.13,59.12,7110.42,2091.21,2509.73,0.0,0.0
563.72,56.38,64.28,59.12,59.12,7109.48,2092.32,2510.68,0.0,0.0
563.81,56.4,64.29,59.13,59.12,7108.54,2091.21,2510.21,0.0,0.0
563.95,56.4,64.28,59.12,59.12,7108.54,2092.32,2510.92,0.0,0.0
564.0,56.39,64.29,59.12,59.12,7109.16,2091.43,2511.16,0.0,0.0
564.13,56.39,64.27,59.13,59.13,7108.85,2092.76,2510.21,0.0,0.0
564.19,56.41,64.3,59.14,59.13,7107.91,2090.32,2509.26,0.0,0.0
564.32,56.39,64.28,59.12,59.13,7109.16,2092.32,2511.16,0.0,0.0
564.41,56.35,64.29,59.1,59.13,7110.42,2091.21,2512.82,0.0,0.0
564.55,56.37,64.29,59.12,59.13,7109.79,2091.65,2510.45,0.0,0.0
564.66,56.39,64.31,59.13,59.13,7109.16,2089.66,2510.21,0.0,0.0
564.74,56.36,64.3,59.11,59.13,7110.1,2090.77,2511.63,0.0,0.0
564.79,56.4,64.3,59.12,59.13,7108.22,2090.54,2511.16,0.0,0.0
564.93,56.37,64.3,59.1,59.13,7109.79,2090.54,2512.35,0.0,0.0
565.06,56.37,64.31,59.1,59.13,7109.79,2089.66,2512.35,0.0,0.0
565.11,56.4,64.3,59.12,59.13,7108.54,2090.77,2511.16,0.0,0.0
565.22,56.41,64.32,59.12,59.13,7107.91,2089.21,2511.16,0.0,0.0
565.33,56.39,64.29,59.11,59.14,7108.85,2091.43,2511.87,0.0,0.0
565.41,56.39,64.32,59.11,59.14,7109.16,2088.77,2511.87,0.0,0.0
565.49,56.35,64.29,59.11,59.14,7110.42,2091.43,2511.63,0.0,0.0
565.63,56.4,64.32,59.11,59.14,7108.22,2089.21,2511.87,0.0,0.0
565.72,56.38,64.32,59.1,59.14,7109.48,2088.99,2512.82,0.0,0.0
565.81,56.35,64.31,59.1,59.14,7110.42,2089.66,2512.35,0.0,0.0
565.94,56.38,64.33,59.11,59.14,7109.48,2088.33,2511.87,0.0,0.0
566.03,56.37,64.34,59.11,59.14,7109.79,2087.88,2511.87,0.0,0.0
566.12,56.42,64.32,59.11,59.14,7107.6,2089.43,2511.87,0.0,0.0
566.21,56.34,64.34,59.09,59.14,7111.04,2087.88,2513.06,0.0,0.0
566.36,56.39,64.33,59.1,59.14,7108.85,2088.33,2512.59,0.0,0.0
566.4,56.36,64.32,59.09,59.14,7110.1,2089.43,2513.06,0.0,0.0
566.53,56.38,64.33,59.1,59.15,7109.48,2088.1,2512.82,0.0,0.0
566.64,56.39,64.33,59.08,59.15,7108.85,2088.1,2514.25,0.0,0.0
566.73,56.4,64.3,59.09,59.15,7108.22,2090.32,2513.54,0.0,0.0
566.82,56.42,64.31,59.1,59.15,7107.6,2090.1,2512.59,0.0,0.0
566.94,56.35,64.33,59.09,59.15,7110.42,2088.55,2513.3,0.0,0.0
567.04,56.39,64.32,59.11,59.15,7109.16,2089.43,2511.63,0.0,0.0
567.14,56.37,64.33,59.11,59.15,7109.79,2088.33,2511.87,0.0,0.0
567.23,56.4,64.32,59.11,59.15,7108.22,2089.21,2511.4,0.0,0.0
567.28,56.42,64.29,59.11,59.15,7106.97,2091.65,2511.87,0.0,0.0
567.38,56.35,64.31,59.11,59.15,7110.73,2090.1,2511.4,0.0,0.0
567.52,56.38,64.31,59.11,59.15,7109.48,2090.1,2511.63,0.0,0.0
567.66,56.37,64.32,59.11,59.15,7109.79,2089.43,2511.87,0.0,0.0
567.75,56.38,64.29,59.11,59.16,7109.48,2091.43,2511.4,0.0,0.0
567.84,56.32,64.29,59.11,59.16,7111.99,2091.43,2511.63,0.0,0.0
567.88,56.4,64.3,59.11,59.16,7108.22,2090.54,2511.63,0.0,0.0
568.01,56.38,64.29,59.11,59.16,7109.48,2091.65,2512.11,0.0,0.0
568.14,56.36,64.29,59.12,59.16,7110.1,2091.43,2510.68,0.0,0.0
568.22,56.35,64.28,59.11,59.16,7110.42,2092.1,2511.4,0.0,0.0
568.33,56.38,64.3,59.1,59.16,7109.48,2090.54,2512.35,0.0,0.0
568.42,56.39,64.3,59.09,59.16,7108.85,2090.54,2513.3,0.0,0.0
568.55,56.4,64.29,59.11,59.16,7108.22,2091.43,2511.63,0.0,0.0
568.6,56.4,64.26,59.12,59.16,7108.54,2093.43,2511.16,0.0,0.0
568.74,56.38,64.3,59.11,59.16,7109.48,2090.77,2511.63,0.0,0.0
568.79,56.4,64.27,59.1,59.16,7108.22,2092.54,2512.35,0.0,0.0
568.92,56.4,64.3,59.11,59.16,7108.54,2090.77,2512.11,0.0,0.0
569.05,56.4,64.3,59.12,59.17,7108.54,2090.32,2510.68,0.0,0.0
569.1,56.4,64.3,59.11,59.17,7108.54,2090.77,2511.63,0.0,0.0
569.23,56.42,64.29,59.12,59.17,7106.97,2091.21,2510.68,0.0,0.0
569.28,56.42,64.3,59.11,59.17,7107.28,2090.32,2511.63,0.0,0.0
569.46,56.4,64.31,59.12,59.17,7108.22,2089.66,2510.68,0.0,0.0
569.5,56.38,64.3,59.13,59.17,7109.48,2090.32,2510.21,0.0,0.0
569.64,56.4,64.31,59.13,59.17,7108.22,2089.88,2509.97,0.0,0.0
569.69,56.47,64.31,59.13,59.17,7105.4,2089.88,2509.97,0.0,0.0
569.81,56.4,64.32,59.13,59.17,7108.22,2088.99,2509.97,0.0,0.0
569.94,56.42,64.29,59.13,59.17,7106.97,2091.65,2509.73,0.0,0.0
570.03,56.4,64.31,59.13,59.17,7108.22,2089.88,2509.5,0.0,0.0
570.17,56.35,64.3,59.13,59.17,7110.73,2090.54,2509.5,0.0,0.0
570.22,56.39,64.3,59.15,59.17,7108.85,2090.54,2507.83,0.0,0.0
570.35,56.42,64.31,59.14,59.17,7107.6,2090.1,2508.55,0.0,0.0
570.4,56.39,64.32,59.14,59.17,7109.16,2088.99,2509.02,0.0,0.0
570.54,56.4,64.3,59.16,59.17,7108.54,2090.77,2506.88,0.0,0.0
570.63,56.35,64.32,59.18,59.18,7110.73,2089.21,2505.46,0.0,0.0
570.72,56.4,64.31,59.17,59.18,7108.22,2090.1,2506.41,0.0,0.0
570.85,56.37,64.32,59.19,59.18,7109.79,2089.21,2504.51,0.0,0.0
570.91,56.4,64.31,59.19,59.18,7108.54,2090.1,2504.03,0.0,0.0
570.99,56.34,64.3,59.2,59.18,7111.04,2090.32,2503.56,0.0,0.0
571.11,56.4,64.32,59.19,59.18,7108.54,2088.99,2504.03,0.0,0.0
571.24,56.35,64.3,59.2,59.18,7110.73,2090.77,2503.56,0.0,0.0
571.3,56.4,64.28,59.21,59.18,7108.22,2092.1,2503.08,0.0,0.0
571.43,56.34,64.32,59.21,59.18,7111.04,2089.43,2503.08,0.0,0.0
571.52,56.34,64.29,59.23,59.18,7111.04,2091.65,2501.19,0.0,0.0
571.61,56.34,64.28,59.23,59.18,7111.04,2092.1,2501.19,0.0,0.0
571.76,56.33,64.29,59.24,59.18,7111.67,2091.65,2500.24,0.0,0.0
571.8,56.35,64.26,59.25,59.18,7110.73,2093.65,2499.29,0.0,0.0
571.94,56.35,64.25,59.22,59.18,7110.73,2094.09,2501.42,0.0,0.0
572.03,56.33,64.27,59.23,59.18,7111.36,2092.54,2500.47,0.0,0.0
572.1,56.35,64.28,59.25,59.19,7110.73,2092.1,2499.29,0.0,0.0
572.21,56.35,64.25,59.25,59.19,7110.73,2094.09,2499.05,0.0,0.0
572.35,56.35,64.24,59.23,59.19,7110.73,2094.98,2500.71,0.0,0.0
572.39,56.35,64.26,59.22,59.19,7110.73,2093.43,2501.42,0.0,0.0
572.52,56.34,64.25,59.25,59.19,7111.04,2094.54,2499.29,0.0,0.0
572.66,56.4,64.26,59.23,59.19,7108.22,2093.65,2500.47,0.0,0.0
572.71,56.34,64.24,59.26,59.19,7111.04,2094.76,2498.58,0.0,0.0
572.85,56.33,64.23,59.24,59.19,7111.36,2095.42,2500.24,0.0,0.0
572.9,56.33,64.23,59.23,59.19,7111.36,2095.42,2500.71,0.0,0.0
573.03,56.35,64.25,59.24,59.19,7110.73,2094.32,2500.0,0.0,0.0
573.12,56.31,64.21,59.23,59.19,7112.61,2096.76,2500.71,0.0,0.0
573.26,56.31,64.23,59.24,59.19,7112.61,2095.42,2499.76,0.0,0.0
573.31,56.38,64.23,59.24,59.19,7109.48,2095.42,2500.24,0.0,0.0
573.44,56.34,64.25,59.23,59.19,7111.04,2094.32,2500.47,0.0,0.0
573.53,56.32,64.23,59.23,59.19,7111.99,2095.42,2500.71,0.0,0.0
573.63,56.33,64.24,59.22,59.19,7111.67,2094.98,2501.42,0.0,0.0
573.71,56.35,64.21,59.22,59.19,7110.73,2096.98,2501.66,0.0,0.0
573.81,56.32,64.24,59.23,59.19,7112.3,2095.2,2500.95,0.0,0.0
573.94,56.32,64.21,59.25,59.19,7111.99,2096.98,2498.81,0.0,0.0
574.03,56.32,64.24,59.24,59.19,7112.3,2094.76,2500.0,0.0,0.0
574.16,56.34,64.23,59.25,59.19,7111.04,2095.42,2498.81,0.0,0.0
574.21,56.33,64.24,59.24,59.19,7111.67,2095.2,2499.76,0.0,0.0
574.34,56.31,64.23,59.26,59.19,7112.61,2095.87,2498.34,0.0,0.0
574.39,56.33,64.21,59.25,59.19,7111.36,2096.76,2499.05,0.0,0.0
574.53,56.33,64.24,59.23,59.2,7111.67,2094.76,2500.95,0.0,0.0
574.63,56.35,64.23,59.23,59.2,7110.73,2095.87,2500.71,0.0,0.0
574.71,56.34,64.23,59.23,59.2,7111.04,2095.87,2500.47,0.0,0.0
574.84,56.33,64.23,59.21,59.2,7111.36,2095.42,2502.37,0.0,0.0
574.93,56.35,64.25,59.24,59.2,7110.73,2094.54,2499.76,0.0,0.0
575.02,56.31,64.21,59.24,59.2,7113.24,2097.42,2499.53,0.0,0.0
575.12,56.35,64.23,59.24,59.2,7110.73,2095.87,2499.76,0.0,0.0
575.25,56.31,64.24,59.23,59.2,7112.93,2094.76,2500.47,0.0,0.0
575.29,56.32,64.24,59.23,59.2,7111.99,2094.98,2500.47,0.0,0.0
575.43,56.31,64.26,59.25,59.2,7112.93,2093.21,2499.29,0.0,0.0
575.57,56.31,64.24,59.25,59.2,7112.93,2094.98,2499.05,0.0,0.0
575.62,56.29,64.24,59.26,59.2,7113.55,2095.2,2498.58,0.0,0.0
575.75,56.31,64.21,59.23,59.2,7112.61,2096.98,2500.47,0.0,0.0
575.8,56.31,64.25,59.22,59.2,7112.93,2094.54,2501.66,0.0,0.0
575.93,56.33,64.23,59.23,59.2,7111.67,2095.42,2500.95,0.0,0.0
576.02,56.35,64.25,59.24,59.2,7110.73,2093.87,2499.76,0.0,0.0
576.14,56.33,64.26,59.26,59.2,7111.67,2093.21,2498.58,0.0,0.0
576.19,56.34,64.27,59.24,59.2,7111.04,2092.98,2500.0,0.0,0.0
576.32,56.31,64.26,59.26,59.2,7112.61,2093.65,2498.34,0.0,0.0
576.41,56.31,64.26,59.26,59.2,7112.93,2093.43,2497.87,0.0,0.0
576.51,56.34,64.26,59.27,59.2,7111.04,2093.43,2497.39,0.0,0.0
576.64,56.33,64.29,59.26,59.2,7111.67,2091.65,2498.34,0.0,0.0
576.7,56.31,64.27,59.27,59.2,7112.61,2092.76,2497.15,0.0,0.0
576.83,56.39,64.29,59.26,59.2,7109.16,2091.43,2498.34,0.0,0.0
576.91,56.33,64.29,59.29,59.2,7111.36,2091.43,2495.49,0.0,0.0
577.07,56.35,64.27,59.28,59.2,7110.73,2092.76,2496.21,0.0,0.0
577.12,56.31,64.29,59.29,59.2,7112.93,2090.99,2495.73,0.0,0.0
577.25,56.36,64.3,59.26,59.2,7110.1,2090.54,2498.58,0.0,0.0
577.3,56.39,64.29,59.28,59.2,7109.16,2091.21,2496.44,0.0,0.0
577.43,56.37,64.31,59.27,59.2,7109.79,2089.88,2497.39,0.0,0.0
577.54,56.39,64.29,59.27,59.2,7109.16,2091.43,2497.63,0.0,0.0
577.64,56.38,64.3,59.26,59.2,7109.48,2090.77,2498.1,0.0,0.0
577.69,56.42,64.29,59.27,59.2,7107.28,2091.65,2496.92,0.0,0.0
577.83,56.33,64.3,59.26,59.21,7111.67,2090.77,2498.1,0.0,0.0
577.96,56.44,64.31,59.28,59.21,7106.65,2089.88,2496.44,0.0,0.0
578.01,56.38,64.32,59.28,59.21,7109.48,2089.43,2496.21,0.0,0.0
578.14,56.38,64.3,59.28,59.21,7109.48,2090.77,2496.21,0.0,0.0
578.2,56.4,64.32,59.28,59.21,7108.54,2089.21,2496.21,0.0,0.0
578.37,56.36,64.31,59.28,59.21,7110.1,2090.1,2496.44,0.0,0.0
578.46,56.35,64.33,59.28,59.21,7110.42,2088.1,2496.44,0.0,0.0
578.54,56.34,64.3,59.27,59.21,7111.04,2090.77,2497.63,0.0,0.0
578.63,56.4,64.31,59.29,59.21,7108.22,2089.66,2495.49,0.0,0.0
578.72,56.42,64.32,59.29,59.21,7107.28,2089.21,2495.49,0.0,0.0
578.85,56.38,64.33,59.28,59.21,7109.48,2088.33,2496.44,0.0,0.0
578.9,56.39,64.31,59.27,59.21,7108.85,2090.1,2497.63,0.0,0.0
579.04,56.35,64.31,59.27,59.21,7110.73,2089.66,2497.15,0.0,0.0
579.09,56.39,64.31,59.26,59.21,7109.16,2089.88,2498.34,0.0,0.0
579.26,56.4,64.29,59.26,59.21,7108.54,2091.43,2498.34,0.0,0.0
579.31,56.38,64.31,59.26,59.21,7109.48,2090.1,2498.34,0.0,0.0
579.45,56.39,64.3,59.27,59.21,7108.85,2090.77,2497.63,0.0,0.0
579.59,56.41,64.31,59.25,59.21,7107.91,2090.1,2498.81,0.0,0.0
579.64,56.45,64.31,59.26,59.21,7106.34,2089.88,2498.34,0.0,0.0
579.72,56.39,64.32,59.27,59.21,7108.85,2088.99,2497.63,0.0,0.0
579.84,56.33,64.31,59.26,59.22,7111.36,2090.1,2498.58,0.0,0.0
579.97,56.37,64.3,59.26,59.22,7109.79,2090.32,2498.1,0.0,0.0
580.02,56.36,64.29,59.26,59.22,7110.1,2091.43,2498.58,0.0,0.0
580.15,56.39,64.31,59.26,59.22,7109.16,2089.88,2498.34,0.0,0.0
580.21,56.35,64.32,59.27,59.22,7110.42,2089.43,2497.63,0.0,0.0
580.34,56.39,64.32,59.26,59.22,7108.85,2089.43,2498.1,0.0,0.0
580.43,56.39,64.31,59.26,59.22,7109.16,2090.1,2497.87,0.0,0.0
580.57,56.41,64.3,59.28,59.22,7107.91,2090.77,2496.21,0.0,0.0
580.66,56.37,64.32,59.27,59.22,7109.79,2089.43,2497.39,0.0,0.0
580.74,56.32,64.28,59.26,59.22,7111.99,2092.32,2498.34,0.0,0.0
580.84,56.39,64.28,59.26,59.22,7109.16,2091.87,2498.58,0.0,0.0
580.93,56.4,64.31,59.26,59.22,7108.22,2090.1,2498.1,0.0,0.0
581.06,56.39,64.3,59.25,59.22,7109.16,2090.77,2498.81,0.0,0.0
581.11,56.4,64.3,59.25,59.22,7108.22,2090.77,2499.29,0.0,0.0
581.24,56.41,64.29,59.26,59.22,7107.91,2091.21,2498.1,0.0,0.0
581.32,56.39,64.29,59.26,59.22,7109.16,2090.99,2498.34,0.0,0.0
581.45,56.41,64.28,59.24,59.22,7107.91,2092.32,2499.53,0.0,0.0
581.52,56.4,64.3,59.25,59.22,7108.22,2090.32,2499.29,0.0,0.0
581.62,56.39,64.3,59.24,59.22,7109.16,2090.32,2499.76,0.0,0.0
581.75,56.38,64.28,59.25,59.22,7109.48,2092.32,2498.81,0.0,0.0
581.8,56.42,64.29,59.24,59.22,7107.28,2091.65,2499.53,0.0,0.0
581.96,56.35,64.31,59.25,59.23,7110.42,2090.1,2499.29,0.0,0.0
582.01,56.39,64.29,59.26,59.23,7108.85,2091.21,2498.34,0.0,0.0
582.14,56.37,64.29,59.24,59.23,7109.79,2091.65,2499.76,0.0,0.0
582.27,56.35,64.29,59.25,59.23,7110.42,2091.43,2499.05,0.0,0.0
582.31,56.4,64.28,59.26,59.23,7108.22,2092.32,2498.58,0.0,0.0
582.44,56.38,64.3,59.24,59.23,7109.48,2090.77,2499.53,0.0,0.0
582.53,56.41,64.27,59.26,59.23,7107.91,2092.54,2498.34,0.0,0.0
582.67,56.37,64.3,59.25,59.23,7109.79,2090.77,2498.81,0.0,0.0
582.72,56.35,64.26,59.26,59.23,7110.42,2093.21,2497.87,0.0,0.0
582.86,56.36,64.29,59.26,59.23,7110.1,2091.21,2497.87,0.0,0.0
582.91,56.38,64.3,59.27,59.23,7109.48,2090.77,2497.63,0.0,0.0
583.05,56.33,64.28,59.25,59.23,7111.67,2092.1,2499.05,0.0,0.0
583.1,56.37,64.28,59.26,59.23,7109.79,2091.87,2498.34,0.0,0.0
583.23,56.4,64.29,59.26,59.23,7108.54,2091.43,2497.87,0.0,0.0
583.36,56.4,64.29,59.26,59.23,7108.22,2091.21,2498.58,0.0,0.0
583.45,56.42,64.29,59.26,59.23,7107.28,2090.99,2497.87,0.0,0.0
583.5,56.4,64.27,59.25,59.23,7108.54,2092.98,2499.05,0.0,0.0
583.63,56.45,64.27,59.25,59.23,7106.34,2092.54,2499.05,0.0,0.0
583.76,56.42,64.29,59.24,59.23,7107.6,2091.21,2499.53,0.0,0.0
583.81,56.37,64.29,59.25,59.23,7109.79,2091.43,2499.29,0.0,0.0
583.94,56.42,64.31,59.27,59.23,7106.97,2090.1,2497.63,0.0,0.0
584.08,56.39,64.3,59.25,59.23,7108.85,2090.54,2498.81,0.0,0.0
584.13,56.38,64.28,59.25,59.23,7109.48,2091.87,2499.05,0.0,0.0
584.24,56.4,64.3,59.26,59.23,7108.54,2090.77,2497.87,0.0,0.0
584.29,56.37,64.29,59.27,59.23,7109.79,2090.99,2497.63,0.0,0.0
584.47,56.45,64.29,59.25,59.23,7106.34,2091.65,2499.29,0.0,0.0
584.57,56.37,64.29,59.21,59.23,7109.79,2091.43,2502.37,0.0,0.0
584.66,56.39,64.29,59.25,59.23,7109.16,2091.21,2499.29,0.0,0.0
584.71,56.41,64.28,59.25,59.24,7107.91,2092.1,2499.05,0.0,0.0
584.86,56.42,64.33,59.24,59.24,7107.28,2088.55,2499.53,0.0,0.0
584.91,56.39,64.29,59.24,59.24,7108.85,2091.43,2500.0,0.0,0.0
585.06,56.41,64.3,59.25,59.24,7107.91,2090.54,2498.81,0.0,0.0
585.1,56.4,64.31,59.26,59.24,7108.22,2090.1,2498.58,0.0,0.0
585.24,56.41,64.29,59.23,59.24,7107.91,2091.21,2500.47,0.0,0.0
585.34,56.4,64.32,59.24,59.24,7108.54,2088.77,2499.53,0.0,0.0
585.44,56.42,64.32,59.27,59.24,7106.97,2089.21,2497.63,0.0,0.0
585.53,56.4,64.32,59.26,59.24,7108.54,2089.21,2498.34,0.0,0.0
585.62,56.4,64.32,59.27,59.24,7108.54,2089.21,2497.63,0.0,0.0
585.75,56.39,64.32,59.26,59.24,7109.16,2088.77,2498.1,0.0,0.0
585.8,56.44,64.33,59.27,59.24,7106.65,2088.1,2497.63,0.0,0.0
586.0,56.42,64.32,59.26,59.24,7107.28,2088.99,2498.34,0.0,0.0
586.01,56.4,64.3,59.27,59.24,7108.54,2090.32,2497.63,0.0,0.0
586.16,56.46,64.31,59.26,59.24,7105.71,2090.1,2497.87,0.0,0.0
586.22,56.44,64.33,59.27,59.24,7106.65,2088.1,2497.39,0.0,0.0
586.37,56.45,64.3,59.26,59.24,7106.34,2090.54,2498.1,0.0,0.0
586.42,56.42,64.33,59.27,59.24,7106.97,2088.33,2497.39,0.0,0.0
586.57,56.46,64.32,59.26,59.24,7105.71,2089.43,2498.1,0.0,0.0
586.62,56.45,64.32,59.27,59.24,7106.34,2088.99,2497.15,0.0,0.0
586.76,56.42,64.34,59.27,59.24,7106.97,2087.88,2496.92,0.0,0.0
586.82,56.42,64.32,59.27,59.24,7107.28,2088.77,2496.92,0.0,0.0
586.94,56.45,64.33,59.28,59.24,7106.34,2088.55,2496.44,0.0,0.0
587.02,56.48,64.33,59.27,59.24,7105.09,2088.55,2497.63,0.0,0.0
587.14,56.44,64.33,59.27,59.24,7106.65,2088.1,2496.92,0.0,0.0
587.24,56.45,64.33,59.3,59.24,7106.34,2088.1,2495.02,0.0,0.0
587.37,56.48,64.34,59.3,59.25,7104.46,2087.44,2495.02,0.0,0.0
587.47,56.42,64.33,59.29,59.25,7107.28,2088.33,2495.26,0.0,0.0
587.56,56.46,64.34,59.29,59.25,7105.71,2087.44,2495.26,0.0,0.0
587.61,56.48,64.35,59.3,59.25,7105.09,2086.77,2495.02,0.0,0.0
587.76,56.49,64.35,59.3,59.25,7103.84,2087.22,2494.78,0.0,0.0
587.81,56.53,64.37,59.3,59.25,7102.58,2085.44,2494.78,0.0,0.0
587.95,56.51,64.37,59.3,59.25,7103.21,2085.22,2494.78,0.0,0.0
588.04,56.49,64.36,59.3,59.25,7104.15,2086.55,2494.31,0.0,0.0
588.15,56.55,64.38,59.3,59.25,7101.64,2084.78,2494.78,0.0,0.0
588.29,56.52,64.37,59.29,59.25,7102.89,2085.44,2495.73,0.0,0.0
588.34,56.49,64.36,59.28,59.25,7103.84,2086.33,2496.21,0.0,0.0
588.47,56.55,64.38,59.3,59.25,7101.95,2084.78,2494.31,0.0,0.0
588.52,56.49,64.38,59.29,59.25,7103.84,2085.0,2495.49,0.0,0.0
588.65,56.55,64.4,59.3,59.25,7101.95,2083.45,2495.02,0.0,0.0
588.72,56.51,64.37,59.29,59.25,7103.52,2085.22,2495.49,0.0,0.0
588.86,56.49,64.38,59.3,59.25,7104.15,2085.0,2494.31,0.0,0.0
588.95,56.49,64.39,59.31,59.25,7104.15,2084.11,2493.84,0.0,0.0
589.04,56.51,64.39,59.31,59.25,7103.21,2084.11,2493.6,0.0,0.0
589.13,56.42,64.4,59.3,59.25,7107.6,2083.45,2494.31,0.0,0.0
589.29,56.46,64.42,59.3,59.25,7105.71,2081.9,2494.55,0.0,0.0
589.34,56.48,64.42,59.31,59.25,7105.09,2081.68,2493.84,0.0,0.0
589.48,56.49,64.42,59.31,59.26,7104.77,2082.12,2493.6,0.0,0.0
589.53,56.45,64.4,59.3,59.26,7106.34,2083.45,2494.31,0.0,0.0
589.67,56.42,64.42,59.32,59.26,7107.28,2081.9,2492.65,0.0,0.0
589.72,56.42,64.43,59.3,59.26,7107.28,2081.46,2494.55,0.0,0.0
589.86,56.42,64.44,59.31,59.26,7107.6,2080.35,2494.07,0.0,0.0
589.91,56.42,64.43,59.3,59.26,7107.6,2081.01,2495.02,0.0,0.0
590.05,56.42,64.45,59.3,59.26,7107.6,2079.91,2494.31,0.0,0.0
590.15,56.39,64.44,59.31,59.26,7108.85,2080.35,2493.84,0.0,0.0
590.24,56.39,64.44,59.29,59.26,7108.85,2080.13,2495.26,0.0,0.0
590.34,56.38,64.44,59.29,59.26,7109.48,2080.13,2495.26,0.0,0.0
590.43,56.4,64.44,59.3,59.26,7108.22,2080.57,2494.55,0.0,0.0
590.57,56.4,64.45,59.3,59.26,7108.22,2079.68,2495.02,0.0,0.0
590.62,56.42,64.44,59.31,59.26,7107.6,2080.13,2494.07,0.0,0.0
590.76,56.35,64.47,59.3,59.26,7110.42,2078.58,2494.31,0.0,0.0
590.81,56.42,64.46,59.31,59.26,7107.6,2078.8,2493.84,0.0,0.0
590.95,56.4,64.46,59.32,59.27,7108.22,2079.24,2492.89,0.0,0.0
591.0,56.42,64.49,59.3,59.27,7106.97,2077.03,2494.55,0.0,0.0
591.14,56.39,64.48,59.3,59.27,7108.85,2077.91,2495.02,0.0,0.0
591.24,56.35,64.47,59.3,59.27,7110.42,2078.36,2494.31,0.0,0.0
591.39,56.37,64.49,59.31,59.27,7109.79,2076.59,2493.6,0.0,0.0
591.43,56.35,64.49,59.3,59.27,7110.73,2076.81,2494.55,0.0,0.0
591.58,56.42,64.49,59.29,59.27,7106.97,2076.59,2495.49,0.0,0.0
591.63,56.36,64.48,59.3,59.27,7110.1,2077.25,2494.55,0.0,0.0
591.79,56.41,64.49,59.28,59.27,7107.91,2076.59,2496.21,0.0,0.0
591.85,56.39,64.5,59.29,59.27,7109.16,2075.92,2495.26,0.0,0.0
591.97,56.37,64.5,59.31,59.27,7109.79,2076.14,2494.07,0.0,0.0
592.04,56.38,64.52,59.29,59.27,7109.48,2074.37,2495.73,0.0,0.0
592.1,56.4,64.51,59.3,59.28,7108.22,2075.48,2495.02,0.0,0.0
592.3,56.38,64.51,59.28,59.28,7109.48,2075.7,2496.21,0.0,0.0
592.36,56.39,64.5,59.3,59.28,7108.85,2076.36,2494.78,0.0,0.0
592.49,56.42,64.51,59.29,59.28,7107.28,2075.48,2495.73,0.0,0.0
592.56,56.35,64.51,59.29,59.28,7110.42,2075.7,2495.26,0.0,0.0
592.62,56.42,64.51,59.29,59.28,7107.28,2075.48,2495.49,0.0,0.0
592.75,56.39,64.53,59.3,59.28,7108.85,2073.71,2494.31,0.0,0.0
592.81,56.42,64.5,59.28,59.28,7107.28,2075.92,2496.68,0.0,0.0
592.97,56.39,64.5,59.27,59.28,7108.85,2076.14,2496.92,0.0,0.0
593.03,56.4,64.48,59.26,59.28,7108.54,2077.47,2497.87,0.0,0.0
593.18,56.42,64.49,59.28,59.29,7107.6,2076.59,2496.21,0.0,0.0
593.28,56.41,64.49,59.28,59.29,7107.91,2077.03,2495.97,0.0,0.0
593.42,56.41,64.5,59.29,59.29,7107.91,2076.36,2495.73,0.0,0.0
593.48,56.4,64.49,59.28,59.29,7108.22,2077.03,2496.21,0.0,0.0
593.6,56.35,64.47,59.28,59.29,7110.42,2078.36,2495.97,0.0,0.0
593.65,56.42,64.48,59.27,59.29,7107.6,2077.69,2496.92,0.0,0.0
593.77,56.39,64.47,59.27,59.29,7108.85,2078.36,2497.39,0.0,0.0
593.87,56.39,64.47,59.28,59.29,7109.16,2078.58,2495.97,0.0,0.0
593.94,56.42,64.45,59.28,59.29,7106.97,2079.46,2496.68,0.0,0.0
594.05,56.4,64.45,59.28,59.29,7108.22,2079.46,2496.44,0.0,0.0
594.13,56.41,64.45,59.26,59.29,7107.91,2079.46,2498.34,0.0,0.0
594.27,56.45,64.46,59.28,59.3,7106.03,2079.24,2496.21,0.0,0.0
594.32,56.41,64.48,59.27,59.3,7107.91,2077.47,2497.63,0.0,0.0
594.46,56.42,64.47,59.27,59.3,7107.28,2078.58,2497.15,0.0,0.0
594.56,56.35,64.45,59.26,59.3,7110.42,2079.46,2498.1,0.0,0.0
594.65,56.39,64.45,59.27,59.3,7108.85,2079.46,2497.39,0.0,0.0
594.75,56.42,64.48,59.28,59.3,7107.28,2077.91,2496.21,0.0,0.0
594.89,56.45,64.47,59.29,59.3,7106.34,2078.13,2495.26,0.0,0.0
594.94,56.4,64.47,59.29,59.3,7108.54,2078.13,2495.73,0.0,0.0
595.08,56.42,64.46,59.29,59.3,7107.28,2079.02,2495.73,0.0,0.0
595.13,56.36,64.48,59.3,59.3,7110.1,2077.25,2494.31,0.0,0.0
595.27,56.39,64.49,59.3,59.3,7108.85,2076.81,2494.78,0.0,0.0
595.32,56.42,64.48,59.3,59.3,7106.97,2077.25,2494.78,0.0,0.0
595.46,56.4,64.48,59.29,59.3,7108.54,2077.69,2495.26,0.0,0.0
595.5,56.46,64.48,59.3,59.31,7105.71,2077.25,2494.55,0.0,0.0
595.64,56.42,64.48,59.29,59.31,7106.97,2077.25,2495.49,0.0,0.0
595.74,56.46,64.49,59.3,59.31,7105.71,2076.59,2494.55,0.0,0.0
595.83,56.45,64.48,59.3,59.31,7106.34,2077.25,2494.55,0.0,0.0
595.92,56.48,64.49,59.29,59.31,7104.46,2076.81,2495.49,0.0,0.0
596.02,56.47,64.48,59.3,59.31,7105.4,2077.69,2494.55,0.0,0.0
596.14,56.45,64.49,59.33,59.31,7106.34,2076.59,2492.18,0.0,0.0
596.21,56.45,64.49,59.32,59.31,7106.34,2077.03,2492.65,0.0,0.0
596.34,56.45,64.48,59.32,59.31,7106.03,2077.47,2493.12,0.0,0.0
596.44,56.45,64.49,59.32,59.31,7106.03,2077.03,2492.65,0.0,0.0
596.58,56.44,64.48,59.32,59.31,7106.65,2077.69,2492.89,0.0,0.0
596.67,56.41,64.46,59.32,59.31,7107.91,2078.8,2492.65,0.0,0.0
596.75,56.49,64.48,59.33,59.31,7104.15,2077.69,2491.94,0.0,0.0
596.85,56.46,64.49,59.33,59.32,7105.71,2076.59,2491.94,0.0,0.0
596.95,56.48,64.49,59.35,59.32,7104.46,2076.59,2490.52,0.0,0.0
597.08,56.52,64.48,59.34,59.32,7102.89,2077.69,2491.23,0.0,0.0
597.13,56.46,64.49,59.35,59.32,7105.71,2076.81,2489.81,0.0,0.0
597.27,56.46,64.5,59.34,59.32,7105.71,2076.36,2490.76,0.0,0.0
597.32,56.49,64.49,59.35,59.32,7103.84,2076.59,2489.81,0.0,0.0
597.46,56.53,64.5,59.35,59.32,7102.58,2075.92,2490.04,0.0,0.0
597.56,56.51,64.49,59.35,59.32,7103.52,2077.03,2490.52,0.0,0.0
597.65,56.49,64.48,59.33,59.32,7104.15,2077.69,2491.47,0.0,0.0
597.71,56.48,64.51,59.37,59.32,7105.09,2075.26,2488.62,0.0,0.0
597.85,56.49,64.48,59.35,59.32,7103.84,2077.69,2489.81,0.0,0.0
597.95,56.48,64.5,59.36,59.32,7105.09,2076.14,2489.33,0.0,0.0
598.05,56.55,64.5,59.35,59.32,7101.33,2076.36,2489.81,0.0,0.0
598.13,56.51,64.48,59.35,59.32,7103.52,2077.69,2489.81,0.0,0.0
598.24,56.51,64.49,59.35,59.33,7103.52,2076.81,2489.81,0.0,0.0
598.34,56.51,64.49,59.34,59.33,7103.52,2076.81,2490.76,0.0,0.0
598.47,56.53,64.5,59.37,59.33,7102.58,2076.14,2488.15,0.0,0.0
598.52,56.53,64.51,59.36,59.33,7102.58,2075.48,2488.86,0.0,0.0
598.66,56.52,64.5,59.35,59.33,7102.89,2075.92,2489.81,0.0,0.0
598.75,56.55,64.5,59.36,59.33,7101.64,2075.92,2489.33,0.0,0.0
598.84,56.57,64.52,59.36,59.33,7100.38,2074.37,2489.1,0.0,0.0
598.98,56.52,64.48,59.37,59.33,7102.89,2077.25,2488.15,0.0,0.0
599.03,56.55,64.51,59.37,59.33,7101.64,2075.7,2488.15,0.0,0.0
599.17,56.49,64.49,59.38,59.33,7104.77,2076.81,2487.44,0.0,0.0
599.22,56.55,64.5,59.38,59.33,7101.64,2076.14,2486.97,0.0,0.0
599.35,56.55,64.49,59.38,59.33,7102.27,2076.59,2487.44,0.0,0.0
599.44,56.52,64.49,59.39,59.33,7102.89,2077.03,2486.73,0.0,0.0
599.57,56.53,64.52,59.38,59.33,7102.58,2075.04,2487.44,0.0,0.0
599.62,56.49,64.5,59.38,59.34,7104.15,2075.92,2487.44,0.0,0.0
599.76,56.56,64.52,59.38,59.34,7101.01,2074.82,2486.97,0.0,0.0
599.81,56.58,64.5,59.39,59.34,7100.07,2075.92,2486.73,0.0,0.0
599.96,56.53,64.51,59.39,59.34,7102.58,2075.7,2486.26,0.0,0.0
600.01,56.53,64.51,59.37,59.34,7102.58,2075.48,2488.15,0.0,0.0
600.15,56.52,64.51,59.38,59.34,7102.89,2075.26,2487.44,0.0,0.0
600.29,56.55,64.48,59.38,59.34,7101.64,2077.47,2487.44,0.0,0.0
600.39,56.49,64.51,59.38,59.34,7103.84,2075.48,2487.44,0.0,0.0
600.48,56.49,64.52,59.38,59.34,7104.77,2074.82,2486.97,0.0,0.0
600.53,56.55,64.52,59.4,59.34,7101.95,2075.04,2485.31,0.0,0.0
600.67,56.53,64.52,59.42,59.34,7102.58,2074.82,2484.13,0.0,0.0
600.72,56.51,64.52,59.4,59.34,7103.52,2074.82,2485.78,0.0,0.0
600.85,56.53,64.53,59.4,59.34,7102.58,2073.71,2486.02,0.0,0.0
600.95,56.55,64.52,59.41,59.34,7101.33,2074.82,2484.6,0.0,0.0
601.09,56.55,64.54,59.41,59.35,7101.64,2073.49,2484.84,0.0,0.0
601.14,56.55,64.52,59.4,59.35,7102.27,2074.59,2485.55,0.0,0.0
601.28,56.55,64.51,59.41,59.35,7101.95,2075.26,2484.6,0.0,0.0
601.33,56.55,64.51,59.41,59.35,7101.95,2075.48,2484.36,0.0,0.0
601.46,56.55,64.51,59.4,59.35,7101.95,2075.48,2485.78,0.0,0.0
601.51,56.55,64.52,59.42,59.35,7101.95,2074.37,2483.42,0.0,0.0
601.65,56.49,64.51,59.42,59.35,7103.84,2075.26,2484.13,0.0,0.0
601.78,56.55,64.51,59.41,59.35,7102.27,2075.26,2484.6,0.0,0.0
601.83,56.53,64.49,59.42,59.35,7102.58,2076.81,2483.42,0.0,0.0
601.96,56.48,64.5,59.4,59.35,7104.46,2076.36,2485.55,0.0,0.0
602.02,56.55,64.5,59.42,59.35,7101.33,2076.14,2484.13,0.0,0.0
602.14,56.48,64.51,59.41,59.35,7104.46,2075.48,2484.6,0.0,0.0
602.25,56.45,64.5,59.41,59.35,7106.34,2076.36,2484.6,0.0,0.0
602.38,56.55,64.5,59.42,59.35,7101.95,2076.14,2483.89,0.0,0.0
602.44,56.45,64.49,59.41,59.36,7106.34,2077.03,2484.36,0.0,0.0
602.57,56.51,64.5,59.42,59.36,7103.52,2076.14,2483.42,0.0,0.0
602.62,56.49,64.47,59.42,59.36,7104.77,2078.36,2483.65,0.0,0.0
602.76,56.48,64.48,59.42,59.36,7105.09,2077.47,2483.89,0.0,0.0
602.81,56.48,64.49,59.42,59.36,7104.46,2076.59,2483.65,0.0,0.0
602.95,56.49,64.49,59.45,59.36,7104.15,2077.03,2481.29,0.0,0.0
603.09,56.49,64.47,59.43,59.36,7104.77,2078.58,2483.18,0.0,0.0
603.13,56.48,64.48,59.43,59.36,7105.09,2077.69,2483.18,0.0,0.0
603.27,56.49,64.47,59.44,59.36,7104.15,2078.13,2482.23,0.0,0.0
603.32,56.46,64.49,59.44,59.36,7105.71,2077.03,2482.47,0.0,0.0
603.46,56.49,64.45,59.44,59.36,7104.15,2079.68,2481.76,0.0,0.0
603.55,56.51,64.49,59.45,59.36,7103.21,2077.03,2481.52,0.0,0.0
603.68,56.49,64.48,59.44,59.36,7104.15,2077.91,2482.0,0.0,0.0
603.73,56.48,64.47,59.45,59.36,7105.09,2078.36,2481.52,0.0,0.0
603.87,56.49,64.48,59.45,59.36,7103.84,2077.25,2481.29,0.0,0.0
603.92,56.42,64.48,59.43,59.36,7106.97,2077.91,2482.71,0.0,0.0
604.06,56.46,64.48,59.44,59.36,7105.71,2077.91,2481.76,0.0,0.0
604.16,56.42,64.48,59.45,59.37,7107.6,2077.69,2481.05,0.0,0.0
604.25,56.49,64.48,59.45,59.37,7104.77,2077.91,2481.52,0.0,0.0
604.39,56.45,64.45,59.47,59.37,7106.03,2079.46,2479.63,0.0,0.0
604.44,56.49,64.46,59.46,59.37,7104.15,2079.02,2480.11,0.0,0.0
604.57,56.48,64.46,59.44,59.37,7104.46,2078.8,2482.0,0.0,0.0
604.67,56.49,64.45,59.46,59.37,7104.15,2079.46,2480.34,0.0,0.0
604.76,56.48,64.49,59.47,59.37,7105.09,2077.03,2479.63,0.0,0.0
604.81,56.48,64.48,59.45,59.37,7104.46,2077.47,2480.81,0.0,0.0
604.96,56.48,64.48,59.45,59.37,7105.09,2077.69,2480.81,0.0,0.0
605.01,56.47,64.47,59.46,59.37,7105.4,2078.36,2480.34,0.0,0.0
605.19,56.49,64.46,59.46,59.37,7104.77,2078.8,2480.34,0.0,0.0
605.24,56.51,64.47,59.46,59.37,7103.21,2078.36,2479.87,0.0,0.0
605.37,56.47,64.47,59.47,59.37,7105.4,2078.58,2479.16,0.0,0.0
605.42,56.47,64.47,59.49,59.37,7105.4,2078.13,2477.5,0.0,0.0
605.55,56.49,64.48,59.47,59.37,7104.15,2077.25,2479.16,0.0,0.0
605.69,56.42,64.49,59.47,59.37,7106.97,2077.03,2479.16,0.0,0.0
605.75,56.48,64.47,59.47,59.37,7104.46,2078.36,2479.4,0.0,0.0
605.85,56.48,64.48,59.46,59.37,7104.46,2077.25,2480.11,0.0,0.0
605.94,56.45,64.46,59.48,59.37,7106.34,2078.8,2478.69,0.0,0.0
606.05,56.45,64.48,59.46,59.37,7106.03,2077.25,2479.87,0.0,0.0
606.14,56.45,64.47,59.46,59.37,7106.03,2078.13,2480.11,0.0,0.0
606.27,56.46,64.46,59.47,59.37,7105.71,2079.02,2479.4,0.0,0.0
606.32,56.47,64.47,59.45,59.38,7105.4,2078.13,2480.81,0.0,0.0
606.49,56.49,64.48,59.46,59.38,7104.77,2077.91,2479.87,0.0,0.0
606.54,56.45,64.47,59.45,59.38,7106.03,2078.13,2480.81,0.0,0.0
606.67,56.39,64.46,59.45,59.38,7108.85,2079.24,2480.81,0.0,0.0
606.73,56.48,64.45,59.45,59.38,7104.46,2079.68,2481.05,0.0,0.0
606.86,56.45,64.47,59.44,59.38,7106.34,2078.58,2481.76,0.0,0.0
606.95,56.45,64.44,59.45,59.38,7106.03,2080.57,2481.52,0.0,0.0
607.05,56.42,64.45,59.43,59.38,7107.6,2079.46,2482.94,0.0,0.0
607.15,56.42,64.46,59.44,59.38,7107.28,2079.24,2481.76,0.0,0.0
607.22,56.44,64.44,59.44,59.38,7106.65,2080.79,2482.0,0.0,0.0
607.32,56.41,64.45,59.45,59.38,7107.91,2079.68,2481.05,0.0,0.0
607.45,56.42,64.44,59.44,59.38,7106.97,2080.79,2482.47,0.0,0.0
607.53,56.45,64.44,59.43,59.38,7106.03,2080.13,2482.71,0.0,0.0
607.65,56.4,64.45,59.42,59.38,7108.54,2079.68,2483.42,0.0,0.0
607.79,56.44,64.45,59.42,59.38,7106.65,2079.91,2483.42,0.0,0.0
607.84,56.44,64.44,59.44,59.38,7106.65,2080.13,2482.23,0.0,0.0
607.93,56.4,64.44,59.41,59.38,7108.54,2080.57,2484.84,0.0,0.0
608.02,56.42,64.44,59.41,59.38,7107.6,2080.35,2484.36,0.0,0.0
608.16,56.39,64.45,59.4,59.38,7108.85,2079.46,2485.31,0.0,0.0
608.29,56.44,64.45,59.41,59.38,7106.65,2079.91,2484.84,0.0,0.0
608.35,56.44,64.46,59.42,59.38,7106.65,2078.8,2484.13,0.0,0.0
608.48,56.45,64.46,59.41,59.38,7106.03,2078.8,2484.84,0.0,0.0
608.56,56.45,64.44,59.4,59.38,7106.34,2080.13,2485.55,0.0,0.0
608.67,56.48,64.46,59.4,59.38,7104.46,2079.02,2486.02,0.0,0.0
608.72,56.44,64.45,59.41,59.38,7106.65,2079.91,2484.6,0.0,0.0
608.86,56.4,64.45,59.39,59.38,7108.22,2079.46,2486.26,0.0,0.0
608.95,56.44,64.43,59.4,59.38,7106.65,2081.01,2486.02,0.0,0.0
609.08,56.42,64.45,59.39,59.38,7106.97,2079.46,2486.49,0.0,0.0
609.13,56.42,64.43,59.38,59.39,7107.6,2081.01,2487.68,0.0,0.0
609.27,56.42,64.44,59.37,59.39,7107.6,2080.57,2487.91,0.0,0.0
609.36,56.42,64.45,59.38,59.39,7107.28,2079.68,2487.44,0.0,0.0
609.51,56.48,64.44,59.38,59.39,7104.46,2080.35,2487.44,0.0,0.0
609.57,56.41,64.42,59.36,59.39,7107.91,2081.9,2488.86,0.0,0.0
609.68,56.46,64.45,59.37,59.39,7105.71,2079.68,2488.15,0.0,0.0
609.73,56.39,64.45,59.36,59.39,7108.85,2079.91,2488.86,0.0,0.0
609.88,56.46,64.45,59.36,59.39,7105.71,2079.46,2488.86,0.0,0.0
609.93,56.49,64.46,59.36,59.39,7104.77,2078.8,2488.86,0.0,0.0
610.07,56.42,64.46,59.35,59.39,7106.97,2078.8,2489.81,0.0,0.0
610.18,56.48,64.45,59.35,59.39,7105.09,2079.68,2490.52,0.0,0.0
610.27,56.49,64.44,59.35,59.39,7104.77,2080.35,2490.04,0.0,0.0
610.32,56.45,64.45,59.36,59.39,7106.03,2079.91,2488.86,0.0,0.0
610.45,56.48,64.47,59.36,59.39,7105.09,2078.13,2489.57,0.0,0.0
610.6,56.53,64.44,59.35,59.39,7102.58,2080.13,2490.52,0.0,0.0
610.65,56.46,64.48,59.35,59.39,7105.71,2077.69,2490.04,0.0,0.0
610.81,56.42,64.46,59.36,59.39,7107.6,2079.02,2489.33,0.0,0.0
610.87,56.49,64.48,59.36,59.39,7103.84,2077.91,2489.1,0.0,0.0
610.95,56.49,64.46,59.36,59.39,7103.84,2078.8,2489.33,0.0,0.0
611.05,56.49,64.46,59.35,59.39,7103.84,2078.8,2489.81,0.0,0.0
611.18,56.48,64.45,59.36,59.39,7105.09,2079.68,2489.33,0.0,0.0
611.24,56.49,64.47,59.37,59.39,7104.15,2078.58,2488.15,0.0,0.0
611.37,56.46,64.47,59.35,59.39,7105.71,2078.36,2490.04,0.0,0.0
611.42,56.48,64.45,59.37,59.39,7105.09,2079.68,2488.39,0.0,0.0
611.56,56.51,64.48,59.37,59.39,7103.21,2077.91,2488.62,0.0,0.0
611.7,56.44,64.46,59.36,59.39,7106.65,2079.24,2489.1,0.0,0.0
611.76,56.55,64.48,59.37,59.39,7102.27,2077.25,2488.62,0.0,0.0
611.91,56.52,64.48,59.36,59.39,7102.89,2077.91,2489.33,0.0,0.0
611.96,56.53,64.47,59.38,59.39,7102.58,2078.36,2487.44,0.0,0.0
612.1,56.52,64.47,59.37,59.39,7102.89,2078.13,2487.91,0.0,0.0
612.15,56.51,64.47,59.36,59.39,7103.21,2078.13,2489.1,0.0,0.0
612.28,56.52,64.5,59.37,59.39,7102.89,2076.14,2488.15,0.0,0.0
612.33,56.51,64.48,59.37,59.39,7103.52,2077.47,2488.15,0.0,0.0
612.46,56.48,64.48,59.35,59.39,7105.09,2077.91,2490.28,0.0,0.0
612.59,56.51,64.48,59.36,59.4,7103.52,2077.47,2488.86,0.0,0.0
612.68,56.49,64.49,59.37,59.4,7104.15,2076.81,2487.91,0.0,0.0
612.73,56.53,64.49,59.37,59.4,7102.58,2076.59,2488.39,0.0,0.0
612.87,56.55,64.48,59.37,59.4,7101.95,2077.69,2488.39,0.0,0.0
612.93,56.53,64.5,59.37,59.4,7102.58,2076.14,2488.39,0.0,0.0
613.07,56.49,64.48,59.35,59.4,7103.84,2077.47,2489.81,0.0,0.0
613.21,56.55,64.49,59.36,59.4,7101.33,2076.59,2489.1,0.0,0.0
613.26,56.55,64.47,59.38,59.4,7101.33,2078.13,2487.44,0.0,0.0
613.4,56.51,64.49,59.37,59.4,7103.52,2077.03,2488.39,0.0,0.0
613.45,56.55,64.48,59.37,59.4,7101.95,2077.91,2488.62,0.0,0.0
613.59,56.49,64.48,59.37,59.4,7103.84,2077.47,2488.39,0.0,0.0
613.64,56.58,64.49,59.36,59.4,7099.76,2076.59,2489.57,0.0,0.0
613.74,56.53,64.49,59.37,59.4,7102.58,2077.03,2488.62,0.0,0.0
613.83,56.55,64.48,59.36,59.4,7101.64,2077.25,2489.1,0.0,0.0
613.96,56.52,64.47,59.36,59.4,7102.89,2078.58,2489.33,0.0,0.0
614.06,56.56,64.49,59.36,59.4,7101.01,2076.81,2489.1,0.0,0.0
614.2,56.55,64.48,59.36,59.4,7101.64,2077.69,2489.33,0.0,0.0
614.25,56.53,64.48,59.35,59.4,7102.58,2077.47,2490.04,0.0,0.0
614.39,56.55,64.48,59.36,59.4,7102.27,2077.47,2488.86,0.0,0.0
614.44,56.55,64.47,59.36,59.4,7101.64,2078.13,2488.86,0.0,0.0
614.58,56.56,64.48,59.38,59.4,7101.01,2077.25,2486.97,0.0,0.0
614.63,56.51,64.48,59.36,59.4,7103.52,2077.25,2489.1,0.0,0.0
614.76,56.55,64.46,59.37,59.4,7101.64,2078.8,2488.15,0.0,0.0
614.87,56.53,64.49,59.38,59.4,7102.58,2077.03,2487.44,0.0,0.0
614.95,56.55,64.5,59.36,59.4,7101.33,2076.36,2489.1,0.0,0.0
615.04,56.56,64.46,59.35,59.4,7101.01,2079.02,2489.81,0.0,0.0
615.13,56.53,64.48,59.36,59.4,7102.58,2077.69,2488.86,0.0,0.0
615.26,56.51,64.48,59.36,59.4,7103.52,2077.91,2489.1,0.0,0.0
615.36,56.55,64.48,59.35,59.41,7102.27,2077.47,2490.04,0.0,0.0
615.45,56.51,64.48,59.36,59.41,7103.21,2077.47,2489.57,0.0,0.0
615.55,56.55,64.49,59.36,59.41,7101.95,2076.81,2489.57,0.0,0.0
615.69,56.49,64.49,59.36,59.41,7104.77,2076.81,2489.1,0.0,0.0
615.79,56.55,64.49,59.35,59.41,7101.64,2076.81,2490.28,0.0,0.0
615.88,56.52,64.49,59.36,59.41,7102.89,2076.81,2488.86,0.0,0.0
615.94,56.55,64.47,59.35,59.41,7102.27,2078.36,2490.04,0.0,0.0
616.08,56.53,64.52,59.35,59.41,7102.58,2075.04,2489.81,0.0,0.0
616.19,56.49,64.47,59.36,59.41,7103.84,2078.13,2489.1,0.0,0.0
616.27,56.55,64.45,59.36,59.41,7101.64,2079.46,2489.33,0.0,0.0
616.33,56.55,64.47,59.36,59.41,7101.33,2078.13,2489.57,0.0,0.0
616.47,56.55,64.48,59.34,59.41,7101.33,2077.91,2490.99,0.0,0.0
616.56,56.52,64.49,59.35,59.41,7102.89,2076.81,2490.04,0.0,0.0
616.66,56.52,64.48,59.37,59.41,7102.89,2077.47,2488.15,0.0,0.0
616.8,56.55,64.48,59.36,59.41,7101.95,2077.91,2489.33,0.0,0.0
616.85,56.55,64.48,59.37,59.41,7101.95,2077.91,2488.62,0.0,0.0
616.99,56.56,64.5,59.35,59.41,7101.01,2076.36,2490.28,0.0,0.0
617.09,56.58,64.49,59.36,59.41,7100.07,2076.59,2489.1,0.0,0.0
617.18,56.55,64.48,59.35,59.41,7101.95,2077.47,2490.52,0.0,0.0
617.24,56.53,64.5,59.37,59.41,7102.58,2076.36,2488.62,0.0,0.0
617.37,56.55,64.48,59.35,59.41,7101.33,2077.25,2490.28,0.0,0.0
617.44,56.57,64.5,59.36,59.41,7100.38,2076.36,2488.86,0.0,0.0
617.58,56.55,64.49,59.35,59.41,7101.95,2076.59,2490.28,0.0,0.0
617.64,56.49,64.51,59.35,59.41,7104.77,2075.7,2490.04,0.0,0.0
617.78,56.53,64.52,59.36,59.41,7102.58,2075.04,2489.1,0.0,0.0
617.84,56.55,64.49,59.35,59.41,7101.33,2077.03,2490.28,0.0,0.0
618.02,56.55,64.5,59.35,59.41,7102.27,2076.14,2490.04,0.0,0.0
618.07,56.57,64.49,59.35,59.41,7100.38,2077.03,2490.04,0.0,0.0
618.16,56.55,64.49,59.35,59.41,7102.27,2076.81,2490.04,0.0,0.0
618.25,56.55,64.49,59.35,59.41,7101.95,2077.03,2489.81,0.0,0.0
618.4,56.56,64.48,59.36,59.41,7101.01,2077.69,2489.57,0.0,0.0
618.45,56.55,64.51,59.36,59.41,7101.33,2075.7,2489.57,0.0,0.0
618.59,56.55,64.52,59.37,59.42,7101.64,2074.59,2488.62,0.0,0.0
618.65,56.51,64.51,59.36,59.42,7103.21,2075.26,2488.86,0.0,0.0
618.79,56.55,64.51,59.36,59.42,7101.95,2075.7,2489.1,0.0,0.0
618.84,56.53,64.5,59.38,59.42,7102.58,2075.92,2487.44,0.0,0.0
618.98,56.57,64.52,59.36,59.42,7100.38,2075.04,2489.57,0.0,0.0
619.08,56.58,64.51,59.37,59.42,7099.76,2075.26,2488.39,0.0,0.0
619.18,56.58,64.52,59.35,59.42,7099.76,2075.04,2490.04,0.0,0.0
619.22,56.57,64.52,59.37,59.42,7100.7,2074.37,2487.91,0.0,0.0
619.36,56.55,64.53,59.37,59.42,7102.27,2074.15,2487.91,0.0,0.0
619.5,56.57,64.51,59.38,59.42,7100.38,2075.26,2487.68,0.0,0.0
619.55,56.56,64.51,59.37,59.42,7101.01,2075.48,2488.39,0.0,0.0
619.65,56.57,64.52,59.38,59.42,7100.7,2074.82,2487.68,0.0,0.0
619.74,56.58,64.5,59.38,59.42,7100.07,2076.14,2487.44,0.0,0.0
619.85,56.56,64.54,59.37,59.42,7101.01,2073.05,2487.91,0.0,0.0
619.93,56.56,64.52,59.39,59.42,7101.01,2074.59,2486.49,0.0,0.0
620.07,56.57,64.52,59.37,59.42,7100.38,2074.82,2487.91,0.0,0.0
620.12,56.55,64.52,59.39,59.42,7101.95,2075.04,2486.49,0.0,0.0
620.26,56.57,64.52,59.4,59.42,7100.38,2074.59,2485.55,0.0,0.0
620.36,56.52,64.51,59.37,59.42,7102.89,2075.26,2488.62,0.0,0.0
620.51,56.57,64.53,59.37,59.42,7100.7,2073.71,2488.39,0.0,0.0
620.56,56.58,64.51,59.39,59.42,7099.76,2075.48,2486.73,0.0,0.0
620.7,56.53,64.5,59.37,59.42,7102.58,2075.92,2488.15,0.0,0.0
620.82,56.55,64.5,59.38,59.42,7101.95,2076.14,2486.97,0.0,0.0
620.86,56.58,64.51,59.37,59.42,7099.76,2075.48,2488.15,0.0,0.0
620.96,56.55,64.53,59.38,59.42,7102.27,2074.15,2487.68,0.0,0.0
621.1,56.55,64.52,59.39,59.42,7101.33,2074.82,2486.73,0.0,0.0
621.15,56.57,64.51,59.38,59.43,7100.38,2075.48,2487.44,0.0,0.0
621.29,56.56,64.52,59.37,59.43,7101.01,2075.04,2487.91,0.0,0.0
621.34,56.57,64.52,59.37,59.43,7100.7,2074.59,2487.91,0.0,0.0
621.43,56.55,64.52,59.37,59.43,7101.95,2074.37,2487.91,0.0,0.0
621.52,56.55,64.51,59.38,59.43,7101.33,2075.26,2487.68,0.0,0.0
621.65,56.58,64.53,59.35,59.43,7100.07,2073.71,2490.04,0.0,0.0
621.77,56.58,64.51,59.37,59.43,7100.07,2075.48,2488.39,0.0,0.0
621.85,56.62,64.53,59.36,59.43,7098.82,2074.15,2488.86,0.0,0.0
622.0,56.55,64.53,59.37,59.43,7101.33,2074.15,2488.15,0.0,0.0
622.05,56.52,64.52,59.35,59.43,7102.89,2075.04,2489.81,0.0,0.0
622.19,56.56,64.52,59.34,59.43,7101.01,2075.04,2490.99,0.0,0.0
622.25,56.55,64.51,59.37,59.43,7101.33,2075.48,2488.62,0.0,0.0
622.38,56.57,64.54,59.37,59.43,7100.7,2073.49,2488.15,0.0,0.0
622.48,56.53,64.52,59.35,59.43,7102.58,2074.82,2490.04,0.0,0.0
622.53,56.6,64.52,59.37,59.43,7099.45,2074.37,2488.39,0.0,0.0
622.67,56.58,64.53,59.37,59.43,7100.07,2073.71,2488.62,0.0,0.0
622.81,56.55,64.52,59.39,59.43,7101.95,2075.04,2486.49,0.0,0.0
622.87,56.55,64.54,59.36,59.43,7101.64,2073.49,2489.33,0.0,0.0
622.96,56.55,64.54,59.38,59.43,7101.95,2073.49,2487.68,0.0,0.0
623.06,56.55,64.53,59.38,59.43,7101.95,2074.15,2487.44,0.0,0.0
623.19,56.56,64.53,59.38,59.43,7101.01,2073.93,2487.44,0.0,0.0
623.25,56.57,64.54,59.38,59.43,7100.38,2073.49,2486.97,0.0,0.0
623.4,56.63,64.55,59.36,59.43,7097.88,2072.82,2488.86,0.0,0.0
623.45,56.6,64.52,59.37,59.43,7099.45,2074.37,2488.15,0.0,0.0
623.6,56.58,64.55,59.38,59.43,7100.07,2072.82,2486.97,0.0,0.0
623.65,56.6,64.53,59.38,59.43,7099.45,2074.15,2487.68,0.0,0.0
623.79,56.55,64.55,59.37,59.43,7101.33,2072.82,2488.39,0.0,0.0
623.9,56.56,64.53,59.38,59.44,7101.01,2073.93,2486.97,0.0,0.0
624.0,56.58,64.55,59.38,59.44,7100.07,2072.38,2486.97,0.0,0.0
624.04,56.56,64.54,59.39,59.44,7101.01,2073.27,2486.26,0.0,0.0
624.14,56.6,64.56,59.37,59.44,7099.45,2071.94,2488.39,0.0,0.0
624.23,56.61,64.56,59.4,59.44,7099.13,2072.16,2486.02,0.0,0.0
624.38,56.61,64.55,59.39,59.44,7099.13,2072.6,2486.26,0.0,0.0
624.47,56.58,64.56,59.38,59.44,7100.07,2071.72,2486.97,0.0,0.0
624.57,56.6,64.59,59.39,59.44,7099.45,2069.95,2486.26,0.0,0.0
624.7,56.61,64.56,59.39,59.44,7099.13,2071.72,2486.49,0.0,0.0
624.75,56.61,64.58,59.37,59.44,7099.13,2070.61,2488.15,0.0,0.0
624.88,56.58,64.59,59.4,59.44,7100.07,2069.73,2485.78,0.0,0.0
624.95,56.58,64.57,59.4,59.44,7100.07,2071.28,2486.02,0.0,0.0
625.09,56.62,64.57,59.39,59.44,7098.5,2071.06,2486.49,0.0,0.0
625.14,56.58,64.58,59.39,59.44,7099.76,2070.39,2486.73,0.0,0.0
625.29,56.57,64.59,59.39,59.44,7100.7,2069.95,2486.73,0.0,0.0
625.36,56.58,64.59,59.39,59.44,7099.76,2069.73,2486.73,0.0,0.0
625.51,56.58,64.59,59.37,59.44,7100.07,2069.51,2488.15,0.0,0.0
625.57,56.57,64.59,59.37,59.44,7100.38,2069.95,2488.39,0.0,0.0
625.72,56.61,64.59,59.39,59.44,7099.13,2069.73,2486.49,0.0,0.0
625.77,56.63,64.6,59.37,59.44,7097.88,2069.29,2488.62,0.0,0.0
625.88,56.58,64.6,59.38,59.44,7099.76,2069.07,2487.68,0.0,0.0
625.97,56.57,64.63,59.37,59.44,7100.7,2067.08,2488.39,0.0,0.0
626.11,56.62,64.63,59.35,59.45,7098.82,2066.86,2489.81,0.0,0.0
626.16,56.58,64.62,59.35,59.45,7099.76,2067.3,2489.81,0.0,0.0
626.29,56.61,64.62,59.37,59.45,7099.13,2067.3,2487.91,0.0,0.0
626.34,56.62,64.63,59.36,59.45,7098.5,2066.64,2489.33,0.0,0.0
626.44,56.62,64.62,59.37,59.45,7098.82,2067.52,2487.91,0.0,0.0
626.55,56.58,64.65,59.37,59.45,7099.76,2065.53,2487.91,0.0,0.0
626.68,56.6,64.64,59.37,59.45,7099.45,2065.75,2487.91,0.0,0.0
626.78,56.6,64.64,59.37,59.45,7099.45,2065.75,2487.91,0.0,0.0
626.87,56.57,64.67,59.37,59.45,7100.38,2064.21,2487.91,0.0,0.0
627.0,56.62,64.64,59.38,59.45,7098.5,2065.75,2487.68,0.0,0.0
627.06,56.55,64.65,59.38,59.45,7101.95,2065.31,2487.68,0.0,0.0
627.18,56.58,64.66,59.39,59.45,7100.07,2064.87,2486.26,0.0,0.0
627.23,56.62,64.68,59.38,59.45,7098.82,2063.32,2487.2,0.0,0.0
627.37,56.61,64.68,59.38,59.45,7099.13,2063.1,2487.68,0.0,0.0
627.48,56.58,64.67,59.37,59.45,7100.07,2063.98,2488.15,0.0,0.0
627.58,56.58,64.67,59.39,59.45,7099.76,2064.21,2486.73,0.0,0.0
627.63,56.56,64.67,59.39,59.46,7101.01,2063.76,2486.26,0.0,0.0
627.82,56.58,64.68,59.38,59.46,7099.76,2063.54,2487.2,0.0,0.0
627.87,56.61,64.68,59.36,59.46,7099.13,2063.54,2488.86,0.0,0.0
628.01,56.58,64.68,59.39,59.46,7100.07,2063.32,2486.26,0.0,0.0
628.07,56.55,64.68,59.4,59.46,7101.64,2063.54,2485.31,0.0,0.0
628.16,56.58,64.65,59.4,59.46,7100.07,2065.09,2486.02,0.0,0.0
628.26,56.61,64.66,59.38,59.46,7099.13,2064.87,2487.44,0.0,0.0
628.41,56.58,64.65,59.38,59.46,7100.07,2065.31,2487.44,0.0,0.0
628.46,56.55,64.65,59.37,59.46,7101.33,2065.09,2487.91,0.0,0.0
628.61,56.58,64.67,59.38,59.46,7099.76,2064.21,2487.2,0.0,0.0
628.65,56.55,64.65,59.39,59.46,7101.64,2065.53,2486.49,0.0,0.0
628.8,56.55,64.64,59.38,59.46,7101.33,2065.75,2486.97,0.0,0.0
628.85,56.58,64.62,59.38,59.47,7099.76,2067.52,2487.44,0.0,0.0
629.0,56.57,64.64,59.37,59.47,7100.7,2065.75,2487.91,0.0,0.0
629.05,56.58,64.64,59.38,59.47,7100.07,2065.75,2486.97,0.0,0.0
629.19,56.58,64.68,59.38,59.47,7099.76,2063.1,2487.2,0.0,0.0
629.28,56.55,64.67,59.4,59.47,7101.33,2064.21,2486.02,0.0,0.0
629.38,56.56,64.67,59.4,59.47,7101.01,2063.98,2485.78,0.0,0.0
629.5,56.55,64.64,59.39,59.47,7102.27,2066.19,2486.73,0.0,0.0
629.57,56.57,64.63,59.4,59.47,7100.38,2067.08,2485.55,0.0,0.0
629.67,56.62,64.66,59.4,59.47,7098.82,2064.65,2485.55,0.0,0.0
629.76,56.55,64.68,59.39,59.47,7102.27,2063.1,2486.26,0.0,0.0
629.9,56.56,64.65,59.39,59.47,7101.01,2065.09,2486.49,0.0,0.0
629.96,56.57,64.67,59.41,59.47,7100.38,2063.76,2485.07,0.0,0.0
630.09,56.57,64.67,59.4,59.47,7100.38,2063.98,2485.55,0.0,0.0
630.19,56.55,64.65,59.4,59.47,7101.33,2065.53,2485.31,0.0,0.0
630.28,56.57,64.66,59.38,59.48,7100.38,2064.43,2487.2,0.0,0.0
630.33,56.58,64.67,59.4,59.48,7099.76,2063.98,2485.31,0.0,0.0
630.48,56.55,64.64,59.41,59.48,7101.95,2066.19,2484.6,0.0,0.0
630.57,56.57,64.63,59.38,59.48,7100.38,2067.08,2487.44,0.0,0.0
630.71,56.55,64.64,59.4,59.48,7101.64,2065.97,2485.78,0.0,0.0
630.76,56.55,64.65,59.41,59.48,7101.33,2065.53,2485.07,0.0,0.0
630.89,56.58,64.64,59.4,59.48,7100.07,2065.75,2485.78,0.0,0.0
631.0,56.58,64.65,59.4,59.48,7099.76,2065.53,2486.02,0.0,0.0
631.09,56.58,64.65,59.41,59.48,7100.07,2065.53,2484.84,0.0,0.0
631.14,56.57,64.63,59.41,59.48,7100.7,2066.64,2485.07,0.0,0.0
631.28,56.55,64.65,59.41,59.48,7102.27,2065.09,2485.07,0.0,0.0
631.38,56.57,64.63,59.38,59.48,7100.7,2066.64,2486.97,0.0,0.0
631.47,56.57,64.64,59.38,59.48,7100.7,2065.97,2487.44,0.0,0.0
631.6,56.56,64.64,59.38,59.48,7101.01,2065.97,2487.68,0.0,0.0
631.65,56.56,64.66,59.4,59.48,7101.01,2064.87,2485.55,0.0,0.0
631.78,56.57,64.64,59.38,59.49,7100.7,2065.97,2486.97,0.0,0.0
631.87,56.58,64.64,59.39,59.49,7099.76,2066.19,2486.26,0.0,0.0
632.0,56.55,64.65,59.38,59.49,7101.95,2065.09,2487.68,0.0,0.0
632.05,56.57,64.66,59.39,59.49,7100.7,2064.87,2486.49,0.0,0.0
632.18,56.55,64.66,59.37,59.49,7101.33,2064.87,2488.39,0.0,0.0
632.27,56.58,64.63,59.37,59.49,7100.07,2066.64,2487.91,0.0,0.0
632.36,56.55,64.65,59.39,59.49,7101.33,2065.53,2486.73,0.0,0.0
632.47,56.55,64.62,59.4,59.49,7101.64,2067.52,2486.02,0.0,0.0
632.58,56.55,64.65,59.37,59.49,7101.64,2065.31,2488.62,0.0,0.0
632.7,56.55,64.63,59.38,59.49,7101.64,2066.86,2487.2,0.0,0.0
632.77,56.6,64.63,59.38,59.49,7099.45,2066.86,2487.44,0.0,0.0
632.9,56.55,64.62,59.37,59.49,7101.64,2067.52,2488.15,0.0,0.0
632.96,56.57,64.61,59.36,59.49,7100.38,2068.4,2488.86,0.0,0.0
633.09,56.55,64.61,59.35,59.49,7102.27,2068.18,2490.52,0.0,0.0
633.14,56.58,64.6,59.35,59.49,7099.76,2068.84,2489.81,0.0,0.0
633.27,56.6,64.6,59.35,59.49,7099.45,2069.07,2490.52,0.0,0.0
633.41,56.57,64.6,59.36,59.5,7100.7,2069.07,2489.57,0.0,0.0
633.46,56.55,64.59,59.35,59.5,7101.64,2069.95,2490.04,0.0,0.0
633.59,56.58,64.58,59.36,59.5,7100.07,2070.17,2488.86,0.0,0.0
633.65,56.55,64.59,59.35,59.5,7102.27,2069.73,2490.04,0.0,0.0
633.78,56.56,64.59,59.35,59.5,7101.01,2069.51,2489.81,0.0,0.0
633.91,56.6,64.57,59.35,59.5,7099.45,2071.28,2490.52,0.0,0.0
633.99,56.57,64.57,59.35,59.5,7100.7,2070.83,2490.04,0.0,0.0
634.09,56.55,64.57,59.34,59.5,7101.64,2071.06,2491.23,0.0,0.0
634.18,56.58,64.57,59.34,59.5,7100.07,2071.28,2491.23,0.0,0.0
634.29,56.58,64.56,59.33,59.5,7100.07,2071.72,2492.18,0.0,0.0
634.37,56.56,64.55,59.34,59.5,7101.01,2072.38,2490.99,0.0,0.0
634.49,56.55,64.57,59.33,59.5,7102.27,2071.28,2492.18,0.0,0.0
634.55,56.58,64.54,59.33,59.5,7100.07,2073.49,2491.94,0.0,0.0
634.69,56.57,64.55,59.32,59.5,7100.7,2072.82,2492.41,0.0,0.0
634.78,56.57,64.55,59.34,59.5,7100.7,2072.38,2491.23,0.0,0.0
634.86,56.57,64.56,59.32,59.5,7100.38,2072.16,2492.65,0.0,0.0
634.96,56.56,64.56,59.31,59.5,7101.01,2071.94,2493.36,0.0,0.0
635.1,56.55,64.55,59.34,59.5,7101.33,2072.82,2491.23,0.0,0.0
635.14,56.55,64.54,59.31,59.5,7101.33,2073.49,2494.07,0.0,0.0
635.27,56.58,64.56,59.32,59.5,7100.07,2071.94,2492.65,0.0,0.0
635.4,56.58,64.54,59.33,59.5,7100.07,2073.27,2491.7,0.0,0.0
635.46,56.57,64.55,59.33,59.5,7100.38,2072.82,2491.47,0.0,0.0
635.59,56.55,64.55,59.33,59.5,7101.33,2072.82,2491.47,0.0,0.0
635.64,56.56,64.55,59.32,59.5,7101.01,2072.38,2492.41,0.0,0.0
635.78,56.55,64.55,59.33,59.5,7101.95,2072.38,2491.47,0.0,0.0
635.84,56.57,64.52,59.33,59.5,7100.38,2074.59,2491.47,0.0,0.0
635.97,56.56,64.54,59.32,59.5,7101.01,2073.05,2492.65,0.0,0.0
636.12,56.56,64.53,59.33,59.5,7101.01,2074.15,2491.94,0.0,0.0
636.21,56.58,64.55,59.32,59.5,7100.07,2072.6,2492.65,0.0,0.0
636.33,56.55,64.53,59.34,59.5,7101.64,2074.15,2490.76,0.0,0.0
636.43,56.51,64.52,59.34,59.5,7103.21,2074.59,2491.23,0.0,0.0
636.44,56.55,64.52,59.33,59.5,7101.95,2074.82,2491.94,0.0,0.0
636.6,56.55,64.52,59.33,59.5,7101.64,2074.82,2491.47,0.0,0.0
636.66,56.57,64.55,59.33,59.5,7100.38,2072.82,2491.94,0.0,0.0
636.81,56.52,64.52,59.35,59.5,7102.89,2074.37,2490.52,0.0,0.0
636.87,56.53,64.5,59.33,59.5,7102.58,2075.92,2492.18,0.0,0.0
636.99,56.55,64.49,59.33,59.5,7101.95,2076.59,2492.18,0.0,0.0
637.07,56.57,64.5,59.32,59.5,7100.7,2076.36,2492.65,0.0,0.0
637.21,56.55,64.49,59.31,59.5,7101.64,2077.03,2493.6,0.0,0.0
637.27,56.51,64.47,59.31,59.51,7103.52,2078.58,2493.6,0.0,0.0
637.41,56.55,64.48,59.31,59.51,7101.64,2077.25,2494.07,0.0,0.0
637.46,56.55,64.48,59.32,59.51,7101.64,2077.25,2493.12,0.0,0.0
637.6,56.55,64.49,59.31,59.51,7101.95,2076.81,2493.36,0.0,0.0
637.7,56.51,64.48,59.32,59.51,7103.21,2077.69,2492.65,0.0,0.0
637.79,56.56,64.48,59.31,59.51,7101.01,2077.47,2494.07,0.0,0.0
637.88,56.53,64.49,59.3,59.51,7102.58,2076.59,2494.31,0.0,0.0
638.02,56.55,64.48,59.31,59.51,7101.64,2077.47,2493.36,0.0,0.0
638.07,56.52,64.46,59.32,59.51,7102.89,2078.8,2492.89,0.0,0.0
638.22,56.52,64.48,59.3,59.51,7102.89,2077.69,2494.31,0.0,0.0
638.26,56.55,64.48,59.32,59.5,7101.33,2077.69,2492.89,0.0,0.0
638.39,56.49,64.47,59.29,59.5,7103.84,2078.36,2495.49,0.0,0.0
638.44,56.51,64.48,59.3,59.5,7103.21,2077.69,2495.02,0.0,0.0
638.58,56.53,64.48,59.28,59.5,7102.58,2077.69,2496.44,0.0,0.0
638.71,56.55,64.47,59.3,59.5,7101.95,2078.58,2494.78,0.0,0.0
638.76,56.55,64.49,59.29,59.5,7101.33,2077.03,2495.49,0.0,0.0
638.88,56.52,64.48,59.29,59.5,7102.89,2077.47,2495.26,0.0,0.0
638.98,56.51,64.47,59.3,59.5,7103.21,2078.13,2495.02,0.0,0.0
639.07,56.55,64.48,59.31,59.5,7102.27,2077.69,2494.07,0.0,0.0
639.17,56.51,64.47,59.29,59.5,7103.21,2078.36,2495.26,0.0,0.0
639.32,56.51,64.48,59.29,59.5,7103.21,2077.91,2495.73,0.0,0.0
639.37,56.56,64.48,59.3,59.5,7101.01,2077.91,2495.02,0.0,0.0
639.51,56.56,64.48,59.3,59.5,7101.01,2077.47,2494.55,0.0,0.0
639.56,56.57,64.48,59.3,59.5,7100.38,2077.25,2494.31,0.0,0.0
639.71,56.55,64.48,59.31,59.5,7101.95,2077.25,2493.36,0.0,0.0
639.75,56.55,64.49,59.31,59.5,7101.33,2076.81,2493.84,0.0,0.0
639.9,56.56,64.48,59.31,59.5,7101.01,2077.25,2493.36,0.0,0.0
639.94,56.55,64.49,59.33,59.5,7101.64,2076.59,2492.18,0.0,0.0
640.08,56.55,64.49,59.32,59.5,7102.27,2076.81,2492.65,0.0,0.0
640.21,56.48,64.49,59.32,59.5,7104.46,2076.81,2492.89,0.0,0.0
640.26,56.53,64.48,59.32,59.5,7102.58,2077.25,2492.41,0.0,0.0
640.39,56.55,64.48,59.34,59.5,7101.95,2077.25,2491.23,0.0,0.0
640.45,56.55,64.49,59.33,59.5,7101.64,2077.03,2492.18,0.0,0.0
640.63,56.52,64.5,59.33,59.5,7102.89,2075.92,2491.47,0.0,0.0
640.67,56.55,64.5,59.33,59.5,7101.95,2076.36,2491.94,0.0,0.0
640.81,56.58,64.49,59.36,59.5,7100.07,2076.59,2488.86,0.0,0.0
640.86,56.58,64.49,59.35,59.5,7100.07,2076.59,2490.04,0.0,0.0
640.99,56.56,64.52,59.36,59.5,7101.01,2074.37,2488.86,0.0,0.0
641.09,56.55,64.51,59.36,59.5,7101.64,2075.26,2488.86,0.0,0.0
641.18,56.55,64.51,59.35,59.5,7101.33,2075.26,2490.28,0.0,0.0
641.32,56.56,64.52,59.37,59.5,7101.01,2074.59,2488.15,0.0,0.0
641.37,56.57,64.52,59.38,59.5,7100.7,2074.59,2487.68,0.0,0.0
641.5,56.58,64.52,59.37,59.5,7100.07,2075.04,2488.15,0.0,0.0
641.55,56.57,64.52,59.38,59.5,7100.7,2074.82,2487.44,0.0,0.0
641.68,56.55,64.52,59.37,59.5,7101.33,2074.82,2487.91,0.0,0.0
641.78,56.57,64.52,59.39,59.5,7100.38,2074.59,2486.49,0.0,0.0
641.88,56.57,64.53,59.39,59.5,7100.7,2073.93,2486.49,0.0,0.0
641.97,56.58,64.52,59.38,59.5,7100.07,2075.04,2487.44,0.0,0.0
642.11,56.55,64.51,59.38,59.5,7101.33,2075.26,2487.68,0.0,0.0
642.16,56.55,64.51,59.39,59.5,7101.33,2075.26,2486.73,0.0,0.0
642.3,56.61,64.51,59.38,59.5,7099.13,2075.26,2487.2,0.0,0.0
642.34,56.55,64.51,59.38,59.5,7101.64,2075.26,2487.2,0.0,0.0
642.48,56.61,64.52,59.38,59.5,7099.13,2074.37,2487.68,0.0,0.0
642.6,56.58,64.52,59.36,59.5,7100.07,2074.82,2489.1,0.0,0.0
642.66,56.66,64.52,59.37,59.5,7096.94,2074.37,2488.39,0.0,0.0
642.82,56.58,64.54,59.36,59.5,7099.76,2073.27,2489.57,0.0,0.0
642.87,56.56,64.52,59.37,59.5,7101.01,2074.59,2488.62,0.0,0.0
643.02,56.58,64.52,59.38,59.5,7099.76,2074.82,2487.44,0.0,0.0
643.08,56.58,64.54,59.37,59.5,7099.76,2073.49,2488.62,0.0,0.0
643.23,56.58,64.52,59.37,59.5,7100.07,2075.04,2488.15,0.0,0.0
643.35,56.57,64.52,59.37,59.5,7100.7,2074.59,2488.39,0.0,0.0
643.35,56.55,64.54,59.36,59.5,7101.33,2073.49,2488.86,0.0,0.0
643.45,56.58,64.53,59.37,59.5,7099.76,2074.15,2488.62,0.0,0.0
643.6,56.55,64.54,59.37,59.5,7102.27,2073.49,2488.62,0.0,0.0
643.66,56.57,64.54,59.36,59.5,7100.7,2073.05,2489.33,0.0,0.0
643.81,56.58,64.55,59.35,59.5,7100.07,2072.82,2490.52,0.0,0.0
643.87,56.57,64.52,59.35,59.5,7100.7,2074.37,2490.04,0.0,0.0
644.02,56.56,64.52,59.35,59.5,7101.01,2074.59,2490.28,0.0,0.0
644.09,56.55,64.52,59.36,59.5,7101.33,2075.04,2489.33,0.0,0.0
644.24,56.57,64.52,59.33,59.5,7100.7,2074.59,2491.94,0.0,0.0
644.31,56.55,64.53,59.33,59.5,7101.33,2073.93,2491.7,0.0,0.0
644.36,56.52,64.52,59.33,59.5,7102.89,2074.59,2491.7,0.0,0.0
644.52,56.55,64.52,59.34,59.5,7101.95,2074.37,2491.23,0.0,0.0
644.58,56.52,64.55,59.33,59.5,7102.89,2072.6,2491.7,0.0,0.0
644.69,56.51,64.54,59.32,59.5,7103.21,2073.05,2493.12,0.0,0.0
644.75,56.58,64.52,59.3,59.5,7100.07,2074.37,2494.55,0.0,0.0
644.91,56.55,64.53,59.32,59.5,7101.33,2073.93,2492.89,0.0,0.0
644.97,56.55,64.54,59.32,59.5,7101.95,2073.49,2493.12,0.0,0.0
645.13,56.55,64.53,59.32,59.5,7101.33,2074.15,2492.41,0.0,0.0
645.19,56.57,64.52,59.32,59.5,7100.38,2075.04,2492.65,0.0,0.0
645.26,56.58,64.54,59.32,59.5,7100.07,2073.27,2493.12,0.0,0.0
645.41,56.55,64.52,59.31,59.5,7102.27,2074.59,2493.6,0.0,0.0
645.46,56.53,64.51,59.32,59.5,7102.58,2075.48,2492.89,0.0,0.0
645.62,56.51,64.5,59.33,59.5,7103.21,2076.14,2492.18,0.0,0.0
645.67,56.53,64.53,59.33,59.5,7102.58,2073.93,2491.47,0.0,0.0
645.82,56.51,64.52,59.33,59.5,7103.52,2074.37,2491.94,0.0,0.0
645.93,56.55,64.51,59.32,59.5,7101.64,2075.26,2492.65,0.0,0.0
646.02,56.58,64.52,59.33,59.5,7100.07,2074.82,2492.18,0.0,0.0
646.07,56.51,64.52,59.33,59.5,7103.21,2075.04,2491.7,0.0,0.0
646.21,56.49,64.52,59.33,59.5,7103.84,2075.04,2491.94,0.0,0.0
646.33,56.52,64.53,59.34,59.5,7102.89,2073.71,2490.76,0.0,0.0
646.43,56.56,64.52,59.34,59.5,7101.01,2074.82,2491.23,0.0,0.0
646.48,56.49,64.52,59.31,59.5,7103.84,2074.37,2493.36,0.0,0.0
646.62,56.55,64.53,59.33,59.5,7101.64,2074.15,2492.18,0.0,0.0
646.67,56.51,64.53,59.32,59.5,7103.52,2073.93,2492.41,0.0,0.0
646.82,56.55,64.53,59.33,59.5,7101.64,2073.71,2491.94,0.0,0.0
646.92,56.58,64.56,59.31,59.5,7100.07,2072.16,2493.6,0.0,0.0
647.0,56.53,64.55,59.33,59.5,7102.58,2072.82,2491.47,0.0,0.0
647.1,56.58,64.56,59.33,59.5,7100.07,2072.16,2491.94,0.0,0.0
647.2,56.56,64.56,59.34,59.5,7101.01,2071.94,2490.99,0.0,0.0
647.3,56.55,64.55,59.34,59.5,7101.95,2072.38,2491.23,0.0,0.0
647.39,56.55,64.57,59.33,59.5,7101.33,2071.28,2491.94,0.0,0.0
647.5,56.61,64.55,59.35,59.5,7099.13,2072.82,2490.28,0.0,0.0
647.59,56.58,64.57,59.35,59.5,7099.76,2070.83,2490.28,0.0,0.0
647.73,56.62,64.56,59.37,59.5,7098.82,2071.5,2488.39,0.0,0.0
647.78,56.55,64.57,59.36,59.5,7101.33,2071.06,2489.33,0.0,0.0
647.92,56.55,64.57,59.38,59.51,7101.64,2071.28,2487.68,0.0,0.0
647.98,56.6,64.56,59.35,59.51,7099.45,2071.94,2489.81,0.0,0.0
648.12,56.58,64.57,59.37,59.51,7100.07,2070.83,2488.39,0.0,0.0
648.18,56.57,64.57,59.35,59.51,7100.38,2070.83,2489.81,0.0,0.0
648.31,56.58,64.58,59.38,59.51,7099.76,2070.17,2487.68,0.0,0.0
648.41,56.61,64.58,59.37,59.51,7099.13,2070.39,2488.15,0.0,0.0
648.51,56.57,64.57,59.38,59.51,7100.7,2071.06,2486.97,0.0,0.0
648.57,56.62,64.57,59.39,59.51,7098.5,2070.83,2486.49,0.0,0.0
648.7,56.57,64.56,59.36,59.51,7100.38,2071.72,2488.86,0.0,0.0
648.8,56.62,64.58,59.38,59.51,7098.19,2070.17,2487.68,0.0,0.0
648.89,56.58,64.57,59.38,59.51,7100.07,2070.83,2487.44,0.0,0.0
648.95,56.61,64.56,59.39,59.51,7099.13,2071.5,2486.73,0.0,0.0
649.09,56.61,64.57,59.39,59.51,7099.13,2071.06,2486.49,0.0,0.0
649.19,56.6,64.57,59.38,59.51,7099.45,2071.28,2487.2,0.0,0.0
649.32,56.6,64.58,59.37,59.51,7099.45,2070.39,2488.39,0.0,0.0
649.37,56.62,64.58,59.38,59.51,7098.82,2070.17,2486.97,0.0,0.0
649.46,56.62,64.58,59.39,59.51,7098.82,2070.39,2486.73,0.0,0.0
649.56,56.62,64.57,59.38,59.51,7098.82,2070.83,2486.97,0.0,0.0
649.71,56.57,64.59,59.41,59.51,7100.38,2069.95,2485.07,0.0,0.0
649.76,56.62,64.57,59.41,59.51,7098.82,2070.83,2484.36,0.0,0.0
649.91,56.61,64.57,59.4,59.51,7099.13,2070.83,2486.02,0.0,0.0
649.96,56.62,64.56,59.4,59.51,7098.5,2071.5,2485.31,0.0,0.0
650.1,56.6,64.57,59.4,59.51,7099.45,2070.83,2485.55,0.0,0.0
650.16,56.6,64.56,59.4,59.51,7099.45,2071.94,2485.31,0.0,0.0
650.3,56.62,64.58,59.38,59.51,7098.82,2070.39,2486.97,0.0,0.0
650.4,56.62,64.58,59.38,59.51,7098.19,2070.39,2487.44,0.0,0.0
650.5,56.6,64.58,59.38,59.51,7099.45,2070.61,2486.97,0.0,0.0
650.59,56.64,64.58,59.4,59.51,7097.25,2070.61,2486.02,0.0,0.0
650.68,56.62,64.56,59.39,59.51,7098.82,2071.72,2486.26,0.0,0.0
650.78,56.62,64.58,59.38,59.51,7098.82,2070.39,2487.68,0.0,0.0
650.88,56.64,64.56,59.38,59.51,7097.56,2071.72,2487.68,0.0,0.0
651.02,56.63,64.59,59.38,59.51,7097.88,2069.51,2486.97,0.0,0.0
651.07,56.64,64.58,59.39,59.51,7097.56,2070.17,2486.73,0.0,0.0
651.23,56.64,64.58,59.39,59.51,7097.25,2070.39,2486.26,0.0,0.0
651.3,56.62,64.57,59.4,59.51,7098.19,2071.28,2485.78,0.0,0.0
651.35,56.62,64.57,59.38,59.51,7098.82,2070.83,2487.2,0.0,0.0
651.49,56.64,64.57,59.39,59.51,7097.56,2071.06,2486.26,0.0,0.0
651.64,56.62,64.58,59.39,59.51,7098.5,2070.61,2486.49,0.0,0.0
651.69,56.62,64.57,59.38,59.51,7098.19,2071.06,2487.2,0.0,0.0
651.84,56.63,64.59,59.36,59.51,7097.88,2069.51,2488.86,0.0,0.0
651.89,56.64,64.58,59.36,59.51,7097.56,2070.61,2489.33,0.0,0.0
652.02,56.62,64.57,59.37,59.51,7098.5,2071.06,2488.15,0.0,0.0
652.07,56.63,64.56,59.36,59.51,7097.88,2071.94,2489.1,0.0,0.0
652.21,56.66,64.57,59.37,59.51,7096.94,2070.83,2488.15,0.0,0.0
652.34,56.66,64.57,59.35,59.51,7096.94,2071.28,2490.04,0.0,0.0
652.39,56.64,64.58,59.37,59.51,7097.25,2070.39,2488.62,0.0,0.0
652.52,56.67,64.58,59.36,59.51,7096.62,2070.61,2488.86,0.0,0.0
652.58,56.6,64.58,59.36,59.52,7099.45,2070.17,2489.57,0.0,0.0
652.71,56.63,64.58,59.35,59.52,7097.88,2070.17,2490.04,0.0,0.0
652.76,56.64,64.59,59.34,59.52,7097.25,2069.73,2490.99,0.0,0.0
652.9,56.64,64.58,59.35,59.52,7097.56,2070.39,2490.04,0.0,0.0
652.95,56.62,64.59,59.35,59.52,7098.5,2069.73,2490.28,0.0,0.0
653.1,56.64,64.59,59.35,59.52,7097.56,2069.95,2489.81,0.0,0.0
653.15,56.66,64.6,59.35,59.52,7096.94,2069.07,2490.52,0.0,0.0
653.29,56.66,64.6,59.34,59.52,7096.94,2068.84,2490.76,0.0,0.0
653.38,56.64,64.6,59.34,59.52,7097.25,2068.62,2490.99,0.0,0.0
653.52,56.62,64.61,59.35,59.52,7098.5,2068.18,2489.81,0.0,0.0
653.57,56.64,64.6,59.34,59.52,7097.56,2068.62,2490.76,0.0,0.0
653.71,56.66,64.6,59.34,59.52,7096.94,2069.29,2490.76,0.0,0.0
653.76,56.62,64.61,59.33,59.52,7098.5,2067.96,2491.47,0.0,0.0
653.9,56.68,64.59,59.34,59.52,7096.0,2069.51,2490.99,0.0,0.0
654.05,56.67,64.61,59.35,59.52,7096.62,2068.18,2489.81,0.0,0.0
654.1,56.64,64.62,59.34,59.52,7097.25,2067.3,2490.99,0.0,0.0
654.23,56.64,64.63,59.35,59.52,7097.56,2067.08,2490.04,0.0,0.0
654.3,56.64,64.62,59.36,59.52,7097.25,2067.74,2489.1,0.0,0.0
654.48,56.69,64.64,59.36,59.52,7095.68,2066.41,2489.1,0.0,0.0
654.48,56.64,64.64,59.35,59.52,7097.25,2066.19,2489.81,0.0,0.0
654.64,56.67,64.63,59.36,59.52,7096.62,2066.86,2489.57,0.0,0.0
654.7,56.67,64.62,59.36,59.52,7096.62,2067.52,2489.1,0.0,0.0
654.8,56.68,64.64,59.35,59.52,7096.0,2066.41,2489.81,0.0,0.0
654.9,56.7,64.64,59.36,59.52,7094.43,2065.97,2488.86,0.0,0.0
655.03,56.67,64.63,59.37,59.52,7096.31,2067.08,2488.39,0.0,0.0
655.08,56.66,64.63,59.36,59.52,7096.94,2066.86,2488.86,0.0,0.0
655.17,56.7,64.64,59.39,59.52,7094.74,2065.97,2486.49,0.0,0.0
655.27,56.64,64.67,59.39,59.52,7097.25,2064.21,2486.73,0.0,0.0
655.41,56.64,64.63,59.38,59.52,7097.56,2066.86,2487.44,0.0,0.0
655.47,56.66,64.65,59.36,59.52,7096.94,2065.09,2488.86,0.0,0.0
655.57,56.66,64.64,59.38,59.52,7096.94,2066.19,2487.2,0.0,0.0
655.66,56.63,64.64,59.39,59.52,7097.88,2065.75,2486.73,0.0,0.0
655.78,56.67,64.66,59.38,59.52,7096.62,2064.65,2487.2,0.0,0.0
655.94,56.67,64.65,59.39,59.52,7096.31,2065.31,2486.26,0.0,0.0
656.04,56.68,64.65,59.4,59.53,7096.0,2065.53,2486.02,0.0,0.0
656.09,56.66,64.66,59.39,59.53,7096.94,2064.65,2486.26,0.0,0.0
656.19,56.66,64.66,59.38,59.53,7096.94,2064.87,2487.68,0.0,0.0
656.29,56.64,64.68,59.4,59.53,7097.25,2063.54,2486.02,0.0,0.0
656.43,56.64,64.65,59.39,59.53,7097.25,2065.09,2486.49,0.0,0.0
656.48,56.66,64.66,59.38,59.53,7096.94,2064.87,2487.44,0.0,0.0
656.63,56.68,64.68,59.4,59.53,7096.0,2063.32,2486.02,0.0,0.0
656.67,56.63,64.65,59.4,59.53,7097.88,2065.09,2485.78,0.0,0.0
656.82,56.64,64.67,59.4,59.53,7097.56,2063.98,2486.02,0.0,0.0
656.92,56.66,64.68,59.4,59.53,7096.94,2062.88,2485.31,0.0,0.0
657.01,56.67,64.65,59.39,59.53,7096.31,2065.31,2486.73,0.0,0.0
657.07,56.64,64.66,59.41,59.53,7097.56,2064.43,2484.84,0.0,0.0
657.2,56.64,64.66,59.4,59.53,7097.25,2064.65,2485.55,0.0,0.0
657.34,56.68,64.65,59.4,59.53,7096.0,2065.53,2485.31,0.0,0.0
657.39,56.64,64.68,59.41,59.53,7097.56,2063.54,2485.07,0.0,0.0
657.52,56.63,64.66,59.41,59.53,7097.88,2064.43,2484.36,0.0,0.0
657.58,56.67,64.68,59.42,59.53,7096.31,2062.88,2483.65,0.0,0.0
657.72,56.62,64.66,59.43,59.53,7098.19,2064.43,2482.94,0.0,0.0
657.78,56.66,64.68,59.42,59.53,7096.94,2062.88,2483.89,0.0,0.0
657.87,56.68,64.68,59.41,59.53,7096.0,2063.54,2485.07,0.0,0.0
657.96,56.66,64.67,59.42,59.53,7096.94,2064.21,2483.42,0.0,0.0
658.16,56.64,64.68,59.42,59.53,7097.56,2063.32,2483.65,0.0,0.0
658.17,56.64,64.66,59.42,59.54,7097.56,2064.43,2483.42,0.0,0.0
658.3,56.66,64.67,59.42,59.54,7096.94,2064.21,2483.42,0.0,0.0
658.36,56.66,64.67,59.42,59.54,7096.94,2064.21,2483.89,0.0,0.0
658.54,56.67,64.69,59.44,59.54,7096.62,2062.44,2482.0,0.0,0.0
658.58,56.64,64.67,59.44,59.54,7097.56,2064.21,2482.47,0.0,0.0
658.7,56.63,64.69,59.44,59.54,7097.88,2062.44,2482.23,0.0,0.0
658.76,56.68,64.68,59.44,59.54,7096.0,2063.32,2482.0,0.0,0.0
658.91,56.67,64.69,59.45,59.54,7096.31,2062.44,2481.29,0.0,0.0
658.97,56.64,64.69,59.45,59.54,7097.56,2062.66,2481.52,0.0,0.0
659.11,56.66,64.67,59.44,59.54,7096.94,2063.98,2481.76,0.0,0.0
659.15,56.67,64.68,59.45,59.54,7096.62,2062.88,2481.05,0.0,0.0
659.3,56.7,64.67,59.46,59.54,7095.37,2063.76,2480.34,0.0,0.0
659.39,56.67,64.7,59.44,59.54,7096.62,2061.56,2482.0,0.0,0.0
659.48,56.69,64.68,59.46,59.54,7095.68,2063.54,2480.58,0.0,0.0
659.62,56.67,64.69,59.45,59.54,7096.62,2062.44,2481.29,0.0,0.0
659.67,56.66,64.7,59.45,59.54,7096.94,2061.56,2480.81,0.0,0.0
659.79,56.62,64.68,59.45,59.54,7098.82,2063.32,2480.81,0.0,0.0
659.88,56.67,64.68,59.46,59.54,7096.31,2062.88,2480.34,0.0,0.0
660.02,56.67,64.7,59.46,59.54,7096.31,2061.78,2479.87,0.0,0.0
660.12,56.68,64.7,59.47,59.54,7096.0,2061.78,2479.16,0.0,0.0
660.21,56.7,64.7,59.48,59.55,7095.06,2061.56,2478.45,0.0,0.0
660.3,56.7,64.7,59.46,59.55,7095.37,2061.56,2480.34,0.0,0.0
660.44,56.68,64.69,59.47,59.55,7096.0,2062.66,2479.4,0.0,0.0
660.53,56.66,64.69,59.48,59.55,7096.94,2062.22,2478.69,0.0,0.0
660.59,56.68,64.71,59.47,59.55,7096.0,2061.34,2479.16,0.0,0.0
660.72,56.7,64.68,59.46,59.55,7095.06,2063.32,2479.87,0.0,0.0
660.78,56.69,64.7,59.47,59.55,7095.68,2061.56,2479.4,0.0,0.0
660.91,56.73,64.69,59.46,59.55,7093.8,2062.44,2480.58,0.0,0.0
661.0,56.68,64.71,59.47,59.55,7096.0,2061.34,2479.4,0.0,0.0
661.09,56.67,64.72,59.49,59.55,7096.31,2060.23,2477.98,0.0,0.0
661.19,56.64,64.71,59.49,59.55,7097.25,2061.11,2477.27,0.0,0.0
661.31,56.7,64.71,59.49,59.55,7094.43,2061.34,2477.98,0.0,0.0
661.37,56.66,64.7,59.49,59.55,7096.94,2061.56,2477.5,0.0,0.0
661.5,56.7,64.72,59.49,59.55,7095.06,2060.67,2477.27,0.0,0.0
661.6,56.7,64.71,59.48,59.55,7095.37,2060.89,2478.69,0.0,0.0
661.74,56.7,64.7,59.49,59.55,7095.06,2061.78,2477.98,0.0,0.0
661.79,56.68,64.71,59.5,59.55,7096.0,2061.11,2477.03,0.0,0.0
661.93,56.7,64.72,59.51,59.55,7094.43,2060.23,2475.61,0.0,0.0
661.98,56.7,64.74,59.49,59.55,7095.37,2059.13,2477.27,0.0,0.0
662.13,56.68,64.75,59.5,59.56,7096.0,2058.25,2477.03,0.0,0.0
662.17,56.72,64.73,59.51,59.56,7094.12,2059.35,2476.09,0.0,0.0
662.32,56.73,64.73,59.48,59.56,7093.49,2059.79,2478.45,0.0,0.0
662.36,56.7,64.73,59.52,59.56,7094.74,2059.79,2474.91,0.0,0.0
662.51,56.7,64.73,59.51,59.56,7094.74,2059.35,2476.09,0.0,0.0
662.6,56.7,64.74,59.51,59.56,7095.06,2058.91,2475.38,0.0,0.0
662.7,56.68,64.74,59.49,59.56,7096.0,2058.91,2477.74,0.0,0.0
662.83,56.7,64.74,59.53,59.56,7095.06,2058.69,2474.43,0.0,0.0
662.88,56.7,64.73,59.52,59.56,7095.06,2059.35,2474.91,0.0,0.0
663.02,56.7,64.74,59.53,59.56,7094.74,2058.69,2474.43,0.0,0.0
663.12,56.7,64.73,59.53,59.56,7095.06,2059.35,2474.43,0.0,0.0
663.22,56.7,64.76,59.52,59.56,7094.43,2057.8,2474.67,0.0,0.0
663.27,56.7,64.76,59.53,59.56,7095.06,2057.36,2474.2,0.0,0.0
663.41,56.69,64.77,59.53,59.56,7095.68,2056.7,2473.96,0.0,0.0
663.46,56.68,64.75,59.52,59.56,7096.0,2058.25,2474.67,0.0,0.0
663.6,56.7,64.78,59.54,59.56,7095.06,2056.26,2473.25,0.0,0.0
663.7,56.69,64.78,59.53,59.56,7095.68,2056.26,2473.72,0.0,0.0
663.84,56.7,64.76,59.52,59.57,7095.06,2057.36,2474.67,0.0,0.0
663.89,56.7,64.76,59.52,59.57,7095.06,2057.36,2474.67,0.0,0.0
664.02,56.73,64.78,59.53,59.57,7093.49,2056.26,2474.2,0.0,0.0
664.08,56.7,64.78,59.52,59.57,7094.43,2056.04,2474.67,0.0,0.0
664.21,56.72,64.79,59.55,59.57,7094.12,2055.6,2472.54,0.0,0.0
664.27,56.7,64.79,59.54,59.57,7095.06,2055.38,2473.25,0.0,0.0
664.4,56.7,64.79,59.51,59.57,7094.43,2055.16,2475.38,0.0,0.0
664.51,56.67,64.78,59.52,59.57,7096.31,2055.82,2474.91,0.0,0.0
664.6,56.73,64.77,59.53,59.57,7093.8,2056.7,2474.43,0.0,0.0
664.73,56.7,64.79,59.53,59.57,7095.06,2055.6,2473.72,0.0,0.0
664.83,56.7,64.78,59.55,59.57,7095.37,2055.82,2472.54,0.0,0.0
664.92,56.68,64.78,59.52,59.57,7096.0,2056.26,2475.14,0.0,0.0
665.02,56.67,64.78,59.55,59.57,7096.31,2055.82,2472.31,0.0,0.0
665.11,56.7,64.79,59.53,59.57,7095.06,2055.38,2474.2,0.0,0.0
665.16,56.69,64.78,59.53,59.58,7095.68,2055.82,2473.72,0.0,0.0
665.34,56.67,64.77,59.54,59.58,7096.62,2056.48,2473.25,0.0,0.0
665.39,56.67,64.78,59.53,59.58,7096.31,2056.26,2473.72,0.0,0.0
665.53,56.67,64.78,59.53,59.58,7096.31,2056.04,2473.72,0.0,0.0
665.63,56.67,64.78,59.52,59.58,7096.31,2055.82,2474.91,0.0,0.0
665.72,56.67,64.79,59.52,59.58,7096.31,2055.6,2474.91,0.0,0.0
665.77,56.66,64.79,59.52,59.58,7096.94,2055.38,2475.14,0.0,0.0
665.91,56.69,64.79,59.53,59.58,7095.68,2055.38,2474.2,0.0,0.0
666.01,56.66,64.79,59.51,59.58,7096.94,2055.6,2475.85,0.0,0.0
666.11,56.66,64.77,59.53,59.58,7096.94,2057.14,2473.96,0.0,0.0
666.25,56.67,64.77,59.5,59.58,7096.31,2056.48,2476.8,0.0,0.0
666.3,56.66,64.77,59.53,59.58,7096.94,2056.48,2474.43,0.0,0.0
666.43,56.67,64.76,59.51,59.58,7096.31,2057.36,2475.38,0.0,0.0
666.49,56.64,64.77,59.51,59.58,7097.25,2057.14,2475.38,0.0,0.0
666.64,56.63,64.77,59.51,59.59,7097.88,2056.7,2475.85,0.0,0.0
666.7,56.63,64.77,59.51,59.59,7097.88,2056.92,2475.85,0.0,0.0
666.84,56.68,64.77,59.51,59.59,7096.0,2056.92,2475.61,0.0,0.0
666.9,56.64,64.75,59.51,59.59,7097.25,2058.25,2476.09,0.0,0.0
667.03,56.67,64.77,59.5,59.59,7096.31,2057.14,2476.32,0.0,0.0
667.1,56.62,64.74,59.51,59.59,7098.19,2058.91,2475.38,0.0,0.0
667.24,56.67,64.76,59.52,59.59,7096.31,2057.36,2474.67,0.0,0.0
667.29,56.68,64.76,59.51,59.59,7096.0,2057.8,2476.09,0.0,0.0
667.43,56.62,64.74,59.5,59.59,7098.5,2058.69,2477.03,0.0,0.0
667.49,56.64,64.75,59.51,59.59,7097.25,2058.47,2476.09,0.0,0.0
667.63,56.67,64.75,59.5,59.59,7096.62,2058.03,2477.03,0.0,0.0
667.69,56.67,64.76,59.5,59.59,7096.62,2057.8,2477.03,0.0,0.0
667.81,56.66,64.75,59.51,59.59,7096.94,2058.25,2475.61,0.0,0.0
667.87,56.62,64.73,59.5,59.59,7098.5,2059.35,2476.32,0.0,0.0
668.04,56.63,64.73,59.51,59.59,7097.88,2060.01,2475.38,0.0,0.0
668.09,56.64,64.73,59.5,59.6,7097.56,2059.79,2476.56,0.0,0.0
668.24,56.62,64.74,59.5,59.6,7098.5,2058.91,2476.56,0.0,0.0
668.29,56.62,64.73,59.5,59.6,7098.19,2059.79,2476.8,0.0,0.0
668.44,56.64,64.74,59.5,59.6,7097.56,2058.91,2476.8,0.0,0.0
668.48,56.64,64.74,59.52,59.6,7097.25,2058.91,2474.67,0.0,0.0
668.63,56.63,64.75,59.51,59.6,7097.88,2058.03,2475.38,0.0,0.0
668.67,56.64,64.73,59.52,59.6,7097.25,2059.35,2474.91,0.0,0.0
668.82,56.63,64.75,59.53,59.6,7097.88,2058.47,2474.2,0.0,0.0
668.95,56.64,64.73,59.53,59.6,7097.56,2060.01,2473.72,0.0,0.0
669.02,56.64,64.76,59.53,59.6,7097.56,2057.8,2473.96,0.0,0.0
669.13,56.64,64.73,59.51,59.6,7097.56,2060.01,2476.09,0.0,0.0
669.18,56.67,64.74,59.53,59.6,7096.62,2058.91,2474.2,0.0,0.0
669.33,56.63,64.74,59.52,59.6,7097.88,2059.13,2474.67,0.0,0.0
669.38,56.66,64.73,59.53,59.6,7096.94,2059.35,2474.43,0.0,0.0
669.48,56.7,64.74,59.51,59.6,7095.37,2058.91,2475.85,0.0,0.0
669.57,56.64,64.75,59.52,59.6,7097.56,2058.25,2474.91,0.0,0.0
669.7,56.68,64.76,59.5,59.6,7096.0,2057.8,2477.03,0.0,0.0
669.8,56.67,64.75,59.52,59.6,7096.31,2058.25,2475.14,0.0,0.0
669.94,56.64,64.74,59.5,59.6,7097.25,2058.69,2476.56,0.0,0.0
669.98,56.67,64.73,59.53,59.6,7096.62,2060.01,2474.43,0.0,0.0
670.11,56.67,64.75,59.52,59.6,7096.62,2058.25,2474.67,0.0,0.0
670.25,56.64,64.74,59.53,59.61,7097.25,2058.91,2473.96,0.0,0.0
670.3,56.64,64.75,59.53,59.61,7097.56,2058.25,2474.2,0.0,0.0
670.42,56.68,64.76,59.54,59.61,7096.0,2057.8,2473.02,0.0,0.0
670.47,56.64,64.75,59.55,59.61,7097.25,2058.47,2472.54,0.0,0.0
670.62,56.66,64.75,59.56,59.61,7096.94,2058.47,2471.6,0.0,0.0
670.72,56.67,64.76,59.55,59.61,7096.31,2057.36,2472.31,0.0,0.0
670.81,56.67,64.75,59.54,59.61,7096.62,2058.25,2473.25,0.0,0.0
670.9,56.64,64.75,59.56,59.61,7097.56,2058.47,2471.13,0.0,0.0
671.04,56.64,64.75,59.58,59.61,7097.56,2058.03,2469.95,0.0,0.0
671.09,56.64,64.74,59.55,59.61,7097.25,2058.91,2472.07,0.0,0.0
671.22,56.68,64.74,59.58,59.61,7096.0,2058.91,2469.71,0.0,0.0
671.3,56.66,64.75,59.59,59.61,7096.94,2058.03,2468.77,0.0,0.0
671.4,56.64,64.75,59.58,59.61,7097.25,2058.47,2469.95,0.0,0.0
671.53,56.68,64.76,59.6,59.61,7096.0,2057.8,2467.82,0.0,0.0
671.58,56.7,64.75,59.58,59.61,7095.06,2058.03,2469.24,0.0,0.0
671.71,56.68,64.75,59.6,59.61,7096.0,2058.25,2468.06,0.0,0.0
671.79,56.7,64.73,59.59,59.61,7094.74,2059.57,2469.0,0.0,0.0
671.92,56.64,64.74,59.59,59.61,7097.25,2058.91,2468.77,0.0,0.0
671.97,56.67,64.74,59.61,59.61,7096.31,2058.91,2466.88,0.0,0.0
672.12,56.67,64.75,59.6,59.61,7096.62,2058.47,2467.59,0.0,0.0
672.17,56.67,64.75,59.61,59.61,7096.31,2058.47,2467.11,0.0,0.0
672.31,56.66,64.76,59.61,59.62,7096.94,2057.36,2467.35,0.0,0.0
672.44,56.68,64.76,59.61,59.62,7096.0,2057.58,2467.11,0.0,0.0
672.5,56.64,64.74,59.61,59.62,7097.56,2058.69,2466.64,0.0,0.0
672.62,56.67,64.75,59.63,59.62,7096.62,2058.47,2465.23,0.0,0.0
672.67,56.68,64.73,59.63,59.62,7096.0,2059.35,2464.99,0.0,0.0
672.85,56.66,64.74,59.61,59.62,7096.94,2058.69,2466.88,0.0,0.0
672.9,56.64,64.75,59.65,59.62,7097.56,2058.47,2463.58,0.0,0.0
673.04,56.62,64.75,59.62,59.62,7098.19,2058.47,2466.41,0.0,0.0
673.1,56.64,64.75,59.63,59.62,7097.25,2058.25,2464.75,0.0,0.0
673.24,56.7,64.74,59.61,59.62,7095.06,2059.13,2467.35,0.0,0.0
673.3,56.64,64.76,59.63,59.62,7097.56,2057.58,2465.23,0.0,0.0
673.44,56.68,64.75,59.62,59.62,7096.0,2058.25,2466.17,0.0,0.0
673.49,56.66,64.76,59.61,59.62,7096.94,2057.8,2467.35,0.0,0.0
673.63,56.66,64.76,59.64,59.62,7096.94,2057.8,2464.28,0.0,0.0
673.68,56.66,64.75,59.63,59.62,7096.94,2058.03,2465.46,0.0,0.0
673.83,56.67,64.76,59.63,59.62,7096.62,2057.58,2465.46,0.0,0.0
673.87,56.68,64.77,59.62,59.62,7096.0,2056.7,2465.93,0.0,0.0
673.99,56.67,64.77,59.62,59.62,7096.62,2056.92,2465.7,0.0,0.0
674.13,56.67,64.77,59.63,59.62,7096.31,2057.14,2465.46,0.0,0.0
674.18,56.64,64.78,59.61,59.62,7097.56,2056.26,2467.35,0.0,0.0
674.32,56.7,64.76,59.61,59.62,7095.37,2057.36,2466.64,0.0,0.0
674.39,56.68,64.78,59.6,59.62,7096.0,2056.26,2467.59,0.0,0.0
674.55,56.67,64.77,59.61,59.62,7096.31,2057.14,2466.88,0.0,0.0
674.6,56.64,64.78,59.59,59.62,7097.56,2056.04,2468.53,0.0,0.0
674.73,56.64,64.77,59.57,59.63,7097.25,2056.7,2470.42,0.0,0.0
674.78,56.68,64.77,59.59,59.63,7096.0,2057.14,2469.0,0.0,0.0
674.91,56.69,64.75,59.59,59.63,7095.68,2058.47,2469.0,0.0,0.0
675.02,56.67,64.78,59.55,59.63,7096.31,2056.26,2472.31,0.0,0.0
675.14,56.67,64.77,59.55,59.63,7096.62,2056.7,2472.07,0.0,0.0
675.24,56.66,64.76,59.54,59.63,7096.94,2057.36,2473.25,0.0,0.0
675.33,56.67,64.78,59.53,59.63,7096.62,2056.04,2474.2,0.0,0.0
675.39,56.67,64.77,59.51,59.63,7096.31,2056.7,2475.61,0.0,0.0
675.48,56.66,64.77,59.51,59.63,7096.94,2056.48,2475.85,0.0,0.0
675.6,56.69,64.78,59.51,59.63,7095.68,2056.26,2475.61,0.0,0.0
675.7,56.67,64.76,59.5,59.63,7096.62,2057.58,2476.32,0.0,0.0
675.84,56.64,64.79,59.5,59.63,7097.56,2055.6,2477.03,0.0,0.0
675.89,56.68,64.77,59.5,59.63,7096.0,2056.48,2476.56,0.0,0.0
676.03,56.64,64.79,59.5,59.63,7097.25,2055.38,2476.32,0.0,0.0
676.09,56.67,64.78,59.49,59.63,7096.62,2056.04,2477.5,0.0,0.0
676.23,56.68,64.79,59.48,59.63,7096.0,2055.16,2478.45,0.0,0.0
676.28,56.67,64.8,59.5,59.63,7096.31,2054.72,2477.03,0.0,0.0
676.42,56.7,64.79,59.48,59.63,7094.43,2055.16,2478.69,0.0,0.0
676.47,56.67,64.78,59.48,59.63,7096.31,2055.82,2478.21,0.0,0.0
676.62,56.64,64.8,59.49,59.63,7097.25,2054.5,2477.5,0.0,0.0
676.76,56.7,64.81,59.49,59.63,7094.43,2054.28,2477.74,0.0,0.0
676.81,56.67,64.8,59.49,59.63,7096.62,2054.5,2477.27,0.0,0.0
676.91,56.69,64.81,59.48,59.64,7095.68,2054.28,2478.45,0.0,0.0
677.01,56.68,64.82,59.48,59.64,7096.0,2053.17,2478.45,0.0,0.0
677.14,56.68,64.79,59.47,59.64,7096.0,2055.6,2479.16,0.0,0.0
677.2,56.66,64.8,59.51,59.64,7096.94,2054.5,2475.85,0.0,0.0
677.34,56.7,64.8,59.5,59.64,7094.74,2054.5,2477.03,0.0,0.0
677.39,56.69,64.81,59.51,59.64,7095.68,2054.06,2475.85,0.0,0.0
677.52,56.67,64.81,59.5,59.64,7096.31,2054.06,2476.56,0.0,0.0
677.58,56.7,64.81,59.49,59.64,7094.74,2054.28,2477.27,0.0,0.0
677.75,56.7,64.8,59.49,59.64,7095.37,2054.5,2477.74,0.0,0.0
677.8,56.68,64.8,59.5,59.64,7096.0,2054.5,2476.32,0.0,0.0
677.93,56.67,64.81,59.53,59.64,7096.31,2053.84,2474.2,0.0,0.0
677.98,56.7,64.83,59.51,59.64,7095.37,2052.51,2476.09,0.0,0.0
678.12,56.66,64.82,59.52,59.64,7096.94,2053.61,2474.67,0.0,0.0
678.17,56.7,64.82,59.51,59.64,7094.43,2052.95,2475.61,0.0,0.0
678.33,56.67,64.82,59.51,59.64,7096.31,2053.61,2475.85,0.0,0.0
678.38,56.7,64.8,59.52,59.64,7095.37,2054.72,2474.91,0.0,0.0
678.5,56.67,64.82,59.53,59.64,7096.62,2053.39,2473.96,0.0,0.0
678.63,56.7,64.83,59.51,59.64,7094.74,2052.51,2475.61,0.0,0.0
678.69,56.69,64.81,59.52,59.65,7095.68,2053.84,2474.67,0.0,0.0
678.83,56.7,64.83,59.52,59.65,7094.43,2052.29,2474.91,0.0,0.0
678.88,56.7,64.82,59.52,59.65,7094.74,2052.95,2474.91,0.0,0.0
679.02,56.7,64.82,59.53,59.65,7095.06,2052.95,2474.43,0.0,0.0
679.12,56.69,64.82,59.5,59.65,7095.68,2052.95,2476.56,0.0,0.0
679.22,56.64,64.83,59.53,59.65,7097.25,2052.29,2473.96,0.0,0.0
679.32,56.72,64.83,59.52,59.65,7094.12,2052.51,2474.67,0.0,0.0
679.42,56.7,64.81,59.51,59.65,7094.74,2054.28,2475.38,0.0,0.0
679.51,56.67,64.82,59.53,59.65,7096.62,2053.61,2473.96,0.0,0.0
679.67,56.72,64.84,59.54,59.65,7094.12,2051.63,2473.49,0.0,0.0
679.68,56.69,64.83,59.52,59.65,7095.68,2052.51,2474.91,0.0,0.0
679.87,56.7,64.82,59.52,59.65,7094.74,2052.95,2474.91,0.0,0.0
679.92,56.7,64.86,59.52,59.65,7094.43,2050.75,2474.67,0.0,0.0
679.98,56.75,64.84,59.51,59.65,7092.86,2052.07,2476.09,0.0,0.0
680.14,56.7,64.83,59.5,59.65,7094.43,2052.51,2477.03,0.0,0.0
680.19,56.7,64.82,59.54,59.65,7095.37,2053.17,2473.49,0.0,0.0
680.34,56.73,64.83,59.51,59.65,7093.49,2052.29,2475.85,0.0,0.0
680.4,56.72,64.82,59.54,59.65,7094.12,2053.17,2473.49,0.0,0.0
680.54,56.73,64.8,59.54,59.66,7093.8,2054.94,2473.49,0.0,0.0
680.59,56.67,64.83,59.53,59.66,7096.62,2052.73,2474.43,0.0,0.0
680.73,56.7,64.81,59.54,59.66,7095.06,2054.06,2473.49,0.0,0.0
680.78,56.7,64.81,59.54,59.66,7095.37,2053.84,2473.02,0.0,0.0
680.92,56.77,64.8,59.54,59.66,7092.24,2054.94,2473.02,0.0,0.0
681.01,56.7,64.8,59.52,59.66,7095.37,2054.5,2475.14,0.0,0.0
681.11,56.7,64.79,59.55,59.66,7094.43,2055.38,2472.31,0.0,0.0
681.25,56.66,64.79,59.54,59.66,7096.94,2055.16,2473.25,0.0,0.0
681.3,56.74,64.8,59.56,59.66,7093.18,2054.72,2471.6,0.0,0.0
681.44,56.72,64.8,59.55,59.66,7094.12,2054.72,2472.31,0.0,0.0
681.54,56.73,64.81,59.53,59.66,7093.8,2053.84,2473.96,0.0,0.0
681.63,56.72,64.82,59.55,59.66,7094.12,2053.39,2471.83,0.0,0.0
681.69,56.73,64.81,59.53,59.66,7093.49,2054.06,2473.72,0.0,0.0
681.83,56.67,64.81,59.56,59.66,7096.62,2053.84,2471.36,0.0,0.0
681.89,56.7,64.83,59.56,59.66,7095.06,2052.29,2471.6,0.0,0.0
682.03,56.68,64.81,59.57,59.66,7096.0,2053.84,2470.89,0.0,0.0
682.09,56.7,64.82,59.58,59.66,7095.06,2053.61,2469.95,0.0,0.0
682.22,56.7,64.8,59.58,59.66,7094.74,2054.72,2469.47,0.0,0.0
682.32,56.7,64.82,59.58,59.66,7095.06,2052.95,2469.95,0.0,0.0
682.46,56.69,64.83,59.58,59.67,7095.68,2052.73,2469.95,0.0,0.0
682.51,56.7,64.83,59.59,59.67,7094.74,2052.29,2468.77,0.0,0.0
682.64,56.7,64.82,59.59,59.67,7094.74,2053.17,2468.53,0.0,0.0
682.69,56.7,64.83,59.59,59.67,7095.06,2052.29,2469.0,0.0,0.0
682.82,56.73,64.83,59.6,59.67,7093.8,2052.29,2467.82,0.0,0.0
682.88,56.7,64.86,59.59,59.67,7094.43,2050.53,2468.29,0.0,0.0
683.01,56.7,64.85,59.61,59.67,7094.74,2051.41,2466.88,0.0,0.0
683.14,56.72,64.85,59.6,59.67,7094.12,2051.41,2467.59,0.0,0.0
683.22,56.73,64.86,59.61,59.67,7093.49,2050.31,2466.64,0.0,0.0
683.33,56.74,64.86,59.62,59.67,7093.18,2050.31,2465.7,0.0,0.0
683.43,56.75,64.86,59.62,59.67,7092.86,2050.75,2465.7,0.0,0.0
683.53,56.73,64.85,59.64,59.67,7093.8,2050.97,2464.28,0.0,0.0
683.58,56.7,64.87,59.63,59.67,7095.06,2049.65,2465.46,0.0,0.0
683.72,56.78,64.86,59.64,59.67,7091.3,2050.31,2464.28,0.0,0.0
683.82,56.7,64.86,59.64,59.67,7094.74,2050.09,2464.05,0.0,0.0
683.91,56.7,64.88,59.65,59.67,7094.43,2048.77,2463.81,0.0,0.0
684.01,56.75,64.86,59.66,59.67,7092.86,2050.09,2462.87,0.0,0.0
684.15,56.76,64.89,59.65,59.67,7092.55,2048.11,2463.34,0.0,0.0
684.2,56.74,64.89,59.67,59.67,7093.18,2048.11,2461.45,0.0,0.0
684.35,56.7,64.89,59.66,59.67,7094.43,2048.55,2462.4,0.0,0.0
684.4,56.68,64.9,59.66,59.68,7096.0,2047.67,2462.4,0.0,0.0
684.54,56.73,64.87,59.67,59.68,7093.8,2049.65,2461.92,0.0,0.0
684.59,56.74,64.9,59.67,59.68,7093.18,2047.67,2461.22,0.0,0.0
684.75,56.7,64.92,59.69,59.68,7094.43,2045.9,2459.8,0.0,0.0
684.79,56.73,64.94,59.69,59.68,7093.49,2045.02,2459.8,0.0,0.0
684.94,56.7,64.94,59.69,59.68,7095.06,2045.02,2459.57,0.0,0.0
684.99,56.73,64.94,59.7,59.68,7093.49,2044.8,2459.1,0.0,0.0
685.14,56.67,64.93,59.7,59.68,7096.31,2045.24,2458.86,0.0,0.0
685.19,56.73,64.93,59.71,59.68,7093.8,2045.24,2458.39,0.0,0.0
685.34,56.79,64.97,59.71,59.68,7090.67,2042.6,2457.92,0.0,0.0
685.39,56.73,64.96,59.71,59.68,7093.49,2043.04,2457.92,0.0,0.0
685.53,56.73,64.96,59.72,59.68,7093.8,2043.26,2457.45,0.0,0.0
685.58,56.76,64.96,59.71,59.68,7092.55,2043.04,2457.68,0.0,0.0
685.72,56.77,64.98,59.73,59.68,7091.92,2041.94,2456.27,0.0,0.0
685.86,56.75,64.98,59.75,59.69,7092.86,2041.72,2454.86,0.0,0.0
685.92,56.8,64.99,59.74,59.69,7090.36,2041.06,2455.56,0.0,0.0
686.04,56.78,65.0,59.76,59.69,7091.3,2040.4,2453.68,0.0,0.0
686.12,56.77,65.0,59.73,59.69,7091.92,2040.62,2456.27,0.0,0.0
686.23,56.74,65.01,59.76,59.69,7093.18,2040.18,2453.44,0.0,0.0
686.28,56.82,65.01,59.74,59.69,7089.1,2039.52,2455.09,0.0,0.0
686.45,56.8,65.03,59.74,59.69,7090.36,2038.42,2455.56,0.0,0.0
686.5,56.75,65.01,59.74,59.69,7092.86,2040.18,2455.33,0.0,0.0
686.58,56.78,65.04,59.75,59.69,7091.3,2037.76,2454.15,0.0,0.0
686.71,56.78,65.03,59.74,59.69,7091.3,2038.42,2455.56,0.0,0.0
686.84,56.8,65.03,59.77,59.69,7090.04,2038.64,2453.21,0.0,0.0
686.92,56.76,65.03,59.74,59.7,7092.55,2038.42,2455.09,0.0,0.0
687.02,56.77,65.04,59.74,59.7,7091.61,2037.54,2455.09,0.0,0.0
687.15,56.79,65.05,59.75,59.7,7090.67,2037.32,2454.62,0.0,0.0
687.25,56.8,65.02,59.77,59.7,7090.36,2038.86,2452.5,0.0,0.0
687.34,56.82,65.04,59.77,59.7,7089.1,2037.54,2452.5,0.0,0.0
687.39,56.82,65.07,59.75,59.7,7089.1,2035.57,2454.15,0.0,0.0
687.53,56.86,65.04,59.75,59.7,7087.85,2037.76,2454.38,0.0,0.0
687.58,56.79,65.06,59.76,59.7,7090.67,2036.0,2453.44,0.0,0.0
687.73,56.85,65.05,59.77,59.7,7088.48,2036.88,2453.21,0.0,0.0
687.8,56.82,65.06,59.77,59.71,7089.41,2036.44,2452.5,0.0,0.0
687.91,56.85,65.06,59.77,59.71,7088.48,2036.44,2452.5,0.0,0.0
688.04,56.83,65.07,59.78,59.71,7088.79,2035.57,2451.8,0.0,0.0
688.13,56.8,65.05,59.79,59.71,7090.04,2036.66,2451.32,0.0,0.0
688.2,56.85,65.07,59.8,59.71,7088.16,2035.57,2450.15,0.0,0.0
688.33,56.85,65.07,59.81,59.71,7088.48,2035.35,2449.68,0.0,0.0
688.43,56.85,65.1,59.81,59.71,7088.16,2033.59,2449.21,0.0,0.0
688.48,56.93,65.1,59.81,59.71,7085.03,2033.81,2448.97,0.0,0.0
688.6,56.86,65.09,59.82,59.72,7087.85,2034.03,2448.74,0.0,0.0
688.68,56.85,65.09,59.83,59.72,7088.16,2034.03,2447.32,0.0,0.0
688.85,56.91,65.1,59.84,59.72,7085.34,2033.37,2446.85,0.0,0.0
688.9,56.82,65.11,59.84,59.72,7089.1,2033.15,2446.38,0.0,0.0
689.03,56.88,65.11,59.85,59.72,7087.22,2033.15,2446.15,0.0,0.0
689.09,56.86,65.12,59.86,59.72,7087.54,2032.05,2444.97,0.0,0.0
689.22,56.93,65.13,59.86,59.72,7085.03,2031.61,2444.74,0.0,0.0
689.36,56.88,65.11,59.86,59.72,7087.22,2032.71,2444.97,0.0,0.0
689.42,56.91,65.13,59.88,59.73,7085.65,2031.39,2443.33,0.0,0.0
689.56,56.86,65.13,59.88,59.73,7087.54,2031.61,2442.86,0.0,0.0
689.61,56.88,65.14,59.91,59.73,7086.6,2030.51,2440.27,0.0,0.0
689.74,56.88,65.13,59.91,59.73,7086.91,2031.17,2440.51,0.0,0.0
689.84,56.85,65.13,59.92,59.73,7088.16,2031.61,2440.04,0.0,0.0
689.89,56.91,65.12,59.91,59.73,7085.65,2032.27,2440.51,0.0,0.0
690.0,56.88,65.13,59.92,59.73,7086.28,2031.17,2440.04,0.0,0.0
690.13,56.88,65.14,59.93,59.73,7087.22,2030.95,2439.1,0.0,0.0
690.22,56.86,65.14,59.93,59.74,7087.54,2030.51,2439.1,0.0,0.0
690.35,56.88,65.14,59.93,59.74,7086.28,2030.95,2439.1,0.0,0.0
690.4,56.85,65.14,59.93,59.74,7088.48,2030.95,2439.1,0.0,0.0
690.54,56.86,65.15,59.92,59.74,7087.85,2030.07,2439.33,0.0,0.0
690.6,56.86,65.14,59.92,59.74,7087.85,2030.73,2439.8,0.0,0.0
690.74,56.82,65.16,59.91,59.74,7089.41,2029.63,2440.27,0.0,0.0
690.79,56.85,65.15,59.95,59.74,7088.48,2030.07,2437.45,0.0,0.0
690.93,56.86,65.13,59.94,59.75,7087.54,2031.17,2437.69,0.0,0.0
690.98,56.86,65.17,59.93,59.75,7087.85,2028.76,2438.86,0.0,0.0
691.13,56.9,65.16,59.95,59.75,7085.97,2029.41,2436.75,0.0,0.0
691.23,56.86,65.16,59.94,59.75,7087.54,2029.63,2438.16,0.0,0.0
691.32,56.85,65.18,59.94,59.75,7088.16,2028.1,2437.69,0.0,0.0
691.44,56.88,65.15,59.96,59.75,7087.22,2030.29,2436.28,0.0,0.0
691.5,56.88,65.17,59.95,59.75,7086.91,2028.76,2437.22,0.0,0.0
691.63,56.88,65.17,59.94,59.76,7086.6,2028.76,2437.92,0.0,0.0
691.68,56.88,65.17,59.94,59.76,7086.91,2028.32,2437.69,0.0,0.0
691.87,56.88,65.16,59.95,59.76,7086.6,2029.19,2437.45,0.0,0.0
691.92,56.88,65.17,59.94,59.76,7086.28,2028.32,2437.92,0.0,0.0
692.06,56.91,65.18,59.95,59.76,7085.34,2028.1,2437.45,0.0,0.0
692.11,56.91,65.19,59.94,59.76,7085.34,2027.0,2438.16,0.0,0.0
692.24,56.88,65.19,59.93,59.76,7087.22,2027.22,2438.39,0.0,0.0
692.3,56.83,65.17,59.93,59.77,7088.79,2028.54,2438.86,0.0,0.0
692.45,56.83,65.2,59.95,59.77,7088.79,2026.78,2437.45,0.0,0.0
692.5,56.88,65.22,59.95,59.77,7086.91,2025.02,2437.22,0.0,0.0
692.63,56.91,65.21,59.94,59.77,7085.65,2025.68,2437.69,0.0,0.0
692.76,56.93,65.21,59.94,59.77,7084.09,2025.46,2438.16,0.0,0.0
692.8,56.91,65.22,59.96,59.77,7085.65,2025.02,2436.28,0.0,0.0
692.94,56.91,65.24,59.95,59.77,7085.65,2023.93,2436.75,0.0,0.0
693.03,56.86,65.21,59.98,59.78,7087.85,2026.12,2434.64,0.0,0.0
693.13,56.86,65.23,59.98,59.78,7087.54,2024.59,2434.17,0.0,0.0
693.19,56.91,65.24,59.97,59.78,7085.34,2023.93,2434.87,0.0,0.0
693.37,56.86,65.22,59.96,59.78,7087.54,2025.24,2435.81,0.0,0.0
693.43,56.91,65.22,59.98,59.78,7085.34,2025.02,2434.4,0.0,0.0
693.52,56.93,65.22,59.98,59.78,7084.09,2025.24,2434.64,0.0,0.0
693.62,56.85,65.24,59.98,59.78,7088.48,2023.93,2434.17,0.0,0.0
693.75,56.85,65.25,59.99,59.79,7088.48,2023.27,2433.7,0.0,0.0
693.8,56.91,65.26,60.01,59.79,7085.65,2022.39,2432.05,0.0,0.0
693.94,56.88,65.25,59.99,59.79,7086.6,2023.05,2433.23,0.0,0.0
693.99,56.91,65.26,59.99,59.79,7085.65,2022.39,2433.23,0.0,0.0
694.14,56.88,65.23,59.99,59.79,7086.28,2024.59,2433.46,0.0,0.0
694.24,56.97,65.26,60.0,59.79,7083.15,2022.17,2432.29,0.0,0.0
694.33,56.91,65.25,60.02,59.79,7085.34,2023.27,2430.65,0.0,0.0
694.43,56.88,65.26,59.99,59.8,7087.22,2022.61,2433.46,0.0,0.0
694.53,56.9,65.24,60.0,59.8,7085.97,2023.49,2432.29,0.0,0.0
694.66,56.94,65.26,60.02,59.8,7084.4,2022.17,2431.35,0.0,0.0
694.71,56.93,65.26,60.02,59.8,7085.03,2022.61,2431.35,0.0,0.0
694.84,56.91,65.24,60.02,59.8,7085.34,2023.93,2431.12,0.0,0.0
694.94,56.91,65.25,60.02,59.8,7085.65,2023.27,2431.35,0.0,0.0
695.02,56.9,65.25,60.02,59.81,7085.97,2023.27,2431.12,0.0,0.0
695.11,56.9,65.25,60.04,59.81,7085.97,2023.05,2429.47,0.0,0.0
695.24,56.93,65.26,60.03,59.81,7084.71,2022.39,2429.94,0.0,0.0
695.29,56.94,65.26,60.03,59.81,7084.4,2022.17,2430.41,0.0,0.0
695.43,56.93,65.27,60.03,59.81,7084.71,2021.73,2430.18,0.0,0.0
695.56,56.9,65.27,60.02,59.81,7085.97,2021.73,2431.35,0.0,0.0
695.61,56.88,65.27,60.03,59.82,7086.91,2021.73,2430.18,0.0,0.0
695.75,56.96,65.27,60.03,59.82,7083.46,2021.73,2430.41,0.0,0.0
695.8,56.91,65.27,60.02,59.82,7085.34,2021.95,2430.65,0.0,0.0
695.98,56.88,65.3,60.05,59.82,7086.6,2019.32,2428.54,0.0,0.0
696.04,56.93,65.28,60.04,59.82,7085.03,2020.64,2429.47,0.0,0.0
696.13,56.88,65.3,60.03,59.82,7086.28,2019.54,2430.18,0.0,0.0
696.2,56.97,65.28,60.03,59.82,7082.83,2020.64,2429.94,0.0,0.0
696.33,56.93,65.3,60.03,59.83,7085.03,2019.54,2429.94,0.0,0.0
696.42,56.95,65.28,60.03,59.83,7083.77,2021.08,2430.18,0.0,0.0
696.52,56.95,65.29,60.04,59.83,7083.77,2020.2,2429.24,0.0,0.0
696.67,56.88,65.29,60.06,59.83,7087.22,2020.42,2427.83,0.0,0.0
696.75,56.94,65.27,60.04,59.83,7084.4,2021.3,2429.47,0.0,0.0
696.81,56.93,65.28,60.03,59.83,7085.03,2020.64,2430.18,0.0,0.0
696.95,56.93,65.29,60.04,59.83,7084.09,2019.98,2429.01,0.0,0.0
697.0,56.94,65.27,60.04,59.84,7084.4,2021.52,2429.01,0.0,0.0
697.14,56.88,65.29,60.04,59.84,7086.28,2020.2,2429.47,0.0,0.0
697.2,56.9,65.27,60.06,59.84,7085.97,2021.52,2427.83,0.0,0.0
697.33,56.86,65.29,60.03,59.84,7087.85,2020.42,2430.41,0.0,0.0
697.46,56.93,65.26,60.02,59.84,7085.03,2022.39,2430.88,0.0,0.0
697.52,56.94,65.27,60.03,59.84,7084.4,2021.3,2430.18,0.0,0.0
697.66,56.91,65.27,60.03,59.85,7085.65,2021.3,2429.94,0.0,0.0
697.72,56.85,65.26,60.0,59.85,7088.48,2022.39,2432.29,0.0,0.0
697.81,56.93,65.27,60.01,59.85,7084.71,2021.52,2431.82,0.0,0.0
697.9,56.85,65.25,60.02,59.85,7088.48,2023.05,2431.35,0.0,0.0
698.03,56.8,65.25,60.02,59.85,7090.04,2022.83,2430.88,0.0,0.0
698.13,56.86,65.25,59.99,59.85,7087.85,2023.05,2433.23,0.0,0.0
698.26,56.8,65.25,60.01,59.85,7090.36,2022.83,2432.05,0.0,0.0
698.31,56.81,65.24,60.0,59.86,7089.73,2023.71,2432.76,0.0,0.0
698.45,56.88,65.23,59.99,59.86,7086.91,2024.37,2433.93,0.0,0.0
698.5,56.85,65.24,59.99,59.86,7088.16,2023.93,2433.93,0.0,0.0
698.63,56.88,65.23,59.98,59.86,7087.22,2024.15,2434.64,0.0,0.0
698.77,56.86,65.23,59.97,59.86,7087.85,2024.59,2434.87,0.0,0.0
698.82,56.79,65.22,59.96,59.86,7090.67,2024.81,2436.04,0.0,0.0
698.95,56.76,65.21,59.97,59.86,7092.55,2025.46,2435.58,0.0,0.0
698.99,56.81,65.21,59.98,59.87,7089.73,2025.46,2434.64,0.0,0.0
699.09,56.76,65.21,59.97,59.87,7092.55,2026.12,2435.58,0.0,0.0
699.21,56.78,65.21,59.97,59.87,7091.3,2025.46,2435.58,0.0,0.0
699.33,56.77,65.21,59.96,59.87,7092.24,2025.68,2436.51,0.0,0.0
699.43,56.77,65.21,59.96,59.87,7091.61,2025.68,2436.28,0.0,0.0
699.56,56.77,65.2,59.96,59.87,7091.61,2026.78,2436.51,0.0,0.0
699.62,56.73,65.21,59.97,59.87,7093.8,2025.46,2435.58,0.0,0.0
699.75,56.7,65.21,59.95,59.87,7094.74,2025.9,2437.22,0.0,0.0
699.8,56.7,65.2,59.95,59.88,7095.37,2026.78,2437.22,0.0,0.0
699.93,56.74,65.2,59.95,59.88,7093.18,2026.56,2437.22,0.0,0.0
700.08,56.75,65.19,59.96,59.88,7092.86,2027.44,2436.28,0.0,0.0
700.13,56.7,65.21,59.94,59.88,7094.43,2026.12,2437.92,0.0,0.0
700.27,56.74,65.2,59.95,59.88,7093.18,2026.56,2437.45,0.0,0.0
700.32,56.73,65.19,59.93,59.88,7093.8,2027.22,2438.39,0.0,0.0
700.45,56.72,65.21,59.95,59.88,7094.12,2026.12,2437.45,0.0,0.0
700.5,56.7,65.19,59.93,59.88,7095.06,2027.22,2438.39,0.0,0.0
700.68,56.72,65.2,59.93,59.88,7094.12,2026.34,2438.86,0.0,0.0
700.73,56.73,65.2,59.94,59.89,7093.49,2026.78,2437.69,0.0,0.0
700.87,56.73,65.18,59.94,59.89,7093.8,2027.66,2437.69,0.0,0.0
700.92,56.7,65.18,59.93,59.89,7094.74,2027.66,2438.39,0.0,0.0
701.06,56.7,65.19,59.94,59.89,7095.06,2027.44,2437.92,0.0,0.0
701.16,56.73,65.21,59.95,59.89,7093.8,2025.46,2437.45,0.0,0.0
701.21,56.76,65.2,59.94,59.89,7092.55,2026.34,2437.92,0.0,0.0
701.31,56.7,65.18,59.96,59.89,7094.74,2027.66,2436.51,0.0,0.0
701.44,56.77,65.2,59.96,59.89,7092.24,2026.34,2436.51,0.0,0.0
701.55,56.76,65.2,59.95,59.89,7092.55,2026.34,2437.45,0.0,0.0
701.64,56.73,65.21,59.95,59.89,7093.8,2026.12,2436.75,0.0,0.0
701.69,56.77,65.23,59.96,59.9,7092.24,2024.37,2436.28,0.0,0.0
701.83,56.7,65.21,59.97,59.9,7095.06,2025.46,2435.58,0.0,0.0
701.97,56.77,65.21,59.98,59.9,7092.24,2025.46,2434.17,0.0,0.0
702.02,56.72,65.22,59.96,59.9,7094.12,2024.81,2436.51,0.0,0.0
702.16,56.74,65.23,59.97,59.9,7093.18,2024.59,2435.34,0.0,0.0
702.25,56.75,65.23,59.98,59.9,7092.86,2024.59,2434.64,0.0,0.0
702.39,56.73,65.23,59.98,59.9,7093.49,2024.59,2434.17,0.0,0.0
702.44,56.77,65.23,60.0,59.9,7092.24,2024.37,2432.99,0.0,0.0
702.56,56.72,65.24,59.99,59.9,7094.12,2023.93,2433.7,0.0,0.0
702.61,56.77,65.25,59.99,59.9,7091.92,2023.27,2433.93,0.0,0.0
702.78,56.73,65.24,60.0,59.9,7093.8,2023.49,2432.76,0.0,0.0
702.87,56.74,65.26,60.01,59.91,7093.18,2022.17,2431.82,0.0,0.0
702.93,56.7,65.27,60.0,59.91,7095.37,2021.52,2432.99,0.0,0.0
703.05,56.76,65.24,60.01,59.91,7092.55,2023.49,2431.82,0.0,0.0
703.15,56.7,65.26,60.01,59.91,7095.37,2022.61,2432.05,0.0,0.0
703.21,56.72,65.25,60.01,59.91,7094.12,2023.27,2432.05,0.0,0.0
703.3,56.73,65.25,60.01,59.91,7093.8,2023.05,2431.59,0.0,0.0
703.4,56.73,65.26,60.01,59.91,7093.8,2022.61,2431.59,0.0,0.0
703.54,56.75,65.26,60.03,59.91,7092.86,2022.17,2430.41,0.0,0.0
703.62,56.7,65.27,60.02,59.91,7095.06,2021.73,2431.12,0.0,0.0
703.73,56.7,65.26,60.02,59.92,7095.06,2022.61,2431.12,0.0,0.0
703.86,56.67,65.26,60.03,59.92,7096.31,2022.39,2429.71,0.0,0.0
703.91,56.73,65.28,60.04,59.92,7093.49,2020.86,2429.24,0.0,0.0
704.04,56.72,65.26,60.03,59.92,7094.12,2022.17,2429.71,0.0,0.0
704.09,56.69,65.28,60.06,59.92,7095.68,2020.86,2427.83,0.0,0.0
704.24,56.7,65.28,60.03,59.92,7095.37,2021.08,2430.41,0.0,0.0
704.38,56.77,65.26,60.02,59.92,7091.92,2022.39,2430.65,0.0,0.0
704.43,56.74,65.27,60.03,59.92,7093.18,2021.3,2429.94,0.0,0.0
704.57,56.74,65.26,60.04,59.92,7093.18,2022.17,2429.47,0.0,0.0
704.63,56.69,65.27,60.04,59.92,7095.68,2021.73,2429.01,0.0,0.0
704.77,56.73,65.26,60.04,59.93,7093.49,2022.17,2428.77,0.0,0.0
704.82,56.74,65.26,60.06,59.93,7093.18,2022.39,2427.36,0.0,0.0
704.96,56.73,65.25,60.03,59.93,7093.8,2023.05,2429.94,0.0,0.0
705.05,56.73,65.26,60.04,59.93,7093.8,2022.17,2429.24,0.0,0.0
705.14,56.7,65.24,60.06,59.93,7095.37,2023.71,2427.83,0.0,0.0
705.24,56.72,65.24,60.04,59.93,7094.12,2023.49,2428.77,0.0,0.0
705.37,56.75,65.22,60.07,59.93,7092.86,2025.02,2426.19,0.0,0.0
705.43,56.75,65.25,60.06,59.93,7092.86,2022.83,2427.83,0.0,0.0
705.56,56.72,65.24,60.08,59.93,7094.12,2023.49,2425.72,0.0,0.0
705.61,56.76,65.23,60.05,59.94,7092.55,2024.59,2428.07,0.0,0.0
705.77,56.78,65.24,60.07,59.94,7091.3,2023.71,2426.9,0.0,0.0
705.82,56.7,65.21,60.06,59.94,7094.74,2025.9,2427.83,0.0,0.0
705.95,56.7,65.22,60.06,59.94,7094.43,2025.02,2427.13,0.0,0.0
706.0,56.7,65.24,60.06,59.94,7094.74,2023.93,2427.36,0.0,0.0
706.14,56.77,65.22,60.09,59.94,7092.24,2025.02,2425.02,0.0,0.0
706.24,56.76,65.24,60.07,59.94,7092.55,2023.71,2426.66,0.0,0.0
706.34,56.78,65.22,60.09,59.94,7090.98,2024.81,2425.25,0.0,0.0
706.43,56.77,65.21,60.08,59.94,7092.24,2025.9,2425.96,0.0,0.0
706.52,56.74,65.22,60.07,59.94,7093.18,2024.81,2426.19,0.0,0.0
706.66,56.7,65.23,60.08,59.95,7094.43,2024.37,2425.72,0.0,0.0
706.71,56.8,65.21,60.07,59.95,7090.04,2025.9,2426.66,0.0,0.0
706.8,56.78,65.21,60.06,59.95,7091.3,2025.9,2427.13,0.0,0.0
706.98,56.79,65.21,60.06,59.95,7090.67,2026.12,2427.36,0.0,0.0
707.07,56.78,65.22,60.07,59.95,7091.3,2025.24,2426.9,0.0,0.0
707.12,56.77,65.2,60.05,59.95,7091.61,2026.34,2428.3,0.0,0.0
707.26,56.8,65.22,60.04,59.95,7090.36,2025.02,2428.77,0.0,0.0
707.31,56.77,65.22,60.06,59.95,7091.61,2024.81,2427.36,0.0,0.0
707.45,56.8,65.21,60.05,59.95,7090.04,2025.9,2428.07,0.0,0.0
707.5,56.8,65.21,60.04,59.95,7090.36,2025.9,2429.01,0.0,0.0
707.63,56.78,65.22,60.04,59.95,7091.3,2025.24,2429.01,0.0,0.0
707.74,56.8,65.21,60.06,59.95,7090.36,2025.68,2427.36,0.0,0.0
707.84,56.77,65.21,60.05,59.96,7091.61,2025.46,2428.07,0.0,0.0
707.98,56.78,65.21,60.06,59.96,7090.98,2026.12,2427.36,0.0,0.0
708.03,56.8,65.23,60.06,59.96,7090.36,2024.15,2427.36,0.0,0.0
708.16,56.85,65.21,60.07,59.96,7088.16,2025.46,2426.66,0.0,0.0
708.2,56.85,65.21,60.04,59.96,7088.16,2025.46,2429.01,0.0,0.0
708.37,56.78,65.22,60.06,59.96,7091.3,2025.24,2427.36,0.0,0.0
708.43,56.77,65.21,60.06,59.96,7091.61,2025.46,2427.13,0.0,0.0
708.57,56.77,65.21,60.07,59.96,7092.24,2025.9,2426.9,0.0,0.0
708.62,56.79,65.23,60.06,59.96,7090.67,2024.15,2427.83,0.0,0.0
708.76,56.79,65.23,60.05,59.96,7090.67,2024.15,2428.07,0.0,0.0
708.82,56.81,65.23,60.06,59.96,7089.73,2024.15,2427.6,0.0,0.0
708.95,56.82,65.23,60.04,59.96,7089.1,2024.59,2429.01,0.0,0.0
709.03,56.82,65.24,60.04,59.96,7089.1,2023.49,2429.24,0.0,0.0
709.15,56.83,65.23,60.05,59.96,7088.79,2024.59,2428.07,0.0,0.0
709.24,56.8,65.23,60.03,59.97,7090.04,2024.59,2430.41,0.0,0.0
709.34,56.8,65.23,60.03,59.97,7090.04,2024.15,2429.94,0.0,0.0
709.48,56.74,65.23,60.03,59.97,7093.18,2024.15,2430.18,0.0,0.0
709.53,56.77,65.23,60.03,59.97,7091.92,2024.59,2430.41,0.0,0.0
709.67,56.77,65.23,60.02,59.97,7091.92,2024.37,2430.88,0.0,0.0
709.72,56.83,65.21,60.01,59.97,7088.79,2025.68,2431.82,0.0,0.0
709.87,56.77,65.2,60.01,59.97,7091.92,2026.78,2432.05,0.0,0.0
709.92,56.77,65.21,60.02,59.97,7091.92,2025.68,2430.65,0.0,0.0
710.07,56.8,65.2,60.0,59.97,7090.04,2026.78,2432.52,0.0,0.0
710.12,56.77,65.21,60.0,59.97,7091.92,2025.9,2432.52,0.0,0.0
710.27,56.78,65.2,60.01,59.97,7090.98,2026.56,2431.82,0.0,0.0
710.32,56.73,65.2,60.02,59.97,7093.49,2026.34,2431.12,0.0,0.0
710.45,56.78,65.2,60.01,59.97,7091.3,2026.34,2432.05,0.0,0.0
710.5,56.74,65.19,60.01,59.98,7093.18,2027.22,2431.59,0.0,0.0
710.64,56.7,65.19,60.0,59.98,7095.37,2027.44,2432.76,0.0,0.0
710.71,56.73,65.2,60.02,59.98,7093.49,2026.34,2431.12,0.0,0.0
710.85,56.73,65.17,60.03,59.98,7093.8,2028.32,2430.18,0.0,0.0
710.91,56.73,65.16,60.0,59.98,7093.49,2029.19,2432.52,0.0,0.0
711.04,56.77,65.16,60.0,59.98,7092.24,2028.98,2432.52,0.0,0.0
711.13,56.72,65.19,59.99,59.98,7094.12,2027.44,2433.7,0.0,0.0
711.27,56.73,65.19,60.0,59.98,7093.8,2027.22,2432.99,0.0,0.0
711.33,56.7,65.19,59.98,59.98,7094.43,2027.44,2434.17,0.0,0.0
711.47,56.7,65.17,59.99,59.98,7094.74,2028.76,2433.93,0.0,0.0
711.52,56.73,65.16,59.99,59.98,7093.8,2029.41,2433.23,0.0,0.0
711.68,56.72,65.17,59.98,59.98,7094.12,2028.54,2434.64,0.0,0.0
711.73,56.7,65.19,59.98,59.98,7095.06,2027.22,2434.64,0.0,0.0
711.89,56.75,65.17,59.98,59.98,7092.86,2028.76,2434.17,0.0,0.0
711.94,56.7,65.18,59.98,59.98,7094.74,2028.1,2434.64,0.0,0.0
712.04,56.74,65.16,59.99,59.98,7093.18,2029.63,2433.23,0.0,0.0
712.13,56.73,65.15,59.97,59.98,7093.8,2030.29,2435.34,0.0,0.0
712.27,56.74,65.17,59.97,59.98,7093.18,2028.76,2434.87,0.0,0.0
712.32,56.73,65.16,59.96,59.99,7093.8,2029.19,2435.81,0.0,0.0
712.47,56.77,65.19,59.97,59.99,7092.24,2027.22,2435.11,0.0,0.0
712.52,56.72,65.17,59.97,59.99,7094.12,2028.54,2435.11,0.0,0.0
712.65,56.73,65.16,59.98,59.99,7093.49,2028.98,2434.64,0.0,0.0
712.8,56.73,65.16,59.98,59.99,7093.49,2029.41,2434.4,0.0,0.0
712.84,56.77,65.18,59.98,59.99,7091.61,2027.88,2434.4,0.0,0.0
712.94,56.75,65.15,59.96,59.99,7092.86,2030.29,2435.81,0.0,0.0
713.04,56.77,65.16,59.99,59.99,7091.92,2029.41,2433.7,0.0,0.0
713.19,56.73,65.17,59.98,59.99,7093.8,2028.76,2434.17,0.0,0.0
713.24,56.77,65.19,59.97,59.99,7091.92,2027.22,2435.11,0.0,0.0
713.38,56.77,65.18,59.98,59.99,7091.92,2027.66,2434.17,0.0,0.0
713.44,56.72,65.17,59.98,59.99,7094.12,2028.54,2434.64,0.0,0.0
713.53,56.73,65.17,59.99,59.99,7093.49,2028.76,2433.23,0.0,0.0
713.62,56.7,65.17,60.0,59.99,7094.43,2028.32,2432.99,0.0,0.0
713.76,56.78,65.17,59.98,59.99,7091.3,2028.76,2434.17,0.0,0.0
713.82,56.73,65.19,60.0,59.99,7093.8,2027.44,2432.99,0.0,0.0
713.97,56.76,65.16,59.99,59.99,7092.55,2029.19,2433.93,0.0,0.0
714.02,56.8,65.16,59.98,59.99,7090.36,2028.98,2434.4,0.0,0.0
714.21,56.74,65.19,59.97,59.99,7093.18,2027.22,2434.87,0.0,0.0
714.22,56.74,65.2,59.98,59.99,7093.18,2026.56,2434.17,0.0,0.0
714.32,56.77,65.2,59.98,59.99,7091.61,2026.78,2434.64,0.0,0.0
714.42,56.75,65.18,59.98,59.99,7092.86,2027.66,2434.4,0.0,0.0
714.55,56.73,65.2,59.97,59.99,7093.49,2026.78,2435.58,0.0,0.0
714.64,56.73,65.19,59.97,60.0,7093.8,2027.0,2435.34,0.0,0.0
714.78,56.76,65.19,59.98,60.0,7092.55,2027.44,2434.64,0.0,0.0
714.83,56.72,65.2,59.97,60.0,7094.12,2026.78,2435.58,0.0,0.0
714.96,56.73,65.19,59.96,60.0,7093.8,2027.44,2435.81,0.0,0.0
715.01,56.77,65.21,59.96,60.0,7092.24,2025.46,2435.81,0.0,0.0
715.13,56.78,65.21,59.95,60.0,7091.3,2025.9,2436.75,0.0,0.0
715.27,56.73,65.21,59.96,60.0,7093.8,2026.12,2436.04,0.0,0.0
715.32,56.77,65.21,59.96,60.0,7091.61,2025.9,2436.51,0.0,0.0
715.46,56.78,65.22,59.97,60.0,7090.98,2024.81,2435.11,0.0,0.0
715.53,56.74,65.22,59.96,60.0,7093.18,2024.81,2436.28,0.0,0.0
715.69,56.77,65.21,59.97,60.0,7092.24,2026.12,2435.58,0.0,0.0
715.72,56.74,65.23,59.98,60.0,7093.18,2024.15,2434.4,0.0,0.0
715.84,56.78,65.23,59.97,60.0,7091.3,2024.59,2435.11,0.0,0.0
715.95,56.77,65.22,59.98,60.0,7091.61,2024.81,2434.4,0.0,0.0
716.04,56.75,65.22,59.97,60.0,7092.86,2025.02,2435.58,0.0,0.0
716.14,56.77,65.22,59.97,60.0,7092.24,2025.02,2435.11,0.0,0.0
716.27,56.73,65.23,59.99,60.0,7093.8,2024.15,2433.46,0.0,0.0
716.32,56.7,65.25,60.0,60.0,7095.37,2023.27,2432.99,0.0,0.0
716.46,56.77,65.26,59.99,60.0,7092.24,2022.61,2433.93,0.0,0.0
716.51,56.76,65.26,59.98,60.0,7092.55,2022.61,2434.17,0.0,0.0
716.65,56.73,65.25,59.99,60.0,7093.49,2023.27,2433.7,0.0,0.0
716.8,56.73,65.25,60.0,60.01,7093.8,2023.27,2432.52,0.0,0.0
716.86,56.75,65.26,59.99,60.01,7092.86,2022.17,2433.23,0.0,0.0
717.0,56.75,65.26,60.01,60.01,7092.86,2022.17,2431.59,0.0,0.0
717.05,56.75,65.25,60.01,60.01,7092.86,2023.27,2432.05,0.0,0.0
717.15,56.77,65.27,60.02,60.01,7092.24,2021.73,2431.35,0.0,0.0
717.23,56.7,65.27,60.02,60.01,7094.74,2021.52,2430.65,0.0,0.0
717.37,56.72,65.27,60.02,60.01,7094.12,2021.3,2431.12,0.0,0.0
717.43,56.73,65.27,60.04,60.01,7093.8,2021.73,2429.01,0.0,0.0
717.55,56.72,65.27,60.04,60.01,7094.12,2021.52,2429.47,0.0,0.0
717.67,56.72,65.29,60.02,60.01,7094.12,2020.42,2430.65,0.0,0.0
717.72,56.73,65.28,60.03,60.01,7093.8,2020.86,2430.41,0.0,0.0
717.81,56.7,65.28,60.02,60.01,7095.37,2020.86,2430.65,0.0,0.0
717.96,56.73,65.26,60.03,60.01,7093.8,2022.39,2430.41,0.0,0.0
718.01,56.73,65.27,60.02,60.01,7093.8,2021.52,2430.88,0.0,0.0
718.15,56.7,65.27,60.03,60.01,7094.74,2021.73,2429.94,0.0,0.0
718.24,56.67,65.28,60.04,60.01,7096.62,2020.86,2429.01,0.0,0.0
718.38,56.72,65.27,60.03,60.02,7094.12,2021.52,2429.94,0.0,0.0
718.43,56.73,65.29,60.04,60.02,7093.8,2020.2,2429.47,0.0,0.0
718.58,56.77,65.3,60.05,60.02,7092.24,2019.32,2428.07,0.0,0.0
718.63,56.73,65.29,60.03,60.02,7093.49,2019.98,2429.94,0.0,0.0
718.76,56.73,65.3,60.05,60.02,7093.8,2019.32,2428.3,0.0,0.0
718.84,56.76,65.3,60.02,60.02,7092.55,2019.54,2430.65,0.0,0.0
718.95,56.74,65.28,60.04,60.02,7093.18,2020.86,2429.24,0.0,0.0
719.09,56.7,65.3,60.03,60.02,7094.43,2019.54,2430.41,0.0,0.0
719.14,56.77,65.3,60.03,60.02,7091.92,2019.54,2429.94,0.0,0.0
719.28,56.74,65.29,60.03,60.02,7093.18,2020.42,2430.41,0.0,0.0
719.34,56.73,65.3,60.01,60.02,7093.8,2019.54,2432.05,0.0,0.0
719.47,56.74,65.28,60.02,60.02,7093.18,2021.08,2431.12,0.0,0.0
719.52,56.73,65.27,60.0,60.02,7093.49,2021.3,2432.76,0.0,0.0
719.64,56.73,65.28,59.99,60.03,7093.8,2020.64,2433.23,0.0,0.0
719.73,56.72,65.28,60.0,60.03,7094.12,2020.64,2432.76,0.0,0.0
719.87,56.72,65.28,59.97,60.03,7094.12,2020.64,2434.87,0.0,0.0
719.93,56.7,65.27,59.96,60.03,7095.06,2021.52,2436.28,0.0,0.0
720.01,56.75,65.28,59.97,60.03,7092.86,2021.08,2434.87,0.0,0.0
720.15,56.72,65.27,59.98,60.03,7094.12,2021.95,2434.64,0.0,0.0
720.24,56.73,65.28,59.95,60.03,7093.49,2020.64,2437.22,0.0,0.0
720.37,56.7,65.26,59.95,60.03,7094.74,2022.39,2436.75,0.0,0.0
720.42,56.7,65.27,59.95,60.03,7094.74,2021.95,2437.45,0.0,0.0
720.56,56.7,65.25,59.95,60.03,7095.37,2023.05,2436.98,0.0,0.0
720.62,56.73,65.27,59.95,60.03,7093.49,2021.95,2437.45,0.0,0.0
720.76,56.72,65.27,59.95,60.03,7094.12,2021.52,2436.75,0.0,0.0
720.81,56.7,65.25,59.94,60.03,7094.43,2023.05,2438.16,0.0,0.0
720.96,56.74,65.25,59.92,60.03,7093.18,2022.83,2439.33,0.0,0.0
721.05,56.76,65.21,59.94,60.03,7092.55,2025.9,2438.16,0.0,0.0
721.15,56.76,65.23,59.94,60.04,7092.55,2024.59,2438.16,0.0,0.0
721.24,56.7,65.22,59.91,60.04,7095.06,2024.81,2440.51,0.0,0.0
721.37,56.77,65.22,59.9,60.04,7092.24,2024.81,2441.21,0.0,0.0
721.42,56.73,65.21,59.92,60.04,7093.49,2025.46,2439.57,0.0,0.0
721.56,56.73,65.23,59.92,60.04,7093.8,2024.37,2439.57,0.0,0.0
721.65,56.7,65.24,59.92,60.04,7095.37,2023.71,2439.8,0.0,0.0
721.74,56.7,65.23,59.91,60.04,7095.37,2024.37,2440.51,0.0,0.0
721.88,56.69,65.24,59.92,60.04,7095.68,2023.49,2439.8,0.0,0.0
721.93,56.74,65.22,59.94,60.04,7093.18,2025.02,2438.16,0.0,0.0
722.07,56.74,65.23,59.92,60.04,7093.18,2024.15,2439.33,0.0,0.0
722.17,56.73,65.25,59.92,60.04,7093.8,2023.27,2439.57,0.0,0.0
722.26,56.74,65.25,59.91,60.04,7093.18,2022.83,2440.74,0.0,0.0
722.31,56.75,65.24,59.9,60.04,7092.86,2023.71,2440.98,0.0,0.0
722.45,56.7,65.24,59.91,60.04,7094.74,2023.93,2440.27,0.0,0.0
722.55,56.72,65.23,59.91,60.04,7094.12,2024.37,2440.27,0.0,0.0
722.65,56.77,65.23,59.91,60.04,7092.24,2024.37,2440.27,0.0,0.0
722.74,56.73,65.24,59.92,60.04,7093.49,2023.93,2440.04,0.0,0.0
722.87,56.7,65.25,59.91,60.04,7094.74,2022.83,2440.74,0.0,0.0
722.92,56.77,65.24,59.9,60.04,7091.92,2023.93,2441.45,0.0,0.0
723.06,56.77,65.24,59.9,60.04,7092.24,2023.49,2441.68,0.0,0.0
723.15,56.78,65.23,59.87,60.05,7091.3,2024.37,2443.8,0.0,0.0
723.23,56.77,65.23,59.9,60.05,7091.92,2024.37,2441.68,0.0,0.0
723.33,56.79,65.23,59.86,60.05,7090.67,2024.37,2444.74,0.0,0.0
723.47,56.74,65.21,59.86,60.05,7093.18,2026.12,2444.5,0.0,0.0
723.53,56.77,65.22,59.87,60.05,7091.92,2024.81,2444.03,0.0,0.0
723.62,56.76,65.22,59.88,60.05,7092.55,2024.81,2443.09,0.0,0.0
723.76,56.77,65.22,59.87,60.05,7091.92,2025.24,2444.03,0.0,0.0
723.82,56.73,65.22,59.86,60.05,7093.49,2025.02,2445.21,0.0,0.0
723.96,56.8,65.23,59.85,60.05,7090.36,2024.59,2445.91,0.0,0.0
724.01,56.79,65.23,59.82,60.05,7090.67,2024.37,2448.27,0.0,0.0
724.11,56.82,65.23,59.84,60.05,7089.41,2024.15,2447.09,0.0,0.0
724.25,56.86,65.22,59.84,60.05,7087.85,2025.02,2447.09,0.0,0.0
724.39,56.78,65.23,59.84,60.05,7091.3,2024.15,2446.85,0.0,0.0
724.44,56.8,65.23,59.84,60.05,7090.36,2024.59,2446.38,0.0,0.0
724.58,56.82,65.22,59.83,60.05,7089.41,2024.81,2447.79,0.0,0.0
724.63,56.82,65.22,59.82,60.05,7089.41,2024.81,2448.5,0.0,0.0
724.77,56.8,65.2,59.83,60.05,7090.36,2026.56,2447.79,0.0,0.0
724.82,56.82,65.21,59.82,60.05,7089.41,2025.9,2448.27,0.0,0.0
724.95,56.83,65.19,59.83,60.05,7088.79,2027.0,2447.56,0.0,0.0
725.09,56.85,65.19,59.8,60.05,7088.48,2027.0,2450.38,0.0,0.0
725.15,56.78,65.2,59.82,60.05,7091.3,2026.56,2448.5,0.0,0.0
725.29,56.88,65.19,59.81,60.05,7086.28,2027.22,2448.97,0.0,0.0
725.34,56.82,65.19,59.82,60.05,7089.1,2027.22,2448.74,0.0,0.0
725.52,56.83,65.2,59.81,60.05,7088.79,2026.34,2449.68,0.0,0.0
725.53,56.83,65.19,59.81,60.05,7088.79,2027.22,2449.44,0.0,0.0
725.63,56.88,65.18,59.81,60.06,7086.91,2027.66,2449.44,0.0,0.0
725.77,56.85,65.18,59.81,60.06,7088.16,2027.66,2449.44,0.0,0.0
725.86,56.81,65.19,59.81,60.06,7089.73,2027.0,2448.97,0.0,0.0
725.92,56.82,65.19,59.81,60.06,7089.41,2027.0,2449.21,0.0,0.0
726.06,56.88,65.17,59.82,60.06,7087.22,2028.54,2448.74,0.0,0.0
726.12,56.86,65.18,59.82,60.06,7087.85,2028.1,2448.5,0.0,0.0
726.26,56.86,65.17,59.82,60.06,7087.85,2028.76,2448.5,0.0,0.0
726.32,56.88,65.18,59.81,60.06,7086.28,2027.66,2449.21,0.0,0.0
726.5,56.88,65.16,59.82,60.06,7086.28,2029.19,2448.5,0.0,0.0
726.53,56.88,65.19,59.81,60.06,7086.28,2027.22,2449.68,0.0,0.0
726.73,56.85,65.16,59.82,60.06,7088.48,2029.41,2448.27,0.0,0.0
726.78,56.85,65.17,59.85,60.06,7088.48,2028.32,2446.15,0.0,0.0
726.87,56.86,65.17,59.83,60.06,7087.54,2028.76,2447.56,0.0,0.0
726.92,56.85,65.19,59.83,60.06,7088.16,2027.22,2447.56,0.0,0.0
727.06,56.81,65.19,59.84,60.06,7089.73,2027.22,2446.38,0.0,0.0
727.12,56.88,65.17,59.85,60.06,7086.6,2028.76,2445.91,0.0,0.0
727.26,56.8,65.18,59.82,60.06,7090.04,2027.66,2448.03,0.0,0.0
727.32,56.88,65.18,59.85,60.06,7087.22,2027.66,2446.15,0.0,0.0
727.45,56.82,65.18,59.83,60.06,7089.41,2028.1,2447.56,0.0,0.0
727.56,56.86,65.2,59.86,60.06,7087.54,2026.78,2444.97,0.0,0.0
727.65,56.86,65.17,59.86,60.06,7087.54,2028.76,2444.97,0.0,0.0
727.76,56.86,65.19,59.84,60.06,7087.85,2027.22,2446.38,0.0,0.0
727.9,56.81,65.18,59.87,60.06,7089.73,2027.88,2443.8,0.0,0.0
727.95,56.81,65.19,59.88,60.06,7089.73,2027.22,2443.33,0.0,0.0
728.09,56.83,65.19,59.87,60.06,7088.79,2027.0,2443.8,0.0,0.0
728.15,56.88,65.19,59.89,60.06,7086.6,2027.22,2441.92,0.0,0.0
728.29,56.82,65.19,59.89,60.06,7089.1,2027.44,2442.15,0.0,0.0
728.34,56.82,65.19,59.9,60.06,7089.1,2027.44,2440.98,0.0,0.0
728.48,56.88,65.17,59.9,60.06,7086.28,2028.32,2441.45,0.0,0.0
728.6,56.88,65.17,59.9,60.06,7087.22,2028.54,2441.45,0.0,0.0
728.69,56.88,65.18,59.93,60.06,7086.28,2027.88,2438.63,0.0,0.0
728.74,56.86,65.2,59.92,60.06,7087.85,2026.56,2439.8,0.0,0.0
728.87,56.85,65.17,59.92,60.06,7088.48,2028.32,2439.57,0.0,0.0
728.98,56.93,65.18,59.94,60.06,7085.03,2028.1,2438.16,0.0,0.0
729.08,56.86,65.16,59.94,60.06,7087.85,2028.98,2437.92,0.0,0.0
729.13,56.88,65.19,59.94,60.06,7086.91,2027.44,2437.92,0.0,0.0
729.27,56.88,65.19,59.95,60.06,7087.22,2027.22,2437.22,0.0,0.0
729.32,56.86,65.18,59.95,60.06,7087.54,2028.1,2436.98,0.0,0.0
729.47,56.88,65.19,59.95,60.06,7086.91,2027.44,2436.98,0.0,0.0
729.51,56.88,65.21,59.96,60.06,7086.28,2026.12,2435.81,0.0,0.0
729.66,56.83,65.18,59.96,60.06,7088.79,2027.66,2436.28,0.0,0.0
729.74,56.88,65.2,59.97,60.06,7087.22,2026.56,2434.87,0.0,0.0
729.83,56.88,65.22,59.97,60.06,7087.22,2024.81,2434.87,0.0,0.0
729.98,56.83,65.18,59.96,60.06,7088.79,2027.66,2436.28,0.0,0.0
730.03,56.82,65.21,59.97,60.06,7089.1,2025.68,2435.34,0.0,0.0
730.17,56.86,65.2,59.98,60.06,7087.85,2026.34,2434.64,0.0,0.0
730.22,56.91,65.21,59.97,60.06,7085.65,2025.9,2434.87,0.0,0.0
730.38,56.88,65.22,59.96,60.06,7086.28,2024.81,2436.28,0.0,0.0
730.44,56.91,65.22,59.98,60.06,7085.34,2025.24,2434.4,0.0,0.0
730.54,56.88,65.21,59.96,60.06,7086.6,2025.68,2436.28,0.0,0.0
730.64,56.91,65.22,59.97,60.06,7085.65,2025.24,2435.34,0.0,0.0
730.81,56.88,65.21,59.96,60.06,7087.22,2025.68,2436.04,0.0,0.0
730.87,56.88,65.2,59.97,60.06,7087.22,2026.56,2435.58,0.0,0.0
730.98,56.91,65.22,59.96,60.06,7085.65,2025.24,2436.28,0.0,0.0
731.08,56.85,65.21,59.95,60.06,7088.48,2026.12,2436.75,0.0,0.0
731.14,56.83,65.22,59.95,60.06,7088.79,2025.02,2436.75,0.0,0.0
731.29,56.91,65.22,59.95,60.06,7085.65,2025.24,2437.45,0.0,0.0
731.39,56.85,65.2,59.96,60.07,7088.16,2026.56,2436.04,0.0,0.0
731.48,56.85,65.21,59.95,60.07,7088.16,2026.12,2437.45,0.0,0.0
731.53,56.88,65.21,59.95,60.07,7086.91,2025.46,2437.22,0.0,0.0
731.66,56.86,65.24,59.96,60.07,7087.85,2023.93,2436.04,0.0,0.0
731.76,56.86,65.21,59.97,60.07,7087.85,2025.68,2435.58,0.0,0.0
731.85,56.88,65.21,59.95,60.07,7087.22,2025.68,2437.22,0.0,0.0
732.0,56.88,65.21,59.94,60.07,7086.6,2025.9,2437.69,0.0,0.0
732.05,56.88,65.22,59.95,60.07,7086.6,2025.02,2436.98,0.0,0.0
732.19,56.85,65.22,59.95,60.07,7088.16,2025.24,2436.98,0.0,0.0
732.24,56.85,65.22,59.97,60.07,7088.16,2025.24,2435.58,0.0,0.0
732.38,56.88,65.2,59.96,60.07,7087.22,2026.34,2436.28,0.0,0.0
732.44,56.85,65.21,59.95,60.07,7088.16,2025.68,2436.75,0.0,0.0
732.57,56.91,65.21,59.95,60.07,7085.65,2025.68,2436.98,0.0,0.0
732.64,56.85,65.22,59.96,60.07,7088.16,2024.81,2435.81,0.0,0.0
732.77,56.85,65.23,59.98,60.07,7088.16,2024.59,2434.64,0.0,0.0
732.87,56.88,65.22,59.98,60.07,7086.28,2024.81,2434.64,0.0,0.0
733.02,56.86,65.21,59.97,60.07,7087.54,2025.46,2435.11,0.0,0.0
733.06,56.93,65.22,59.98,60.07,7085.03,2025.02,2434.4,0.0,0.0
733.19,56.91,65.25,59.97,60.07,7085.34,2023.27,2434.87,0.0,0.0
733.24,56.86,65.25,59.97,60.07,7087.54,2023.05,2435.11,0.0,0.0
733.37,56.88,65.21,59.97,60.07,7086.28,2025.46,2435.34,0.0,0.0
733.49,56.85,65.24,59.97,60.07,7088.48,2023.49,2434.87,0.0,0.0
733.59,56.88,65.23,59.98,60.07,7087.22,2024.59,2434.64,0.0,0.0
733.67,56.88,65.25,59.97,60.07,7086.6,2023.05,2435.11,0.0,0.0
733.74,56.94,65.26,59.94,60.07,7084.4,2022.61,2437.69,0.0,0.0
733.87,56.9,65.25,59.97,60.07,7085.97,2023.27,2435.58,0.0,0.0
733.96,56.93,65.25,59.96,60.07,7085.03,2023.05,2436.04,0.0,0.0
734.09,56.86,65.23,59.97,60.07,7087.54,2024.37,2434.87,0.0,0.0
734.15,56.88,65.25,59.97,60.07,7086.28,2022.83,2434.87,0.0,0.0
734.28,56.9,65.24,59.96,60.07,7085.97,2023.71,2436.28,0.0,0.0
734.34,56.88,65.27,59.96,60.07,7086.28,2021.95,2436.51,0.0,0.0
734.48,56.91,65.26,59.96,60.07,7085.65,2022.61,2436.51,0.0,0.0
734.53,56.9,65.24,59.96,60.07,7085.97,2023.93,2436.04,0.0,0.0
734.67,56.93,65.27,59.96,60.07,7084.09,2021.52,2436.51,0.0,0.0
734.77,56.93,65.26,59.97,60.07,7084.09,2022.39,2435.58,0.0,0.0
734.86,56.93,65.26,59.96,60.07,7085.03,2022.17,2436.28,0.0,0.0
734.96,56.93,65.26,59.96,60.08,7084.09,2022.61,2436.04,0.0,0.0
735.05,56.93,65.27,59.95,60.08,7085.03,2021.3,2436.98,0.0,0.0
735.19,56.88,65.24,59.97,60.08,7087.22,2023.71,2435.34,0.0,0.0
735.24,56.86,65.24,59.95,60.08,7087.54,2023.49,2436.75,0.0,0.0
735.37,56.91,65.23,59.94,60.08,7085.65,2024.15,2438.16,0.0,0.0
735.43,56.93,65.23,59.94,60.08,7085.03,2024.15,2437.92,0.0,0.0
735.59,56.91,65.25,59.95,60.08,7085.34,2023.05,2437.45,0.0,0.0
735.65,56.93,65.24,59.95,60.08,7084.71,2023.49,2436.75,0.0,0.0
735.79,56.88,65.27,59.93,60.08,7086.6,2021.95,2439.1,0.0,0.0
735.89,56.91,65.26,59.93,60.08,7085.65,2022.61,2438.63,0.0,0.0
735.98,56.88,65.24,59.93,60.08,7087.22,2023.71,2438.63,0.0,0.0
736.04,56.9,65.25,59.92,60.08,7085.97,2023.05,2439.33,0.0,0.0
736.18,56.91,65.23,59.92,60.08,7085.65,2024.15,2439.57,0.0,0.0
736.24,56.86,65.25,59.92,60.08,7087.54,2023.27,2439.33,0.0,0.0
736.39,56.88,65.25,59.92,60.08,7087.22,2023.27,2439.33,0.0,0.0
736.5,56.91,65.21,59.92,60.08,7085.65,2025.68,2440.04,0.0,0.0
736.58,56.88,65.23,59.9,60.08,7086.91,2024.37,2440.98,0.0,0.0
736.64,56.91,65.21,59.93,60.08,7085.34,2025.46,2439.1,0.0,0.0
736.78,56.94,65.22,59.92,60.08,7084.4,2025.02,2440.04,0.0,0.0
736.84,56.88,65.23,59.91,60.08,7086.6,2024.37,2440.51,0.0,0.0
736.98,56.86,65.22,59.93,60.08,7087.54,2024.81,2438.86,0.0,0.0
737.04,56.9,65.23,59.92,60.08,7085.97,2024.37,2440.04,0.0,0.0
737.18,56.91,65.2,59.9,60.08,7085.65,2026.34,2441.21,0.0,0.0
737.23,56.88,65.22,59.9,60.08,7086.91,2024.81,2440.98,0.0,0.0
737.38,56.94,65.22,59.88,60.08,7084.4,2025.02,2443.09,0.0,0.0
737.44,56.86,65.2,59.89,60.08,7087.85,2026.34,2442.15,0.0,0.0
737.59,56.91,65.21,59.89,60.08,7085.34,2025.68,2442.15,0.0,0.0
737.63,56.93,65.23,59.91,60.08,7084.71,2024.59,2440.27,0.0,0.0
737.77,56.91,65.21,59.91,60.08,7085.65,2025.46,2440.74,0.0,0.0
737.88,56.93,65.23,59.92,60.08,7084.71,2024.59,2440.04,0.0,0.0
737.97,56.88,65.24,59.9,60.08,7087.22,2023.49,2441.68,0.0,0.0
738.02,56.86,65.23,59.89,60.08,7087.54,2024.59,2442.15,0.0,0.0
738.17,56.88,65.23,59.93,60.08,7086.6,2024.37,2439.1,0.0,0.0
738.22,56.88,65.22,59.93,60.09,7086.6,2024.81,2438.39,0.0,0.0
738.37,56.88,65.23,59.94,60.09,7086.28,2024.37,2438.16,0.0,0.0
738.51,56.86,65.23,59.94,60.09,7087.85,2024.59,2438.16,0.0,0.0
738.57,56.93,65.22,59.95,60.09,7085.03,2024.81,2437.22,0.0,0.0
738.67,56.88,65.22,59.95,60.09,7086.6,2025.24,2437.45,0.0,0.0
738.77,56.88,65.21,59.96,60.09,7086.6,2025.68,2435.81,0.0,0.0
738.92,56.86,65.24,59.95,60.09,7087.54,2023.93,2437.22,0.0,0.0
739.01,56.88,65.23,59.95,60.09,7087.22,2024.37,2437.22,0.0,0.0
739.06,56.93,65.23,59.97,60.09,7084.71,2024.15,2435.34,0.0,0.0
739.16,56.88,65.25,59.97,60.09,7086.6,2023.05,2435.58,0.0,0.0
739.3,56.88,65.25,59.97,60.09,7086.28,2022.83,2435.58,0.0,0.0
739.36,56.88,65.23,59.97,60.09,7087.22,2024.59,2434.87,0.0,0.0
739.5,56.88,65.25,59.99,60.09,7086.6,2023.05,2433.23,0.0,0.0
739.56,56.91,65.23,59.99,60.09,7085.34,2024.59,2433.23,0.0,0.0
739.73,56.88,65.26,59.99,60.09,7086.91,2022.39,2433.7,0.0,0.0
739.75,56.88,65.27,60.01,60.09,7086.6,2021.73,2432.05,0.0,0.0
739.84,56.88,65.28,60.01,60.09,7086.28,2020.64,2432.05,0.0,0.0
739.94,56.88,65.27,60.01,60.09,7086.6,2021.73,2432.05,0.0,0.0
740.05,56.88,65.28,60.01,60.09,7087.22,2021.08,2432.05,0.0,0.0
740.13,56.88,65.27,60.01,60.09,7087.22,2021.3,2431.82,0.0,0.0
740.28,56.93,65.27,60.02,60.09,7085.03,2021.3,2430.88,0.0,0.0
740.34,56.97,65.27,60.02,60.09,7083.15,2021.52,2430.88,0.0,0.0
740.48,56.93,65.28,60.03,60.09,7085.03,2020.64,2430.41,0.0,0.0
740.53,56.86,65.28,60.02,60.09,7087.85,2021.08,2430.65,0.0,0.0
740.67,56.88,65.28,60.04,60.09,7086.28,2020.64,2428.77,0.0,0.0
740.73,56.96,65.27,60.06,60.09,7083.46,2021.3,2427.6,0.0,0.0
740.86,56.91,65.28,60.04,60.09,7085.34,2021.08,2429.24,0.0,0.0
740.97,56.94,65.27,60.04,60.09,7084.4,2021.52,2429.24,0.0,0.0
741.11,56.88,65.28,60.05,60.09,7086.91,2020.86,2428.54,0.0,0.0
741.16,56.86,65.29,60.05,60.09,7087.85,2020.2,2428.54,0.0,0.0
741.3,56.93,65.27,60.06,60.09,7085.03,2021.73,2427.13,0.0,0.0
741.35,56.91,65.29,60.05,60.09,7085.34,2019.98,2428.07,0.0,0.0
741.49,56.88,65.29,60.07,60.09,7087.22,2020.42,2426.19,0.0,0.0
741.55,56.88,65.27,60.05,60.09,7087.22,2021.73,2428.54,0.0,0.0
741.69,56.91,65.28,60.07,60.09,7085.65,2021.08,2426.43,0.0,0.0
741.74,56.91,65.29,60.07,60.09,7085.65,2020.2,2426.66,0.0,0.0
741.89,56.95,65.28,60.1,60.1,7083.77,2020.86,2424.32,0.0,0.0
741.94,56.86,65.28,60.07,60.1,7087.54,2020.86,2426.43,0.0,0.0
742.07,56.86,65.27,60.06,60.1,7087.54,2021.3,2427.13,0.0,0.0
742.13,56.93,65.28,60.08,60.1,7084.71,2020.64,2425.96,0.0,0.0
742.26,56.91,65.31,60.08,60.1,7085.34,2019.1,2425.49,0.0,0.0
742.37,56.97,65.29,60.09,60.1,7082.83,2019.98,2424.79,0.0,0.0
742.46,56.88,65.3,60.09,60.1,7087.22,2019.54,2424.55,0.0,0.0
742.59,56.91,65.3,60.1,60.1,7085.34,2019.32,2424.32,0.0,0.0
742.66,56.91,65.32,60.09,60.1,7085.34,2018.45,2424.79,0.0,0.0
742.82,56.88,65.32,60.11,60.1,7086.6,2018.23,2423.38,0.0,0.0
742.82,56.9,65.31,60.1,60.1,7085.97,2019.1,2423.61,0.0,0.0
742.97,56.85,65.32,60.1,60.1,7088.48,2018.23,2424.08,0.0,0.0
743.07,56.91,65.34,60.1,60.1,7085.65,2016.47,2423.85,0.0,0.0
743.16,56.88,65.33,60.1,60.1,7086.28,2017.79,2424.32,0.0,0.0
743.26,56.9,65.35,60.1,60.1,7085.97,2016.26,2423.85,0.0,0.0
743.41,56.88,65.33,60.1,60.1,7087.22,2017.13,2423.85,0.0,0.0
743.46,56.86,65.36,60.12,60.1,7087.54,2015.16,2422.44,0.0,0.0
743.61,56.9,65.36,60.13,60.1,7085.97,2015.6,2421.74,0.0,0.0
743.66,56.88,65.38,60.13,60.1,7086.91,2014.07,2421.27,0.0,0.0
743.8,56.88,65.37,60.14,60.1,7087.22,2014.72,2420.57,0.0,0.0
743.86,56.86,65.37,60.13,60.1,7087.54,2014.94,2421.51,0.0,0.0
744.01,56.88,65.37,60.14,60.1,7087.22,2014.94,2420.57,0.0,0.0
744.11,56.9,65.36,60.14,60.1,7085.97,2015.16,2420.33,0.0,0.0
744.16,56.91,65.38,60.15,60.1,7085.65,2014.28,2419.87,0.0,0.0
744.25,56.9,65.36,60.13,60.11,7085.97,2015.6,2421.04,0.0,0.0
744.42,56.86,65.35,60.14,60.11,7087.54,2015.82,2420.8,0.0,0.0
744.47,56.88,65.36,60.13,60.11,7086.91,2015.38,2421.04,0.0,0.0
744.58,56.88,65.34,60.13,60.11,7086.91,2016.47,2421.74,0.0,0.0
744.63,56.9,65.37,60.15,60.11,7085.97,2014.94,2419.63,0.0,0.0
744.82,56.88,65.37,60.14,60.11,7086.6,2014.72,2420.57,0.0,0.0
744.83,56.86,65.36,60.14,60.11,7087.54,2015.16,2420.8,0.0,0.0
744.98,56.91,65.37,60.14,60.11,7085.34,2014.5,2420.8,0.0,0.0
745.09,56.88,65.37,60.14,60.11,7087.22,2014.94,2420.57,0.0,0.0
745.19,56.91,65.36,60.15,60.11,7085.65,2015.16,2419.87,0.0,0.0
745.24,56.83,65.36,60.15,60.11,7088.79,2015.6,2419.63,0.0,0.0
745.34,56.86,65.35,60.14,60.11,7087.54,2015.82,2420.8,0.0,0.0
745.44,56.86,65.36,60.14,60.11,7087.54,2015.16,2420.1,0.0,0.0
745.59,56.88,65.37,60.15,60.11,7086.28,2014.94,2419.63,0.0,0.0
745.69,56.94,65.37,60.16,60.11,7084.4,2014.94,2418.93,0.0,0.0
745.78,56.93,65.36,60.14,60.12,7085.03,2015.16,2420.33,0.0,0.0
745.86,56.88,65.35,60.16,60.12,7086.91,2016.04,2418.93,0.0,0.0
745.98,56.91,65.36,60.14,60.12,7085.34,2015.16,2420.8,0.0,0.0
746.04,56.91,65.36,60.15,60.12,7085.65,2015.16,2419.63,0.0,0.0
746.14,56.95,65.38,60.17,60.12,7083.77,2014.28,2418.23,0.0,0.0
746.24,56.93,65.38,60.15,60.12,7084.71,2013.85,2419.4,0.0,0.0
746.38,56.86,65.38,60.16,60.12,7087.54,2014.07,2418.46,0.0,0.0
746.43,56.91,65.36,60.18,60.12,7085.34,2015.38,2417.06,0.0,0.0
746.58,56.93,65.37,60.18,60.12,7084.71,2014.5,2417.06,0.0,0.0
746.63,56.91,65.36,60.17,60.12,7085.65,2015.38,2418.23,0.0,0.0
746.78,56.93,65.38,60.18,60.12,7085.03,2014.07,2417.29,0.0,0.0
746.83,56.95,65.38,60.19,60.12,7083.77,2014.28,2416.59,0.0,0.0
747.01,56.93,65.37,60.17,60.12,7084.71,2014.72,2417.53,0.0,0.0
747.06,56.93,65.37,60.15,60.12,7084.09,2014.5,2419.63,0.0,0.0
747.2,56.91,65.38,60.18,60.12,7085.34,2014.28,2417.06,0.0,0.0
747.26,56.93,65.38,60.19,60.12,7085.03,2014.07,2416.35,0.0,0.0
747.41,56.99,65.36,60.16,60.13,7081.58,2015.16,2418.93,0.0,0.0
747.47,56.94,65.38,60.16,60.13,7084.4,2014.07,2418.46,0.0,0.0
747.62,56.97,65.36,60.16,60.13,7082.83,2015.16,2418.46,0.0,0.0
747.67,56.96,65.38,60.18,60.13,7083.46,2014.07,2417.29,0.0,0.0
747.77,56.94,65.37,60.17,60.13,7084.4,2014.94,2418.23,0.0,0.0
747.83,56.93,65.38,60.17,60.13,7084.71,2013.85,2417.76,0.0,0.0
747.99,56.94,65.4,60.18,60.13,7084.4,2012.53,2417.29,0.0,0.0
748.05,56.95,65.4,60.17,60.13,7083.77,2012.31,2417.76,0.0,0.0
748.2,56.96,65.38,60.15,60.13,7083.46,2014.07,2419.63,0.0,0.0
748.26,56.94,65.38,60.17,60.13,7084.4,2014.07,2417.76,0.0,0.0
748.39,56.93,65.4,60.17,60.13,7084.71,2012.53,2417.76,0.0,0.0
748.48,56.91,65.39,60.18,60.13,7085.34,2012.97,2417.29,0.0,0.0
748.58,56.93,65.4,60.17,60.13,7084.09,2012.75,2417.99,0.0,0.0
748.64,56.93,65.37,60.17,60.13,7084.09,2014.94,2417.76,0.0,0.0
748.79,56.99,65.38,60.17,60.13,7082.52,2013.85,2417.99,0.0,0.0
748.89,56.99,65.4,60.19,60.13,7082.52,2012.53,2416.12,0.0,0.0
748.94,56.99,65.38,60.18,60.13,7082.52,2013.85,2417.06,0.0,0.0
749.09,56.99,65.39,60.17,60.14,7082.21,2013.41,2417.53,0.0,0.0
749.18,56.99,65.39,60.17,60.14,7082.21,2013.41,2417.53,0.0,0.0
749.28,56.99,65.4,60.17,60.14,7082.21,2012.53,2417.99,0.0,0.0
749.42,56.99,65.41,60.17,60.14,7082.52,2012.09,2418.23,0.0,0.0
749.46,56.97,65.4,60.17,60.14,7082.83,2012.31,2418.23,0.0,0.0
749.62,57.0,65.4,60.18,60.14,7080.95,2012.31,2416.82,0.0,0.0
749.68,56.95,65.41,60.21,60.14,7083.77,2011.88,2414.48,0.0,0.0
749.78,56.99,65.41,60.19,60.14,7082.52,2011.88,2416.59,0.0,0.0
749.85,56.97,65.41,60.18,60.14,7082.83,2012.09,2417.29,0.0,0.0
749.98,57.0,65.41,60.17,60.14,7080.95,2011.66,2417.99,0.0,0.0
750.08,57.01,65.41,60.19,60.14,7081.27,2011.88,2416.59,0.0,0.0
750.14,56.99,65.43,60.18,60.14,7081.58,2010.56,2417.29,0.0,0.0
750.29,57.0,65.45,60.21,60.14,7080.95,2009.25,2414.72,0.0,0.0
750.35,57.05,65.44,60.19,60.14,7079.39,2009.91,2415.89,0.0,0.0
750.45,57.02,65.43,60.19,60.14,7080.64,2010.34,2415.89,0.0,0.0
750.6,56.96,65.42,60.2,60.14,7083.46,2011.44,2414.95,0.0,0.0
750.69,57.03,65.4,60.22,60.15,7080.33,2012.31,2414.01,0.0,0.0
750.74,57.03,65.41,60.2,60.15,7080.02,2011.66,2415.42,0.0,0.0
750.89,57.01,65.43,60.19,60.15,7081.27,2010.78,2416.12,0.0,0.0
750.94,57.03,65.41,60.2,60.15,7080.02,2011.88,2414.95,0.0,0.0
751.07,57.01,65.44,60.21,60.15,7081.27,2009.69,2414.25,0.0,0.0
751.21,57.01,65.41,60.2,60.15,7081.27,2011.88,2415.18,0.0,0.0
751.26,57.03,65.4,60.2,60.15,7080.33,2012.53,2415.65,0.0,0.0
751.39,57.03,65.42,60.2,60.15,7080.02,2011.44,2415.65,0.0,0.0
751.44,56.99,65.39,60.19,60.15,7081.58,2012.97,2415.89,0.0,0.0
751.58,57.0,65.4,60.21,60.15,7080.95,2012.31,2414.48,0.0,0.0
751.68,56.99,65.39,60.2,60.15,7081.89,2012.97,2415.42,0.0,0.0
751.8,56.99,65.4,60.21,60.15,7082.21,2012.31,2414.48,0.0,0.0
751.84,57.03,65.4,60.22,60.15,7080.02,2012.53,2414.01,0.0,0.0
751.98,57.05,65.39,60.19,60.15,7079.7,2013.19,2416.35,0.0,0.0
752.08,57.0,65.39,60.18,60.16,7080.95,2013.19,2417.06,0.0,0.0
752.21,57.05,65.39,60.19,60.16,7079.07,2012.97,2415.89,0.0,0.0
752.31,57.01,65.41,60.21,60.16,7081.27,2011.66,2414.72,0.0,0.0
752.39,57.02,65.4,60.2,60.16,7080.64,2012.75,2415.18,0.0,0.0
752.44,57.03,65.41,60.22,60.16,7080.02,2012.09,2413.55,0.0,0.0
752.58,57.03,65.39,60.19,60.16,7080.33,2013.41,2415.89,0.0,0.0
752.67,57.0,65.41,60.22,60.16,7080.95,2011.88,2413.78,0.0,0.0
752.76,57.07,65.39,60.21,60.16,7078.76,2012.97,2414.48,0.0,0.0
752.9,57.03,65.4,60.2,60.16,7080.02,2012.31,2415.18,0.0,0.0
752.95,57.03,65.4,60.21,60.16,7080.33,2012.31,2414.48,0.0,0.0
753.1,57.05,65.41,60.19,60.16,7079.39,2011.66,2416.35,0.0,0.0
753.15,57.03,65.41,60.23,60.16,7080.33,2011.88,2412.85,0.0,0.0
753.29,57.05,65.41,60.23,60.16,7079.7,2011.88,2412.61,0.0,0.0
753.35,57.03,65.41,60.22,60.16,7080.33,2012.09,2414.01,0.0,0.0
753.49,57.05,65.42,60.21,60.16,7079.39,2011.44,2414.72,0.0,0.0
753.55,57.03,65.4,60.21,60.16,7080.02,2012.75,2414.72,0.0,0.0
753.67,57.02,65.41,60.21,60.16,7080.64,2012.09,2414.25,0.0,0.0
753.74,57.03,65.42,60.24,60.17,7080.02,2011.22,2412.14,0.0,0.0
753.85,57.03,65.43,60.24,60.17,7080.33,2010.78,2411.68,0.0,0.0
753.94,56.99,65.44,60.23,60.17,7081.89,2009.69,2413.08,0.0,0.0
754.07,57.03,65.42,60.24,60.17,7080.02,2011.0,2412.14,0.0,0.0
754.17,57.05,65.42,60.25,60.17,7079.39,2011.0,2410.74,0.0,0.0
754.31,56.99,65.44,60.25,60.17,7081.89,2010.12,2410.97,0.0,0.0
754.36,56.99,65.45,60.24,60.17,7081.58,2009.47,2411.68,0.0,0.0
754.5,56.99,65.45,60.23,60.17,7081.89,2009.03,2412.38,0.0,0.0
754.55,56.99,65.45,60.24,60.17,7082.21,2009.25,2412.14,0.0,0.0
754.69,57.0,65.46,60.22,60.17,7080.95,2008.37,2413.31,0.0,0.0
754.75,57.0,65.47,60.23,60.17,7080.95,2007.94,2412.85,0.0,0.0
754.89,57.03,65.46,60.25,60.17,7080.33,2008.16,2410.97,0.0,0.0
754.95,57.01,65.47,60.2,60.17,7081.27,2007.5,2414.95,0.0,0.0
755.1,56.99,65.47,60.21,60.17,7081.89,2007.94,2414.48,0.0,0.0
755.18,57.0,65.46,60.2,60.17,7080.95,2008.59,2415.65,0.0,0.0
755.29,56.99,65.48,60.19,60.17,7082.21,2007.06,2415.89,0.0,0.0
755.35,56.99,65.47,60.2,60.17,7081.89,2007.5,2415.65,0.0,0.0
755.48,56.99,65.48,60.2,60.18,7081.89,2007.06,2415.18,0.0,0.0
755.55,57.01,65.48,60.19,60.18,7081.27,2007.06,2416.59,0.0,0.0
755.68,57.03,65.47,60.19,60.18,7080.02,2007.72,2415.89,0.0,0.0
755.74,56.99,65.48,60.19,60.18,7082.52,2006.84,2416.35,0.0,0.0
755.89,57.01,65.49,60.18,60.18,7081.27,2006.41,2417.06,0.0,0.0
755.95,56.99,65.47,60.17,60.18,7082.21,2007.5,2418.23,0.0,0.0
756.08,56.95,65.47,60.17,60.18,7083.77,2007.72,2417.99,0.0,0.0
756.14,56.99,65.49,60.17,60.18,7082.21,2006.62,2417.76,0.0,0.0
756.28,56.99,65.45,60.18,60.18,7081.89,2009.47,2417.06,0.0,0.0
756.34,57.02,65.43,60.18,60.18,7080.64,2010.56,2417.06,0.0,0.0
756.48,57.03,65.44,60.17,60.18,7080.33,2009.69,2417.53,0.0,0.0
756.63,56.99,65.46,60.17,60.18,7082.21,2008.16,2418.23,0.0,0.0
756.68,57.01,65.45,60.16,60.18,7081.27,2009.03,2419.16,0.0,0.0
756.82,56.93,65.45,60.17,60.19,7084.09,2009.47,2418.23,0.0,0.0
756.87,56.93,65.44,60.16,60.19,7085.03,2009.69,2418.46,0.0,0.0
756.96,56.93,65.42,60.16,60.19,7084.09,2011.44,2418.93,0.0,0.0
757.05,56.97,65.44,60.17,60.19,7083.15,2009.91,2418.23,0.0,0.0
757.24,56.94,65.43,60.17,60.19,7084.4,2010.78,2417.76,0.0,0.0
757.25,56.96,65.44,60.17,60.19,7083.46,2010.12,2418.23,0.0,0.0
757.39,57.01,65.43,60.16,60.19,7081.27,2010.56,2418.7,0.0,0.0
757.47,56.95,65.44,60.16,60.19,7083.77,2009.69,2418.46,0.0,0.0
757.6,56.97,65.42,60.16,60.19,7083.15,2011.22,2418.7,0.0,0.0
757.65,56.93,65.42,60.17,60.19,7085.03,2011.44,2417.76,0.0,0.0
757.78,56.93,65.43,60.18,60.19,7085.03,2010.78,2417.29,0.0,0.0
757.85,56.97,65.41,60.17,60.19,7082.83,2011.66,2417.99,0.0,0.0
757.99,56.93,65.4,60.18,60.19,7085.03,2012.53,2417.29,0.0,0.0
758.07,56.91,65.41,60.17,60.19,7085.34,2011.66,2417.99,0.0,0.0
758.2,56.97,65.4,60.19,60.19,7083.15,2012.31,2416.12,0.0,0.0
758.25,56.93,65.39,60.21,60.19,7084.09,2012.97,2414.72,0.0,0.0
758.38,56.93,65.41,60.19,60.2,7084.71,2011.88,2416.35,0.0,0.0
758.48,56.96,65.39,60.2,60.2,7083.46,2013.41,2415.65,0.0,0.0
758.57,56.93,65.4,60.21,60.2,7084.71,2012.75,2414.48,0.0,0.0
758.69,56.91,65.39,60.22,60.2,7085.34,2013.41,2413.31,0.0,0.0
758.76,56.99,65.38,60.22,60.2,7082.52,2013.85,2413.78,0.0,0.0
758.91,56.93,65.39,60.22,60.2,7084.71,2013.19,2413.78,0.0,0.0
758.97,56.93,65.38,60.22,60.2,7084.71,2013.85,2413.55,0.0,0.0
759.1,56.99,65.37,60.24,60.2,7081.89,2014.94,2412.14,0.0,0.0
759.14,56.91,65.39,60.21,60.2,7085.65,2013.19,2414.48,0.0,0.0
759.28,56.97,65.37,60.25,60.2,7083.15,2014.72,2411.44,0.0,0.0
759.38,56.91,65.4,60.24,60.2,7085.65,2012.53,2411.91,0.0,0.0
759.52,56.93,65.38,60.23,60.2,7084.09,2014.28,2413.08,0.0,0.0
759.57,56.93,65.39,60.25,60.2,7084.71,2012.97,2410.74,0.0,0.0
759.71,56.88,65.39,60.26,60.2,7086.91,2012.97,2410.51,0.0,0.0
759.76,56.93,65.39,60.24,60.2,7084.71,2013.63,2411.91,0.0,0.0
759.89,56.97,65.39,60.24,60.2,7082.83,2013.19,2412.14,0.0,0.0
759.95,56.99,65.36,60.27,60.2,7082.52,2015.16,2409.1,0.0,0.0
760.08,56.94,65.39,60.26,60.2,7084.4,2013.63,2410.04,0.0,0.0
760.14,56.97,65.38,60.26,60.2,7083.15,2013.85,2410.04,0.0,0.0
760.28,56.99,65.38,60.28,60.2,7082.21,2013.85,2408.87,0.0,0.0
760.42,56.97,65.39,60.26,60.2,7083.15,2012.97,2409.81,0.0,0.0
760.47,56.97,65.39,60.28,60.2,7083.15,2013.41,2408.87,0.0,0.0
760.62,56.94,65.4,60.27,60.2,7084.4,2012.31,2409.34,0.0,0.0
760.67,56.91,65.39,60.28,60.2,7085.34,2013.19,2408.87,0.0,0.0
760.81,56.91,65.4,60.27,60.2,7085.34,2012.75,2409.1,0.0,0.0
760.87,56.91,65.41,60.28,60.2,7085.34,2012.09,2408.64,0.0,0.0
761.0,56.99,65.37,60.28,60.21,7082.52,2014.94,2408.64,0.0,0.0
761.05,56.95,65.39,60.26,60.21,7083.77,2013.63,2409.81,0.0,0.0
761.19,56.93,65.37,60.27,60.21,7084.09,2014.5,2409.1,0.0,0.0
761.29,56.99,65.37,60.28,60.21,7081.89,2014.72,2408.87,0.0,0.0
761.43,56.99,65.38,60.29,60.21,7081.58,2013.85,2407.23,0.0,0.0
761.48,56.93,65.37,60.29,60.21,7084.71,2014.5,2407.47,0.0,0.0
761.62,56.97,65.37,60.28,60.21,7082.83,2014.5,2408.4,0.0,0.0
761.68,56.97,65.37,60.28,60.21,7082.83,2014.72,2408.17,0.0,0.0
761.82,56.99,65.36,60.28,60.21,7082.21,2015.6,2408.17,0.0,0.0
761.87,56.96,65.37,60.27,60.21,7083.46,2014.94,2409.34,0.0,0.0
762.01,57.05,65.36,60.29,60.21,7079.39,2015.6,2407.7,0.0,0.0
762.06,56.99,65.35,60.28,60.21,7081.89,2015.82,2408.87,0.0,0.0
762.2,56.97,65.36,60.27,60.21,7082.83,2015.6,2409.1,0.0,0.0
762.25,56.97,65.35,60.26,60.21,7083.15,2016.26,2409.81,0.0,0.0
762.36,56.96,65.36,60.26,60.21,7083.46,2015.38,2410.04,0.0,0.0
762.52,57.02,65.35,60.26,60.21,7080.64,2016.04,2410.27,0.0,0.0
762.56,56.97,65.34,60.26,60.21,7083.15,2016.91,2410.04,0.0,0.0
762.69,56.99,65.33,60.27,60.21,7081.58,2017.13,2409.1,0.0,0.0
762.78,56.97,65.32,60.27,60.21,7083.15,2018.45,2409.34,0.0,0.0
762.9,56.93,65.34,60.26,60.21,7084.09,2016.91,2410.04,0.0,0.0
762.95,56.99,65.34,60.26,60.21,7081.89,2016.47,2410.27,0.0,0.0
763.09,57.02,65.33,60.27,60.21,7080.64,2017.35,2409.57,0.0,0.0
763.24,56.99,65.33,60.24,60.21,7082.52,2017.57,2411.68,0.0,0.0
763.26,56.99,65.32,60.27,60.21,7081.89,2018.01,2409.57,0.0,0.0
763.41,56.99,65.32,60.26,60.21,7081.58,2018.01,2410.51,0.0,0.0
763.46,57.03,65.32,60.25,60.21,7080.33,2018.23,2410.74,0.0,0.0
763.6,57.01,65.31,60.27,60.21,7081.27,2018.67,2409.57,0.0,0.0
763.65,57.0,65.33,60.26,60.21,7080.95,2017.57,2409.81,0.0,0.0
763.79,57.02,65.32,60.26,60.21,7080.64,2018.45,2410.51,0.0,0.0
763.85,56.99,65.33,60.25,60.21,7082.52,2017.79,2410.74,0.0,0.0
764.0,57.01,65.33,60.26,60.21,7081.27,2017.57,2410.27,0.0,0.0
764.05,56.99,65.31,60.27,60.21,7082.21,2018.67,2409.34,0.0,0.0
764.21,57.03,65.31,60.26,60.21,7080.33,2018.88,2410.04,0.0,0.0
764.27,57.02,65.3,60.28,60.21,7080.64,2019.32,2408.4,0.0,0.0
764.4,56.99,65.32,60.27,60.21,7082.21,2018.45,2409.57,0.0,0.0
764.46,56.97,65.31,60.28,60.21,7083.15,2018.88,2408.4,0.0,0.0
764.6,56.97,65.29,60.27,60.21,7083.15,2020.2,2409.34,0.0,0.0
764.66,56.99,65.28,60.25,60.21,7082.21,2020.64,2410.97,0.0,0.0
764.81,56.99,65.28,60.27,60.21,7082.21,2021.08,2409.57,0.0,0.0
764.86,56.99,65.28,60.28,60.21,7082.52,2020.86,2408.87,0.0,0.0
764.98,56.95,65.28,60.28,60.21,7083.77,2020.86,2408.4,0.0,0.0
765.09,56.99,65.29,60.26,60.21,7081.89,2020.42,2410.04,0.0,0.0
765.18,57.0,65.27,60.28,60.21,7080.95,2021.3,2408.87,0.0,0.0
765.31,56.99,65.28,60.26,60.21,7082.21,2020.86,2410.51,0.0,0.0
765.38,57.02,65.27,60.26,60.21,7080.64,2021.52,2410.04,0.0,0.0
765.52,56.97,65.27,60.25,60.21,7083.15,2021.73,2411.44,0.0,0.0
765.56,56.93,65.26,60.22,60.21,7084.09,2022.61,2413.78,0.0,0.0
765.69,57.05,65.26,60.22,60.21,7079.7,2022.17,2413.55,0.0,0.0
765.78,56.99,65.25,60.23,60.21,7082.21,2022.83,2412.61,0.0,0.0
765.86,56.97,65.25,60.19,60.21,7083.15,2022.83,2415.89,0.0,0.0
765.95,56.97,65.24,60.19,60.21,7083.15,2023.71,2416.35,0.0,0.0
766.09,56.97,65.21,60.19,60.21,7083.15,2025.9,2416.59,0.0,0.0
766.18,56.99,65.23,60.18,60.21,7081.58,2024.15,2417.06,0.0,0.0
766.3,56.97,65.23,60.15,60.21,7082.83,2024.15,2419.4,0.0,0.0
766.36,56.93,65.21,60.14,60.21,7084.71,2025.9,2420.1,0.0,0.0
766.5,56.99,65.22,60.16,60.21,7082.52,2024.81,2418.93,0.0,0.0
766.56,56.99,65.24,60.14,60.21,7081.89,2023.49,2420.33,0.0,0.0
766.7,57.01,65.21,60.12,60.21,7081.27,2025.46,2421.97,0.0,0.0
766.75,56.97,65.21,60.13,60.21,7082.83,2025.68,2421.74,0.0,0.0
766.89,56.97,65.22,60.12,60.21,7082.83,2024.81,2422.44,0.0,0.0
767.03,56.97,65.22,60.12,60.21,7083.15,2024.81,2422.68,0.0,0.0
767.08,56.99,65.23,60.13,60.21,7082.52,2024.37,2421.51,0.0,0.0
767.18,56.96,65.21,60.13,60.21,7083.46,2026.12,2421.74,0.0,0.0
767.29,56.96,65.2,60.11,60.21,7083.46,2026.34,2422.91,0.0,0.0
767.37,56.97,65.21,60.11,60.21,7083.15,2025.68,2423.38,0.0,0.0
767.47,56.97,65.2,60.1,60.21,7082.83,2026.34,2423.85,0.0,0.0
767.61,56.96,65.22,60.09,60.21,7083.46,2025.02,2425.25,0.0,0.0
767.67,56.97,65.21,60.1,60.21,7083.15,2025.46,2424.08,0.0,0.0
767.81,56.97,65.21,60.09,60.21,7083.15,2025.9,2425.25,0.0,0.0
767.86,56.97,65.21,60.06,60.21,7083.15,2025.68,2427.36,0.0,0.0
768.01,56.95,65.21,60.07,60.21,7083.77,2025.9,2426.9,0.0,0.0
768.1,56.91,65.22,60.08,60.21,7085.34,2025.24,2425.49,0.0,0.0
768.19,56.96,65.22,60.06,60.21,7083.46,2024.81,2427.36,0.0,0.0
768.29,56.99,65.22,60.06,60.2,7082.21,2024.81,2427.36,0.0,0.0
768.43,56.97,65.21,60.06,60.2,7082.83,2025.9,2427.36,0.0,0.0
768.49,56.95,65.24,60.09,60.2,7083.77,2023.93,2425.02,0.0,0.0
768.64,56.97,65.22,60.07,60.2,7082.83,2025.02,2426.19,0.0,0.0
768.69,56.97,65.22,60.09,60.2,7082.83,2024.81,2425.02,0.0,0.0
768.83,56.93,65.22,60.09,60.2,7084.09,2025.02,2425.25,0.0,0.0
768.9,56.88,65.22,60.1,60.2,7086.6,2025.24,2424.32,0.0,0.0
769.04,56.94,65.25,60.09,60.2,7084.4,2023.27,2425.25,0.0,0.0
769.1,56.96,65.23,60.09,60.2,7083.46,2024.37,2425.25,0.0,0.0
769.24,56.97,65.24,60.11,60.2,7082.83,2023.49,2423.15,0.0,0.0
769.3,56.93,65.25,60.09,60.2,7084.09,2022.83,2425.02,0.0,0.0
769.39,56.94,65.24,60.09,60.2,7084.4,2023.49,2425.02,0.0,0.0
769.49,56.93,65.25,60.09,60.2,7084.09,2023.27,2424.55,0.0,0.0
769.6,56.93,65.29,60.09,60.2,7084.09,2019.98,2425.25,0.0,0.0
769.65,56.93,65.26,60.1,60.2,7084.09,2022.17,2423.85,0.0,0.0
769.77,56.99,65.26,60.1,60.2,7082.21,2022.17,2423.61,0.0,0.0
769.87,56.95,65.26,60.1,60.2,7083.77,2022.17,2423.61,0.0,0.0
769.95,56.91,65.26,60.09,60.2,7085.34,2022.17,2424.55,0.0,0.0
770.05,56.93,65.27,60.11,60.2,7084.09,2021.73,2422.91,0.0,0.0
770.2,56.96,65.28,60.12,60.2,7083.46,2021.08,2422.21,0.0,0.0
770.25,56.93,65.27,60.12,60.2,7084.09,2021.73,2422.68,0.0,0.0
770.4,56.99,65.28,60.11,60.2,7081.89,2021.08,2422.91,0.0,0.0
770.45,56.99,65.27,60.13,60.2,7082.52,2021.95,2421.51,0.0,0.0
770.6,57.01,65.27,60.14,60.2,7081.27,2021.52,2420.8,0.0,0.0
770.7,56.97,65.27,60.12,60.2,7082.83,2021.3,2422.44,0.0,0.0
770.79,56.94,65.27,60.12,60.2,7084.4,2021.52,2422.68,0.0,0.0
770.85,56.95,65.26,60.13,60.2,7083.77,2022.39,2421.51,0.0,0.0
771.0,56.95,65.28,60.13,60.2,7083.77,2021.08,2421.74,0.0,0.0
771.05,56.93,65.26,60.13,60.2,7084.09,2022.39,2421.27,0.0,0.0
771.23,56.99,65.27,60.13,60.2,7081.89,2021.73,2421.04,0.0,0.0
771.34,56.97,65.25,60.14,60.2,7083.15,2023.27,2420.8,0.0,0.0
771.43,56.99,65.26,60.13,60.2,7082.52,2022.39,2421.51,0.0,0.0
771.56,56.97,65.24,60.12,60.2,7083.15,2023.71,2421.97,0.0,0.0
771.67,56.95,65.23,60.13,60.2,7083.77,2024.37,2421.74,0.0,0.0
771.68,56.99,65.26,60.13,60.2,7081.89,2022.17,2421.51,0.0,0.0
771.85,56.96,65.26,60.12,60.2,7083.46,2022.39,2422.21,0.0,0.0
771.91,57.01,65.27,60.13,60.2,7081.27,2021.73,2421.51,0.0,0.0
771.97,57.0,65.27,60.13,60.2,7080.95,2021.95,2421.74,0.0,0.0
772.14,56.99,65.22,60.12,60.2,7082.52,2024.81,2422.44,0.0,0.0
772.19,56.93,65.25,60.11,60.2,7084.71,2023.27,2423.15,0.0,0.0
772.34,56.97,65.26,60.13,60.2,7082.83,2022.39,2421.27,0.0,0.0
772.4,56.95,65.24,60.13,60.2,7083.77,2023.71,2421.51,0.0,0.0
772.5,56.93,65.25,60.13,60.2,7084.09,2023.05,2421.74,0.0,0.0
772.6,56.97,65.24,60.13,60.2,7082.83,2023.93,2421.74,0.0,0.0
772.7,56.96,65.24,60.11,60.2,7083.46,2023.93,2423.15,0.0,0.0
772.76,56.97,65.27,60.12,60.2,7082.83,2021.52,2422.44,0.0,0.0
772.9,56.93,65.25,60.11,60.19,7084.71,2023.05,2423.15,0.0,0.0
772.95,56.96,65.26,60.12,60.19,7083.46,2022.61,2421.97,0.0,0.0
773.13,56.97,65.24,60.13,60.19,7083.15,2023.49,2421.04,0.0,0.0
773.19,56.99,65.27,60.11,60.19,7081.89,2021.73,2422.91,0.0,0.0
773.33,56.96,65.26,60.12,60.19,7083.46,2022.39,2422.21,0.0,0.0
773.39,56.97,65.25,60.13,60.19,7082.83,2022.83,2421.51,0.0,0.0
773.53,56.99,65.24,60.11,60.19,7082.21,2023.93,2422.91,0.0,0.0
773.59,56.99,65.27,60.13,60.19,7082.52,2021.52,2421.74,0.0,0.0
773.74,56.93,65.28,60.13,60.19,7085.03,2021.08,2421.51,0.0,0.0
773.77,56.94,65.27,60.14,60.19,7084.4,2021.52,2420.57,0.0,0.0
773.89,56.93,65.27,60.14,60.19,7084.09,2021.73,2420.8,0.0,0.0
773.99,56.94,65.24,60.12,60.19,7084.4,2023.71,2421.97,0.0,0.0
774.05,56.95,65.29,60.13,60.19,7083.77,2020.42,2421.51,0.0,0.0
774.22,56.95,65.28,60.14,60.19,7083.77,2021.08,2420.33,0.0,0.0
774.28,56.97,65.29,60.14,60.19,7082.83,2020.2,2420.8,0.0,0.0
774.45,56.97,65.29,60.13,60.19,7083.15,2020.42,2421.04,0.0,0.0
774.48,57.02,65.28,60.13,60.19,7080.64,2020.86,2421.04,0.0,0.0
774.58,56.97,65.29,60.14,60.19,7083.15,2020.42,2420.33,0.0,0.0
774.71,56.93,65.29,60.14,60.19,7084.09,2020.2,2420.33,0.0,0.0
774.75,56.99,65.29,60.17,60.19,7082.21,2020.2,2418.23,0.0,0.0
774.92,56.97,65.3,60.15,60.19,7083.15,2019.76,2419.63,0.0,0.0
774.99,56.99,65.3,60.15,60.19,7082.52,2019.54,2419.4,0.0,0.0
775.1,56.99,65.29,60.17,60.19,7082.52,2020.42,2417.76,0.0,0.0
775.16,56.95,65.3,60.17,60.19,7083.77,2019.32,2417.76,0.0,0.0
775.34,56.95,65.31,60.17,60.19,7083.77,2018.67,2417.99,0.0,0.0
775.4,56.95,65.32,60.19,60.19,7083.77,2018.45,2416.59,0.0,0.0
775.52,56.99,65.32,60.2,60.19,7082.21,2018.01,2415.65,0.0,0.0
775.63,56.94,65.32,60.19,60.19,7084.4,2018.23,2415.89,0.0,0.0
775.69,56.97,65.34,60.2,60.19,7083.15,2016.91,2414.95,0.0,0.0
775.8,56.94,65.32,60.21,60.19,7084.4,2018.45,2414.72,0.0,0.0
775.86,56.99,65.34,60.21,60.19,7081.89,2016.91,2414.48,0.0,0.0
776.02,56.99,65.32,60.22,60.19,7081.58,2018.23,2413.78,0.0,0.0
776.07,57.01,65.34,60.21,60.19,7081.27,2016.91,2414.25,0.0,0.0
776.22,56.97,65.36,60.23,60.19,7083.15,2015.38,2412.85,0.0,0.0
776.27,56.95,65.33,60.21,60.19,7083.77,2017.35,2414.25,0.0,0.0
776.41,56.99,65.34,60.23,60.19,7082.21,2016.69,2412.61,0.0,0.0
776.46,57.0,65.35,60.24,60.19,7080.95,2016.26,2411.68,0.0,0.0
776.61,56.97,65.35,60.26,60.19,7082.83,2016.26,2410.04,0.0,0.0
776.66,56.99,65.34,60.24,60.19,7081.89,2016.69,2411.68,0.0,0.0
776.8,56.99,65.33,60.23,60.19,7081.89,2017.57,2412.38,0.0,0.0
776.87,57.02,65.34,60.23,60.19,7080.64,2016.47,2412.38,0.0,0.0
777.0,57.07,65.37,60.25,60.19,7078.76,2014.94,2411.44,0.0,0.0
777.1,56.99,65.36,60.25,60.19,7082.52,2015.16,2410.97,0.0,0.0
777.2,56.99,65.35,60.25,60.19,7082.21,2016.04,2411.44,0.0,0.0
777.3,56.95,65.39,60.26,60.19,7083.77,2013.63,2410.51,0.0,0.0
777.44,57.0,65.38,60.25,60.19,7080.95,2014.28,2410.74,0.0,0.0
777.5,56.99,65.38,60.24,60.19,7082.21,2013.85,2411.91,0.0,0.0
777.64,56.97,65.38,60.26,60.19,7083.15,2014.28,2410.04,0.0,0.0
777.69,57.03,65.38,60.27,60.19,7080.02,2014.28,2409.34,0.0,0.0
777.82,56.99,65.39,60.27,60.19,7082.21,2013.41,2409.1,0.0,0.0
777.93,56.99,65.39,60.26,60.19,7082.52,2013.63,2410.04,0.0,0.0
778.01,57.03,65.4,60.28,60.19,7080.33,2012.75,2408.4,0.0,0.0
778.07,56.99,65.41,60.28,60.19,7082.21,2011.88,2408.4,0.0,0.0
778.21,56.99,65.39,60.28,60.2,7082.21,2013.63,2408.4,0.0,0.0
778.27,57.01,65.39,60.27,60.2,7081.27,2013.19,2409.57,0.0,0.0
778.41,56.99,65.41,60.28,60.2,7082.52,2011.88,2408.17,0.0,0.0
778.55,56.93,65.39,60.27,60.2,7085.03,2012.97,2409.57,0.0,0.0
778.6,56.97,65.4,60.29,60.2,7083.15,2012.53,2407.94,0.0,0.0
778.66,56.99,65.41,60.28,60.2,7081.58,2012.09,2408.87,0.0,0.0
778.79,56.99,65.41,60.27,60.2,7082.21,2012.09,2409.57,0.0,0.0
778.91,56.99,65.4,60.3,60.2,7082.21,2012.53,2406.77,0.0,0.0
779.0,56.97,65.41,60.29,60.2,7083.15,2011.66,2407.94,0.0,0.0
779.1,56.95,65.4,60.27,60.2,7083.77,2012.53,2409.1,0.0,0.0
779.19,56.99,65.39,60.28,60.2,7081.89,2012.97,2408.87,0.0,0.0
779.31,56.97,65.42,60.28,60.2,7082.83,2011.44,2408.64,0.0,0.0
779.43,56.91,65.4,60.27,60.2,7085.34,2012.31,2409.34,0.0,0.0
779.52,56.99,65.39,60.27,60.2,7082.21,2012.97,2409.57,0.0,0.0
779.62,56.99,65.41,60.27,60.2,7082.52,2012.09,2409.57,0.0,0.0
779.68,56.93,65.4,60.27,60.2,7084.71,2012.31,2409.1,0.0,0.0
779.77,56.99,65.4,60.28,60.2,7082.21,2012.53,2408.4,0.0,0.0
779.9,56.99,65.42,60.28,60.2,7082.52,2011.44,2408.87,0.0,0.0
779.97,56.97,65.41,60.28,60.2,7082.83,2012.09,2408.87,0.0,0.0
780.07,56.99,65.39,60.3,60.2,7082.21,2012.97,2406.77,0.0,0.0
780.2,56.95,65.41,60.27,60.2,7083.77,2011.88,2409.34,0.0,0.0
780.31,56.99,65.4,60.28,60.2,7082.52,2012.75,2408.64,0.0,0.0
780.36,56.96,65.41,60.29,60.2,7083.46,2011.88,2407.47,0.0,0.0
780.5,56.96,65.41,60.29,60.2,7083.46,2011.88,2407.23,0.0,0.0
780.59,56.93,65.39,60.29,60.2,7084.09,2013.19,2407.7,0.0,0.0
780.7,56.95,65.41,60.29,60.2,7083.77,2012.09,2407.94,0.0,0.0
780.79,56.99,65.4,60.29,60.2,7081.58,2012.53,2407.47,0.0,0.0
780.94,56.94,65.41,60.28,60.21,7084.4,2011.88,2408.87,0.0,0.0
781.0,56.96,65.39,60.28,60.21,7083.46,2013.19,2408.64,0.0,0.0
781.14,56.93,65.42,60.27,60.21,7085.03,2011.44,2409.1,0.0,0.0
781.2,56.97,65.4,60.28,60.21,7083.15,2012.53,2408.87,0.0,0.0
781.3,56.93,65.41,60.28,60.21,7085.03,2011.66,2408.64,0.0,0.0
781.4,56.99,65.43,60.27,60.21,7082.21,2010.78,2409.57,0.0,0.0
781.5,56.97,65.43,60.27,60.21,7082.83,2010.78,2409.34,0.0,0.0
781.6,56.99,65.44,60.24,60.21,7082.52,2009.91,2411.68,0.0,0.0
781.73,56.97,65.44,60.27,60.21,7083.15,2010.12,2409.34,0.0,0.0
781.79,56.97,65.45,60.26,60.21,7082.83,2009.25,2409.81,0.0,0.0
781.94,57.0,65.43,60.26,60.21,7080.95,2010.34,2409.81,0.0,0.0
781.99,56.95,65.43,60.24,60.21,7083.77,2010.56,2411.68,0.0,0.0
782.13,56.99,65.45,60.26,60.21,7082.21,2009.03,2410.04,0.0,0.0
782.18,57.0,65.45,60.25,60.21,7080.95,2009.47,2411.21,0.0,0.0
782.32,56.93,65.44,60.26,60.21,7084.09,2009.69,2409.81,0.0,0.0
782.37,57.0,65.45,60.25,60.21,7080.95,2009.47,2410.97,0.0,0.0
782.51,56.93,65.47,60.26,60.21,7084.09,2007.5,2409.81,0.0,0.0
782.57,57.0,65.45,60.25,60.21,7080.95,2008.81,2410.97,0.0,0.0
782.71,56.99,65.46,60.23,60.21,7082.21,2008.37,2412.38,0.0,0.0
782.77,56.99,65.44,60.23,60.21,7082.52,2009.69,2412.38,0.0,0.0
782.92,57.02,65.47,60.26,60.21,7080.64,2007.94,2409.81,0.0,0.0
783.01,57.0,65.48,60.25,60.21,7080.95,2006.84,2410.97,0.0,0.0
783.1,57.0,65.45,60.26,60.21,7080.95,2009.03,2410.04,0.0,0.0
783.16,57.01,65.47,60.25,60.21,7081.27,2007.72,2410.97,0.0,0.0
783.29,56.99,65.46,60.25,60.22,7081.58,2008.16,2410.74,0.0,0.0
783.43,57.0,65.46,60.25,60.22,7080.95,2008.37,2411.21,0.0,0.0
783.48,57.05,65.45,60.26,60.22,7079.7,2009.03,2409.81,0.0,0.0
783.61,56.99,65.46,60.26,60.22,7081.89,2008.59,2410.27,0.0,0.0
783.66,57.03,65.45,60.26,60.22,7080.33,2009.03,2409.81,0.0,0.0
783.84,57.03,65.45,60.26,60.22,7080.33,2008.81,2410.04,0.0,0.0
783.91,56.99,65.48,60.27,60.22,7081.89,2007.06,2409.34,0.0,0.0
784.01,56.99,65.47,60.27,60.22,7082.52,2007.94,2409.1,0.0,0.0
784.1,57.01,65.46,60.28,60.22,7081.27,2008.16,2408.17,0.0,0.0
784.2,57.0,65.48,60.29,60.22,7080.95,2006.84,2407.94,0.0,0.0
784.3,56.77,65.47,60.28,60.22,7092.24,2007.5,2408.4,0.0,0.0
784.44,57.0,65.47,60.3,60.22,7080.95,2007.94,2406.77,0.0,0.0
784.5,57.05,65.46,60.29,60.22,7079.39,2008.16,2407.94,0.0,0.0
784.64,56.82,65.44,60.28,60.22,7089.41,2009.91,2408.64,0.0,0.0
784.69,56.97,65.45,60.28,60.22,7083.15,2009.25,2408.87,0.0,0.0
784.84,56.99,65.46,60.28,60.22,7081.58,2008.59,2408.17,0.0,0.0
784.89,57.02,65.44,60.29,60.22,7080.64,2010.12,2407.94,0.0,0.0
785.02,56.99,65.45,60.3,60.22,7082.21,2009.47,2407.0,0.0,0.0
785.08,57.0,65.44,60.28,60.23,7080.95,2010.12,2408.4,0.0,0.0
785.2,56.99,65.47,60.27,60.23,7082.52,2007.94,2409.34,0.0,0.0
785.34,56.99,65.45,60.28,60.23,7082.52,2008.81,2408.87,0.0,0.0
785.39,56.97,65.45,60.28,60.23,7083.15,2009.25,2408.4,0.0,0.0
785.53,56.99,65.45,60.28,60.23,7081.89,2009.47,2408.17,0.0,0.0
785.61,57.03,65.43,60.28,60.23,7080.02,2010.78,2408.17,0.0,0.0
785.73,57.03,65.43,60.3,60.23,7080.02,2010.56,2407.0,0.0,0.0
785.8,56.97,65.43,60.29,60.23,7082.83,2010.56,2407.7,0.0,0.0
785.94,56.97,65.43,60.28,60.23,7082.83,2010.56,2408.4,0.0,0.0
785.99,56.99,65.41,60.29,60.23,7082.52,2011.66,2407.94,0.0,0.0
786.14,57.02,65.41,60.27,60.23,7080.64,2011.88,2409.34,0.0,0.0
786.19,56.97,65.41,60.28,60.23,7082.83,2011.88,2408.64,0.0,0.0
786.32,56.97,65.42,60.29,60.23,7082.83,2011.0,2407.7,0.0,0.0
786.41,56.97,65.4,60.29,60.23,7082.83,2012.75,2407.47,0.0,0.0
786.53,56.96,65.39,60.29,60.23,7083.46,2012.97,2407.94,0.0,0.0
786.59,57.01,65.41,60.28,60.23,7081.27,2011.88,2408.17,0.0,0.0
786.73,56.99,65.39,60.29,60.23,7082.52,2012.97,2407.94,0.0,0.0
786.81,57.0,65.42,60.29,60.23,7080.95,2011.44,2407.47,0.0,0.0
786.92,56.99,65.39,60.28,60.23,7081.58,2012.97,2408.4,0.0,0.0
786.98,56.99,65.39,60.29,60.23,7081.58,2013.63,2407.23,0.0,0.0
787.13,56.91,65.39,60.28,60.23,7085.34,2013.19,2408.4,0.0,0.0
787.19,56.99,65.39,60.29,60.23,7081.89,2013.63,2407.94,0.0,0.0
787.33,56.93,65.4,60.28,60.23,7084.71,2012.75,2408.4,0.0,0.0
787.39,56.96,65.4,60.27,60.23,7083.46,2012.31,2409.34,0.0,0.0
787.53,56.96,65.39,60.28,60.23,7083.46,2012.97,2408.4,0.0,0.0
787.58,56.99,65.4,60.28,60.24,7081.58,2012.75,2408.87,0.0,0.0
787.73,56.94,65.41,60.29,60.24,7084.4,2012.09,2407.47,0.0,0.0
787.78,56.97,65.41,60.28,60.24,7083.15,2011.88,2408.64,0.0,0.0
787.92,56.95,65.42,60.3,60.24,7083.77,2011.0,2406.77,0.0,0.0
788.03,56.93,65.41,60.27,60.24,7084.09,2011.66,2409.34,0.0,0.0
788.12,56.93,65.42,60.28,60.24,7084.71,2011.22,2408.17,0.0,0.0
788.17,56.91,65.44,60.27,60.24,7085.34,2010.12,2409.1,0.0,0.0
788.3,56.94,65.42,60.29,60.24,7084.4,2011.22,2407.47,0.0,0.0
788.4,56.99,65.39,60.28,60.24,7082.21,2013.19,2408.17,0.0,0.0
788.49,56.96,65.4,60.28,60.24,7083.46,2012.53,2408.64,0.0,0.0
788.58,56.97,65.42,60.28,60.24,7082.83,2011.22,2408.4,0.0,0.0
788.69,56.96,65.41,60.29,60.24,7083.46,2011.88,2407.23,0.0,0.0
788.82,56.97,65.41,60.26,60.24,7083.15,2011.66,2410.04,0.0,0.0
788.87,56.97,65.43,60.27,60.24,7082.83,2010.34,2409.34,0.0,0.0
789.03,56.97,65.43,60.27,60.24,7082.83,2010.78,2409.34,0.0,0.0
789.13,56.99,65.44,60.29,60.24,7082.52,2009.69,2407.7,0.0,0.0
789.23,56.99,65.42,60.3,60.24,7082.52,2011.0,2406.53,0.0,0.0
789.28,56.99,65.45,60.28,60.24,7082.21,2008.81,2408.17,0.0,0.0
789.43,56.97,65.43,60.29,60.24,7083.15,2010.34,2407.94,0.0,0.0
789.48,57.02,65.43,60.29,60.24,7080.64,2010.78,2407.47,0.0,0.0
789.63,56.99,65.42,60.3,60.24,7082.52,2011.0,2407.0,0.0,0.0
789.68,56.94,65.44,60.3,60.24,7084.4,2009.69,2406.77,0.0,0.0
789.83,56.99,65.42,60.29,60.24,7081.58,2011.22,2407.23,0.0,0.0
789.88,56.99,65.45,60.3,60.24,7082.52,2009.47,2407.0,0.0,0.0
789.98,56.97,65.43,60.29,60.24,7082.83,2010.78,2407.7,0.0,0.0
790.09,56.99,65.45,60.28,60.24,7081.58,2009.03,2408.17,0.0,0.0
790.24,56.99,65.45,60.28,60.24,7081.58,2009.47,2408.17,0.0,0.0
790.3,56.99,65.46,60.27,60.24,7081.58,2008.59,2409.34,0.0,0.0
790.46,57.03,65.45,60.29,60.24,7080.02,2009.03,2407.47,0.0,0.0
790.51,57.0,65.44,60.29,60.24,7080.95,2009.69,2407.94,0.0,0.0
790.57,56.96,65.45,60.28,60.24,7083.46,2008.81,2408.64,0.0,0.0
790.75,56.97,65.46,60.29,60.24,7083.15,2008.59,2407.94,0.0,0.0
790.9,56.99,65.44,60.29,60.24,7081.58,2009.91,2407.47,0.0,0.0
791.04,57.02,65.48,60.28,60.24,7080.64,2007.06,2408.4,0.0,0.0
791.13,56.99,65.47,60.31,60.24,7081.89,2007.72,2406.07,0.0,0.0
791.22,56.99,65.47,60.27,60.24,7081.58,2007.5,2409.34,0.0,0.0
791.29,57.03,65.49,60.29,60.25,7080.33,2006.19,2407.7,0.0,0.0
791.37,57.0,65.48,60.3,60.25,7080.95,2006.84,2407.0,0.0,0.0
791.44,56.99,65.48,60.28,60.25,7082.21,2007.06,2408.4,0.0,0.0
791.59,56.99,65.47,60.29,60.25,7081.58,2007.72,2407.47,0.0,0.0
791.66,56.99,65.48,60.28,60.25,7081.58,2007.28,2408.4,0.0,0.0
791.79,56.99,65.49,60.29,60.25,7081.58,2006.41,2407.47,0.0,0.0
791.85,57.01,65.5,60.27,60.25,7081.27,2005.97,2409.1,0.0,0.0
791.91,57.03,65.51,60.28,60.25,7080.02,2004.87,2408.4,0.0,0.0
792.11,57.02,65.51,60.28,60.25,7080.64,2005.31,2408.87,0.0,0.0
792.18,57.03,65.51,60.28,60.25,7080.02,2005.31,2408.17,0.0,0.0
792.26,57.03,65.51,60.26,60.25,7080.02,2004.87,2409.81,0.0,0.0
792.33,56.99,65.51,60.25,60.25,7082.21,2004.87,2410.97,0.0,0.0
792.46,57.05,65.53,60.27,60.25,7079.39,2003.56,2409.57,0.0,0.0
792.59,57.03,65.51,60.27,60.25,7080.33,2004.66,2409.34,0.0,0.0
792.72,57.0,65.53,60.25,60.25,7080.95,2003.56,2411.21,0.0,0.0
792.79,57.03,65.51,60.26,60.25,7080.33,2004.66,2410.04,0.0,0.0
792.87,57.03,65.53,60.25,60.25,7080.02,2003.34,2411.21,0.0,0.0
792.93,57.07,65.51,60.25,60.25,7078.76,2004.66,2411.44,0.0,0.0
793.01,57.03,65.54,60.25,60.25,7080.33,2003.13,2411.44,0.0,0.0
793.13,57.03,65.53,60.28,60.25,7080.02,2003.78,2408.87,0.0,0.0
793.25,57.07,65.56,60.25,60.25,7078.76,2001.81,2411.44,0.0,0.0
793.31,57.07,65.55,60.26,60.26,7078.76,2002.25,2409.81,0.0,0.0
793.43,57.05,65.54,60.26,60.26,7079.7,2002.69,2410.27,0.0,0.0
793.57,57.1,65.55,60.24,60.26,7077.82,2002.25,2411.68,0.0,0.0
793.64,57.09,65.56,60.27,60.26,7077.19,2001.38,2409.1,0.0,0.0
793.76,57.07,65.56,60.23,60.26,7078.76,2001.38,2412.61,0.0,0.0
793.82,57.1,65.56,60.26,60.26,7077.82,2001.81,2410.27,0.0,0.0
793.89,57.1,65.54,60.25,60.26,7077.51,2002.91,2410.97,0.0,0.0
794.01,57.08,65.53,60.23,60.26,7078.13,2003.34,2412.38,0.0,0.0
794.12,57.07,65.53,60.25,60.26,7078.45,2003.78,2411.21,0.0,0.0
794.22,57.08,65.53,60.25,60.26,7078.13,2003.56,2411.44,0.0,0.0
794.29,57.1,65.53,60.23,60.26,7077.82,2003.56,2412.38,0.0,0.0
794.44,57.08,65.53,60.25,60.26,7078.13,2003.78,2411.21,0.0,0.0
794.5,57.05,65.53,60.25,60.26,7079.39,2003.56,2410.74,0.0,0.0
794.65,57.1,65.53,60.25,60.26,7077.51,2003.56,2411.21,0.0,0.0
794.71,57.07,65.51,60.26,60.26,7078.76,2005.31,2410.27,0.0,0.0
794.84,57.1,65.54,60.26,60.27,7077.82,2003.13,2409.81,0.0,0.0
794.9,57.05,65.53,60.24,60.27,7079.07,2003.78,2412.14,0.0,0.0
795.05,57.07,65.54,60.26,60.27,7078.45,2003.13,2410.27,0.0,0.0
795.1,57.08,65.54,60.25,60.27,7078.13,2002.69,2411.21,0.0,0.0
795.23,57.07,65.53,60.24,60.27,7078.76,2003.78,2412.14,0.0,0.0
795.33,57.07,65.52,60.24,60.27,7078.45,2004.44,2412.14,0.0,0.0
795.43,57.07,65.51,60.22,60.27,7078.45,2004.87,2414.01,0.0,0.0
795.49,57.08,65.52,60.21,60.27,7078.13,2004.0,2414.25,0.0,0.0
795.59,57.07,65.53,60.22,60.27,7078.45,2003.78,2413.78,0.0,0.0
795.69,57.07,65.54,60.21,60.27,7078.45,2002.69,2414.48,0.0,0.0
795.83,57.07,65.56,60.19,60.27,7078.45,2001.38,2416.12,0.0,0.0
795.89,57.07,65.52,60.21,60.27,7078.76,2004.22,2414.48,0.0,0.0
796.03,57.05,65.55,60.19,60.27,7079.39,2002.03,2416.35,0.0,0.0
796.13,57.07,65.55,60.18,60.27,7078.76,2002.25,2416.82,0.0,0.0
796.24,57.03,65.54,60.18,60.27,7080.02,2003.13,2417.29,0.0,0.0
796.31,57.1,65.54,60.16,60.27,7077.82,2003.13,2418.7,0.0,0.0
796.41,57.1,65.56,60.16,60.27,7077.82,2001.6,2418.46,0.0,0.0
796.48,57.08,65.53,60.18,60.28,7078.13,2003.78,2416.82,0.0,0.0
796.61,57.05,65.57,60.16,60.28,7079.39,2001.16,2418.46,0.0,0.0
796.68,57.03,65.57,60.17,60.28,7080.02,2000.94,2417.99,0.0,0.0
796.82,57.08,65.58,60.16,60.28,7078.13,2000.28,2418.7,0.0,0.0
796.88,56.99,65.59,60.17,60.28,7081.89,1999.63,2417.76,0.0,0.0
797.03,57.05,65.58,60.15,60.28,7079.07,2000.07,2419.4,0.0,0.0
797.08,57.05,65.59,60.14,60.28,7079.07,1999.63,2420.33,0.0,0.0
797.25,57.03,65.59,60.14,60.28,7080.33,1999.19,2420.8,0.0,0.0
797.31,57.1,65.58,60.14,60.28,7077.82,2000.5,2420.1,0.0,0.0
797.42,57.1,65.58,60.14,60.28,7077.82,2000.07,2420.8,0.0,0.0
797.51,57.05,65.59,60.17,60.28,7079.39,1999.63,2417.53,0.0,0.0
797.63,57.07,65.58,60.15,60.28,7078.45,2000.5,2419.4,0.0,0.0
797.73,57.05,65.58,60.16,60.28,7079.7,2000.07,2418.7,0.0,0.0
797.78,57.07,65.58,60.16,60.28,7078.45,2000.28,2418.7,0.0,0.0
797.88,57.05,65.57,60.16,60.28,7079.07,2001.16,2418.46,0.0,0.0
798.02,57.07,65.56,60.16,60.28,7078.76,2001.38,2418.93,0.0,0.0
798.07,57.07,65.59,60.16,60.29,7078.45,1999.19,2419.16,0.0,0.0
798.21,57.07,65.57,60.17,60.29,7078.76,2000.94,2417.53,0.0,0.0
798.32,57.07,65.58,60.18,60.29,7078.76,2000.5,2417.29,0.0,0.0
798.42,57.07,65.6,60.18,60.29,7078.76,1998.76,2417.06,0.0,0.0
798.48,57.09,65.59,60.2,60.29,7077.19,1999.41,2415.65,0.0,0.0
798.63,57.1,65.59,60.19,60.29,7077.51,1999.19,2416.59,0.0,0.0
798.69,57.1,65.59,60.19,60.29,7077.82,1999.63,2416.59,0.0,0.0
798.84,57.05,65.59,60.17,60.29,7079.07,1999.19,2417.53,0.0,0.0
798.89,57.1,65.59,60.2,60.29,7077.82,1999.63,2415.42,0.0,0.0
799.05,57.09,65.58,60.2,60.29,7077.19,1999.85,2415.42,0.0,0.0
799.11,57.05,65.58,60.21,60.29,7079.39,2000.28,2414.25,0.0,0.0
799.27,57.1,65.6,60.21,60.29,7076.88,1998.97,2414.25,0.0,0.0
799.32,57.1,65.63,60.24,60.29,7076.88,1996.79,2411.91,0.0,0.0
799.37,57.1,65.64,60.22,60.29,7077.82,1996.13,2413.78,0.0,0.0
799.53,57.07,65.6,60.24,60.3,7078.45,1998.54,2412.14,0.0,0.0
799.59,57.1,65.59,60.27,60.3,7077.51,1999.19,2409.1,0.0,0.0
799.73,57.08,65.6,60.28,60.3,7078.13,1998.76,2408.87,0.0,0.0
799.79,57.1,65.61,60.27,60.3,7077.82,1998.1,2409.1,0.0,0.0
799.94,57.07,65.61,60.28,60.3,7078.45,1998.1,2408.17,0.0,0.0
800.0,57.12,65.59,60.27,60.3,7076.57,1999.19,2409.1,0.0,0.0
800.15,57.08,65.61,60.29,60.3,7078.13,1997.88,2407.94,0.0,0.0
800.2,57.08,65.61,60.28,60.3,7078.13,1998.1,2408.17,0.0,0.0
800.33,57.1,65.62,60.29,60.3,7077.51,1997.66,2407.47,0.0,0.0
800.39,57.08,65.6,60.3,60.3,7078.13,1998.76,2407.0,0.0,0.0
800.54,57.1,65.59,60.29,60.3,7076.88,1999.19,2407.7,0.0,0.0
800.64,57.1,65.62,60.32,60.3,7077.51,1997.66,2405.37,0.0,0.0
800.74,57.09,65.62,60.31,60.3,7077.19,1997.66,2405.6,0.0,0.0
800.79,57.09,65.62,60.32,60.31,7077.19,1997.23,2404.66,0.0,0.0
800.93,57.1,65.61,60.32,60.31,7076.88,1998.32,2404.66,0.0,0.0
801.0,57.05,65.63,60.34,60.31,7079.07,1996.57,2403.26,0.0,0.0
801.14,57.1,65.63,60.34,60.31,7076.88,1996.57,2403.5,0.0,0.0
801.19,57.1,65.62,60.35,60.31,7077.51,1997.23,2402.33,0.0,0.0
801.29,57.12,65.6,60.36,60.31,7075.94,1998.54,2401.63,0.0,0.0
801.4,57.12,65.63,60.36,60.31,7076.25,1996.79,2401.86,0.0,0.0
801.51,57.1,65.6,60.36,60.31,7077.51,1998.54,2401.16,0.0,0.0
801.62,57.12,65.63,60.37,60.31,7076.57,1996.57,2400.93,0.0,0.0
801.74,57.09,65.64,60.37,60.31,7077.19,1996.13,2400.46,0.0,0.0
801.79,57.1,65.64,60.38,60.31,7077.51,1996.13,2399.53,0.0,0.0
801.92,57.12,65.63,60.37,60.31,7076.57,1997.01,2400.69,0.0,0.0
801.98,57.14,65.63,60.37,60.31,7075.63,1996.57,2400.46,0.0,0.0
802.13,57.15,65.62,60.39,60.31,7075.31,1997.66,2398.83,0.0,0.0
802.19,57.09,65.63,60.4,60.32,7077.19,1997.01,2398.13,0.0,0.0
802.33,57.09,65.63,60.39,60.32,7077.19,1996.57,2398.59,0.0,0.0
802.39,57.14,65.63,60.42,60.32,7075.63,1996.57,2396.03,0.0,0.0
802.54,57.09,65.63,60.41,60.32,7077.19,1996.79,2397.19,0.0,0.0
802.59,57.1,65.64,60.43,60.32,7076.88,1996.13,2395.33,0.0,0.0
802.74,57.09,65.63,60.44,60.32,7077.19,1996.57,2395.09,0.0,0.0
802.79,57.15,65.64,60.44,60.32,7075.0,1995.92,2394.39,0.0,0.0
802.94,57.09,65.64,60.44,60.32,7077.19,1996.13,2394.63,0.0,0.0
803.0,57.1,65.65,60.44,60.32,7076.88,1995.7,2394.39,0.0,0.0
803.09,57.12,65.64,60.47,60.32,7076.25,1995.92,2392.53,0.0,0.0
803.25,57.1,65.63,60.44,60.32,7076.88,1997.01,2394.39,0.0,0.0
803.34,57.15,65.63,60.47,60.32,7075.31,1996.57,2392.06,0.0,0.0
803.39,57.14,65.64,60.47,60.32,7075.63,1995.92,2392.3,0.0,0.0
803.54,57.12,65.65,60.48,60.33,7075.94,1995.04,2391.6,0.0,0.0
803.6,57.14,65.65,60.48,60.33,7075.63,1995.7,2390.9,0.0,0.0
803.74,57.12,65.64,60.47,60.33,7076.25,1995.92,2392.06,0.0,0.0
803.84,57.15,65.62,60.48,60.33,7075.31,1997.23,2391.6,0.0,0.0
803.93,57.12,65.66,60.48,60.33,7075.94,1994.82,2390.9,0.0,0.0
803.99,57.18,65.64,60.48,60.33,7073.75,1996.13,2391.36,0.0,0.0
804.16,57.1,65.63,60.47,60.33,7076.88,1996.57,2392.3,0.0,0.0
804.22,57.15,65.65,60.48,60.33,7075.31,1995.26,2391.13,0.0,0.0
804.37,57.14,65.64,60.49,60.33,7075.63,1996.35,2390.43,0.0,0.0
804.41,57.14,65.65,60.49,60.33,7075.63,1995.48,2390.66,0.0,0.0
804.52,57.14,65.64,60.5,60.33,7075.63,1996.35,2389.73,0.0,0.0
804.62,57.14,65.65,60.5,60.33,7075.63,1995.7,2389.27,0.0,0.0
804.77,57.15,65.63,60.52,60.33,7075.31,1996.79,2388.1,0.0,0.0
804.82,57.12,65.65,60.51,60.33,7076.25,1995.26,2388.8,0.0,0.0
804.96,57.16,65.65,60.5,60.34,7074.37,1995.04,2389.27,0.0,0.0
805.02,57.15,65.65,60.51,60.34,7075.31,1995.48,2389.03,0.0,0.0
805.12,57.19,65.67,60.51,60.34,7073.12,1993.95,2388.8,0.0,0.0
805.21,57.16,65.67,60.5,60.34,7074.06,1994.17,2389.73,0.0,0.0
805.33,57.15,65.67,60.53,60.34,7075.0,1994.17,2387.4,0.0,0.0
805.38,57.16,65.65,60.53,60.34,7074.37,1995.26,2387.4,0.0,0.0
805.54,57.19,65.68,60.51,60.34,7072.81,1993.52,2388.33,0.0,0.0
805.63,57.19,65.66,60.53,60.34,7073.43,1994.39,2387.4,0.0,0.0
805.74,57.19,65.68,60.51,60.34,7072.81,1993.3,2388.33,0.0,0.0
805.8,57.15,65.66,60.52,60.34,7074.69,1994.39,2387.87,0.0,0.0
805.95,57.15,65.66,60.54,60.34,7075.0,1994.82,2386.24,0.0,0.0
806.03,57.19,65.66,60.54,60.34,7072.81,1994.61,2386.01,0.0,0.0
806.18,57.16,65.66,60.54,60.34,7074.37,1994.61,2386.47,0.0,0.0
806.24,57.16,65.68,60.55,60.35,7074.06,1993.08,2385.31,0.0,0.0
806.35,57.19,65.68,60.55,60.35,7073.12,1993.52,2385.07,0.0,0.0
806.45,57.15,65.67,60.55,60.35,7074.69,1993.73,2385.31,0.0,0.0
806.51,57.16,65.7,60.57,60.35,7074.37,1991.77,2383.91,0.0,0.0
806.66,57.19,65.69,60.55,60.35,7073.43,1992.42,2385.07,0.0,0.0
806.72,57.25,65.67,60.56,60.35,7070.3,1993.73,2384.14,0.0,0.0
806.82,57.19,65.7,60.56,60.35,7072.81,1991.77,2384.38,0.0,0.0
806.9,57.19,65.68,60.56,60.35,7073.43,1993.3,2384.14,0.0,0.0
807.03,57.23,65.67,60.55,60.35,7071.55,1993.73,2385.54,0.0,0.0
807.08,57.19,65.7,60.56,60.35,7073.43,1992.21,2384.38,0.0,0.0
807.23,57.19,65.69,60.57,60.35,7073.12,1992.42,2383.44,0.0,0.0
807.32,57.23,65.7,60.59,60.35,7071.55,1991.77,2381.58,0.0,0.0
807.4,57.15,65.68,60.59,60.35,7074.69,1993.3,2382.28,0.0,0.0
807.53,57.19,65.69,60.6,60.36,7072.81,1992.64,2381.35,0.0,0.0
807.63,57.16,65.7,60.59,60.36,7074.37,1992.21,2381.58,0.0,0.0
807.68,57.18,65.68,60.59,60.36,7073.75,1993.3,2382.05,0.0,0.0
807.85,57.23,65.7,60.62,60.36,7070.93,1991.99,2379.49,0.0,0.0
807.9,57.2,65.69,60.61,60.36,7072.49,1992.64,2380.65,0.0,0.0
808.02,57.16,65.71,60.61,60.36,7074.06,1991.33,2380.42,0.0,0.0
808.1,57.2,65.69,60.61,60.36,7072.49,1992.42,2379.95,0.0,0.0
808.24,57.23,65.7,60.62,60.36,7070.93,1992.21,2379.72,0.0,0.0
808.3,57.2,65.71,60.62,60.36,7072.49,1991.12,2379.49,0.0,0.0
808.45,57.22,65.71,60.61,60.36,7072.18,1991.33,2379.95,0.0,0.0
808.5,57.22,65.71,60.62,60.36,7072.18,1991.55,2379.72,0.0,0.0
808.66,57.19,65.72,60.61,60.36,7073.12,1990.9,2380.19,0.0,0.0
808.71,57.22,65.71,60.62,60.37,7072.18,1991.12,2379.49,0.0,0.0
808.81,57.23,65.71,60.62,60.37,7071.55,1991.55,2379.49,0.0,0.0
808.9,57.23,65.72,60.61,60.37,7071.55,1990.9,2379.95,0.0,0.0
809.05,57.22,65.7,60.63,60.37,7072.18,1991.77,2378.79,0.0,0.0
809.11,57.2,65.7,60.64,60.37,7072.49,1991.99,2377.4,0.0,0.0
809.21,57.23,65.71,60.62,60.37,7071.55,1991.12,2379.02,0.0,0.0
809.32,57.29,65.71,60.64,60.37,7068.73,1991.55,2377.86,0.0,0.0
809.46,57.25,65.72,60.65,60.37,7070.3,1990.24,2377.16,0.0,0.0
809.51,57.23,65.74,60.65,60.37,7070.93,1989.37,2377.16,0.0,0.0
809.64,57.2,65.72,60.63,60.37,7072.49,1990.46,2378.33,0.0,0.0
809.71,57.25,65.71,60.64,60.37,7070.61,1991.12,2378.09,0.0,0.0
809.86,57.25,65.72,60.64,60.37,7070.61,1990.68,2378.09,0.0,0.0
809.94,57.25,65.73,60.64,60.38,7071.24,1989.81,2377.63,0.0,0.0
810.05,57.22,65.73,60.65,60.38,7072.18,1989.81,2376.93,0.0,0.0
810.1,57.29,65.73,60.64,60.38,7069.36,1990.02,2377.86,0.0,0.0
810.21,57.29,65.72,60.65,60.38,7068.73,1990.46,2377.16,0.0,0.0
810.33,57.25,65.74,60.63,60.38,7070.3,1989.15,2378.33,0.0,0.0
810.43,57.25,65.74,60.64,60.38,7070.3,1989.37,2377.86,0.0,0.0
810.53,57.25,65.74,60.64,60.38,7070.61,1989.15,2377.86,0.0,0.0
810.66,57.23,65.73,60.67,60.38,7071.55,1990.02,2375.53,0.0,0.0
810.71,57.3,65.73,60.65,60.38,7068.42,1989.59,2376.7,0.0,0.0
810.86,57.26,65.74,60.66,60.38,7069.99,1989.15,2376.23,0.0,0.0
810.91,57.23,65.75,60.66,60.38,7070.93,1988.5,2376.0,0.0,0.0
811.05,57.25,65.76,60.67,60.38,7071.24,1987.63,2375.53,0.0,0.0
811.11,57.25,65.74,60.66,60.39,7070.3,1989.37,2376.23,0.0,0.0
811.26,57.23,65.76,60.67,60.39,7071.55,1988.06,2375.07,0.0,0.0
811.32,57.26,65.76,60.67,60.39,7069.99,1987.63,2374.84,0.0,0.0
811.46,57.23,65.75,60.69,60.39,7071.55,1988.72,2373.44,0.0,0.0
811.52,57.29,65.76,60.68,60.39,7069.36,1987.84,2374.61,0.0,0.0
811.61,57.29,65.78,60.67,60.39,7068.73,1986.32,2375.07,0.0,0.0
811.72,57.31,65.77,60.67,60.39,7067.79,1987.19,2375.3,0.0,0.0
811.83,57.26,65.76,60.67,60.39,7069.99,1987.63,2375.3,0.0,0.0
811.88,57.31,65.77,60.68,60.39,7067.79,1987.19,2374.14,0.0,0.0
812.03,57.26,65.76,60.68,60.39,7069.99,1987.84,2373.91,0.0,0.0
812.13,57.29,65.8,60.68,60.39,7069.36,1985.45,2374.37,0.0,0.0
812.23,57.19,65.77,60.68,60.4,7073.12,1987.41,2374.37,0.0,0.0
812.33,57.25,65.79,60.69,60.4,7070.3,1985.88,2373.68,0.0,0.0
812.44,57.29,65.8,60.68,60.4,7069.36,1985.23,2374.14,0.0,0.0
812.49,57.26,65.8,60.69,60.4,7069.99,1985.23,2373.68,0.0,0.0
812.64,57.29,65.8,60.68,60.4,7068.73,1985.23,2373.91,0.0,0.0
812.69,57.25,65.78,60.68,60.4,7070.3,1986.32,2374.14,0.0,0.0
812.84,57.26,65.78,60.7,60.4,7069.99,1986.75,2372.28,0.0,0.0
812.89,57.22,65.79,60.7,60.4,7072.18,1985.88,2372.75,0.0,0.0
813.03,57.3,65.76,60.7,60.4,7068.42,1987.84,2372.75,0.0,0.0
813.09,57.26,65.81,60.69,60.4,7069.67,1984.57,2373.44,0.0,0.0
813.29,57.23,65.81,60.68,60.4,7070.93,1984.57,2373.91,0.0,0.0
813.3,57.23,65.78,60.69,60.41,7070.93,1986.54,2373.21,0.0,0.0
813.45,57.31,65.81,60.68,60.41,7067.79,1984.57,2374.14,0.0,0.0
813.51,57.25,65.79,60.68,60.41,7070.61,1985.66,2373.91,0.0,0.0
813.66,57.25,65.81,60.7,60.41,7071.24,1984.36,2372.75,0.0,0.0
813.72,57.29,65.78,60.7,60.41,7069.05,1986.32,2372.28,0.0,0.0
813.87,57.29,65.8,60.69,60.41,7069.05,1984.79,2373.21,0.0,0.0
813.91,57.29,65.8,60.7,60.41,7069.05,1985.01,2372.51,0.0,0.0
814.06,57.31,65.82,60.7,60.41,7067.79,1983.92,2372.75,0.0,0.0
814.13,57.31,65.83,60.69,60.41,7067.79,1983.05,2373.21,0.0,0.0
814.19,57.29,65.81,60.71,60.41,7068.73,1984.57,2371.58,0.0,0.0
814.36,57.26,65.83,60.7,60.42,7069.99,1983.05,2372.51,0.0,0.0
814.43,57.29,65.8,60.7,60.42,7069.05,1984.79,2372.75,0.0,0.0
814.54,57.29,65.81,60.7,60.42,7069.05,1984.36,2372.51,0.0,0.0
814.62,57.25,65.82,60.69,60.42,7070.3,1983.7,2373.44,0.0,0.0
814.81,57.23,65.79,60.71,60.42,7070.93,1985.66,2372.05,0.0,0.0
814.87,57.29,65.84,60.7,60.42,7068.73,1982.61,2372.28,0.0,0.0
814.95,57.29,65.8,60.69,60.42,7069.36,1984.79,2373.68,0.0,0.0
815.07,57.29,65.82,60.7,60.42,7069.36,1983.7,2372.98,0.0,0.0
815.14,57.29,65.82,60.69,60.42,7069.05,1983.92,2373.44,0.0,0.0
815.25,57.34,65.83,60.69,60.42,7066.54,1983.05,2373.44,0.0,0.0
815.35,57.26,65.84,60.7,60.43,7069.67,1982.61,2372.75,0.0,0.0
815.47,57.31,65.84,60.7,60.43,7067.79,1982.4,2372.51,0.0,0.0
815.57,57.32,65.83,60.71,60.43,7067.48,1982.83,2371.58,0.0,0.0
815.63,57.23,65.82,60.7,60.43,7070.93,1983.7,2372.51,0.0,0.0
815.73,57.31,65.81,60.7,60.43,7068.11,1984.57,2372.98,0.0,0.0
815.8,57.3,65.83,60.7,60.43,7068.42,1983.05,2372.75,0.0,0.0
815.94,57.29,65.82,60.71,60.43,7069.36,1983.92,2371.58,0.0,0.0
815.99,57.3,65.82,60.7,60.43,7068.42,1983.92,2372.98,0.0,0.0
816.13,57.26,65.84,60.7,60.43,7069.67,1982.61,2372.98,0.0,0.0
816.24,57.29,65.83,60.71,60.43,7068.73,1982.83,2371.82,0.0,0.0
816.34,57.36,65.82,60.71,60.44,7065.29,1983.48,2371.58,0.0,0.0
816.44,57.29,65.85,60.71,60.44,7069.05,1981.52,2372.05,0.0,0.0
816.54,57.23,65.83,60.73,60.44,7070.93,1983.05,2370.42,0.0,0.0
816.64,57.34,65.85,60.72,60.44,7066.85,1981.52,2371.35,0.0,0.0
816.79,57.29,65.84,60.7,60.44,7068.73,1982.61,2372.28,0.0,0.0
816.8,57.34,65.87,60.7,60.44,7066.54,1980.22,2372.75,0.0,0.0
816.94,57.32,65.84,60.7,60.44,7067.48,1982.4,2372.28,0.0,0.0
817.0,57.34,65.88,60.7,60.44,7066.85,1979.56,2372.28,0.0,0.0
817.15,57.34,65.88,60.71,60.44,7066.54,1979.35,2371.82,0.0,0.0
817.2,57.36,65.87,60.72,60.44,7065.29,1980.22,2370.89,0.0,0.0
817.36,57.34,65.86,60.71,60.45,7066.85,1981.31,2372.05,0.0,0.0
817.4,57.32,65.86,60.72,60.45,7067.48,1981.09,2370.89,0.0,0.0
817.56,57.29,65.91,60.7,60.45,7068.73,1977.82,2372.28,0.0,0.0
817.61,57.31,65.89,60.71,60.45,7067.79,1979.13,2371.58,0.0,0.0
817.72,57.32,65.92,60.72,60.45,7067.48,1976.95,2371.35,0.0,0.0
817.83,57.31,65.93,60.71,60.45,7067.79,1976.52,2371.58,0.0,0.0
817.89,57.29,65.91,60.71,60.45,7069.05,1977.82,2372.05,0.0,0.0
818.04,57.31,65.91,60.7,60.45,7067.79,1977.39,2372.28,0.0,0.0
818.11,57.31,65.94,60.7,60.45,7068.11,1975.86,2372.28,0.0,0.0
818.26,57.3,65.94,60.68,60.46,7068.42,1975.86,2373.91,0.0,0.0
818.32,57.23,65.93,60.7,60.46,7070.93,1976.08,2372.51,0.0,0.0
818.47,57.35,65.96,60.7,60.46,7065.6,1974.34,2372.75,0.0,0.0
818.53,57.34,65.96,60.68,60.46,7066.85,1974.56,2374.37,0.0,0.0
818.63,57.3,65.97,60.7,60.46,7068.42,1973.47,2372.28,0.0,0.0
818.74,57.3,65.98,60.69,60.46,7068.42,1972.6,2373.44,0.0,0.0
818.85,57.35,65.99,60.7,60.46,7065.6,1972.38,2372.75,0.0,0.0
818.9,57.31,65.99,60.69,60.46,7067.79,1971.95,2373.21,0.0,0.0
819.04,57.34,65.99,60.69,60.47,7066.54,1972.17,2373.44,0.0,0.0
819.1,57.34,66.0,60.69,60.47,7066.23,1971.3,2373.68,0.0,0.0
819.21,57.36,66.0,60.71,60.47,7065.29,1971.73,2371.82,0.0,0.0
819.3,57.38,66.02,60.7,60.47,7064.98,1970.21,2372.75,0.0,0.0
819.45,57.37,66.01,60.7,60.47,7065.91,1971.08,2372.98,0.0,0.0
819.5,57.34,66.02,60.7,60.47,7066.54,1970.21,2372.98,0.0,0.0
819.67,57.34,66.02,60.69,60.47,7066.54,1969.99,2373.68,0.0,0.0
819.72,57.35,66.03,60.69,60.47,7065.6,1969.56,2373.44,0.0,0.0
819.82,57.38,66.02,60.7,60.48,7064.98,1970.43,2372.75,0.0,0.0
819.92,57.34,66.01,60.7,60.48,7066.23,1970.86,2372.28,0.0,0.0
820.11,57.34,66.01,60.69,60.48,7066.23,1970.64,2373.44,0.0,0.0
820.17,57.36,66.01,60.72,60.48,7065.29,1970.64,2371.35,0.0,0.0
820.23,57.36,66.02,60.71,60.48,7065.29,1969.99,2372.05,0.0,0.0
820.34,57.38,66.03,60.71,60.48,7064.66,1969.56,2371.58,0.0,0.0
820.39,57.34,66.05,60.72,60.49,7066.23,1968.04,2371.35,0.0,0.0
820.55,57.45,66.04,60.71,60.49,7062.47,1968.69,2372.05,0.0,0.0
820.61,57.35,66.05,60.72,60.49,7065.6,1968.25,2371.35,0.0,0.0
820.77,57.38,66.04,60.72,60.49,7064.66,1968.91,2371.35,0.0,0.0
820.82,57.31,66.04,60.72,60.49,7067.79,1968.69,2370.65,0.0,0.0
820.91,57.38,66.05,60.71,60.49,7064.98,1968.47,2371.82,0.0,0.0
821.06,57.36,66.05,60.71,60.49,7065.29,1968.25,2371.82,0.0,0.0
821.16,57.38,66.06,60.72,60.5,7064.66,1967.38,2371.12,0.0,0.0
821.22,57.4,66.06,60.75,60.5,7063.72,1967.82,2368.56,0.0,0.0
821.36,57.34,66.04,60.73,60.5,7066.23,1968.69,2369.73,0.0,0.0
821.42,57.34,66.05,60.74,60.5,7066.85,1968.04,2369.26,0.0,0.0
821.56,57.35,66.08,60.73,60.5,7065.6,1966.3,2369.96,0.0,0.0
821.64,57.34,66.06,60.73,60.5,7066.85,1967.6,2369.73,0.0,0.0
821.76,57.37,66.06,60.75,60.51,7065.91,1967.17,2368.33,0.0,0.0
821.81,57.37,66.06,60.73,60.51,7065.91,1967.82,2370.42,0.0,0.0
821.96,57.36,66.07,60.75,60.51,7065.29,1966.52,2368.33,0.0,0.0
822.06,57.42,66.08,60.73,60.51,7063.1,1965.86,2369.73,0.0,0.0
822.13,57.45,66.08,60.74,60.51,7062.47,1966.3,2369.26,0.0,0.0
822.2,57.35,66.06,60.76,60.51,7065.6,1967.38,2367.87,0.0,0.0
822.34,57.4,66.09,60.75,60.51,7063.72,1965.43,2368.56,0.0,0.0
822.44,57.37,66.08,60.76,60.52,7065.91,1966.08,2367.17,0.0,0.0
822.53,57.38,66.1,60.74,60.52,7064.66,1964.99,2369.03,0.0,0.0
822.64,57.4,66.09,60.73,60.52,7064.35,1965.43,2369.96,0.0,0.0
822.74,57.35,66.09,60.77,60.52,7065.6,1965.65,2366.47,0.0,0.0
822.79,57.4,66.1,60.76,60.52,7064.04,1964.56,2367.87,0.0,0.0
822.89,57.4,66.1,60.76,60.52,7064.35,1964.99,2367.64,0.0,0.0
823.04,57.4,66.12,60.77,60.53,7064.04,1963.47,2366.47,0.0,0.0
823.18,57.35,66.12,60.78,60.53,7065.6,1963.69,2365.55,0.0,0.0
823.23,57.4,66.12,60.78,60.53,7063.72,1963.47,2366.01,0.0,0.0
823.37,57.36,66.13,60.78,60.53,7065.29,1963.04,2366.01,0.0,0.0
823.43,57.35,66.12,60.78,60.53,7065.6,1963.26,2365.55,0.0,0.0
823.56,57.4,66.13,60.78,60.53,7063.72,1962.82,2365.55,0.0,0.0
823.62,57.38,66.12,60.79,60.54,7064.98,1963.26,2364.85,0.0,0.0
823.74,57.38,66.14,60.8,60.54,7064.98,1962.39,2364.15,0.0,0.0
823.8,57.38,66.13,60.78,60.54,7064.66,1962.61,2365.55,0.0,0.0
823.96,57.4,66.14,60.81,60.54,7063.41,1962.17,2363.69,0.0,0.0
824.01,57.4,66.14,60.8,60.54,7064.35,1961.95,2364.62,0.0,0.0
824.15,57.38,66.14,60.79,60.54,7064.98,1962.17,2365.31,0.0,0.0
824.22,57.42,66.13,60.79,60.55,7063.1,1962.61,2364.85,0.0,0.0
824.36,57.4,66.16,60.8,60.55,7064.04,1960.87,2364.62,0.0,0.0
824.48,57.4,66.13,60.79,60.55,7064.04,1962.61,2365.31,0.0,0.0
824.58,57.4,66.14,60.8,60.55,7064.04,1962.17,2363.92,0.0,0.0
824.65,57.42,66.15,60.81,60.55,7063.1,1961.3,2363.23,0.0,0.0
824.75,57.4,66.14,60.83,60.55,7063.72,1962.17,2362.07,0.0,0.0
824.86,57.4,66.14,60.8,60.56,7064.35,1961.95,2364.15,0.0,0.0
824.95,57.42,66.16,60.82,60.56,7063.1,1960.87,2362.3,0.0,0.0
825.03,57.46,66.16,60.81,60.56,7061.22,1961.09,2363.69,0.0,0.0
825.17,57.43,66.14,60.81,60.56,7062.78,1962.17,2363.46,0.0,0.0
825.23,57.45,66.15,60.82,60.56,7061.53,1961.74,2362.53,0.0,0.0
825.36,57.34,66.16,60.83,60.56,7066.54,1960.87,2361.37,0.0,0.0
825.42,57.4,66.16,60.81,60.57,7063.41,1961.09,2363.23,0.0,0.0
825.54,57.38,66.15,60.82,60.57,7064.66,1961.3,2362.76,0.0,0.0
825.6,57.4,66.16,60.81,60.57,7063.41,1961.09,2362.99,0.0,0.0
825.74,57.45,66.16,60.84,60.57,7062.47,1960.87,2360.67,0.0,0.0
825.88,57.4,66.18,60.83,60.57,7063.41,1959.35,2361.6,0.0,0.0
825.94,57.45,66.15,60.83,60.57,7061.53,1961.52,2362.07,0.0,0.0
826.03,57.4,66.17,60.84,60.58,7064.35,1960.0,2361.14,0.0,0.0
826.15,57.4,66.15,60.84,60.58,7064.35,1961.3,2361.14,0.0,0.0
826.24,57.4,66.17,60.83,60.58,7064.35,1960.22,2361.6,0.0,0.0
826.34,57.45,66.17,60.84,60.58,7062.16,1959.78,2360.91,0.0,0.0
826.4,57.45,66.18,60.84,60.58,7062.16,1959.57,2360.67,0.0,0.0
826.53,57.48,66.17,60.83,60.58,7060.59,1960.22,2361.37,0.0,0.0
826.68,57.45,66.17,60.85,60.59,7062.16,1960.44,2359.98,0.0,0.0
826.73,57.42,66.19,60.85,60.59,7063.1,1958.7,2359.98,0.0,0.0
826.87,57.47,66.18,60.85,60.59,7060.9,1959.57,2360.21,0.0,0.0
826.92,57.38,66.18,60.85,60.59,7064.98,1959.13,2359.75,0.0,0.0
827.01,57.45,66.18,60.85,60.59,7062.16,1959.13,2359.98,0.0,0.0
827.16,57.4,66.2,60.87,60.59,7063.72,1958.05,2358.59,0.0,0.0
827.21,57.45,66.18,60.86,60.6,7062.16,1959.35,2358.82,0.0,0.0
827.36,57.42,66.18,60.88,60.6,7063.1,1959.35,2357.43,0.0,0.0
827.45,57.45,66.19,60.86,60.6,7062.47,1958.92,2359.51,0.0,0.0
827.55,57.38,66.2,60.88,60.6,7064.98,1958.05,2357.89,0.0,0.0
827.6,57.45,66.19,60.88,60.6,7062.47,1958.92,2357.89,0.0,0.0
827.75,57.47,66.18,60.87,60.6,7060.9,1959.13,2358.59,0.0,0.0
827.84,57.47,66.19,60.88,60.61,7060.9,1958.48,2357.66,0.0,0.0
827.94,57.45,66.2,60.88,60.61,7062.16,1958.27,2357.89,0.0,0.0
828.07,57.4,66.2,60.86,60.61,7063.41,1958.05,2359.05,0.0,0.0
828.16,57.48,66.21,60.87,60.61,7060.28,1957.4,2358.36,0.0,0.0
828.26,57.4,66.2,60.87,60.61,7063.72,1957.83,2358.12,0.0,0.0
828.32,57.48,66.18,60.87,60.61,7060.28,1959.13,2358.36,0.0,0.0
828.46,57.48,66.21,60.89,60.62,7060.59,1957.61,2356.27,0.0,0.0
828.52,57.43,66.19,60.87,60.62,7061.84,1958.48,2358.59,0.0,0.0
828.67,57.43,66.2,60.88,60.62,7062.78,1958.05,2357.43,0.0,0.0
828.72,57.48,66.18,60.88,60.62,7060.59,1959.35,2357.43,0.0,0.0
828.87,57.45,66.2,60.87,60.62,7062.47,1957.83,2358.12,0.0,0.0
828.93,57.46,66.19,60.9,60.62,7061.22,1958.7,2356.04,0.0,0.0
829.08,57.45,66.18,60.89,60.63,7062.16,1959.13,2356.27,0.0,0.0
829.14,57.47,66.17,60.88,60.63,7060.9,1959.78,2357.89,0.0,0.0
829.28,57.45,66.17,60.88,60.63,7062.47,1960.0,2357.43,0.0,0.0
829.34,57.47,66.19,60.9,60.63,7060.9,1958.92,2355.57,0.0,0.0
829.48,57.51,66.19,60.9,60.63,7059.34,1958.48,2355.57,0.0,0.0
829.54,57.43,66.19,60.89,60.63,7061.84,1958.48,2356.96,0.0,0.0
829.68,57.51,66.18,60.89,60.64,7059.34,1959.13,2356.27,0.0,0.0
829.74,57.45,66.19,60.92,60.64,7061.53,1958.92,2354.42,0.0,0.0
829.88,57.43,66.17,60.9,60.64,7061.84,1959.78,2355.81,0.0,0.0
829.94,57.45,66.19,60.92,60.64,7061.53,1958.92,2354.42,0.0,0.0
830.05,57.43,66.19,60.9,60.64,7062.78,1958.92,2356.04,0.0,0.0
830.1,57.45,66.18,60.93,60.64,7062.16,1959.35,2353.03,0.0,0.0
830.25,57.42,66.17,60.91,60.64,7063.1,1960.22,2355.34,0.0,0.0
830.31,57.43,66.19,60.93,60.65,7062.78,1958.92,2353.49,0.0,0.0
830.47,57.48,66.19,60.91,60.65,7060.59,1958.7,2355.11,0.0,0.0
830.52,57.47,66.18,60.93,60.65,7060.9,1959.13,2353.26,0.0,0.0
830.62,57.43,66.21,60.91,60.65,7061.84,1957.61,2355.11,0.0,0.0
830.72,57.48,66.2,60.91,60.65,7060.59,1958.27,2355.34,0.0,0.0
830.82,57.48,66.21,60.92,60.65,7060.28,1957.4,2353.72,0.0,0.0
830.92,57.45,66.21,60.93,60.65,7062.47,1957.18,2353.26,0.0,0.0
831.08,57.45,66.19,60.91,60.66,7061.53,1958.92,2354.65,0.0,0.0
831.13,57.45,66.22,60.93,60.66,7061.53,1956.75,2353.26,0.0,0.0
831.27,57.46,66.2,60.95,60.66,7061.22,1957.83,2351.64,0.0,0.0
831.32,57.45,66.21,60.95,60.66,7061.53,1957.4,2351.4,0.0,0.0
831.47,57.45,66.23,60.94,60.66,7062.16,1955.88,2352.79,0.0,0.0
831.52,57.4,66.22,60.92,60.66,7063.72,1956.53,2353.95,0.0,0.0
831.64,57.45,66.21,60.94,60.67,7061.53,1957.18,2352.79,0.0,0.0
831.75,57.45,66.24,60.93,60.67,7062.47,1955.23,2353.26,0.0,0.0
831.81,57.45,66.24,60.98,60.67,7062.16,1955.66,2349.32,0.0,0.0
831.95,57.45,66.22,60.96,60.67,7062.16,1956.75,2350.94,0.0,0.0
832.01,57.45,66.23,60.96,60.67,7062.16,1956.1,2350.94,0.0,0.0
832.15,57.45,66.22,60.96,60.67,7062.16,1956.53,2350.94,0.0,0.0
832.21,57.43,66.24,60.96,60.67,7062.78,1955.66,2350.94,0.0,0.0
832.35,57.43,66.25,60.97,60.68,7062.78,1954.58,2349.78,0.0,0.0
832.45,57.43,66.24,60.98,60.68,7062.78,1955.66,2349.32,0.0,0.0
832.55,57.45,66.24,60.97,60.68,7062.47,1955.23,2350.02,0.0,0.0
832.7,57.45,66.24,60.97,60.68,7062.47,1955.66,2349.55,0.0,0.0
832.74,57.4,66.24,60.98,60.68,7064.35,1955.66,2349.09,0.0,0.0
832.81,57.45,66.24,60.99,60.68,7062.47,1955.66,2348.63,0.0,0.0
832.94,57.4,66.25,60.98,60.68,7064.35,1955.01,2349.09,0.0,0.0
833.04,57.43,66.25,61.0,60.69,7062.78,1954.8,2347.7,0.0,0.0
833.14,57.4,66.24,61.01,60.69,7063.72,1955.66,2346.54,0.0,0.0
833.28,57.4,66.25,60.99,60.69,7063.41,1954.58,2348.39,0.0,0.0
833.33,57.37,66.21,61.0,60.69,7065.91,1957.4,2347.24,0.0,0.0
833.47,57.4,66.27,61.01,60.69,7063.41,1953.49,2346.54,0.0,0.0
833.52,57.4,66.25,61.0,60.69,7064.35,1955.01,2347.7,0.0,0.0
833.67,57.4,66.23,61.01,60.69,7064.35,1956.31,2346.77,0.0,0.0
833.72,57.34,66.26,61.01,60.7,7066.54,1954.15,2346.54,0.0,0.0
833.87,57.31,66.23,61.01,60.7,7067.79,1956.1,2346.77,0.0,0.0
833.92,57.34,66.23,61.0,60.7,7066.54,1955.88,2347.24,0.0,0.0
834.02,57.32,66.23,61.0,60.7,7067.17,1955.88,2347.47,0.0,0.0
834.12,57.31,66.23,61.0,60.7,7067.79,1956.1,2347.7,0.0,0.0
834.27,57.34,66.24,60.99,60.7,7066.85,1955.45,2347.93,0.0,0.0
834.33,57.38,66.23,60.99,60.71,7064.66,1955.88,2348.39,0.0,0.0
834.49,57.31,66.25,61.0,60.71,7067.79,1955.01,2347.7,0.0,0.0
834.54,57.38,66.23,60.98,60.71,7064.98,1956.1,2348.86,0.0,0.0
834.69,57.38,66.24,60.99,60.71,7064.66,1955.23,2348.39,0.0,0.0
834.74,57.4,66.23,60.98,60.71,7064.04,1955.88,2349.09,0.0,0.0
834.91,57.37,66.23,61.0,60.71,7065.91,1955.88,2347.47,0.0,0.0
834.92,57.29,66.2,61.01,60.71,7068.73,1957.83,2346.77,0.0,0.0
835.1,57.36,66.21,60.99,60.72,7065.29,1957.61,2348.16,0.0,0.0
835.16,57.32,66.2,60.99,60.72,7067.17,1957.83,2348.63,0.0,0.0
835.22,57.4,66.19,60.99,60.72,7063.72,1958.48,2348.63,0.0,0.0
835.35,57.29,66.2,60.99,60.72,7068.73,1958.27,2348.16,0.0,0.0
835.42,57.34,66.21,60.99,60.72,7066.85,1957.18,2348.63,0.0,0.0
835.56,57.32,66.21,60.99,60.72,7067.48,1957.4,2348.39,0.0,0.0
835.62,57.34,66.21,60.97,60.72,7066.54,1957.18,2349.55,0.0,0.0
835.75,57.32,66.2,60.98,60.72,7067.17,1958.27,2349.32,0.0,0.0
835.8,57.32,66.19,60.97,60.73,7067.17,1958.48,2349.55,0.0,0.0
835.95,57.37,66.19,60.97,60.73,7065.91,1958.7,2349.78,0.0,0.0
836.0,57.32,66.19,60.98,60.73,7067.17,1958.92,2348.86,0.0,0.0
836.15,57.34,66.18,60.97,60.73,7066.23,1959.35,2349.78,0.0,0.0
836.31,57.34,66.19,60.98,60.73,7066.23,1958.92,2348.86,0.0,0.0
836.36,57.32,66.18,60.95,60.73,7067.17,1959.57,2351.4,0.0,0.0
836.41,57.34,66.17,60.98,60.73,7066.54,1959.78,2348.86,0.0,0.0
836.55,57.37,66.19,60.96,60.73,7065.91,1958.7,2350.71,0.0,0.0
836.61,57.32,66.16,60.97,60.74,7067.17,1960.87,2349.55,0.0,0.0
836.74,57.34,66.17,60.97,60.74,7066.85,1960.44,2349.78,0.0,0.0
836.8,57.32,66.17,60.98,60.74,7067.48,1960.22,2349.09,0.0,0.0
836.95,57.37,66.17,60.99,60.74,7065.91,1960.22,2348.63,0.0,0.0
837.05,57.34,66.16,60.98,60.74,7066.54,1961.09,2349.32,0.0,0.0
837.14,57.37,66.15,60.98,60.74,7065.91,1961.3,2348.86,0.0,0.0
837.22,57.29,66.15,60.99,60.74,7069.05,1961.3,2348.16,0.0,0.0
837.36,57.4,66.17,60.96,60.74,7064.35,1959.78,2350.48,0.0,0.0
837.51,57.31,66.18,60.99,60.74,7067.79,1959.35,2348.39,0.0,0.0
837.52,57.32,66.14,60.98,60.75,7067.17,1961.95,2349.32,0.0,0.0
837.65,57.37,66.17,60.97,60.75,7065.91,1960.44,2350.02,0.0,0.0
837.77,57.29,66.16,60.97,60.75,7068.73,1960.65,2349.78,0.0,0.0
837.82,57.36,66.16,60.97,60.75,7065.29,1960.65,2349.55,0.0,0.0
837.97,57.36,66.17,60.98,60.75,7065.29,1960.0,2349.09,0.0,0.0
838.02,57.34,66.16,60.99,60.75,7066.54,1961.09,2348.39,0.0,0.0
838.17,57.35,66.19,60.99,60.75,7065.6,1958.7,2348.63,0.0,0.0
838.25,57.34,66.16,60.99,60.75,7066.85,1960.65,2348.39,0.0,0.0
838.32,57.4,66.16,60.99,60.75,7064.04,1961.09,2347.93,0.0,0.0
838.48,57.38,66.16,61.01,60.75,7064.66,1960.87,2346.54,0.0,0.0
838.54,57.32,66.14,61.0,60.75,7067.17,1962.39,2347.24,0.0,0.0
838.68,57.4,66.13,61.01,60.76,7064.35,1962.61,2346.77,0.0,0.0
838.74,57.32,66.16,61.01,60.76,7067.48,1961.09,2347.01,0.0,0.0
838.87,57.34,66.16,61.0,60.76,7066.85,1960.65,2347.24,0.0,0.0
838.97,57.38,66.14,61.0,60.76,7064.66,1962.17,2347.47,0.0,0.0
839.06,57.42,66.15,61.0,60.76,7063.1,1961.3,2347.7,0.0,0.0
839.12,57.34,66.14,61.02,60.76,7066.85,1961.95,2345.85,0.0,0.0
839.27,57.4,66.16,61.01,60.76,7064.04,1961.09,2347.01,0.0,0.0
839.33,57.34,66.15,61.0,60.76,7066.23,1961.74,2347.24,0.0,0.0
839.47,57.35,66.16,61.0,60.76,7065.6,1961.09,2347.47,0.0,0.0
839.53,57.38,66.17,61.02,60.76,7064.98,1960.22,2346.08,0.0,0.0
839.68,57.36,66.17,60.99,60.76,7065.29,1960.22,2348.16,0.0,0.0
839.74,57.35,66.17,61.02,60.77,7065.6,1960.22,2346.08,0.0,0.0
839.88,57.35,66.16,61.01,60.77,7065.6,1960.87,2346.77,0.0,0.0
839.94,57.42,66.13,61.01,60.77,7063.1,1962.82,2346.31,0.0,0.0
840.07,57.34,66.14,61.01,60.77,7066.23,1961.95,2346.54,0.0,0.0
840.14,57.43,66.15,61.02,60.77,7062.78,1961.52,2346.08,0.0,0.0
840.28,57.35,66.14,61.02,60.77,7065.6,1962.17,2345.85,0.0,0.0
840.34,57.4,66.14,61.01,60.77,7064.04,1962.39,2346.77,0.0,0.0
840.48,57.35,66.13,61.03,60.77,7065.6,1963.04,2345.16,0.0,0.0
840.54,57.4,66.14,61.02,60.77,7064.35,1962.39,2345.62,0.0,0.0
840.68,57.38,66.15,61.02,60.77,7064.98,1961.3,2345.85,0.0,0.0
840.74,57.42,66.12,61.02,60.77,7063.1,1963.47,2345.85,0.0,0.0
840.88,57.38,66.12,61.03,60.77,7064.98,1963.69,2344.92,0.0,0.0
840.94,57.38,66.13,61.02,60.77,7064.66,1962.82,2345.62,0.0,0.0
841.08,57.4,66.12,61.03,60.78,7063.41,1963.69,2344.69,0.0,0.0
841.14,57.34,66.11,61.04,60.78,7066.85,1963.91,2344.23,0.0,0.0
841.29,57.38,66.12,61.04,60.78,7064.66,1963.26,2344.23,0.0,0.0
841.35,57.37,66.1,61.02,60.78,7065.91,1964.78,2345.39,0.0,0.0
841.48,57.4,66.11,61.05,60.78,7064.04,1964.34,2343.54,0.0,0.0
841.54,57.37,66.09,61.02,60.78,7065.91,1965.43,2345.39,0.0,0.0
841.66,57.35,66.1,61.03,60.78,7065.6,1964.78,2344.92,0.0,0.0
841.72,57.37,66.08,61.04,60.78,7065.91,1966.3,2344.23,0.0,0.0
841.86,57.4,66.11,61.04,60.78,7064.35,1964.13,2344.46,0.0,0.0
841.92,57.34,66.07,61.05,60.78,7066.85,1966.73,2343.54,0.0,0.0
842.07,57.37,66.09,61.05,60.78,7065.91,1965.43,2343.07,0.0,0.0
842.12,57.4,66.09,61.04,60.78,7064.04,1965.21,2344.23,0.0,0.0
842.25,57.4,66.1,61.04,60.78,7064.04,1964.99,2344.46,0.0,0.0
842.33,57.34,66.1,61.05,60.78,7066.85,1964.56,2343.54,0.0,0.0
842.45,57.4,66.12,61.05,60.78,7064.35,1963.26,2343.07,0.0,0.0
842.54,57.4,66.11,61.04,60.79,7064.04,1964.13,2343.77,0.0,0.0
842.63,57.32,66.13,61.05,60.79,7067.48,1962.82,2343.07,0.0,0.0
842.78,57.36,66.1,61.04,60.79,7065.29,1964.78,2344.0,0.0,0.0
842.83,57.35,66.14,61.02,60.79,7065.6,1962.17,2345.39,0.0,0.0
842.98,57.32,66.12,61.04,60.79,7067.17,1963.26,2344.0,0.0,0.0
843.03,57.36,66.15,61.05,60.79,7065.29,1961.52,2343.54,0.0,0.0
843.17,57.37,66.14,61.04,60.79,7065.91,1962.39,2344.46,0.0,0.0
843.21,57.4,66.14,61.06,60.79,7064.04,1962.17,2342.61,0.0,0.0
843.38,57.4,66.16,61.04,60.79,7064.35,1960.87,2343.77,0.0,0.0
843.44,57.4,66.13,61.03,60.79,7063.41,1962.82,2344.92,0.0,0.0
843.58,57.38,66.15,61.04,60.79,7064.98,1961.52,2344.23,0.0,0.0
843.64,57.38,66.15,61.05,60.79,7064.98,1961.52,2343.07,0.0,0.0
843.78,57.45,66.17,61.05,60.79,7062.47,1960.22,2343.54,0.0,0.0
843.84,57.43,66.16,61.05,60.79,7062.78,1961.09,2343.54,0.0,0.0
843.98,57.4,66.17,61.04,60.79,7064.35,1960.22,2344.23,0.0,0.0
844.03,57.35,66.17,61.04,60.79,7065.6,1959.78,2344.0,0.0,0.0
844.16,57.4,66.17,61.04,60.79,7064.04,1960.44,2344.23,0.0,0.0
844.22,57.38,66.16,61.04,60.79,7064.66,1960.87,2344.46,0.0,0.0
844.37,57.45,66.18,61.06,60.8,7062.47,1959.35,2342.61,0.0,0.0
844.47,57.42,66.18,61.05,60.8,7063.1,1959.35,2343.54,0.0,0.0
844.57,57.42,66.19,61.06,60.8,7063.1,1958.48,2342.38,0.0,0.0
844.62,57.4,66.19,61.05,60.8,7063.41,1958.7,2343.3,0.0,0.0
844.75,57.43,66.18,61.06,60.8,7062.78,1959.13,2342.38,0.0,0.0
844.81,57.43,66.21,61.06,60.8,7062.78,1957.61,2342.84,0.0,0.0
844.95,57.43,66.21,61.05,60.8,7061.84,1957.61,2343.54,0.0,0.0
845.04,57.42,66.19,61.05,60.8,7063.1,1958.7,2343.54,0.0,0.0
845.13,57.4,66.21,61.06,60.8,7063.41,1957.18,2342.61,0.0,0.0
845.25,57.42,66.21,61.05,60.8,7063.1,1957.4,2343.54,0.0,0.0
845.37,57.4,66.21,61.05,60.8,7063.41,1957.18,2343.07,0.0,0.0
845.47,57.45,66.18,61.04,60.8,7062.16,1959.13,2344.23,0.0,0.0
845.51,57.43,66.2,61.04,60.8,7061.84,1957.83,2343.77,0.0,0.0
845.65,57.42,66.21,61.05,60.8,7063.1,1957.18,2343.54,0.0,0.0
845.79,57.43,66.22,61.04,60.81,7062.78,1956.96,2344.0,0.0,0.0
845.86,57.4,66.19,61.05,60.81,7063.41,1958.48,2343.3,0.0,0.0
845.92,57.47,66.21,61.06,60.81,7060.9,1957.18,2342.38,0.0,0.0
846.06,57.43,66.22,61.05,60.81,7061.84,1956.53,2343.07,0.0,0.0
846.11,57.43,66.25,61.06,60.81,7061.84,1954.58,2342.61,0.0,0.0
846.24,57.43,66.24,61.06,60.81,7061.84,1955.23,2342.84,0.0,0.0
846.38,57.43,66.25,61.06,60.81,7062.78,1954.58,2342.15,0.0,0.0
846.43,57.43,66.22,61.05,60.81,7061.84,1956.53,2343.3,0.0,0.0
846.56,57.4,66.26,61.04,60.81,7063.72,1954.36,2344.0,0.0,0.0
846.65,57.4,66.25,61.05,60.81,7063.41,1954.8,2343.07,0.0,0.0
846.79,57.45,66.25,61.06,60.81,7062.47,1955.01,2342.61,0.0,0.0
846.84,57.48,66.25,61.05,60.81,7060.59,1954.58,2343.07,0.0,0.0
846.98,57.43,66.25,61.07,60.82,7062.78,1955.01,2341.45,0.0,0.0
847.04,57.47,66.25,61.06,60.82,7060.9,1954.8,2342.38,0.0,0.0
847.16,57.46,66.28,61.06,60.82,7061.22,1952.63,2342.84,0.0,0.0
847.26,57.47,66.27,61.07,60.82,7060.9,1953.49,2341.69,0.0,0.0
847.35,57.46,66.28,61.06,60.82,7061.22,1952.84,2342.38,0.0,0.0
847.42,57.42,66.28,61.06,60.82,7063.1,1952.84,2342.38,0.0,0.0
847.55,57.42,66.31,61.07,60.82,7063.1,1950.89,2341.45,0.0,0.0
847.63,57.48,66.28,61.07,60.82,7060.59,1952.41,2341.45,0.0,0.0
847.75,57.45,66.28,61.07,60.82,7062.16,1952.63,2341.22,0.0,0.0
847.89,57.48,66.31,61.07,60.82,7060.59,1950.68,2341.69,0.0,0.0
847.94,57.42,66.31,61.05,60.82,7063.1,1950.68,2343.07,0.0,0.0
848.04,57.43,66.33,61.07,60.83,7062.78,1949.59,2341.92,0.0,0.0
848.14,57.43,66.31,61.06,60.83,7062.78,1950.46,2342.15,0.0,0.0
848.28,57.45,66.34,61.06,60.83,7062.47,1948.51,2342.38,0.0,0.0
848.33,57.45,66.34,61.06,60.83,7062.47,1948.73,2342.15,0.0,0.0
848.47,57.45,66.34,61.05,60.83,7062.47,1948.94,2343.07,0.0,0.0
848.52,57.45,66.33,61.06,60.83,7062.16,1949.59,2342.15,0.0,0.0
848.7,57.49,66.33,61.05,60.83,7059.65,1949.59,2343.54,0.0,0.0
848.76,57.51,66.35,61.07,60.83,7059.34,1947.86,2341.22,0.0,0.0
848.89,57.45,66.36,61.07,60.83,7062.16,1947.64,2341.45,0.0,0.0
848.95,57.47,66.38,61.06,60.84,7060.9,1946.35,2342.38,0.0,0.0
849.1,57.43,66.35,61.06,60.84,7061.84,1947.86,2342.84,0.0,0.0
849.16,57.43,66.35,61.06,60.84,7061.84,1948.08,2342.15,0.0,0.0
849.29,57.45,66.36,61.07,60.84,7062.16,1947.43,2341.69,0.0,0.0
849.35,57.45,66.37,61.07,60.84,7061.53,1946.56,2341.92,0.0,0.0
849.5,57.48,66.36,61.06,60.84,7060.28,1947.21,2342.15,0.0,0.0
849.56,57.49,66.38,61.05,60.84,7059.65,1946.35,2343.54,0.0,0.0
849.66,57.45,66.36,61.07,60.84,7062.16,1947.43,2341.92,0.0,0.0
849.76,57.49,66.38,61.06,60.85,7059.96,1946.13,2342.61,0.0,0.0
849.9,57.47,66.38,61.05,60.85,7060.9,1946.35,2343.3,0.0,0.0
849.96,57.47,66.38,61.06,60.85,7060.9,1945.91,2342.38,0.0,0.0
850.08,57.43,66.38,61.06,60.85,7061.84,1946.13,2342.38,0.0,0.0
850.16,57.49,66.4,61.06,60.85,7059.65,1944.61,2342.15,0.0,0.0
850.3,57.47,66.4,61.06,60.85,7060.9,1944.83,2342.84,0.0,0.0
850.36,57.48,66.4,61.07,60.85,7060.59,1944.83,2341.22,0.0,0.0
850.45,57.48,66.37,61.07,60.85,7060.28,1946.56,2341.45,0.0,0.0
850.54,57.49,66.4,61.08,60.86,7059.65,1945.05,2340.99,0.0,0.0
850.66,57.48,66.4,61.09,60.86,7060.59,1944.83,2340.07,0.0,0.0
850.72,57.45,66.4,61.08,60.86,7061.53,1944.61,2340.76,0.0,0.0
850.85,57.48,66.4,61.09,60.86,7060.59,1944.83,2339.84,0.0,0.0
850.95,57.47,66.39,61.09,60.86,7060.9,1945.48,2340.3,0.0,0.0
851.04,57.49,66.41,61.08,60.86,7059.65,1943.96,2340.53,0.0,0.0
851.19,57.51,66.42,61.08,60.86,7059.34,1943.32,2340.76,0.0,0.0
851.24,57.47,66.43,61.1,60.86,7060.9,1942.67,2339.37,0.0,0.0
851.35,57.46,66.42,61.07,60.87,7061.22,1943.1,2341.45,0.0,0.0
851.47,57.45,66.4,61.07,60.87,7061.53,1944.61,2341.45,0.0,0.0
851.57,57.46,66.4,61.07,60.87,7061.22,1944.61,2341.45,0.0,0.0
851.66,57.45,66.43,61.05,60.87,7062.47,1942.67,2343.3,0.0,0.0
851.77,57.48,66.4,61.07,60.87,7060.59,1945.05,2341.69,0.0,0.0
851.84,57.51,66.41,61.08,60.87,7059.34,1943.96,2340.99,0.0,0.0
851.97,57.43,66.42,61.05,60.87,7061.84,1943.32,2343.54,0.0,0.0
852.03,57.47,66.4,61.06,60.88,7060.9,1944.61,2342.61,0.0,0.0
852.16,57.42,66.4,61.05,60.88,7063.1,1944.83,2343.07,0.0,0.0
852.31,57.45,66.38,61.05,60.88,7061.53,1946.13,2343.3,0.0,0.0
852.36,57.49,66.38,61.05,60.88,7059.65,1945.91,2343.07,0.0,0.0
852.43,57.45,66.39,61.04,60.88,7062.47,1945.7,2344.46,0.0,0.0
852.59,57.43,66.39,61.04,60.88,7062.78,1945.48,2344.23,0.0,0.0
852.66,57.45,66.36,61.02,60.88,7062.16,1947.21,2345.39,0.0,0.0
852.78,57.43,66.36,61.01,60.88,7061.84,1947.64,2346.31,0.0,0.0
852.83,57.45,66.37,61.04,60.89,7061.53,1946.78,2344.0,0.0,0.0
853.02,57.48,66.34,61.02,60.89,7060.59,1948.51,2346.08,0.0,0.0
853.08,57.42,66.34,61.02,60.89,7063.1,1948.51,2345.85,0.0,0.0
853.15,57.45,66.32,61.0,60.89,7061.53,1950.03,2347.7,0.0,0.0
853.31,57.4,66.35,61.0,60.89,7064.04,1948.29,2347.24,0.0,0.0
853.38,57.4,66.33,60.99,60.89,7063.72,1949.59,2348.39,0.0,0.0
853.48,57.4,66.3,60.97,60.89,7063.41,1951.33,2350.25,0.0,0.0
853.53,57.4,66.31,60.97,60.89,7064.04,1950.68,2350.02,0.0,0.0
853.64,57.36,66.29,60.96,60.9,7065.29,1951.76,2350.71,0.0,0.0
853.73,57.4,66.25,60.95,60.9,7064.04,1954.8,2351.64,0.0,0.0
853.87,57.38,66.26,60.92,60.9,7064.98,1954.36,2353.95,0.0,0.0
853.97,57.31,66.27,60.92,60.9,7067.79,1953.49,2354.18,0.0,0.0
854.06,57.31,66.24,60.92,60.9,7068.11,1955.66,2353.95,0.0,0.0
854.16,57.32,66.25,60.91,60.9,7067.17,1954.8,2355.34,0.0,0.0
854.26,57.34,66.23,60.92,60.9,7066.23,1956.1,2354.18,0.0,0.0
854.33,57.31,66.22,60.9,60.9,7068.11,1956.75,2355.57,0.0,0.0
854.47,57.37,66.22,60.89,60.9,7065.91,1956.75,2356.73,0.0,0.0
854.53,57.37,66.21,60.91,60.9,7065.91,1957.61,2354.88,0.0,0.0
854.66,57.31,66.2,60.87,60.9,7068.11,1958.27,2358.12,0.0,0.0
854.74,57.34,66.19,60.88,60.91,7066.85,1958.48,2357.2,0.0,0.0
854.85,57.29,66.17,60.89,60.91,7069.05,1959.78,2356.96,0.0,0.0
854.99,57.3,66.15,60.88,60.91,7068.42,1961.52,2357.89,0.0,0.0
855.04,57.31,66.16,60.87,60.91,7068.11,1960.87,2358.12,0.0,0.0
855.15,57.25,66.17,60.86,60.91,7070.3,1960.44,2359.28,0.0,0.0
855.23,57.3,66.14,60.86,60.91,7068.42,1962.17,2358.82,0.0,0.0
855.37,57.29,66.13,60.87,60.91,7069.36,1962.82,2358.12,0.0,0.0
855.46,57.26,66.15,60.85,60.91,7069.99,1961.3,2360.21,0.0,0.0
855.59,57.25,66.15,60.85,60.91,7070.3,1961.3,2359.75,0.0,0.0
855.65,57.23,66.14,60.85,60.91,7070.93,1962.39,2359.75,0.0,0.0
855.76,57.29,66.12,60.84,60.91,7069.05,1963.69,2360.44,0.0,0.0
855.83,57.25,66.13,60.84,60.91,7070.3,1962.61,2360.91,0.0,0.0
855.96,57.26,66.1,60.85,60.91,7069.67,1964.56,2360.21,0.0,0.0
856.09,57.23,66.11,60.83,60.91,7070.93,1964.13,2362.07,0.0,0.0
856.14,57.31,66.1,60.86,60.91,7068.11,1964.78,2359.28,0.0,0.0
856.3,57.22,66.09,60.84,60.91,7072.18,1965.43,2361.14,0.0,0.0
856.35,57.22,66.1,60.85,60.91,7072.18,1964.56,2359.98,0.0,0.0
856.5,57.25,66.07,60.83,60.91,7070.61,1966.73,2361.6,0.0,0.0
856.6,57.25,66.07,60.83,60.91,7070.3,1966.73,2361.37,0.0,0.0
856.66,57.25,66.07,60.83,60.91,7071.24,1966.95,2362.07,0.0,0.0
856.76,57.25,66.07,60.83,60.91,7071.24,1966.52,2361.6,0.0,0.0
856.87,57.22,66.08,60.81,60.91,7072.18,1966.08,2363.23,0.0,0.0
856.97,57.25,66.07,60.83,60.91,7071.24,1966.73,2361.6,0.0,0.0
857.1,57.26,66.06,60.84,60.91,7069.67,1967.6,2361.14,0.0,0.0
857.17,57.23,66.07,60.82,60.91,7070.93,1966.52,2362.3,0.0,0.0
857.3,57.26,66.1,60.82,60.91,7069.99,1964.56,2362.53,0.0,0.0
857.36,57.23,66.08,60.82,60.91,7070.93,1965.86,2362.76,0.0,0.0
857.5,57.31,66.06,60.83,60.91,7067.79,1967.38,2361.83,0.0,0.0
857.55,57.23,66.08,60.82,60.91,7071.55,1966.08,2362.53,0.0,0.0
857.68,57.22,66.06,60.82,60.91,7071.87,1967.38,2362.53,0.0,0.0
857.75,57.25,66.04,60.82,60.91,7070.61,1968.91,2362.76,0.0,0.0
857.88,57.25,66.06,60.82,60.91,7070.3,1967.38,2362.76,0.0,0.0
857.94,57.23,66.06,60.82,60.91,7071.55,1967.82,2362.3,0.0,0.0
858.06,57.25,66.05,60.82,60.91,7070.3,1968.47,2362.76,0.0,0.0
858.13,57.2,66.06,60.82,60.91,7072.49,1967.82,2362.76,0.0,0.0
858.26,57.26,66.04,60.82,60.91,7069.67,1969.12,2362.53,0.0,0.0
858.32,57.25,66.04,60.81,60.91,7070.61,1968.91,2363.23,0.0,0.0
858.46,57.26,66.03,60.81,60.91,7069.67,1969.34,2363.69,0.0,0.0
858.56,57.23,66.03,60.82,60.91,7070.93,1969.77,2362.3,0.0,0.0
858.66,57.29,66.04,60.82,60.91,7069.05,1969.12,2362.76,0.0,0.0
858.82,57.25,66.02,60.83,60.91,7070.3,1969.99,2362.07,0.0,0.0
858.83,57.23,66.02,60.81,60.91,7071.55,1969.99,2363.23,0.0,0.0
858.97,57.22,66.03,60.83,60.91,7072.18,1969.34,2362.07,0.0,0.0
859.06,57.25,66.03,60.83,60.91,7071.24,1969.77,2361.83,0.0,0.0
859.15,57.18,66.02,60.82,60.91,7073.75,1969.99,2362.76,0.0,0.0
859.23,57.25,66.03,60.81,60.91,7071.24,1969.77,2362.99,0.0,0.0
859.36,57.26,66.03,60.83,60.91,7069.67,1969.77,2361.37,0.0,0.0
859.42,57.18,66.03,60.84,60.91,7073.75,1969.77,2360.67,0.0,0.0
859.56,57.19,66.03,60.85,60.91,7072.81,1969.77,2360.21,0.0,0.0
859.7,57.16,66.02,60.85,60.91,7074.37,1970.43,2360.21,0.0,0.0
859.75,57.16,66.04,60.83,60.91,7074.06,1969.12,2361.37,0.0,0.0
859.83,57.19,66.02,60.82,60.91,7072.81,1970.43,2362.53,0.0,0.0
859.98,57.22,66.0,60.82,60.91,7071.87,1971.3,2362.3,0.0,0.0
860.07,57.2,66.02,60.82,60.91,7072.49,1970.43,2362.76,0.0,0.0
860.17,57.15,66.0,60.83,60.91,7075.31,1971.73,2361.6,0.0,0.0
860.31,57.25,66.02,60.83,60.91,7070.61,1970.43,2361.83,0.0,0.0
860.36,57.19,66.0,60.83,60.91,7073.12,1971.3,2361.6,0.0,0.0
860.49,57.2,66.0,60.82,60.9,7072.49,1971.73,2362.53,0.0,0.0
860.56,57.19,65.99,60.81,60.9,7072.81,1972.38,2363.69,0.0,0.0
860.69,57.16,65.99,60.82,60.9,7074.06,1971.95,2362.76,0.0,0.0
860.75,57.19,65.99,60.81,60.9,7073.43,1971.95,2362.99,0.0,0.0
860.88,57.16,66.0,60.8,60.9,7074.37,1971.3,2364.62,0.0,0.0
860.94,57.16,66.01,60.81,60.9,7074.37,1970.86,2362.99,0.0,0.0
861.05,57.16,65.99,60.82,60.9,7074.06,1971.95,2362.76,0.0,0.0
861.21,57.16,65.98,60.81,60.9,7074.37,1972.6,2363.46,0.0,0.0
861.26,57.19,66.0,60.81,60.9,7073.12,1971.73,2363.46,0.0,0.0
861.4,57.16,66.0,60.79,60.9,7074.06,1971.51,2365.31,0.0,0.0
861.45,57.15,66.0,60.8,60.9,7074.69,1971.73,2364.39,0.0,0.0
861.59,57.16,65.97,60.81,60.9,7074.06,1973.25,2363.46,0.0,0.0
861.69,57.19,65.99,60.81,60.9,7073.43,1971.95,2363.69,0.0,0.0
861.78,57.19,65.99,60.8,60.9,7073.12,1972.38,2364.15,0.0,0.0
861.83,57.22,66.0,60.8,60.9,7072.18,1971.3,2364.15,0.0,0.0
862.01,57.23,66.0,60.81,60.9,7071.55,1971.3,2362.99,0.0,0.0
862.03,57.2,65.99,60.8,60.9,7072.49,1972.38,2364.15,0.0,0.0
862.16,57.22,66.0,60.82,60.9,7071.87,1971.3,2362.76,0.0,0.0
862.26,57.19,66.0,60.8,60.9,7073.12,1971.73,2363.92,0.0,0.0
862.39,57.19,66.0,60.81,60.9,7073.12,1971.3,2363.69,0.0,0.0
862.45,57.19,66.0,60.81,60.9,7073.12,1971.3,2362.99,0.0,0.0
862.54,57.19,65.97,60.8,60.9,7073.43,1973.47,2363.92,0.0,0.0
862.65,57.22,66.01,60.82,60.9,7072.18,1970.86,2362.76,0.0,0.0
862.75,57.19,65.99,60.82,60.9,7072.81,1972.38,2362.76,0.0,0.0
862.89,57.19,65.99,60.81,60.9,7072.81,1972.38,2363.23,0.0,0.0
862.99,57.15,66.0,60.81,60.9,7074.69,1971.3,2362.99,0.0,0.0
863.08,57.16,65.99,60.81,60.9,7074.06,1972.17,2362.99,0.0,0.0
863.17,57.25,66.01,60.82,60.89,7071.24,1970.64,2362.76,0.0,0.0
863.3,57.15,66.0,60.82,60.89,7075.31,1971.73,2362.53,0.0,0.0
863.36,57.2,66.01,60.83,60.89,7072.49,1971.08,2361.83,0.0,0.0
863.48,57.2,66.01,60.8,60.89,7072.49,1970.86,2364.15,0.0,0.0
863.54,57.22,66.01,60.81,60.89,7071.87,1970.64,2362.99,0.0,0.0
863.66,57.18,66.01,60.81,60.89,7073.75,1970.64,2362.99,0.0,0.0
863.8,57.23,66.03,60.84,60.89,7071.55,1969.77,2361.14,0.0,0.0
863.84,57.19,66.01,60.83,60.89,7072.81,1970.64,2361.83,0.0,0.0
863.98,57.23,66.03,60.82,60.89,7071.55,1969.77,2362.3,0.0,0.0
864.04,57.25,66.04,60.83,60.89,7070.3,1968.69,2361.37,0.0,0.0
864.19,57.2,66.04,60.83,60.89,7072.49,1968.91,2362.07,0.0,0.0
864.25,57.23,66.04,60.85,60.89,7071.55,1968.69,2359.98,0.0,0.0
864.38,57.25,66.03,60.83,60.89,7071.24,1969.34,2361.6,0.0,0.0
864.45,57.25,66.02,60.82,60.89,7071.24,1969.99,2362.3,0.0,0.0
864.59,57.25,66.03,60.85,60.89,7070.3,1969.34,2359.75,0.0,0.0
864.64,57.25,66.01,60.85,60.89,7070.61,1970.64,2359.98,0.0,0.0
864.77,57.19,66.04,60.85,60.89,7072.81,1968.69,2359.98,0.0,0.0
864.86,57.2,66.03,60.84,60.89,7072.49,1969.56,2361.14,0.0,0.0
864.95,57.23,66.04,60.84,60.89,7070.93,1968.69,2360.44,0.0,0.0
865.08,57.19,66.03,60.84,60.89,7072.81,1969.77,2360.44,0.0,0.0
865.13,57.23,66.01,60.84,60.89,7071.55,1970.64,2360.44,0.0,0.0
865.32,57.22,66.02,60.85,60.89,7072.18,1970.43,2360.21,0.0,0.0
865.33,57.19,66.01,60.84,60.89,7073.43,1970.86,2360.44,0.0,0.0
865.48,57.25,66.01,60.84,60.89,7070.3,1970.86,2360.91,0.0,0.0
865.58,57.26,66.02,60.86,60.89,7069.99,1970.43,2359.28,0.0,0.0
865.71,57.26,66.0,60.86,60.89,7069.99,1971.3,2359.05,0.0,0.0
865.76,57.19,66.02,60.87,60.89,7072.81,1970.43,2358.59,0.0,0.0
865.89,57.18,66.03,60.85,60.89,7073.75,1969.56,2359.98,0.0,0.0
865.95,57.23,66.01,60.86,60.89,7071.55,1971.08,2358.82,0.0,0.0
866.07,57.25,66.0,60.88,60.89,7070.3,1971.51,2357.89,0.0,0.0
866.14,57.25,66.01,60.86,60.89,7070.3,1970.86,2359.51,0.0,0.0
866.27,57.25,66.01,60.87,60.89,7070.3,1970.64,2358.59,0.0,0.0
866.41,57.25,65.99,60.86,60.89,7070.3,1971.95,2359.05,0.0,0.0
866.45,57.2,66.0,60.87,60.89,7072.49,1971.51,2358.12,0.0,0.0
866.57,57.25,66.0,60.87,60.89,7071.24,1971.3,2358.36,0.0,0.0
866.66,57.22,66.0,60.87,60.88,7071.87,1971.73,2358.59,0.0,0.0
866.77,57.25,66.02,60.89,60.88,7071.24,1970.43,2356.96,0.0,0.0
866.92,57.19,65.99,60.87,60.88,7073.43,1971.95,2358.59,0.0,0.0
866.96,57.18,66.0,60.87,60.88,7073.75,1971.3,2358.12,0.0,0.0
867.11,57.18,65.99,60.87,60.88,7073.75,1971.95,2358.12,0.0,0.0
867.14,57.19,66.0,60.88,60.88,7072.81,1971.3,2357.66,0.0,0.0
867.28,57.25,66.0,60.87,60.88,7071.24,1971.73,2358.12,0.0,0.0
867.38,57.22,65.99,60.88,60.88,7071.87,1972.38,2357.66,0.0,0.0
867.48,57.16,66.01,60.87,60.88,7074.06,1971.08,2358.36,0.0,0.0
867.58,57.22,65.98,60.87,60.88,7071.87,1972.6,2358.12,0.0,0.0
867.67,57.19,66.0,60.88,60.88,7073.12,1971.73,2357.66,0.0,0.0
867.77,57.25,65.99,60.89,60.88,7071.24,1971.95,2356.96,0.0,0.0
867.9,57.2,66.0,60.88,60.88,7072.49,1971.51,2357.2,0.0,0.0
867.96,57.19,65.99,60.89,60.88,7072.81,1971.95,2356.27,0.0,0.0
868.05,57.19,65.98,60.89,60.88,7073.43,1973.04,2356.96,0.0,0.0
868.15,57.19,66.0,60.89,60.88,7073.12,1971.3,2356.96,0.0,0.0
868.29,57.29,65.98,60.89,60.88,7069.36,1972.6,2356.96,0.0,0.0
868.39,57.25,65.99,60.9,60.88,7070.61,1972.17,2356.04,0.0,0.0
868.48,57.2,66.0,60.89,60.88,7072.49,1971.3,2356.27,0.0,0.0
868.54,57.22,66.01,60.9,60.88,7071.87,1971.08,2355.81,0.0,0.0
868.67,57.22,66.02,60.89,60.88,7071.87,1970.21,2356.27,0.0,0.0
868.79,57.22,66.0,60.88,60.88,7072.18,1971.3,2357.43,0.0,0.0
868.9,57.22,66.0,60.9,60.88,7072.18,1971.51,2355.57,0.0,0.0
869.04,57.19,66.0,60.92,60.88,7073.12,1971.3,2354.18,0.0,0.0
869.17,57.23,66.01,60.92,60.88,7071.55,1970.86,2354.42,0.0,0.0
869.24,57.22,66.03,60.91,60.88,7071.87,1969.77,2354.88,0.0,0.0
869.3,57.26,66.01,60.91,60.88,7069.99,1970.64,2354.88,0.0,0.0
869.39,57.25,66.03,60.92,60.88,7070.3,1969.77,2354.18,0.0,0.0
869.52,57.25,66.01,60.93,60.88,7070.3,1970.64,2353.03,0.0,0.0
869.63,57.19,66.01,60.91,60.88,7073.43,1971.08,2355.11,0.0,0.0
869.64,57.26,66.04,60.91,60.88,7069.67,1968.91,2355.11,0.0,0.0
869.8,57.25,66.05,60.9,60.88,7070.3,1968.47,2356.04,0.0,0.0
869.84,57.25,66.04,60.91,60.88,7071.24,1968.91,2355.34,0.0,0.0
870.01,57.25,66.02,60.92,60.88,7070.61,1970.21,2354.42,0.0,0.0
870.05,57.26,66.03,60.91,60.88,7069.67,1969.34,2354.65,0.0,0.0
870.19,57.31,66.05,60.93,60.87,7067.79,1968.04,2353.49,0.0,0.0
870.29,57.22,66.04,60.89,60.87,7072.18,1969.12,2356.5,0.0,0.0
870.38,57.29,66.02,60.91,60.87,7069.36,1970.21,2355.11,0.0,0.0
870.49,57.34,66.03,60.9,60.87,7066.85,1969.34,2355.81,0.0,0.0
870.53,57.25,66.05,60.89,60.87,7070.3,1968.47,2356.27,0.0,0.0
870.68,57.25,66.03,60.89,60.87,7070.3,1969.56,2356.5,0.0,0.0
870.78,57.25,66.04,60.9,60.87,7070.3,1968.69,2355.81,0.0,0.0
870.88,57.29,66.05,60.89,60.87,7069.36,1968.47,2356.5,0.0,0.0
871.01,57.32,66.03,60.89,60.87,7067.48,1969.34,2356.73,0.0,0.0
871.06,57.26,66.04,60.9,60.87,7069.99,1968.91,2356.04,0.0,0.0
871.19,57.31,66.06,60.89,60.87,7068.11,1967.82,2356.27,0.0,0.0
871.29,57.26,66.04,60.89,60.87,7069.67,1969.12,2356.5,0.0,0.0
871.39,57.26,66.05,60.89,60.87,7069.67,1968.04,2356.27,0.0,0.0
871.49,57.31,66.04,60.87,60.87,7067.79,1968.69,2358.59,0.0,0.0
871.57,57.32,66.03,60.88,60.87,7067.17,1969.56,2357.66,0.0,0.0
871.64,57.31,66.04,60.91,60.87,7067.79,1969.12,2355.34,0.0,0.0
871.77,57.31,66.04,60.88,60.87,7067.79,1968.91,2357.43,0.0,0.0
871.84,57.29,66.06,60.89,60.87,7069.05,1967.82,2356.5,0.0,0.0
871.97,57.29,66.04,60.88,60.87,7068.73,1968.91,2357.2,0.0,0.0
872.1,57.32,66.05,60.89,60.87,7067.48,1968.25,2356.96,0.0,0.0
872.14,57.31,66.07,60.88,60.87,7067.79,1966.73,2357.89,0.0,0.0
872.28,57.29,66.05,60.87,60.87,7068.73,1968.04,2358.59,0.0,0.0
872.38,57.31,66.06,60.85,60.87,7068.11,1967.38,2359.75,0.0,0.0
872.52,57.34,66.06,60.88,60.87,7066.85,1967.6,2357.89,0.0,0.0
872.59,57.3,66.07,60.84,60.87,7068.42,1966.73,2360.67,0.0,0.0
872.69,57.26,66.06,60.86,60.87,7069.67,1967.17,2359.51,0.0,0.0
872.8,57.31,66.07,60.84,60.87,7067.79,1966.95,2360.67,0.0,0.0
872.91,57.29,66.07,60.84,60.87,7068.73,1966.95,2361.14,0.0,0.0
872.97,57.29,66.07,60.84,60.87,7069.05,1966.95,2360.67,0.0,0.0
873.08,57.36,66.08,60.84,60.87,7065.29,1966.08,2360.67,0.0,0.0
873.18,57.36,66.08,60.85,60.87,7065.29,1966.08,2360.21,0.0,0.0
873.24,57.34,66.07,60.85,60.87,7066.54,1966.52,2360.21,0.0,0.0
873.42,57.31,66.09,60.83,60.87,7067.79,1965.43,2361.37,0.0,0.0
873.48,57.34,66.09,60.84,60.87,7066.54,1965.43,2360.91,0.0,0.0
873.61,57.31,66.08,60.82,60.87,7068.11,1966.3,2362.53,0.0,0.0
873.67,57.32,66.11,60.84,60.87,7067.17,1964.13,2360.44,0.0,0.0
873.75,57.3,66.11,60.84,60.87,7068.42,1964.34,2360.67,0.0,0.0
873.85,57.31,66.12,60.85,60.87,7067.79,1963.26,2360.21,0.0,0.0
874.04,57.31,66.11,60.85,60.87,7067.79,1964.13,2360.21,0.0,0.0
874.1,57.31,66.1,60.84,60.87,7068.11,1964.99,2360.67,0.0,0.0
874.16,57.31,66.15,60.84,60.87,7067.79,1961.52,2360.44,0.0,0.0
874.32,57.31,66.13,60.84,60.87,7068.11,1962.82,2360.91,0.0,0.0
874.35,57.32,66.15,60.85,60.87,7067.48,1961.74,2359.98,0.0,0.0
874.51,57.34,66.14,60.84,60.87,7066.85,1962.39,2360.67,0.0,0.0
874.63,57.31,66.13,60.85,60.87,7067.79,1962.82,2359.98,0.0,0.0
874.69,57.31,66.13,60.85,60.87,7068.11,1962.82,2359.98,0.0,0.0
874.81,57.34,66.13,60.87,60.87,7066.85,1962.82,2358.59,0.0,0.0
874.87,57.32,66.14,60.84,60.87,7067.48,1961.95,2360.67,0.0,0.0
874.99,57.32,66.14,60.85,60.87,7067.48,1961.95,2359.98,0.0,0.0
875.08,57.32,66.17,60.86,60.87,7067.48,1960.44,2359.28,0.0,0.0
875.22,57.29,66.18,60.85,60.87,7069.05,1959.35,2359.75,0.0,0.0
875.28,57.32,66.17,60.85,60.87,7067.48,1960.0,2359.98,0.0,0.0
875.34,57.38,66.16,60.86,60.87,7064.98,1960.87,2358.82,0.0,0.0
875.51,57.32,66.17,60.88,60.87,7067.17,1960.0,2357.2,0.0,0.0
875.57,57.37,66.16,60.87,60.87,7065.91,1960.87,2358.59,0.0,0.0
875.68,57.31,66.17,60.85,60.87,7067.79,1960.22,2359.75,0.0,0.0
875.77,57.37,66.17,60.86,60.87,7065.91,1960.0,2359.05,0.0,0.0
875.88,57.32,66.16,60.88,60.87,7067.17,1961.09,2357.43,0.0,0.0
875.97,57.3,66.16,60.86,60.88,7068.42,1960.87,2359.28,0.0,0.0
876.09,57.34,66.15,60.86,60.88,7066.54,1961.52,2359.05,0.0,0.0
876.19,57.34,66.15,60.86,60.88,7066.54,1961.3,2358.82,0.0,0.0
876.26,57.34,66.14,60.87,60.88,7066.54,1961.95,2358.36,0.0,0.0
876.42,57.38,66.14,60.86,60.88,7064.98,1962.17,2359.51,0.0,0.0
876.49,57.35,66.15,60.86,60.88,7065.6,1961.74,2359.05,0.0,0.0
876.61,57.34,66.14,60.87,60.88,7066.85,1962.17,2358.59,0.0,0.0
876.67,57.31,66.15,60.86,60.88,7068.11,1961.74,2358.82,0.0,0.0
876.79,57.36,66.13,60.88,60.88,7065.29,1963.04,2357.43,0.0,0.0
876.89,57.38,66.14,60.89,60.88,7064.98,1962.39,2356.73,0.0,0.0
876.96,57.31,66.12,60.86,60.88,7067.79,1963.26,2359.05,0.0,0.0
877.07,57.36,66.14,60.87,60.88,7065.29,1962.39,2358.12,0.0,0.0
877.14,57.37,66.13,60.87,60.88,7065.91,1963.04,2358.12,0.0,0.0
877.3,57.34,66.11,60.87,60.88,7066.23,1963.91,2358.36,0.0,0.0
877.36,57.34,66.14,60.88,60.88,7066.54,1962.39,2357.43,0.0,0.0
877.54,57.4,66.12,60.88,60.88,7064.35,1963.47,2357.89,0.0,0.0
877.59,57.4,66.11,60.88,60.88,7064.35,1964.34,2357.2,0.0,0.0
877.72,57.35,66.13,60.89,60.88,7065.6,1963.04,2356.73,0.0,0.0
877.82,57.38,66.13,60.9,60.88,7064.66,1962.82,2355.57,0.0,0.0
877.87,57.38,66.1,60.89,60.88,7064.98,1964.56,2356.73,0.0,0.0
877.97,57.45,66.12,60.92,60.88,7062.47,1963.47,2353.72,0.0,0.0
878.07,57.36,66.13,60.93,60.88,7065.29,1962.61,2353.03,0.0,0.0
878.23,57.43,66.12,60.91,60.88,7062.78,1963.26,2355.34,0.0,0.0
878.28,57.45,66.14,60.93,60.88,7062.47,1962.17,2353.26,0.0,0.0
878.39,57.4,66.13,60.91,60.88,7063.41,1963.04,2355.11,0.0,0.0
878.49,57.42,66.14,60.94,60.88,7063.1,1961.95,2352.1,0.0,0.0
878.55,57.4,66.13,60.95,60.88,7063.41,1962.61,2351.4,0.0,0.0
878.69,57.4,66.14,60.95,60.88,7064.35,1962.39,2351.87,0.0,0.0
878.75,57.42,66.14,60.96,60.88,7063.1,1962.17,2350.48,0.0,0.0
878.88,57.4,66.13,60.98,60.88,7064.35,1962.82,2349.09,0.0,0.0
879.0,57.4,66.14,60.97,60.88,7063.41,1962.39,2349.78,0.0,0.0
879.09,57.4,66.14,60.97,60.88,7063.41,1962.17,2349.78,0.0,0.0
879.15,57.38,66.15,60.97,60.88,7064.66,1961.3,2349.55,0.0,0.0
879.29,57.4,66.14,60.97,60.88,7064.35,1961.95,2349.55,0.0,0.0
879.4,57.4,66.16,60.98,60.88,7063.72,1960.65,2348.86,0.0,0.0
879.49,57.4,66.16,60.99,60.88,7064.35,1960.87,2347.93,0.0,0.0
879.59,57.4,66.16,60.99,60.88,7063.41,1961.09,2348.39,0.0,0.0
879.71,57.4,66.17,61.0,60.88,7063.72,1960.0,2347.47,0.0,0.0
879.78,57.4,66.16,60.98,60.89,7064.04,1961.09,2348.86,0.0,0.0
879.92,57.45,66.16,61.01,60.89,7062.47,1961.09,2346.54,0.0,0.0
879.97,57.42,66.19,61.01,60.89,7063.1,1958.48,2346.31,0.0,0.0
880.11,57.38,66.17,61.02,60.89,7064.98,1960.22,2346.08,0.0,0.0
880.17,57.38,66.2,61.01,60.89,7064.66,1958.05,2346.77,0.0,0.0
880.32,57.4,66.17,61.0,60.89,7063.41,1959.78,2347.7,0.0,0.0
880.38,57.45,66.21,61.01,60.89,7062.47,1957.61,2346.77,0.0,0.0
880.53,57.43,66.22,61.02,60.89,7062.78,1956.96,2345.85,0.0,0.0
880.58,57.4,66.22,61.03,60.89,7063.72,1956.53,2345.16,0.0,0.0
880.72,57.43,66.22,61.01,60.89,7062.78,1956.75,2346.31,0.0,0.0
880.79,57.4,66.24,61.02,60.89,7064.35,1955.66,2346.08,0.0,0.0
880.94,57.42,66.23,61.01,60.89,7063.1,1956.1,2346.31,0.0,0.0
880.94,57.45,66.25,61.02,60.89,7062.47,1955.01,2346.08,0.0,0.0
881.08,57.45,66.26,61.01,60.89,7062.47,1954.36,2346.31,0.0,0.0
881.23,57.4,66.28,61.04,60.89,7063.72,1953.06,2344.46,0.0,0.0
881.28,57.47,66.26,61.02,60.89,7060.9,1954.15,2345.85,0.0,0.0
881.39,57.4,66.29,61.01,60.89,7063.41,1951.76,2346.31,0.0,0.0
881.48,57.45,66.3,61.02,60.89,7062.16,1951.54,2346.08,0.0,0.0
881.57,57.4,66.27,61.01,60.89,7063.72,1953.28,2346.31,0.0,0.0
881.72,57.43,66.28,61.03,60.89,7062.78,1952.84,2345.16,0.0,0.0
881.78,57.46,66.3,61.02,60.89,7061.22,1951.54,2345.39,0.0,0.0
881.93,57.4,66.28,61.03,60.89,7063.72,1952.41,2344.92,0.0,0.0
881.99,57.4,66.27,61.02,60.89,7064.04,1953.28,2345.39,0.0,0.0
882.09,57.4,66.27,61.02,60.89,7063.41,1953.49,2345.39,0.0,0.0
882.19,57.46,66.28,61.03,60.89,7061.22,1952.41,2345.16,0.0,0.0
882.35,57.43,66.31,61.04,60.9,7062.78,1950.68,2344.23,0.0,0.0
882.4,57.42,66.29,61.03,60.9,7063.1,1952.19,2344.92,0.0,0.0
882.44,57.45,66.28,61.04,60.9,7062.47,1952.63,2344.46,0.0,0.0
882.59,57.47,66.3,61.04,60.9,7060.9,1951.11,2344.46,0.0,0.0
882.72,57.43,66.29,61.02,60.9,7061.84,1952.19,2345.39,0.0,0.0
882.78,57.43,66.27,61.04,60.9,7062.78,1953.49,2343.77,0.0,0.0
882.93,57.45,66.28,61.04,60.9,7062.47,1952.41,2344.23,0.0,0.0
882.98,57.4,66.28,61.04,60.9,7063.41,1952.84,2344.46,0.0,0.0
883.12,57.45,66.28,61.03,60.9,7062.47,1952.84,2344.92,0.0,0.0
883.19,57.4,66.27,61.02,60.9,7064.35,1953.28,2345.39,0.0,0.0
883.29,57.43,66.27,61.02,60.9,7062.78,1953.49,2345.62,0.0,0.0
883.34,57.4,66.29,61.03,60.9,7064.04,1952.19,2345.16,0.0,0.0
883.49,57.43,66.25,61.03,60.9,7061.84,1954.58,2345.16,0.0,0.0
883.6,57.43,66.26,61.01,60.91,7061.84,1954.36,2346.54,0.0,0.0
883.72,57.4,66.26,61.02,60.91,7063.41,1953.93,2346.08,0.0,0.0
883.77,57.45,66.24,61.01,60.91,7061.53,1955.23,2346.77,0.0,0.0
883.9,57.45,66.24,61.02,60.91,7061.53,1955.45,2346.08,0.0,0.0
883.97,57.38,66.23,61.03,60.91,7064.66,1956.31,2344.92,0.0,0.0
884.13,57.43,66.23,61.02,60.91,7062.78,1955.88,2345.39,0.0,0.0
884.2,57.4,66.22,61.02,60.91,7064.35,1956.96,2345.39,0.0,0.0
884.32,57.45,66.24,61.02,60.91,7061.53,1955.23,2345.39,0.0,0.0
884.38,57.45,66.22,61.01,60.91,7061.53,1956.75,2346.54,0.0,0.0
884.53,57.42,66.25,61.01,60.91,7063.1,1954.8,2346.54,0.0,0.0
884.6,57.47,66.26,61.02,60.91,7060.9,1954.36,2345.85,0.0,0.0
884.66,57.4,66.26,61.0,60.91,7063.72,1954.15,2347.7,0.0,0.0
884.81,57.42,66.28,60.99,60.91,7063.1,1952.84,2347.93,0.0,0.0
884.87,57.4,66.25,60.98,60.91,7064.04,1954.8,2349.09,0.0,0.0
885.01,57.38,66.25,60.98,60.91,7064.66,1955.01,2349.32,0.0,0.0
885.07,57.42,66.26,60.98,60.91,7063.1,1954.15,2349.32,0.0,0.0
885.21,57.4,66.26,60.98,60.91,7063.72,1954.36,2349.32,0.0,0.0
885.27,57.35,66.24,60.98,60.92,7065.6,1955.23,2349.32,0.0,0.0
885.41,57.4,66.26,60.96,60.92,7064.35,1954.15,2351.17,0.0,0.0
885.47,57.4,66.25,60.94,60.92,7063.72,1954.8,2352.33,0.0,0.0
885.62,57.34,66.28,60.92,60.92,7066.23,1953.06,2353.72,0.0,0.0
885.67,57.31,66.25,60.93,60.92,7067.79,1954.8,2353.03,0.0,0.0
885.81,57.34,66.25,60.92,60.92,7066.23,1954.8,2353.72,0.0,0.0
885.87,57.4,66.26,60.92,60.92,7064.35,1953.93,2354.18,0.0,0.0
886.01,57.42,66.24,60.9,60.92,7063.1,1955.45,2356.04,0.0,0.0
886.07,57.35,66.26,60.9,60.92,7065.6,1953.93,2355.57,0.0,0.0
886.21,57.45,66.27,60.89,60.92,7061.53,1953.28,2356.96,0.0,0.0
886.27,57.38,66.24,60.88,60.92,7064.98,1955.66,2357.2,0.0,0.0
886.43,57.4,66.25,60.89,60.92,7064.35,1954.8,2356.27,0.0,0.0
886.5,57.35,66.23,60.9,60.92,7065.6,1956.1,2356.04,0.0,0.0
886.62,57.35,66.23,60.89,60.92,7065.6,1956.31,2356.96,0.0,0.0
886.69,57.37,66.23,60.9,60.92,7065.91,1955.88,2356.04,0.0,0.0
886.75,57.42,66.26,60.88,60.92,7063.1,1954.36,2357.2,0.0,0.0
886.91,57.4,66.21,60.89,60.92,7063.72,1957.18,2356.5,0.0,0.0
887.01,57.4,66.2,60.91,60.92,7064.04,1958.27,2355.11,0.0,0.0
887.12,57.4,66.21,60.91,60.92,7063.72,1957.4,2355.34,0.0,0.0
887.19,57.4,66.21,60.89,60.93,7064.35,1957.18,2356.96,0.0,0.0
887.29,57.4,66.2,60.9,60.93,7064.35,1958.05,2356.04,0.0,0.0
887.35,57.45,66.21,60.88,60.93,7061.53,1957.4,2357.43,0.0,0.0
887.51,57.45,66.21,60.88,60.93,7062.47,1957.4,2357.43,0.0,0.0
887.57,57.4,66.22,60.88,60.93,7064.35,1956.96,2357.66,0.0,0.0
887.73,57.36,66.21,60.87,60.93,7065.29,1957.4,2358.12,0.0,0.0
887.79,57.4,66.22,60.86,60.93,7063.41,1956.75,2359.05,0.0,0.0
887.88,57.4,66.21,60.87,60.93,7063.41,1957.4,2358.59,0.0,0.0
887.98,57.4,66.22,60.87,60.93,7064.35,1956.53,2358.59,0.0,0.0
888.09,57.4,66.2,60.85,60.93,7064.04,1957.83,2359.75,0.0,0.0
888.18,57.38,66.24,60.84,60.93,7064.66,1955.23,2360.67,0.0,0.0
888.33,57.36,66.22,60.84,60.93,7065.29,1956.75,2360.91,0.0,0.0
888.38,57.4,66.24,60.84,60.93,7064.04,1955.66,2360.44,0.0,0.0
888.54,57.43,66.22,60.85,60.93,7062.78,1956.75,2359.98,0.0,0.0
888.59,57.42,66.22,60.84,60.93,7063.1,1956.75,2360.91,0.0,0.0
888.74,57.42,66.22,60.83,60.93,7063.1,1956.75,2361.37,0.0,0.0
888.79,57.4,66.23,60.85,60.93,7064.35,1955.88,2359.98,0.0,0.0
888.9,57.4,66.22,60.83,60.93,7064.35,1956.75,2361.6,0.0,0.0
889.0,57.36,66.21,60.84,60.93,7065.29,1957.4,2361.14,0.0,0.0
889.07,57.38,66.24,60.83,60.93,7064.66,1955.66,2361.83,0.0,0.0
889.22,57.34,66.22,60.83,60.93,7066.54,1956.96,2362.07,0.0,0.0
889.28,57.4,66.22,60.83,60.93,7063.41,1956.53,2361.83,0.0,0.0
889.42,57.36,66.21,60.83,60.93,7065.29,1957.18,2361.37,0.0,0.0
889.48,57.37,66.23,60.84,60.93,7065.91,1956.31,2360.91,0.0,0.0
889.65,57.45,66.2,60.83,60.93,7061.53,1958.05,2361.83,0.0,0.0
889.67,57.4,66.21,60.84,60.93,7064.04,1957.61,2361.14,0.0,0.0
889.84,57.45,66.2,60.85,60.93,7062.16,1958.05,2360.21,0.0,0.0
889.91,57.42,66.2,60.84,60.94,7063.1,1958.27,2360.91,0.0,0.0
889.97,57.4,66.2,60.84,60.94,7063.72,1958.27,2360.67,0.0,0.0
890.09,57.4,66.2,60.84,60.94,7064.04,1958.27,2360.44,0.0,0.0
890.2,57.4,66.17,60.83,60.94,7064.35,1959.78,2361.37,0.0,0.0
890.25,57.45,66.21,60.84,60.94,7062.47,1957.61,2360.67,0.0,0.0
890.38,57.46,66.19,60.85,60.94,7061.22,1958.7,2359.75,0.0,0.0
890.47,57.4,66.2,60.84,60.94,7063.72,1958.05,2361.14,0.0,0.0
890.58,57.45,66.21,60.84,60.94,7062.16,1957.4,2360.91,0.0,0.0
890.73,57.38,66.19,60.83,60.94,7064.66,1958.7,2361.37,0.0,0.0
890.78,57.4,66.19,60.83,60.94,7063.41,1958.92,2361.37,0.0,0.0
890.94,57.4,66.22,60.84,60.94,7064.04,1956.53,2360.67,0.0,0.0
890.99,57.42,66.22,60.83,60.94,7063.1,1956.75,2361.6,0.0,0.0
891.15,57.46,66.24,60.83,60.94,7061.22,1955.66,2361.37,0.0,0.0
891.19,57.4,66.22,60.83,60.94,7064.04,1956.75,2361.83,0.0,0.0
891.26,57.45,66.22,60.83,60.94,7062.47,1956.96,2361.6,0.0,0.0
891.42,57.4,66.22,60.82,60.94,7063.72,1956.53,2362.3,0.0,0.0
891.48,57.45,66.24,60.83,60.94,7062.16,1955.66,2361.83,0.0,0.0
891.64,57.42,66.23,60.83,60.94,7063.1,1956.1,2362.07,0.0,0.0
891.71,57.45,66.26,60.83,60.94,7062.16,1954.15,2361.37,0.0,0.0
891.82,57.4,66.25,60.83,60.94,7064.04,1954.58,2361.83,0.0,0.0
891.89,57.45,66.25,60.81,60.94,7062.16,1954.8,2363.46,0.0,0.0
891.95,57.45,66.25,60.83,60.94,7062.47,1954.58,2361.83,0.0,0.0
892.15,57.4,66.27,60.84,60.94,7063.72,1953.28,2361.14,0.0,0.0
892.23,57.4,66.25,60.82,60.94,7063.41,1955.01,2362.76,0.0,0.0
892.36,57.45,66.27,60.83,60.94,7062.47,1953.49,2362.07,0.0,0.0
892.43,57.45,66.26,60.82,60.94,7062.47,1954.15,2362.3,0.0,0.0
892.5,57.42,66.26,60.84,60.94,7063.1,1954.36,2361.14,0.0,0.0
892.63,57.45,66.27,60.83,60.94,7062.47,1953.49,2361.6,0.0,0.0
892.69,57.48,66.27,60.84,60.94,7060.59,1953.71,2360.67,0.0,0.0
892.81,57.43,66.28,60.84,60.94,7061.84,1952.84,2360.44,0.0,0.0
892.93,57.43,66.28,60.84,60.94,7061.84,1953.06,2360.91,0.0,0.0
893.01,57.46,66.29,60.84,60.94,7061.22,1952.19,2360.44,0.0,0.0
893.13,57.45,66.27,60.83,60.94,7062.16,1953.71,2361.6,0.0,0.0
893.21,57.48,66.29,60.84,60.95,7060.28,1951.76,2360.44,0.0,0.0
893.27,57.45,66.29,60.85,60.95,7061.53,1951.76,2360.21,0.0,0.0
893.48,57.45,66.29,60.86,60.95,7062.16,1951.76,2359.05,0.0,0.0
893.55,57.43,66.31,60.86,60.95,7062.78,1950.68,2358.82,0.0,0.0
893.62,57.43,66.3,60.86,60.95,7061.84,1951.33,2358.82,0.0,0.0
893.74,57.45,66.25,60.89,60.95,7061.53,1955.01,2356.73,0.0,0.0
893.81,57.47,66.3,60.87,60.95,7060.9,1951.54,2358.12,0.0,0.0
893.94,57.47,66.29,60.88,60.95,7060.9,1951.76,2357.66,0.0,0.0
894.01,57.48,66.3,60.9,60.95,7060.28,1951.11,2356.04,0.0,0.0
894.08,57.48,66.3,60.9,60.95,7060.28,1951.33,2356.04,0.0,0.0
894.21,57.43,66.28,60.91,60.95,7061.84,1952.84,2354.88,0.0,0.0
894.29,57.48,66.3,60.92,60.95,7060.59,1951.11,2354.18,0.0,0.0
894.46,57.46,66.27,60.94,60.95,7061.22,1953.28,2352.79,0.0,0.0
894.51,57.49,66.3,60.93,60.95,7059.96,1951.54,2353.49,0.0,0.0
894.63,57.49,66.3,60.93,60.95,7059.65,1951.33,2353.49,0.0,0.0
894.74,57.46,66.3,60.94,60.95,7061.22,1951.11,2352.79,0.0,0.0
894.8,57.49,66.28,60.92,60.95,7059.96,1952.41,2353.95,0.0,0.0
894.91,57.49,66.29,60.94,60.95,7059.96,1951.98,2352.79,0.0,0.0
894.96,57.46,66.33,60.94,60.95,7061.22,1949.59,2352.56,0.0,0.0
895.11,57.47,66.34,60.95,60.95,7060.9,1948.73,2351.4,0.0,0.0
895.18,57.45,66.34,60.97,60.96,7062.16,1948.73,2349.55,0.0,0.0
895.3,57.48,66.31,60.98,60.96,7060.28,1950.89,2348.86,0.0,0.0
895.46,57.48,66.33,60.97,60.96,7060.28,1949.16,2350.25,0.0,0.0
895.51,57.45,66.33,60.96,60.96,7061.53,1949.16,2350.71,0.0,0.0
895.57,57.47,66.34,60.97,60.96,7060.9,1948.73,2350.02,0.0,0.0
895.73,57.46,66.34,60.99,60.96,7061.22,1948.51,2347.93,0.0,0.0
895.78,57.45,66.35,60.99,60.96,7061.53,1948.08,2347.93,0.0,0.0
895.89,57.47,66.37,60.98,60.96,7060.9,1946.78,2348.86,0.0,0.0
895.98,57.45,66.38,60.99,60.96,7062.47,1946.13,2348.16,0.0,0.0
896.12,57.43,66.38,61.01,60.96,7061.84,1946.35,2346.77,0.0,0.0
896.19,57.48,66.38,60.99,60.96,7060.59,1946.13,2348.16,0.0,0.0
896.35,57.42,66.35,61.01,60.96,7063.1,1948.08,2346.31,0.0,0.0
896.39,57.49,66.37,61.02,60.96,7059.65,1946.78,2345.85,0.0,0.0
896.5,57.52,66.37,61.02,60.96,7058.09,1947.0,2345.85,0.0,0.0
896.61,57.49,66.37,61.03,60.96,7059.65,1946.56,2344.92,0.0,0.0
896.67,57.49,66.37,61.02,60.96,7059.96,1947.0,2345.85,0.0,0.0
896.81,57.45,66.38,61.04,60.96,7062.16,1946.13,2344.0,0.0,0.0
896.88,57.49,66.39,61.03,60.97,7059.96,1945.48,2344.92,0.0,0.0
896.98,57.48,66.36,61.04,60.97,7060.59,1947.21,2343.77,0.0,0.0
897.09,57.51,66.38,61.06,60.97,7059.34,1946.35,2342.15,0.0,0.0
897.23,57.48,66.38,61.05,60.97,7060.59,1945.91,2343.3,0.0,0.0
897.29,57.48,66.38,61.06,60.97,7060.59,1945.91,2342.61,0.0,0.0
897.43,57.48,66.35,61.06,60.97,7060.59,1947.86,2342.38,0.0,0.0
897.5,57.51,66.34,61.06,60.97,7059.34,1948.51,2342.84,0.0,0.0
897.61,57.47,66.35,61.07,60.97,7060.9,1947.86,2341.22,0.0,0.0
897.72,57.49,66.32,61.09,60.97,7059.65,1949.81,2340.3,0.0,0.0
897.82,57.49,66.35,61.08,60.97,7059.65,1948.29,2340.53,0.0,0.0
897.87,57.49,66.33,61.09,60.97,7059.65,1949.38,2340.3,0.0,0.0
898.02,57.53,66.35,61.11,60.97,7058.71,1948.08,2338.45,0.0,0.0
898.11,57.51,66.33,61.12,60.97,7059.34,1949.38,2337.76,0.0,0.0
898.22,57.51,66.32,61.12,60.98,7059.34,1950.03,2337.29,0.0,0.0
898.28,57.48,66.31,61.12,60.98,7060.59,1950.46,2337.53,0.0,0.0
898.43,57.53,66.32,61.12,60.98,7058.71,1950.03,2337.06,0.0,0.0
898.47,57.49,66.31,61.11,60.98,7059.96,1950.89,2337.99,0.0,0.0
898.62,57.49,66.3,61.11,60.98,7059.65,1951.54,2338.45,0.0,0.0
898.72,57.49,66.32,61.14,60.98,7059.96,1950.24,2336.14,0.0,0.0
898.8,57.51,66.28,61.14,60.98,7059.02,1952.41,2335.68,0.0,0.0
898.87,57.53,66.32,61.15,60.98,7058.71,1950.03,2334.98,0.0,0.0
899.03,57.52,66.32,61.14,60.98,7058.09,1950.24,2336.14,0.0,0.0
899.08,57.49,66.31,61.17,60.98,7059.65,1950.46,2333.14,0.0,0.0
899.23,57.49,66.32,61.15,60.98,7059.96,1950.03,2335.22,0.0,0.0
899.3,57.49,66.32,61.16,60.98,7059.96,1950.03,2334.29,0.0,0.0
899.42,57.53,66.3,61.15,60.98,7058.71,1951.54,2334.75,0.0,0.0
899.54,57.51,66.33,61.17,60.98,7059.02,1949.59,2333.14,0.0,0.0
899.66,57.48,66.33,61.16,60.98,7060.28,1949.59,2333.83,0.0,0.0
899.76,57.52,66.33,61.17,60.98,7058.4,1949.59,2333.14,0.0,0.0
899.77,57.52,66.34,61.17,60.98,7058.09,1948.94,2332.91,0.0,0.0
899.89,57.48,66.33,61.17,60.99,7060.28,1949.59,2332.91,0.0,0.0
900.0,57.52,66.33,61.18,60.99,7058.4,1949.38,2332.44,0.0,0.0
900.05,57.49,66.33,61.18,60.99,7059.65,1949.59,2332.68,0.0,0.0
900.2,57.51,66.33,61.19,60.99,7059.02,1949.38,2331.75,0.0,0.0
900.27,57.52,66.32,61.21,60.99,7058.09,1949.81,2330.37,0.0,0.0
900.41,57.54,66.33,61.2,60.99,7057.77,1949.16,2330.6,0.0,0.0
900.48,57.54,66.33,61.21,60.99,7057.14,1949.38,2330.14,0.0,0.0
900.62,57.51,66.34,61.22,60.99,7059.34,1948.94,2329.21,0.0,0.0
900.69,57.56,66.34,61.22,60.99,7056.83,1948.94,2328.98,0.0,0.0
900.81,57.53,66.36,61.23,60.99,7058.71,1947.43,2328.75,0.0,0.0
900.88,57.51,66.36,61.22,60.99,7059.34,1947.64,2328.98,0.0,0.0
901.02,57.52,66.37,61.23,60.99,7058.09,1946.78,2328.75,0.0,0.0
901.08,57.52,66.36,61.22,60.99,7058.4,1947.64,2329.44,0.0,0.0
901.22,57.49,66.36,61.22,60.99,7059.65,1947.21,2329.44,0.0,0.0
901.28,57.51,66.37,61.24,60.99,7059.02,1946.78,2327.37,0.0,0.0
901.43,57.52,66.36,61.23,60.99,7058.4,1947.43,2328.52,0.0,0.0
901.49,57.53,66.36,61.23,60.99,7058.71,1947.21,2328.06,0.0,0.0
901.61,57.52,66.36,61.21,60.99,7058.09,1947.64,2329.68,0.0,0.0
901.67,57.48,66.36,61.22,60.99,7060.59,1947.21,2328.98,0.0,0.0
901.8,57.53,66.36,61.24,60.99,7058.71,1947.43,2327.6,0.0,0.0
901.86,57.51,66.35,61.23,61.0,7059.02,1947.86,2328.06,0.0,0.0
902.0,57.52,66.37,61.22,61.0,7058.4,1946.78,2329.21,0.0,0.0
902.06,57.53,66.35,61.22,61.0,7058.71,1948.08,2329.21,0.0,0.0
902.21,57.51,66.36,61.21,61.0,7059.34,1947.21,2329.91,0.0,0.0
902.27,57.53,66.36,61.23,61.0,7058.71,1947.43,2328.75,0.0,0.0
902.42,57.51,66.36,61.21,61.0,7059.34,1947.21,2329.91,0.0,0.0
902.48,57.48,66.35,61.24,61.0,7060.28,1948.08,2327.83,0.0,0.0
902.63,57.49,66.35,61.21,61.0,7059.65,1947.86,2329.68,0.0,0.0
902.69,57.53,66.38,61.22,61.0,7058.71,1946.35,2328.98,0.0,0.0
902.83,57.49,66.35,61.21,61.0,7059.65,1947.86,2330.37,0.0,0.0
902.89,57.51,66.36,61.2,61.0,7059.02,1947.21,2331.06,0.0,0.0
903.02,57.49,66.36,61.19,61.0,7059.65,1947.21,2331.29,0.0,0.0
903.09,57.49,66.35,61.19,61.0,7059.65,1948.08,2331.75,0.0,0.0
903.24,57.49,66.38,61.19,61.0,7059.96,1946.35,2331.52,0.0,0.0
903.29,57.51,66.39,61.2,61.0,7059.34,1945.48,2330.83,0.0,0.0
903.44,57.48,66.36,61.17,61.0,7060.28,1947.21,2333.14,0.0,0.0
903.5,57.54,66.36,61.19,61.0,7057.14,1947.64,2331.98,0.0,0.0
903.64,57.54,66.35,61.19,61.01,7057.77,1947.86,2331.98,0.0,0.0
903.7,57.51,66.36,61.19,61.01,7059.02,1947.64,2331.75,0.0,0.0
903.85,57.48,66.38,61.17,61.01,7060.59,1946.35,2333.37,0.0,0.0
903.91,57.55,66.38,61.16,61.01,7057.46,1946.13,2333.83,0.0,0.0
903.98,57.49,66.36,61.18,61.01,7059.96,1947.21,2332.68,0.0,0.0
904.12,57.54,66.36,61.16,61.01,7057.14,1947.43,2334.29,0.0,0.0
904.22,57.49,66.37,61.18,61.01,7059.96,1946.78,2332.68,0.0,0.0
904.33,57.55,66.37,61.16,61.01,7057.46,1947.0,2333.83,0.0,0.0
904.43,57.49,66.38,61.18,61.01,7059.65,1946.35,2332.44,0.0,0.0
904.48,57.51,66.38,61.17,61.01,7059.34,1945.91,2333.37,0.0,0.0
904.63,57.51,66.37,61.17,61.01,7059.02,1946.56,2333.6,0.0,0.0
904.68,57.52,66.38,61.17,61.01,7058.09,1946.35,2333.14,0.0,0.0
904.78,57.49,66.38,61.17,61.01,7059.65,1946.13,2333.6,0.0,0.0
904.89,57.51,66.36,61.16,61.01,7059.02,1947.64,2334.29,0.0,0.0
905.05,57.53,66.38,61.18,61.01,7058.71,1945.91,2332.21,0.0,0.0
905.1,57.49,66.41,61.16,61.01,7059.96,1943.96,2334.52,0.0,0.0
905.16,57.55,66.39,61.17,61.01,7057.46,1945.7,2333.6,0.0,0.0
905.3,57.51,66.41,61.15,61.02,7059.02,1944.4,2334.75,0.0,0.0
905.36,57.48,66.4,61.16,61.02,7060.28,1944.83,2334.06,0.0,0.0
905.51,57.55,66.39,61.14,61.02,7057.46,1945.48,2336.14,0.0,0.0
905.58,57.51,66.4,61.16,61.02,7059.02,1945.05,2333.83,0.0,0.0
905.71,57.48,66.4,61.16,61.02,7060.28,1944.61,2334.06,0.0,0.0
905.78,57.53,66.4,61.16,61.02,7058.71,1944.61,2334.06,0.0,0.0
905.93,57.53,66.41,61.16,61.02,7058.71,1943.96,2334.06,0.0,0.0
905.98,57.49,66.41,61.16,61.02,7059.96,1944.4,2334.06,0.0,0.0
906.1,57.51,66.42,61.18,61.02,7059.34,1943.32,2332.68,0.0,0.0
906.22,57.49,66.41,61.18,61.02,7059.96,1943.75,2332.44,0.0,0.0
906.31,57.51,66.43,61.18,61.02,7059.02,1942.45,2332.44,0.0,0.0
906.36,57.49,66.43,61.18,61.02,7059.96,1942.88,2332.68,0.0,0.0
906.51,57.52,66.42,61.18,61.02,7058.4,1943.32,2332.44,0.0,0.0
906.67,57.51,66.42,61.18,61.02,7059.34,1943.1,2332.44,0.0,0.0
906.72,57.48,66.44,61.2,61.02,7060.59,1942.02,2331.06,0.0,0.0
906.83,57.52,66.43,61.19,61.02,7058.4,1942.45,2331.52,0.0,0.0
906.93,57.51,66.46,61.21,61.03,7059.34,1940.94,2330.37,0.0,0.0
907.05,57.51,66.45,61.2,61.03,7059.34,1941.37,2331.06,0.0,0.0
907.14,57.49,66.46,61.19,61.03,7059.96,1940.94,2331.75,0.0,0.0
907.2,57.51,66.44,61.21,61.03,7059.02,1942.23,2330.14,0.0,0.0
907.34,57.51,66.45,61.19,61.03,7059.02,1941.15,2331.75,0.0,0.0
907.4,57.48,66.48,61.21,61.03,7060.28,1939.21,2329.68,0.0,0.0
907.55,57.51,66.47,61.19,61.03,7059.34,1940.29,2331.29,0.0,0.0
907.61,57.52,66.48,61.21,61.03,7058.4,1939.64,2330.37,0.0,0.0
907.66,57.48,66.45,61.21,61.03,7060.59,1941.58,2329.91,0.0,0.0
907.76,57.52,66.46,61.21,61.03,7058.4,1940.94,2330.37,0.0,0.0
907.91,57.49,66.47,61.24,61.03,7059.65,1940.29,2327.37,0.0,0.0
907.98,57.49,66.47,61.21,61.03,7059.96,1939.85,2330.37,0.0,0.0
908.12,57.51,66.47,61.2,61.03,7059.02,1939.85,2330.83,0.0,0.0
908.19,57.52,66.47,61.21,61.03,7058.4,1939.85,2329.91,0.0,0.0
908.34,57.53,66.49,61.2,61.04,7058.71,1938.77,2330.6,0.0,0.0
908.41,57.49,66.49,61.21,61.04,7059.65,1938.77,2330.37,0.0,0.0
908.51,57.48,66.51,61.2,61.04,7060.28,1937.48,2330.6,0.0,0.0
908.62,57.52,66.48,61.21,61.04,7058.4,1939.42,2330.37,0.0,0.0
908.75,57.53,66.48,61.2,61.04,7058.71,1939.42,2331.06,0.0,0.0
908.76,57.53,66.45,61.2,61.04,7058.71,1941.37,2330.83,0.0,0.0
908.89,57.48,66.47,61.2,61.04,7060.28,1940.29,2331.06,0.0,0.0
908.98,57.52,66.47,61.19,61.04,7058.09,1940.29,2331.75,0.0,0.0
909.13,57.52,66.47,61.19,61.04,7058.09,1940.07,2331.52,0.0,0.0
909.19,57.56,66.46,61.2,61.04,7056.83,1940.94,2331.06,0.0,0.0
909.29,57.51,66.48,61.19,61.04,7059.34,1939.21,2331.75,0.0,0.0
909.39,57.48,66.49,61.17,61.04,7060.28,1938.99,2332.91,0.0,0.0
909.55,57.49,66.5,61.18,61.05,7059.96,1938.12,2332.68,0.0,0.0
909.6,57.51,66.48,61.2,61.05,7059.34,1939.42,2331.06,0.0,0.0
909.7,57.53,66.47,61.17,61.05,7058.71,1939.85,2332.91,0.0,0.0
909.81,57.51,66.46,61.19,61.05,7059.34,1940.5,2331.75,0.0,0.0
909.87,57.53,66.47,61.18,61.05,7058.71,1940.29,2332.68,0.0,0.0
910.01,57.54,66.45,61.19,61.05,7057.77,1941.15,2331.52,0.0,0.0
910.08,57.53,66.46,61.18,61.05,7058.71,1940.72,2332.44,0.0,0.0
910.21,57.51,66.48,61.18,61.05,7059.34,1939.64,2332.44,0.0,0.0
910.27,57.49,66.45,61.19,61.05,7059.65,1941.15,2331.75,0.0,0.0
910.42,57.55,66.45,61.18,61.05,7057.46,1941.15,2332.21,0.0,0.0
910.47,57.49,66.46,61.18,61.05,7059.65,1940.5,2332.44,0.0,0.0
910.59,57.51,66.44,61.2,61.05,7059.34,1942.02,2330.83,0.0,0.0
910.7,57.49,66.46,61.2,61.06,7059.65,1940.72,2330.6,0.0,0.0
910.8,57.48,66.45,61.21,61.06,7060.59,1941.15,2329.68,0.0,0.0
910.94,57.49,66.45,61.22,61.06,7059.65,1941.58,2328.98,0.0,0.0
911.02,57.49,66.44,61.23,61.06,7059.96,1942.02,2328.06,0.0,0.0
911.07,57.49,66.44,61.23,61.06,7059.65,1942.02,2328.52,0.0,0.0
911.22,57.51,66.44,61.23,61.06,7059.02,1941.8,2328.52,0.0,0.0
911.27,57.51,66.45,61.23,61.06,7059.34,1941.58,2328.06,0.0,0.0
911.42,57.49,66.42,61.24,61.06,7059.65,1943.53,2327.83,0.0,0.0
911.48,57.53,66.42,61.26,61.06,7058.71,1943.32,2326.22,0.0,0.0
911.62,57.52,66.42,61.23,61.06,7058.4,1943.53,2328.29,0.0,0.0
911.68,57.48,66.42,61.23,61.06,7060.28,1943.53,2328.29,0.0,0.0
911.82,57.48,66.43,61.25,61.06,7060.59,1942.45,2326.45,0.0,0.0
911.88,57.53,66.44,61.26,61.06,7058.71,1942.02,2326.22,0.0,0.0
912.06,57.52,66.41,61.26,61.06,7058.4,1944.18,2326.22,0.0,0.0
912.14,57.49,66.43,61.26,61.07,7059.96,1942.45,2325.98,0.0,0.0
912.24,57.51,66.41,61.26,61.07,7059.34,1943.96,2325.75,0.0,0.0
912.36,57.53,66.43,61.25,61.07,7058.71,1942.88,2326.91,0.0,0.0
912.38,57.49,66.42,61.26,61.07,7059.65,1943.32,2325.75,0.0,0.0
912.47,57.51,66.44,61.25,61.07,7059.02,1942.02,2326.45,0.0,0.0
912.71,57.48,66.42,61.29,61.07,7060.59,1943.1,2323.68,0.0,0.0
912.83,57.48,66.42,61.27,61.07,7060.28,1943.1,2325.29,0.0,0.0
912.83,57.52,66.42,61.28,61.07,7058.4,1943.32,2324.6,0.0,0.0
913.01,57.48,66.41,61.27,61.07,7060.28,1943.75,2325.06,0.0,0.0
913.1,57.47,66.42,61.27,61.07,7060.9,1943.53,2324.83,0.0,0.0
913.11,57.49,66.4,61.27,61.07,7059.65,1944.61,2324.83,0.0,0.0
913.21,57.53,66.41,61.24,61.07,7058.71,1943.75,2327.6,0.0,0.0
913.39,57.49,66.43,61.26,61.07,7059.65,1942.88,2325.75,0.0,0.0
913.47,57.49,66.42,61.26,61.07,7059.65,1943.32,2325.52,0.0,0.0
913.48,57.49,66.39,61.25,61.07,7059.96,1945.48,2326.45,0.0,0.0
913.66,57.53,66.41,61.26,61.07,7058.71,1943.96,2326.22,0.0,0.0
913.75,57.48,66.43,61.24,61.07,7060.28,1942.88,2327.14,0.0,0.0
913.84,57.49,66.42,61.23,61.07,7059.65,1943.32,2328.52,0.0,0.0
913.95,57.48,66.41,61.23,61.08,7060.28,1944.18,2328.06,0.0,0.0
914.13,57.51,66.42,61.24,61.08,7059.02,1943.53,2327.6,0.0,0.0
914.2,57.49,66.41,61.23,61.08,7059.96,1944.4,2328.29,0.0,0.0
914.28,57.47,66.42,61.23,61.08,7060.9,1943.1,2328.52,0.0,0.0
914.34,57.49,66.41,61.21,61.08,7059.96,1943.75,2330.14,0.0,0.0
914.46,57.54,66.41,61.21,61.08,7057.14,1943.75,2329.91,0.0,0.0
914.53,57.49,66.41,61.18,61.08,7059.65,1943.75,2332.21,0.0,0.0
914.69,57.51,66.41,61.21,61.08,7059.34,1943.75,2330.37,0.0,0.0
914.7,57.49,66.42,61.22,61.08,7059.65,1943.32,2329.21,0.0,0.0
914.88,57.51,66.42,61.18,61.08,7059.02,1943.1,2332.21,0.0,0.0
914.94,57.49,66.42,61.2,61.08,7059.96,1943.53,2330.83,0.0,0.0
915.01,57.49,66.42,61.2,61.08,7059.96,1943.32,2331.06,0.0,0.0
915.12,57.47,66.43,61.19,61.08,7060.9,1942.88,2331.98,0.0,0.0
915.18,57.49,66.4,61.21,61.08,7059.65,1944.61,2329.91,0.0,0.0
915.34,57.49,66.4,61.21,61.08,7059.65,1944.83,2330.14,0.0,0.0
915.39,57.52,66.41,61.21,61.08,7058.4,1943.75,2329.68,0.0,0.0
915.5,57.51,66.42,61.2,61.08,7059.02,1943.53,2330.6,0.0,0.0
915.59,57.51,66.39,61.19,61.08,7059.02,1945.7,2331.52,0.0,0.0
915.74,57.54,66.4,61.23,61.08,7057.77,1944.61,2328.75,0.0,0.0
915.78,57.54,66.4,61.21,61.08,7057.77,1944.83,2330.37,0.0,0.0
915.94,57.54,66.39,61.2,61.08,7057.14,1945.48,2331.06,0.0,0.0
916.04,57.51,66.38,61.21,61.08,7059.02,1946.35,2329.68,0.0,0.0
916.14,57.55,66.37,61.21,61.09,7057.46,1947.0,2329.68,0.0,0.0
916.18,57.53,66.39,61.23,61.09,7058.71,1945.7,2328.75,0.0,0.0
916.33,57.53,66.37,61.22,61.09,7058.71,1946.56,2329.44,0.0,0.0
916.38,57.54,66.39,61.21,61.09,7057.77,1945.48,2330.14,0.0,0.0
916.55,57.54,66.38,61.21,61.09,7057.77,1946.13,2329.68,0.0,0.0
916.6,57.52,66.39,61.22,61.09,7058.09,1945.48,2329.44,0.0,0.0
916.71,57.55,66.38,61.21,61.09,7057.46,1946.13,2329.91,0.0,0.0
916.8,57.51,66.38,61.23,61.09,7059.02,1946.35,2328.75,0.0,0.0
916.92,57.49,66.37,61.22,61.09,7059.65,1946.78,2329.44,0.0,0.0
917.0,57.49,66.36,61.23,61.09,7059.96,1947.64,2328.75,0.0,0.0
917.16,57.51,66.37,61.24,61.09,7059.02,1946.78,2327.6,0.0,0.0
917.22,57.49,66.37,61.23,61.09,7059.65,1946.78,2328.75,0.0,0.0
917.28,57.53,66.35,61.24,61.09,7058.71,1947.86,2327.37,0.0,0.0
917.41,57.55,66.36,61.24,61.09,7057.46,1947.64,2327.6,0.0,0.0
917.57,57.51,66.36,61.22,61.09,7059.02,1947.64,2329.21,0.0,0.0
917.61,57.52,66.37,61.22,61.09,7058.4,1946.56,2328.98,0.0,0.0
917.77,57.51,66.4,61.23,61.09,7059.34,1945.05,2328.06,0.0,0.0
917.82,57.45,66.37,61.25,61.09,7061.53,1947.0,2326.45,0.0,0.0
917.87,57.49,66.37,61.23,61.09,7059.65,1946.56,2328.29,0.0,0.0
918.02,57.52,66.38,61.22,61.09,7058.4,1946.13,2329.44,0.0,0.0
918.22,57.52,66.36,61.23,61.09,7058.09,1947.21,2328.75,0.0,0.0
918.23,57.51,66.38,61.22,61.09,7059.02,1946.35,2329.21,0.0,0.0
918.29,57.52,66.37,61.22,61.09,7058.4,1946.78,2329.44,0.0,0.0
918.43,57.51,66.38,61.23,61.09,7059.02,1946.13,2328.52,0.0,0.0
918.49,57.52,66.37,61.2,61.09,7058.09,1946.56,2330.6,0.0,0.0
918.64,57.51,66.38,61.24,61.09,7059.34,1945.91,2327.83,0.0,0.0
918.71,57.51,66.38,61.21,61.09,7059.34,1945.91,2330.14,0.0,0.0
918.84,57.51,66.38,61.23,61.09,7059.34,1946.13,2328.52,0.0,0.0
918.9,57.51,66.38,61.22,61.09,7059.34,1946.13,2329.21,0.0,0.0
919.04,57.52,66.38,61.2,61.09,7058.4,1945.91,2330.6,0.0,0.0
919.11,57.48,66.38,61.2,61.09,7060.28,1946.13,2330.6,0.0,0.0
919.26,57.49,66.38,61.21,61.09,7059.96,1946.35,2329.68,0.0,0.0
919.32,57.51,66.39,61.21,61.09,7059.34,1945.7,2330.14,0.0,0.0
919.46,57.49,66.41,61.22,61.09,7059.65,1943.75,2329.44,0.0,0.0
919.51,57.49,66.39,61.22,61.09,7059.96,1945.26,2328.98,0.0,0.0
919.67,57.53,66.38,61.21,61.09,7058.71,1946.13,2330.37,0.0,0.0
919.68,57.47,66.42,61.23,61.09,7060.9,1943.53,2328.75,0.0,0.0
919.81,57.51,66.44,61.23,61.09,7059.02,1941.8,2328.52,0.0,0.0
919.88,57.51,66.42,61.23,61.1,7059.02,1943.1,2328.29,0.0,0.0
920.07,57.48,66.41,61.23,61.1,7060.59,1944.18,2328.52,0.0,0.0
920.14,57.52,66.41,61.23,61.1,7058.4,1944.18,2328.29,0.0,0.0
920.2,57.49,66.42,61.23,61.1,7059.65,1943.53,2328.29,0.0,0.0
920.33,57.49,66.43,61.25,61.1,7059.65,1942.88,2326.68,0.0,0.0
920.45,57.46,66.43,61.24,61.1,7061.22,1942.67,2327.14,0.0,0.0
920.6,57.49,66.44,61.26,61.1,7059.96,1942.02,2326.22,0.0,0.0
920.66,57.51,66.45,61.25,61.1,7059.34,1941.58,2326.68,0.0,0.0
920.72,57.47,66.44,61.26,61.1,7060.9,1942.23,2326.22,0.0,0.0
920.79,57.51,66.43,61.26,61.1,7059.34,1942.67,2325.98,0.0,0.0
920.98,57.51,66.44,61.28,61.1,7059.34,1942.23,2323.91,0.0,0.0
921.01,57.53,66.44,61.28,61.1,7058.71,1942.02,2323.91,0.0,0.0
921.2,57.47,66.45,61.29,61.1,7060.9,1941.58,2323.68,0.0,0.0
921.26,57.49,66.43,61.29,61.1,7059.96,1942.67,2322.99,0.0,0.0
921.34,57.49,66.44,61.31,61.1,7059.96,1942.23,2321.37,0.0,0.0
921.46,57.46,66.41,61.3,61.1,7061.22,1943.75,2322.53,0.0,0.0
921.52,57.49,66.43,61.31,61.1,7059.96,1942.67,2321.83,0.0,0.0
921.61,57.51,66.44,61.31,61.1,7059.02,1941.8,2321.83,0.0,0.0
921.74,57.52,66.42,61.28,61.1,7058.4,1943.53,2323.91,0.0,0.0
921.86,57.51,66.42,61.32,61.1,7059.02,1943.32,2320.68,0.0,0.0
921.96,57.49,66.41,61.31,61.1,7059.65,1943.75,2321.37,0.0,0.0
922.0,57.52,66.41,61.32,61.1,7058.4,1943.75,2321.14,0.0,0.0
922.13,57.49,66.41,61.28,61.1,7059.96,1943.75,2323.91,0.0,0.0
922.18,57.49,66.41,61.32,61.1,7059.96,1943.96,2321.14,0.0,0.0
922.34,57.49,66.42,61.31,61.1,7059.96,1943.53,2321.83,0.0,0.0
922.41,57.49,66.41,61.32,61.1,7059.96,1943.75,2320.91,0.0,0.0
922.53,57.53,66.42,61.32,61.1,7058.71,1943.1,2320.91,0.0,0.0
922.58,57.48,66.41,61.34,61.11,7060.59,1943.96,2319.53,0.0,0.0
922.74,57.53,66.42,61.32,61.11,7058.71,1943.32,2321.14,0.0,0.0
922.84,57.51,66.42,61.32,61.11,7059.02,1943.32,2321.14,0.0,0.0
922.94,57.49,66.41,61.34,61.11,7059.96,1944.18,2319.3,0.0,0.0
922.99,57.53,66.4,61.32,61.11,7058.71,1944.61,2320.91,0.0,0.0
923.15,57.45,66.39,61.31,61.11,7062.16,1945.26,2322.07,0.0,0.0
923.2,57.48,66.41,61.3,61.11,7060.28,1944.18,2322.53,0.0,0.0
923.36,57.48,66.4,61.33,61.11,7060.59,1944.61,2320.45,0.0,0.0
923.41,57.49,66.41,61.32,61.11,7059.65,1943.96,2320.91,0.0,0.0
923.63,57.49,66.41,61.33,61.11,7059.96,1944.18,2320.45,0.0,0.0
923.7,57.48,66.4,61.36,61.11,7060.28,1944.61,2317.92,0.0,0.0
923.77,57.49,66.41,61.35,61.11,7059.96,1944.18,2318.84,0.0,0.0
923.89,57.48,66.41,61.33,61.11,7060.59,1943.96,2319.99,0.0,0.0
924.03,57.48,66.39,61.33,61.11,7060.59,1945.7,2320.22,0.0,0.0
924.24,57.49,66.4,61.35,61.11,7059.65,1945.05,2318.61,0.0,0.0
924.35,57.45,66.39,61.33,61.11,7062.47,1945.7,2320.22,0.0,0.0
924.53,57.47,66.4,61.35,61.11,7060.9,1944.83,2318.38,0.0,0.0
924.61,57.47,66.41,61.33,61.11,7060.9,1943.75,2319.76,0.0,0.0
924.78,57.46,66.41,61.33,61.11,7061.22,1944.18,2319.76,0.0,0.0
924.87,57.46,66.4,61.34,61.11,7061.22,1944.61,2319.53,0.0,0.0
925.04,57.48,66.41,61.33,61.11,7060.59,1944.4,2319.76,0.0,0.0
925.11,57.46,66.42,61.34,61.11,7061.22,1943.32,2319.53,0.0,0.0
925.25,57.51,66.42,61.34,61.11,7059.34,1943.32,2319.07,0.0,0.0
925.33,57.51,66.41,61.31,61.11,7059.02,1944.4,2321.37,0.0,0.0
925.41,57.48,66.41,61.32,61.11,7060.59,1944.18,2320.91,0.0,0.0
925.51,57.48,66.41,61.31,61.11,7060.28,1943.96,2321.37,0.0,0.0
925.56,57.48,66.42,61.32,61.11,7060.28,1943.1,2320.91,0.0,0.0
925.59,57.48,66.42,61.3,61.11,7060.59,1943.32,2322.53,0.0,0.0
925.67,57.48,66.44,61.29,61.11,7060.28,1942.02,2323.68,0.0,0.0
925.76,57.49,66.42,61.31,61.11,7059.65,1943.32,2321.83,0.0,0.0
925.8,57.48,66.42,61.32,61.11,7060.28,1943.32,2320.91,0.0,0.0
925.83,57.49,66.43,61.32,61.11,7059.65,1942.88,2320.91,0.0,0.0
925.89,57.46,66.41,61.32,61.11,7061.22,1944.18,2321.14,0.0,0.0
925.97,57.51,66.44,61.29,61.11,7059.02,1942.23,2323.68,0.0,0.0
925.98,57.49,66.43,61.31,61.12,7059.96,1942.45,2321.37,0.0,0.0
926.08,57.51,66.43,61.29,61.12,7059.02,1942.88,2322.99,0.0,0.0
926.19,57.45,66.42,61.31,61.12,7062.16,1943.53,2321.83,0.0,0.0
926.36,57.49,66.42,61.3,61.12,7059.96,1943.32,2322.3,0.0,0.0
926.41,57.53,66.42,61.3,61.12,7058.71,1943.32,2322.53,0.0,0.0
926.52,57.53,66.41,61.3,61.12,7058.71,1943.96,2322.3,0.0,0.0
926.62,57.52,66.43,61.29,61.12,7058.09,1942.88,2322.99,0.0,0.0
926.72,57.49,66.42,61.29,61.12,7059.65,1943.1,2322.99,0.0,0.0
926.81,57.48,66.41,61.28,61.12,7060.59,1944.18,2324.37,0.0,0.0
926.92,57.51,66.42,61.29,61.12,7059.02,1943.32,2323.68,0.0,0.0
927.02,57.48,66.43,61.26,61.12,7060.59,1942.67,2325.75,0.0,0.0
927.13,57.53,66.42,61.29,61.12,7058.71,1943.53,2323.22,0.0,0.0
927.23,57.46,66.41,61.28,61.12,7061.22,1943.96,2324.14,0.0,0.0
927.29,57.48,66.42,61.3,61.12,7060.59,1943.53,2322.3,0.0,0.0
927.43,57.52,66.42,61.29,61.12,7058.09,1943.32,2323.22,0.0,0.0
927.49,57.48,66.42,61.29,61.12,7060.28,1943.53,2323.68,0.0,0.0
927.62,57.51,66.44,61.3,61.12,7059.34,1942.02,2322.53,0.0,0.0
927.69,57.52,66.44,61.31,61.12,7058.4,1942.02,2322.07,0.0,0.0
927.83,57.49,66.45,61.31,61.12,7059.96,1941.58,2321.83,0.0,0.0
927.89,57.48,66.44,61.32,61.12,7060.28,1942.23,2321.14,0.0,0.0
928.03,57.49,66.44,61.32,61.12,7059.65,1942.23,2320.91,0.0,0.0
928.1,57.51,66.45,61.34,61.12,7059.34,1941.37,2319.07,0.0,0.0
928.25,57.48,66.44,61.35,61.12,7060.28,1942.23,2318.15,0.0,0.0
928.31,57.49,66.46,61.35,61.12,7059.96,1940.5,2318.38,0.0,0.0
928.46,57.49,66.46,61.31,61.12,7059.96,1940.5,2322.07,0.0,0.0
928.52,57.47,66.47,61.33,61.12,7060.9,1940.29,2319.99,0.0,0.0
928.65,57.49,66.48,61.34,61.12,7059.96,1939.64,2319.53,0.0,0.0
928.71,57.46,66.47,61.34,61.12,7061.22,1940.07,2319.07,0.0,0.0
928.85,57.51,66.46,61.36,61.12,7059.34,1940.5,2317.69,0.0,0.0
928.92,57.49,66.47,61.33,61.12,7059.65,1940.29,2319.99,0.0,0.0
929.07,57.45,66.47,61.35,61.12,7061.53,1939.85,2318.15,0.0,0.0
929.08,57.49,66.5,61.37,61.12,7059.96,1937.91,2317.0,0.0,0.0
929.29,57.48,66.49,61.36,61.13,7060.28,1938.56,2317.46,0.0,0.0
929.3,57.45,66.48,61.37,61.13,7061.53,1939.21,2316.54,0.0,0.0
929.46,57.51,66.5,61.37,61.13,7059.34,1938.34,2316.54,0.0,0.0
929.51,57.47,66.51,61.38,61.13,7060.9,1937.69,2315.62,0.0,0.0
929.67,57.48,66.5,61.38,61.13,7060.28,1938.12,2316.31,0.0,0.0
929.73,57.45,66.51,61.38,61.13,7061.53,1937.48,2316.08,0.0,0.0
929.78,57.51,66.5,61.38,61.13,7059.02,1937.91,2316.31,0.0,0.0
929.93,57.52,66.52,61.38,61.13,7058.09,1936.61,2315.62,0.0,0.0
930.0,57.45,66.52,61.4,61.13,7062.47,1937.04,2314.46,0.0,0.0
930.14,57.45,66.5,61.38,61.13,7062.16,1938.12,2315.62,0.0,0.0
930.25,57.51,66.54,61.4,61.13,7059.34,1935.75,2314.46,0.0,0.0
930.34,57.49,66.51,61.41,61.13,7059.65,1937.26,2313.77,0.0,0.0
930.46,57.51,66.53,61.41,61.13,7059.34,1935.96,2313.77,0.0,0.0
930.56,57.48,66.52,61.39,61.13,7060.28,1936.61,2314.93,0.0,0.0
930.63,57.48,66.53,61.4,61.13,7060.59,1935.96,2314.23,0.0,0.0
930.73,57.48,66.54,61.41,61.13,7060.28,1935.53,2313.77,0.0,0.0
930.84,57.49,66.53,61.41,61.13,7059.96,1936.39,2313.54,0.0,0.0
930.94,57.46,66.53,61.42,61.13,7061.22,1936.39,2312.85,0.0,0.0
931.0,57.52,66.53,61.42,61.13,7058.09,1936.18,2313.08,0.0,0.0
931.16,57.48,66.55,61.42,61.14,7060.59,1935.1,2312.62,0.0,0.0
931.19,57.51,66.52,61.42,61.14,7059.02,1936.83,2312.62,0.0,0.0
931.34,57.48,66.54,61.43,61.14,7060.59,1935.75,2312.16,0.0,0.0
931.39,57.49,66.55,61.44,61.14,7059.65,1934.67,2310.78,0.0,0.0
931.56,57.51,66.54,61.44,61.14,7059.34,1935.31,2311.47,0.0,0.0
931.61,57.51,66.52,61.44,61.14,7059.34,1937.04,2311.24,0.0,0.0
931.79,57.49,66.55,61.44,61.14,7059.96,1935.1,2310.78,0.0,0.0
931.82,57.48,66.55,61.46,61.14,7060.28,1934.67,2309.17,0.0,0.0
931.89,57.49,66.54,61.46,61.14,7059.65,1935.31,2309.4,0.0,0.0
932.03,57.52,66.54,61.47,61.14,7058.4,1935.31,2308.71,0.0,0.0
932.13,57.53,66.56,61.46,61.14,7058.71,1934.02,2309.17,0.0,0.0
932.23,57.52,66.53,61.48,61.14,7058.09,1936.18,2307.56,0.0,0.0
932.3,57.51,66.53,61.49,61.14,7059.02,1935.96,2306.87,0.0,0.0
932.41,57.49,66.56,61.47,61.14,7059.65,1934.23,2308.25,0.0,0.0
932.52,57.53,66.54,61.49,61.14,7058.71,1935.31,2306.87,0.0,0.0
932.66,57.51,66.54,61.49,61.14,7059.02,1935.75,2306.64,0.0,0.0
932.72,57.52,66.54,61.51,61.15,7058.4,1935.53,2305.49,0.0,0.0
932.87,57.51,66.53,61.49,61.15,7059.34,1935.96,2306.64,0.0,0.0
932.91,57.52,66.55,61.5,61.15,7058.4,1934.67,2306.41,0.0,0.0
933.04,57.51,66.55,61.53,61.15,7059.34,1934.88,2303.89,0.0,0.0
933.14,57.47,66.54,61.5,61.15,7060.9,1935.53,2306.41,0.0,0.0
933.28,57.51,66.55,61.5,61.15,7059.02,1935.1,2305.95,0.0,0.0
933.3,57.47,66.53,61.49,61.15,7060.9,1935.96,2306.64,0.0,0.0
933.45,57.46,66.54,61.51,61.15,7061.22,1935.53,2305.72,0.0,0.0
933.51,57.48,66.54,61.5,61.15,7060.59,1935.75,2305.95,0.0,0.0
933.68,57.45,66.56,61.5,61.15,7062.16,1934.45,2306.41,0.0,0.0
933.73,57.51,66.55,61.51,61.15,7059.34,1935.1,2305.04,0.0,0.0
933.84,57.52,66.54,61.5,61.15,7058.4,1935.53,2306.18,0.0,0.0
933.93,57.46,66.53,61.5,61.15,7061.22,1936.18,2305.95,0.0,0.0
933.99,57.49,66.54,61.5,61.15,7059.96,1935.75,2306.41,0.0,0.0
934.13,57.43,66.55,61.51,61.15,7061.84,1934.88,2305.72,0.0,0.0
934.19,57.43,66.52,61.51,61.15,7061.84,1937.04,2305.72,0.0,0.0
934.33,57.51,66.52,61.49,61.16,7059.34,1936.61,2306.87,0.0,0.0
934.4,57.48,66.53,61.49,61.16,7060.28,1935.96,2306.64,0.0,0.0
934.55,57.48,66.56,61.47,61.16,7060.59,1934.45,2308.94,0.0,0.0
934.62,57.49,66.53,61.48,61.16,7059.96,1935.96,2308.02,0.0,0.0
934.76,57.46,66.52,61.49,61.16,7061.22,1936.83,2307.1,0.0,0.0
934.83,57.48,66.53,61.46,61.16,7060.59,1936.18,2309.63,0.0,0.0
934.98,57.47,66.53,61.45,61.16,7060.9,1936.18,2310.09,0.0,0.0
934.99,57.48,66.54,61.44,61.16,7060.28,1935.75,2311.47,0.0,0.0
935.1,57.49,66.53,61.44,61.16,7059.96,1936.18,2311.01,0.0,0.0
935.21,57.48,66.54,61.43,61.16,7060.28,1935.31,2311.7,0.0,0.0
935.37,57.48,66.54,61.42,61.16,7060.59,1935.53,2312.85,0.0,0.0
935.43,57.46,66.53,61.42,61.16,7061.22,1936.39,2313.08,0.0,0.0
935.49,57.49,66.53,61.41,61.16,7059.65,1936.18,2313.77,0.0,0.0
935.62,57.49,66.54,61.39,61.16,7059.65,1935.31,2314.93,0.0,0.0
935.72,57.47,66.54,61.42,61.16,7060.9,1935.75,2313.08,0.0,0.0
935.83,57.49,66.52,61.39,61.16,7059.65,1936.61,2315.16,0.0,0.0
935.89,57.49,66.53,61.39,61.16,7059.96,1936.39,2314.93,0.0,0.0
936.01,57.49,66.53,61.38,61.17,7059.96,1935.96,2316.31,0.0,0.0
936.16,57.48,66.53,61.38,61.17,7060.59,1936.18,2315.62,0.0,0.0
936.22,57.46,66.54,61.37,61.17,7061.22,1935.31,2317.23,0.0,0.0
936.38,57.48,66.52,61.37,61.17,7060.59,1936.83,2317.0,0.0,0.0
936.43,57.47,66.54,61.39,61.17,7060.9,1935.53,2315.16,0.0,0.0
936.49,57.45,66.54,61.36,61.17,7061.53,1935.75,2317.46,0.0,0.0
936.63,57.47,66.54,61.38,61.17,7060.9,1935.75,2316.31,0.0,0.0
936.69,57.53,66.54,61.36,61.17,7058.71,1935.53,2317.69,0.0,0.0
936.83,57.51,66.54,61.36,61.17,7059.34,1935.75,2317.69,0.0,0.0
936.9,57.48,66.51,61.35,61.17,7060.28,1937.26,2318.84,0.0,0.0
936.99,57.46,66.5,61.36,61.17,7061.22,1937.91,2317.92,0.0,0.0
937.19,57.45,66.51,61.34,61.17,7062.16,1937.69,2319.07,0.0,0.0
937.26,57.48,66.49,61.33,61.17,7060.28,1938.77,2319.76,0.0,0.0
937.38,57.45,66.52,61.34,61.17,7062.47,1936.61,2319.07,0.0,0.0
937.48,57.45,66.51,61.35,61.17,7062.16,1937.26,2318.84,0.0,0.0
937.5,57.48,66.51,61.35,61.17,7060.28,1937.48,2318.61,0.0,0.0
937.64,57.47,66.49,61.32,61.17,7060.9,1938.77,2321.14,0.0,0.0
937.73,57.47,66.46,61.34,61.17,7060.9,1940.5,2319.3,0.0,0.0
937.84,57.48,66.46,61.34,61.17,7060.59,1940.5,2319.53,0.0,0.0
937.92,57.46,66.45,61.33,61.17,7061.22,1941.15,2320.22,0.0,0.0
938.04,57.43,66.45,61.33,61.18,7062.78,1941.37,2319.99,0.0,0.0
938.12,57.43,66.43,61.31,61.18,7061.84,1942.67,2322.07,0.0,0.0
938.23,57.43,66.45,61.3,61.18,7061.84,1941.58,2322.3,0.0,0.0
938.34,57.45,66.44,61.28,61.18,7062.47,1942.02,2324.37,0.0,0.0
938.44,57.48,66.45,61.3,61.18,7060.28,1941.37,2322.76,0.0,0.0
938.54,57.4,66.44,61.3,61.18,7063.72,1942.02,2322.76,0.0,0.0
938.59,57.47,66.43,61.28,61.18,7060.9,1942.67,2323.91,0.0,0.0
938.69,57.4,66.42,61.25,61.18,7063.72,1943.32,2326.91,0.0,0.0
938.89,57.46,66.43,61.25,61.18,7061.22,1942.88,2326.91,0.0,0.0
938.93,57.45,66.43,61.27,61.18,7062.16,1942.45,2325.29,0.0,0.0
939.07,57.4,66.42,61.24,61.18,7063.72,1943.53,2327.83,0.0,0.0
939.13,57.42,66.41,61.23,61.18,7063.1,1944.18,2328.75,0.0,0.0
939.19,57.43,66.41,61.22,61.18,7062.78,1944.4,2329.21,0.0,0.0
939.29,57.47,66.41,61.22,61.18,7060.9,1944.4,2329.44,0.0,0.0
939.4,57.43,66.41,61.22,61.18,7062.78,1943.96,2329.44,0.0,0.0
939.57,57.42,66.41,61.19,61.18,7063.1,1944.4,2331.75,0.0,0.0
939.63,57.42,66.41,61.22,61.18,7063.1,1943.75,2329.44,0.0,0.0
939.77,57.45,66.41,61.23,61.18,7062.16,1944.4,2328.75,0.0,0.0
939.84,57.45,66.41,61.21,61.18,7062.16,1943.96,2330.37,0.0,0.0
939.96,57.45,66.39,61.18,61.18,7062.16,1945.26,2332.21,0.0,0.0
940.02,57.42,66.39,61.2,61.18,7063.1,1945.26,2330.83,0.0,0.0
940.14,57.43,66.39,61.19,61.18,7061.84,1945.48,2331.29,0.0,0.0
940.25,57.36,66.38,61.19,61.18,7065.29,1946.13,2331.29,0.0,0.0
940.32,57.4,66.38,61.19,61.18,7064.04,1945.91,2331.29,0.0,0.0
940.47,57.45,66.38,61.19,61.18,7062.47,1945.91,2331.98,0.0,0.0
940.53,57.48,66.37,61.17,61.18,7060.28,1946.56,2333.14,0.0,0.0
940.67,57.45,66.37,61.18,61.18,7062.47,1947.0,2332.21,0.0,0.0
940.74,57.4,66.36,61.18,61.18,7063.41,1947.43,2332.68,0.0,0.0
940.84,57.4,66.36,61.19,61.18,7063.41,1947.21,2331.98,0.0,0.0
940.92,57.4,66.34,61.17,61.18,7064.35,1948.51,2333.14,0.0,0.0
941.03,57.4,66.35,61.19,61.18,7063.41,1948.08,2331.52,0.0,0.0
941.16,57.4,66.34,61.19,61.18,7063.72,1948.94,2331.75,0.0,0.0
941.26,57.32,66.35,61.17,61.18,7067.17,1947.86,2333.6,0.0,0.0
941.32,57.45,66.34,61.18,61.18,7062.16,1948.51,2332.44,0.0,0.0
941.49,57.38,66.37,61.2,61.18,7064.98,1947.0,2331.06,0.0,0.0
941.54,57.34,66.35,61.21,61.18,7066.85,1947.86,2330.14,0.0,0.0
941.61,57.42,66.36,61.2,61.18,7063.1,1947.21,2330.83,0.0,0.0
941.75,57.4,66.36,61.2,61.18,7063.41,1947.64,2331.06,0.0,0.0
941.82,57.37,66.37,61.19,61.18,7065.91,1946.78,2331.98,0.0,0.0
941.97,57.35,66.36,61.18,61.18,7065.6,1947.64,2332.68,0.0,0.0
942.04,57.38,66.36,61.19,61.18,7064.98,1947.21,2331.52,0.0,0.0
942.14,57.4,66.38,61.19,61.18,7063.41,1945.91,2331.52,0.0,0.0
942.24,57.45,66.39,61.18,61.18,7062.47,1945.26,2332.44,0.0,0.0
942.37,57.38,66.38,61.19,61.18,7064.98,1945.91,2331.52,0.0,0.0
942.44,57.4,66.41,61.17,61.18,7064.35,1943.75,2333.6,0.0,0.0
942.54,57.4,66.39,61.16,61.18,7064.35,1945.26,2334.52,0.0,0.0
942.59,57.4,66.39,61.17,61.18,7063.72,1945.7,2332.91,0.0,0.0
942.75,57.35,66.41,61.16,61.18,7065.6,1944.18,2333.83,0.0,0.0
942.81,57.4,66.4,61.17,61.18,7064.04,1944.61,2333.14,0.0,0.0
942.97,57.4,66.39,61.16,61.17,7064.04,1945.26,2334.52,0.0,0.0
943.02,57.38,66.4,61.14,61.17,7064.66,1945.05,2335.91,0.0,0.0
943.18,57.38,66.41,61.15,61.17,7064.98,1943.75,2334.98,0.0,0.0
943.23,57.38,66.41,61.15,61.17,7064.98,1944.18,2335.22,0.0,0.0
943.3,57.38,66.43,61.14,61.17,7064.98,1942.88,2335.91,0.0,0.0
943.46,57.34,66.41,61.13,61.17,7066.54,1943.75,2336.6,0.0,0.0
943.54,57.38,66.41,61.13,61.17,7064.98,1944.18,2336.83,0.0,0.0
943.65,57.38,66.41,61.1,61.17,7064.66,1944.18,2339.37,0.0,0.0
943.72,57.4,66.41,61.11,61.17,7063.41,1943.96,2338.68,0.0,0.0
943.89,57.38,66.42,61.12,61.17,7064.98,1943.53,2337.76,0.0,0.0
943.95,57.4,66.42,61.09,61.17,7064.04,1943.53,2339.84,0.0,0.0
944.02,57.32,66.41,61.09,61.17,7067.17,1943.96,2340.07,0.0,0.0
944.18,57.4,66.42,61.07,61.17,7064.04,1943.32,2341.22,0.0,0.0
944.19,57.43,66.43,61.07,61.17,7062.78,1942.45,2341.69,0.0,0.0
944.38,57.42,66.41,61.09,61.17,7063.1,1943.96,2340.07,0.0,0.0
944.44,57.46,66.41,61.07,61.17,7061.22,1943.96,2341.22,0.0,0.0
944.51,57.43,66.41,61.08,61.17,7062.78,1943.75,2340.76,0.0,0.0
944.7,57.4,66.41,61.08,61.17,7063.41,1943.96,2340.76,0.0,0.0
944.73,57.4,66.42,61.07,61.17,7064.04,1943.32,2341.45,0.0,0.0
944.84,57.4,66.42,61.07,61.17,7064.35,1943.32,2341.22,0.0,0.0
944.96,57.48,66.41,61.07,61.17,7060.59,1943.96,2341.69,0.0,0.0
945.02,57.4,66.42,61.07,61.17,7064.35,1943.1,2341.22,0.0,0.0
945.18,57.36,66.41,61.08,61.17,7065.29,1944.18,2340.99,0.0,0.0
945.24,57.45,66.42,61.07,61.17,7062.16,1943.1,2341.69,0.0,0.0
945.4,57.45,66.42,61.07,61.17,7062.47,1943.53,2341.22,0.0,0.0
945.46,57.45,66.42,61.07,61.17,7061.53,1943.1,2341.22,0.0,0.0
945.54,57.45,66.42,61.07,61.17,7062.47,1943.32,2341.92,0.0,0.0
945.62,57.45,66.41,61.08,61.17,7062.47,1943.75,2340.53,0.0,0.0
945.78,57.43,66.42,61.07,61.17,7061.84,1943.1,2341.92,0.0,0.0
945.84,57.45,66.4,61.07,61.17,7062.16,1944.83,2341.92,0.0,0.0
945.9,57.4,66.41,61.07,61.17,7063.72,1943.96,2341.45,0.0,0.0
946.05,57.43,66.43,61.06,61.17,7062.78,1942.88,2342.38,0.0,0.0
946.11,57.43,66.42,61.06,61.17,7061.84,1943.53,2342.38,0.0,0.0
946.26,57.46,66.42,61.08,61.17,7061.22,1943.32,2340.76,0.0,0.0
946.32,57.45,66.41,61.07,61.17,7062.16,1943.96,2341.92,0.0,0.0
946.47,57.4,66.43,61.07,61.17,7063.72,1942.88,2341.69,0.0,0.0
946.55,57.42,66.4,61.08,61.17,7063.1,1944.61,2340.76,0.0,0.0
946.67,57.38,66.42,61.09,61.17,7064.66,1943.53,2340.3,0.0,0.0
946.73,57.4,66.41,61.08,61.17,7064.35,1943.75,2340.53,0.0,0.0
946.85,57.45,66.43,61.09,61.17,7062.16,1942.88,2339.61,0.0,0.0
946.93,57.45,66.43,61.09,61.17,7062.47,1942.67,2339.61,0.0,0.0
947.04,57.45,66.43,61.1,61.17,7061.53,1942.67,2339.14,0.0,0.0
947.14,57.42,66.4,61.13,61.18,7063.1,1944.83,2336.37,0.0,0.0
947.21,57.45,66.4,61.11,61.18,7062.47,1944.83,2338.22,0.0,0.0
947.36,57.43,66.4,61.1,61.18,7061.84,1944.61,2339.37,0.0,0.0
947.43,57.4,66.39,61.12,61.18,7063.72,1945.48,2337.76,0.0,0.0
947.58,57.45,66.41,61.13,61.18,7062.47,1944.18,2336.83,0.0,0.0
947.65,57.43,66.4,61.12,61.18,7061.84,1944.83,2337.29,0.0,0.0
947.75,57.45,66.4,61.13,61.18,7062.47,1944.83,2336.37,0.0,0.0
947.8,57.48,66.38,61.13,61.18,7060.59,1945.91,2336.37,0.0,0.0
947.97,57.46,66.36,61.11,61.18,7061.22,1947.43,2338.45,0.0,0.0
948.03,57.43,66.35,61.11,61.18,7062.78,1948.08,2338.68,0.0,0.0
948.18,57.43,66.37,61.12,61.18,7062.78,1946.56,2337.76,0.0,0.0
948.24,57.49,66.36,61.1,61.18,7059.65,1947.64,2339.14,0.0,0.0
948.32,57.43,66.31,61.09,61.18,7061.84,1950.68,2339.84,0.0,0.0
948.48,57.45,66.33,61.11,61.18,7061.53,1949.16,2338.45,0.0,0.0
948.55,57.45,66.32,61.09,61.18,7062.16,1950.24,2339.61,0.0,0.0
948.66,57.45,66.34,61.09,61.18,7062.16,1948.73,2339.84,0.0,0.0
948.71,57.48,66.33,61.08,61.18,7060.28,1949.59,2340.99,0.0,0.0
948.88,57.45,66.31,61.07,61.17,7062.47,1950.46,2341.69,0.0,0.0
948.92,57.45,66.31,61.08,61.17,7062.16,1950.46,2340.99,0.0,0.0
949.07,57.4,66.28,61.08,61.17,7063.41,1952.41,2340.53,0.0,0.0
949.16,57.45,66.29,61.07,61.17,7062.47,1952.19,2341.45,0.0,0.0
949.24,57.45,66.26,61.07,61.17,7061.53,1953.93,2341.69,0.0,0.0
949.35,57.43,66.28,61.06,61.17,7061.84,1952.63,2342.84,0.0,0.0
949.42,57.42,66.26,61.08,61.17,7063.1,1954.15,2340.99,0.0,0.0
949.54,57.4,66.27,61.06,61.17,7063.72,1953.49,2342.38,0.0,0.0
949.65,57.43,66.24,61.05,61.17,7062.78,1955.45,2343.07,0.0,0.0
949.78,57.42,66.28,61.06,61.17,7063.1,1952.63,2342.61,0.0,0.0
949.84,57.4,66.25,61.06,61.17,7064.35,1954.8,2342.61,0.0,0.0
949.97,57.45,66.27,61.07,61.17,7062.47,1953.49,2341.69,0.0,0.0
950.08,57.38,66.25,61.06,61.17,7064.66,1954.8,2342.38,0.0,0.0
950.13,57.43,66.24,61.07,61.17,7062.78,1955.45,2341.69,0.0,0.0
950.26,57.4,66.26,61.06,61.17,7063.72,1953.93,2342.61,0.0,0.0
950.31,57.4,66.25,61.07,61.17,7064.35,1955.01,2341.69,0.0,0.0
950.48,57.43,66.24,61.09,61.17,7061.84,1955.66,2339.84,0.0,0.0
950.53,57.4,66.24,61.06,61.17,7064.35,1955.23,2342.15,0.0,0.0
950.6,57.43,66.25,61.06,61.17,7062.78,1954.8,2342.15,0.0,0.0
950.76,57.4,66.21,61.06,61.17,7064.04,1957.18,2342.38,0.0,0.0
950.83,57.4,66.25,61.08,61.17,7064.04,1954.8,2340.53,0.0,0.0
950.99,57.37,66.24,61.06,61.17,7065.91,1955.23,2342.61,0.0,0.0
951.0,57.38,66.25,61.09,61.17,7064.66,1955.01,2339.84,0.0,0.0
951.22,57.4,66.25,61.07,61.17,7064.04,1954.8,2341.22,0.0,0.0
951.23,57.4,66.22,61.09,61.16,7064.04,1956.53,2340.07,0.0,0.0
951.34,57.38,66.23,61.1,61.16,7064.98,1956.31,2339.37,0.0,0.0
951.45,57.4,66.22,61.09,61.16,7063.41,1956.75,2340.3,0.0,0.0
951.53,57.4,66.25,61.09,61.16,7064.35,1954.8,2340.3,0.0,0.0
951.66,57.34,66.23,61.08,61.16,7066.54,1956.31,2340.53,0.0,0.0
951.71,57.36,66.22,61.09,61.16,7065.29,1956.53,2339.61,0.0,0.0
951.91,57.43,66.25,61.1,61.16,7062.78,1955.01,2339.37,0.0,0.0
951.96,57.36,66.25,61.1,61.16,7065.29,1954.8,2339.37,0.0,0.0
952.03,57.35,66.26,61.11,61.16,7065.6,1953.93,2338.68,0.0,0.0
952.19,57.37,66.25,61.1,61.16,7065.91,1955.01,2339.37,0.0,0.0
952.25,57.4,66.25,61.1,61.16,7064.04,1955.01,2338.91,0.0,0.0
952.31,57.36,66.26,61.09,61.16,7065.29,1953.93,2339.84,0.0,0.0
952.42,57.34,66.26,61.11,61.16,7066.23,1953.93,2338.22,0.0,0.0
952.59,57.4,66.26,61.1,61.16,7064.04,1953.93,2339.14,0.0,0.0
952.65,57.36,66.27,61.09,61.16,7065.29,1953.71,2339.84,0.0,0.0
952.76,57.32,66.26,61.1,61.16,7067.17,1953.93,2339.37,0.0,0.0
952.86,57.34,66.28,61.1,61.15,7066.23,1952.41,2339.14,0.0,0.0
952.98,57.4,66.26,61.11,61.15,7064.04,1954.15,2338.22,0.0,0.0
953.08,57.4,66.28,61.11,61.15,7064.04,1953.06,2338.22,0.0,0.0
953.18,57.4,66.31,61.12,61.15,7063.72,1950.89,2337.53,0.0,0.0
953.26,57.4,66.28,61.11,61.15,7063.41,1952.84,2338.68,0.0,0.0
953.33,57.36,66.28,61.12,61.15,7065.29,1952.41,2337.53,0.0,0.0
953.48,57.38,66.28,61.12,61.15,7064.66,1952.63,2337.06,0.0,0.0
953.54,57.34,66.32,61.12,61.15,7066.23,1949.81,2337.06,0.0,0.0
953.69,57.4,66.31,61.13,61.15,7063.41,1950.68,2336.83,0.0,0.0
953.74,57.4,66.3,61.11,61.15,7064.04,1951.33,2338.45,0.0,0.0
953.81,57.4,66.31,61.12,61.15,7063.41,1950.46,2337.06,0.0,0.0
953.94,57.43,66.32,61.13,61.15,7062.78,1950.24,2336.6,0.0,0.0
954.04,57.35,66.32,61.14,61.15,7065.6,1950.03,2335.91,0.0,0.0
954.14,57.4,66.32,61.15,61.15,7064.35,1949.81,2335.22,0.0,0.0
954.24,57.4,66.32,61.14,61.15,7063.72,1950.24,2335.45,0.0,0.0
954.34,57.34,66.31,61.15,61.15,7066.23,1950.46,2335.22,0.0,0.0
954.41,57.4,66.31,61.16,61.15,7064.04,1950.68,2334.06,0.0,0.0
954.55,57.4,66.33,61.16,61.15,7063.72,1949.16,2334.29,0.0,0.0
954.62,57.4,66.33,61.17,61.15,7063.41,1949.16,2333.37,0.0,0.0
954.79,57.45,66.34,61.15,61.15,7061.53,1948.51,2334.75,0.0,0.0
954.85,57.36,66.34,61.15,61.15,7065.29,1948.51,2335.22,0.0,0.0
954.93,57.4,66.34,61.14,61.15,7064.35,1948.73,2335.45,0.0,0.0
955.06,57.43,66.34,61.15,61.15,7062.78,1948.73,2335.22,0.0,0.0
955.12,57.47,66.35,61.13,61.15,7060.9,1948.29,2336.6,0.0,0.0
955.29,57.45,66.32,61.16,61.15,7061.53,1949.81,2334.06,0.0,0.0
955.36,57.4,66.34,61.16,61.15,7063.41,1948.94,2334.06,0.0,0.0
955.47,57.43,66.35,61.14,61.15,7061.84,1948.08,2335.68,0.0,0.0
955.52,57.48,66.36,61.16,61.14,7060.28,1947.64,2333.83,0.0,0.0
955.69,57.46,66.34,61.15,61.14,7061.22,1948.94,2334.98,0.0,0.0
955.74,57.47,66.35,61.14,61.14,7060.9,1948.08,2335.68,0.0,0.0
955.84,57.45,66.33,61.16,61.14,7062.47,1949.16,2334.52,0.0,0.0
955.94,57.47,66.34,61.16,61.14,7060.9,1948.94,2334.52,0.0,0.0
956.06,57.48,66.34,61.17,61.14,7060.28,1948.73,2333.6,0.0,0.0
956.16,57.49,66.33,61.16,61.14,7059.65,1949.16,2334.52,0.0,0.0
956.23,57.49,66.32,61.15,61.14,7059.96,1950.03,2334.98,0.0,0.0
956.33,57.48,66.33,61.16,61.14,7060.59,1949.38,2333.83,0.0,0.0
956.45,57.48,66.32,61.16,61.14,7060.28,1950.03,2333.83,0.0,0.0
956.55,57.51,66.33,61.16,61.14,7059.34,1949.59,2334.52,0.0,0.0
956.66,57.45,66.34,61.17,61.14,7061.53,1948.51,2333.6,0.0,0.0
956.76,57.49,66.33,61.18,61.14,7059.96,1949.38,2332.21,0.0,0.0
956.81,57.46,66.31,61.17,61.14,7061.22,1950.46,2333.14,0.0,0.0
956.96,57.49,66.31,61.17,61.14,7059.65,1950.89,2332.91,0.0,0.0
957.02,57.48,66.3,61.19,61.14,7060.59,1951.54,2331.75,0.0,0.0
957.12,57.48,66.28,61.19,61.14,7060.28,1952.41,2331.52,0.0,0.0
957.23,57.48,66.3,61.19,61.14,7060.59,1951.33,2331.98,0.0,0.0
957.38,57.48,66.28,61.2,61.14,7060.59,1952.41,2330.6,0.0,0.0
957.43,57.46,66.3,61.21,61.14,7061.22,1951.54,2329.91,0.0,0.0
957.55,57.47,66.29,61.19,61.14,7060.9,1951.98,2331.29,0.0,0.0
957.63,57.47,66.29,61.19,61.14,7060.9,1951.76,2331.98,0.0,0.0
957.79,57.49,66.3,61.21,61.14,7059.65,1951.33,2330.37,0.0,0.0
957.83,57.48,66.28,61.23,61.14,7060.28,1952.41,2328.75,0.0,0.0
957.93,57.49,66.3,61.24,61.14,7059.65,1951.54,2327.83,0.0,0.0
958.03,57.49,66.29,61.22,61.14,7059.65,1951.98,2328.98,0.0,0.0
958.16,57.52,66.32,61.23,61.14,7058.4,1950.24,2328.06,0.0,0.0
958.24,57.53,66.3,61.23,61.14,7058.71,1951.11,2328.52,0.0,0.0
958.4,57.53,66.29,61.25,61.14,7058.71,1952.19,2326.91,0.0,0.0
958.45,57.49,66.29,61.24,61.14,7059.96,1951.98,2327.83,0.0,0.0
958.51,57.51,66.29,61.26,61.14,7059.34,1951.76,2325.98,0.0,0.0
958.66,57.49,66.3,61.27,61.14,7059.96,1951.54,2325.06,0.0,0.0
958.77,57.52,66.31,61.28,61.14,7058.4,1950.46,2324.37,0.0,0.0
958.88,57.48,66.33,61.25,61.14,7060.28,1949.38,2326.68,0.0,0.0
958.95,57.49,66.29,61.27,61.14,7059.96,1951.76,2324.83,0.0,0.0
959.1,57.55,66.33,61.29,61.14,7057.46,1949.59,2323.45,0.0,0.0
959.11,57.48,66.32,61.28,61.14,7060.28,1950.03,2323.91,0.0,0.0
959.25,57.51,66.34,61.29,61.14,7059.02,1948.73,2323.45,0.0,0.0
959.38,57.53,66.33,61.29,61.14,7058.71,1949.59,2323.45,0.0,0.0
959.48,57.49,66.34,61.31,61.14,7059.65,1948.94,2321.37,0.0,0.0
959.55,57.52,66.35,61.28,61.14,7058.09,1948.29,2323.91,0.0,0.0
959.69,57.55,66.34,61.28,61.14,7057.46,1948.94,2324.37,0.0,0.0
959.75,57.51,66.36,61.29,61.14,7059.02,1947.64,2323.68,0.0,0.0
959.81,57.53,66.34,61.3,61.14,7058.71,1948.51,2322.76,0.0,0.0
959.96,57.51,66.34,61.29,61.14,7059.02,1948.73,2322.99,0.0,0.0
960.03,57.51,66.37,61.29,61.14,7059.34,1946.56,2323.22,0.0,0.0
960.19,57.53,66.37,61.3,61.14,7058.71,1946.56,2322.76,0.0,0.0
960.22,57.52,66.38,61.3,61.14,7058.4,1946.35,2322.3,0.0,0.0
960.31,57.55,66.4,61.3,61.14,7057.46,1944.83,2322.53,0.0,0.0
960.43,57.56,66.4,61.31,61.14,7056.83,1944.61,2321.83,0.0,0.0
960.59,57.54,66.38,61.28,61.13,7057.77,1946.35,2324.37,0.0,0.0
960.65,57.57,66.39,61.3,61.13,7056.52,1945.7,2322.76,0.0,0.0
960.71,57.55,66.4,61.29,61.13,7057.46,1944.61,2323.22,0.0,0.0
960.84,57.55,66.4,61.3,61.13,7057.46,1944.61,2322.3,0.0,0.0
960.99,57.55,66.41,61.3,61.13,7057.46,1944.4,2322.76,0.0,0.0
961.04,57.55,66.41,61.27,61.13,7057.46,1943.75,2325.29,0.0,0.0
961.15,57.54,66.4,61.3,61.13,7057.77,1945.05,2322.76,0.0,0.0
961.26,57.55,66.41,61.29,61.13,7057.46,1943.75,2323.45,0.0,0.0
961.33,57.54,66.44,61.28,61.13,7057.77,1942.23,2323.91,0.0,0.0
961.47,57.49,66.4,61.29,61.14,7059.96,1945.05,2323.22,0.0,0.0
961.54,57.54,66.41,61.28,61.14,7057.14,1943.96,2323.91,0.0,0.0
961.7,57.54,66.42,61.27,61.14,7057.14,1943.1,2325.06,0.0,0.0
961.71,57.54,66.41,61.29,61.14,7057.77,1944.4,2323.45,0.0,0.0
961.87,57.56,66.42,61.27,61.14,7056.83,1943.53,2324.83,0.0,0.0
961.97,57.55,66.41,61.25,61.14,7057.46,1944.18,2326.68,0.0,0.0
962.07,57.54,66.41,61.26,61.14,7057.77,1943.96,2325.52,0.0,0.0
962.12,57.55,66.41,61.27,61.14,7057.46,1943.75,2325.06,0.0,0.0
962.28,57.52,66.43,61.26,61.14,7058.09,1942.88,2326.22,0.0,0.0
962.35,57.55,66.41,61.26,61.14,7057.46,1944.18,2325.75,0.0,0.0
962.48,57.52,66.41,61.27,61.14,7058.4,1943.75,2325.29,0.0,0.0
962.55,57.54,66.42,61.26,61.14,7057.77,1943.32,2325.75,0.0,0.0
962.66,57.52,66.42,61.25,61.14,7058.09,1943.53,2326.68,0.0,0.0
962.75,57.51,66.43,61.28,61.14,7059.02,1942.67,2324.6,0.0,0.0
962.82,57.56,66.42,61.28,61.14,7056.83,1943.1,2324.37,0.0,0.0
962.96,57.57,66.45,61.25,61.14,7056.2,1941.15,2326.45,0.0,0.0
963.03,57.59,66.43,61.26,61.14,7055.89,1942.45,2325.75,0.0,0.0
963.18,57.54,66.43,61.27,61.14,7057.77,1942.67,2325.06,0.0,0.0
963.25,57.52,66.44,61.26,61.14,7058.09,1942.02,2325.98,0.0,0.0
963.36,57.53,66.45,61.28,61.14,7058.71,1941.58,2324.6,0.0,0.0
963.43,57.57,66.45,61.25,61.14,7056.52,1941.37,2326.68,0.0,0.0
963.57,57.56,66.47,61.26,61.14,7056.83,1940.29,2325.75,0.0,0.0
963.63,57.52,66.43,61.25,61.14,7058.4,1942.45,2326.91,0.0,0.0
963.81,57.52,66.45,61.24,61.14,7058.09,1941.58,2327.83,0.0,0.0
963.86,57.55,66.48,61.24,61.14,7057.46,1939.21,2327.14,0.0,0.0
963.93,57.57,66.46,61.26,61.14,7056.2,1940.5,2325.98,0.0,0.0
964.04,57.52,66.49,61.21,61.14,7058.09,1938.77,2329.68,0.0,0.0
964.15,57.52,66.47,61.23,61.14,7058.09,1940.29,2328.75,0.0,0.0
964.3,57.54,66.5,61.21,61.14,7057.77,1938.12,2329.68,0.0,0.0
964.37,57.52,66.47,61.24,61.14,7058.4,1939.85,2327.6,0.0,0.0
964.47,57.53,66.51,61.22,61.14,7058.71,1937.69,2328.98,0.0,0.0
964.53,57.52,66.51,61.23,61.14,7058.4,1937.26,2328.29,0.0,0.0
964.7,57.52,66.5,61.22,61.14,7058.4,1938.12,2329.21,0.0,0.0
964.76,57.54,66.51,61.23,61.14,7057.77,1937.48,2328.75,0.0,0.0
964.82,57.55,66.52,61.23,61.14,7057.46,1936.61,2328.52,0.0,0.0
964.93,57.54,66.52,61.24,61.14,7057.77,1936.61,2327.83,0.0,0.0
965.04,57.54,66.54,61.22,61.14,7057.77,1935.31,2329.21,0.0,0.0
965.19,57.52,66.52,61.21,61.14,7058.4,1937.04,2329.91,0.0,0.0
965.26,57.51,66.53,61.21,61.14,7059.02,1935.96,2330.14,0.0,0.0
965.4,57.52,66.52,61.22,61.14,7058.4,1936.83,2329.21,0.0,0.0
965.47,57.52,66.52,61.22,61.15,7058.4,1936.83,2329.44,0.0,0.0
965.57,57.55,66.54,61.21,61.15,7057.46,1935.75,2329.68,0.0,0.0
965.63,57.52,66.55,61.2,61.15,7058.09,1934.88,2331.06,0.0,0.0
965.78,57.54,66.54,61.23,61.15,7057.77,1935.31,2328.06,0.0,0.0
965.83,57.55,66.52,61.19,61.15,7057.46,1936.83,2331.29,0.0,0.0
965.98,57.51,66.55,61.21,61.15,7059.34,1934.88,2329.68,0.0,0.0
966.05,57.52,66.54,61.21,61.15,7058.4,1935.31,2330.14,0.0,0.0
966.15,57.51,66.52,61.21,61.15,7059.02,1936.83,2329.91,0.0,0.0
966.27,57.52,66.53,61.2,61.15,7058.09,1936.39,2330.83,0.0,0.0
966.33,57.49,66.54,61.2,61.15,7059.65,1935.75,2331.06,0.0,0.0
966.44,57.52,66.54,61.2,61.15,7058.4,1935.53,2331.06,0.0,0.0
966.54,57.52,66.51,61.21,61.15,7058.4,1937.48,2329.91,0.0,0.0
966.69,57.55,66.52,61.21,61.15,7057.46,1937.04,2329.91,0.0,0.0
966.76,57.48,66.53,61.21,61.15,7060.28,1935.96,2330.14,0.0,0.0
966.87,57.49,66.51,61.22,61.15,7059.65,1937.48,2328.98,0.0,0.0
966.98,57.49,66.51,61.2,61.15,7059.96,1937.69,2330.83,0.0,0.0
967.09,57.51,66.52,61.21,61.15,7059.34,1936.61,2330.14,0.0,0.0
967.14,57.49,66.53,61.21,61.15,7059.96,1936.39,2329.68,0.0,0.0
967.3,57.53,66.53,61.23,61.16,7058.71,1936.39,2328.29,0.0,0.0
967.35,57.51,66.56,61.21,61.16,7059.34,1934.45,2329.91,0.0,0.0
967.51,57.52,66.52,61.22,61.16,7058.09,1936.61,2329.21,0.0,0.0
967.56,57.49,66.53,61.21,61.16,7059.65,1936.39,2329.91,0.0,0.0
967.62,57.51,66.56,61.22,61.16,7059.34,1934.45,2328.98,0.0,0.0
967.77,57.54,66.54,61.25,61.16,7057.77,1935.31,2326.91,0.0,0.0
967.84,57.51,66.54,61.24,61.16,7059.34,1935.53,2327.6,0.0,0.0
967.97,57.53,66.55,61.24,61.16,7058.71,1934.88,2327.14,0.0,0.0
968.04,57.49,66.55,61.25,61.16,7059.65,1935.1,2326.91,0.0,0.0
968.13,57.54,66.54,61.26,61.16,7057.14,1935.31,2325.52,0.0,0.0
968.24,57.49,66.53,61.26,61.16,7059.65,1936.39,2326.22,0.0,0.0
968.38,57.49,66.54,61.26,61.16,7059.65,1935.53,2325.98,0.0,0.0
968.45,57.52,66.54,61.26,61.16,7058.4,1935.75,2325.75,0.0,0.0
968.54,57.49,66.54,61.25,61.16,7059.96,1935.31,2326.68,0.0,0.0
968.64,57.49,66.55,61.28,61.16,7059.96,1934.67,2324.6,0.0,0.0
968.79,57.49,66.57,61.28,61.16,7059.65,1933.8,2324.37,0.0,0.0
968.86,57.48,66.54,61.26,61.16,7060.28,1935.31,2325.98,0.0,0.0
968.97,57.48,66.55,61.27,61.16,7060.28,1934.67,2325.06,0.0,0.0
969.02,57.51,66.55,61.26,61.17,7059.34,1934.88,2325.52,0.0,0.0
969.18,57.48,66.57,61.29,61.17,7060.59,1933.59,2323.68,0.0,0.0
969.23,57.51,66.54,61.28,61.17,7059.02,1935.31,2323.91,0.0,0.0
969.39,57.47,66.55,61.3,61.17,7060.9,1934.67,2322.53,0.0,0.0
969.47,57.49,66.52,61.3,61.17,7059.96,1936.61,2322.76,0.0,0.0
969.58,57.46,66.56,61.28,61.17,7061.22,1934.02,2323.91,0.0,0.0
969.7,57.45,66.53,61.28,61.17,7062.16,1936.18,2324.37,0.0,0.0
969.77,57.53,66.55,61.3,61.17,7058.71,1934.88,2322.76,0.0,0.0
969.88,57.45,66.56,61.29,61.17,7061.53,1934.45,2322.99,0.0,0.0
969.94,57.51,66.56,61.3,61.17,7059.34,1934.02,2322.76,0.0,0.0
970.08,57.51,66.55,61.29,61.17,7059.34,1935.1,2322.99,0.0,0.0
970.16,57.46,66.57,61.31,61.17,7061.22,1933.8,2321.37,0.0,0.0
970.23,57.47,66.56,61.3,61.17,7060.9,1934.45,2322.3,0.0,0.0
970.38,57.48,66.57,61.29,61.17,7060.59,1933.37,2322.99,0.0,0.0
970.45,57.45,66.57,61.3,61.17,7062.16,1933.59,2322.53,0.0,0.0
970.59,57.49,66.57,61.3,61.17,7059.96,1933.37,2322.76,0.0,0.0
970.66,57.48,66.59,61.32,61.17,7060.59,1932.29,2321.14,0.0,0.0
970.81,57.43,66.59,61.32,61.17,7062.78,1932.07,2321.14,0.0,0.0
970.82,57.45,66.58,61.32,61.18,7061.53,1932.51,2321.14,0.0,0.0
970.99,57.47,66.58,61.32,61.18,7060.9,1932.94,2321.14,0.0,0.0
971.04,57.47,66.59,61.34,61.18,7060.9,1932.07,2319.53,0.0,0.0
971.2,57.48,66.6,61.33,61.18,7060.59,1931.64,2319.76,0.0,0.0
971.26,57.45,66.59,61.34,61.18,7061.53,1931.86,2319.53,0.0,0.0
971.32,57.45,66.6,61.33,61.18,7062.47,1931.21,2319.76,0.0,0.0
971.47,57.51,66.62,61.33,61.18,7059.34,1930.35,2319.99,0.0,0.0
971.6,57.42,66.59,61.33,61.18,7063.1,1931.86,2320.45,0.0,0.0
971.72,57.49,66.62,61.33,61.18,7059.96,1930.35,2319.76,0.0,0.0
971.87,57.45,66.59,61.35,61.18,7062.16,1932.29,2318.84,0.0,0.0
971.99,57.42,66.59,61.36,61.18,7063.1,1931.86,2317.92,0.0,0.0
972.0,57.45,66.6,61.35,61.18,7062.47,1931.64,2318.61,0.0,0.0
972.07,57.43,66.59,61.33,61.18,7062.78,1932.29,2320.45,0.0,0.0
972.18,57.43,66.61,61.33,61.18,7061.84,1930.78,2319.99,0.0,0.0
972.24,57.4,66.6,61.33,61.18,7063.41,1931.43,2319.99,0.0,0.0
972.41,57.4,66.6,61.35,61.19,7063.41,1931.64,2318.84,0.0,0.0
972.47,57.45,66.6,61.34,61.19,7062.16,1931.43,2319.53,0.0,0.0
972.53,57.43,66.59,61.32,61.19,7062.78,1931.86,2321.14,0.0,0.0
972.69,57.4,66.6,61.33,61.19,7064.04,1931.43,2319.76,0.0,0.0
972.76,57.37,66.6,61.34,61.19,7065.91,1931.64,2319.3,0.0,0.0
972.9,57.42,66.57,61.33,61.19,7063.1,1933.37,2320.22,0.0,0.0
972.92,57.42,66.6,61.32,61.19,7063.1,1931.64,2321.14,0.0,0.0
973.08,57.42,66.6,61.33,61.19,7063.1,1931.43,2320.22,0.0,0.0
973.13,57.45,66.61,61.31,61.19,7062.16,1930.78,2321.37,0.0,0.0
973.31,57.4,66.58,61.31,61.19,7063.41,1933.15,2321.83,0.0,0.0
973.36,57.4,66.58,61.31,61.19,7063.72,1932.94,2321.37,0.0,0.0
973.48,57.45,66.58,61.32,61.19,7062.47,1933.15,2320.91,0.0,0.0
973.58,57.4,66.58,61.29,61.19,7063.72,1932.51,2323.45,0.0,0.0
973.65,57.45,66.57,61.32,61.19,7061.53,1933.37,2321.14,0.0,0.0
973.8,57.42,66.6,61.3,61.19,7063.1,1931.64,2322.53,0.0,0.0
973.86,57.45,66.57,61.29,61.2,7061.53,1933.8,2323.45,0.0,0.0
973.93,57.43,66.59,61.31,61.2,7062.78,1932.29,2322.07,0.0,0.0
974.03,57.4,66.59,61.31,61.2,7063.72,1932.29,2321.37,0.0,0.0
974.16,57.45,66.59,61.31,61.2,7062.47,1931.86,2321.6,0.0,0.0
974.24,57.42,66.57,61.29,61.2,7063.1,1933.37,2322.99,0.0,0.0
974.34,57.46,66.58,61.31,61.2,7061.22,1932.51,2322.07,0.0,0.0
974.42,57.42,66.55,61.3,61.2,7063.1,1934.67,2322.3,0.0,0.0
974.59,57.46,66.57,61.3,61.2,7061.22,1933.37,2322.3,0.0,0.0
974.64,57.47,66.58,61.31,61.2,7060.9,1933.15,2321.83,0.0,0.0
974.75,57.47,66.55,61.31,61.2,7060.9,1934.88,2322.07,0.0,0.0
974.86,57.43,66.56,61.3,61.2,7062.78,1934.45,2322.53,0.0,0.0
974.93,57.47,66.56,61.3,61.2,7060.9,1934.45,2322.76,0.0,0.0
975.09,57.45,66.54,61.31,61.2,7061.53,1935.31,2321.37,0.0,0.0
975.16,57.48,66.56,61.3,61.2,7060.28,1934.45,2322.3,0.0,0.0
975.27,57.47,66.55,61.29,61.2,7060.9,1935.1,2322.99,0.0,0.0
975.33,57.48,66.54,61.3,61.2,7060.59,1935.75,2322.3,0.0,0.0
975.47,57.45,66.53,61.29,61.2,7061.53,1936.18,2322.99,0.0,0.0
975.54,57.45,66.54,61.29,61.2,7061.53,1935.75,2323.68,0.0,0.0
975.68,57.49,66.53,61.29,61.21,7059.96,1936.39,2322.99,0.0,0.0
975.73,57.48,66.53,61.3,61.21,7060.28,1936.39,2322.3,0.0,0.0
975.86,57.48,66.53,61.3,61.21,7060.59,1936.18,2322.76,0.0,0.0
976.01,57.46,66.53,61.3,61.21,7061.22,1935.96,2322.3,0.0,0.0
976.06,57.46,66.52,61.31,61.21,7061.22,1936.61,2322.07,0.0,0.0
976.17,57.48,66.54,61.29,61.21,7060.28,1935.75,2322.99,0.0,0.0
976.23,57.49,66.54,61.31,61.21,7059.65,1935.75,2322.07,0.0,0.0
976.36,57.51,66.55,61.33,61.21,7059.34,1935.1,2320.45,0.0,0.0
976.43,57.47,66.53,61.31,61.21,7060.9,1935.96,2321.37,0.0,0.0
976.59,57.51,66.52,61.31,61.21,7059.02,1936.61,2321.6,0.0,0.0
976.66,57.47,66.52,61.32,61.21,7060.9,1936.61,2321.14,0.0,0.0
976.81,57.51,66.53,61.31,61.21,7059.34,1936.18,2322.07,0.0,0.0
976.86,57.53,66.55,61.32,61.21,7058.71,1934.88,2321.14,0.0,0.0
977.03,57.47,66.53,61.32,61.21,7060.9,1936.39,2321.14,0.0,0.0
977.1,57.51,66.54,61.31,61.21,7059.02,1935.53,2322.07,0.0,0.0
977.21,57.52,66.56,61.3,61.21,7058.09,1934.23,2322.3,0.0,0.0
977.26,57.51,66.54,61.31,61.21,7059.34,1935.31,2322.07,0.0,0.0
977.38,57.49,66.56,61.31,61.21,7059.65,1934.45,2321.83,0.0,0.0
977.47,57.49,66.56,61.31,61.21,7059.96,1934.45,2321.83,0.0,0.0
977.53,57.49,66.54,61.32,61.21,7059.65,1935.75,2320.68,0.0,0.0
977.67,57.51,66.56,61.31,61.21,7059.34,1934.45,2321.6,0.0,0.0
977.74,57.48,66.54,61.32,61.21,7060.28,1935.31,2320.91,0.0,0.0
977.89,57.49,66.57,61.3,61.21,7059.65,1933.59,2322.53,0.0,0.0
977.96,57.48,66.55,61.31,61.21,7060.28,1934.88,2321.37,0.0,0.0
978.11,57.51,66.55,61.31,61.21,7059.34,1934.88,2321.83,0.0,0.0
978.14,57.49,66.55,61.33,61.21,7059.65,1934.67,2320.45,0.0,0.0
978.28,57.51,66.54,61.3,61.21,7059.34,1935.53,2322.3,0.0,0.0
978.37,57.51,66.56,61.33,61.21,7059.34,1934.45,2319.76,0.0,0.0
978.51,57.51,66.58,61.31,61.22,7059.02,1932.94,2321.37,0.0,0.0
978.57,57.48,66.54,61.34,61.22,7060.28,1935.31,2319.3,0.0,0.0
978.63,57.49,66.54,61.35,61.22,7059.96,1935.75,2318.38,0.0,0.0
978.77,57.46,66.51,61.34,61.22,7061.22,1937.48,2319.07,0.0,0.0
978.88,57.48,66.53,61.34,61.22,7060.59,1935.96,2319.07,0.0,0.0
978.96,57.48,66.54,61.34,61.22,7060.28,1935.53,2319.3,0.0,0.0
979.06,57.49,66.54,61.34,61.22,7059.96,1935.31,2319.07,0.0,0.0
979.21,57.48,66.52,61.36,61.22,7060.28,1936.61,2317.69,0.0,0.0
979.27,57.49,66.53,61.36,61.22,7059.65,1936.18,2317.46,0.0,0.0
979.37,57.49,66.54,61.35,61.22,7059.65,1935.53,2318.15,0.0,0.0
979.42,57.51,66.54,61.35,61.22,7059.34,1935.31,2318.38,0.0,0.0
979.59,57.51,66.53,61.35,61.22,7059.34,1935.96,2318.15,0.0,0.0
979.64,57.53,66.52,61.35,61.22,7058.71,1936.83,2318.38,0.0,0.0
979.8,57.51,66.55,61.37,61.22,7059.02,1934.88,2317.23,0.0,0.0
979.85,57.51,66.55,61.36,61.22,7059.34,1935.1,2317.92,0.0,0.0
979.97,57.51,66.54,61.37,61.22,7059.34,1935.31,2316.54,0.0,0.0
980.07,57.51,66.53,61.36,61.22,7059.02,1936.39,2317.69,0.0,0.0
980.14,57.52,66.54,61.34,61.22,7058.09,1935.75,2319.07,0.0,0.0
980.3,57.57,66.56,61.35,61.22,7056.52,1934.45,2318.15,0.0,0.0
980.36,57.54,66.55,61.36,61.22,7057.77,1934.67,2317.46,0.0,0.0
980.5,57.51,66.54,61.35,61.22,7059.02,1935.31,2318.84,0.0,0.0
980.57,57.52,66.53,61.35,61.22,7058.4,1935.96,2318.15,0.0,0.0
980.68,57.52,66.55,61.37,61.22,7058.4,1934.88,2316.77,0.0,0.0
980.78,57.54,66.57,61.37,61.22,7057.14,1933.37,2317.0,0.0,0.0
980.9,57.54,66.55,61.37,61.22,7057.77,1934.88,2316.54,0.0,0.0
980.95,57.54,66.54,61.37,61.22,7057.77,1935.31,2316.54,0.0,0.0
981.11,57.52,66.55,61.36,61.22,7058.4,1935.1,2317.46,0.0,0.0
981.17,57.52,66.55,61.37,61.22,7058.09,1935.1,2316.77,0.0,0.0
981.23,57.56,66.56,61.37,61.22,7056.83,1934.23,2316.54,0.0,0.0
981.38,57.54,66.58,61.37,61.22,7057.14,1933.15,2316.77,0.0,0.0
981.45,57.52,66.55,61.38,61.22,7058.09,1934.88,2316.08,0.0,0.0
981.59,57.56,66.57,61.37,61.23,7056.83,1933.59,2317.0,0.0,0.0
981.66,57.57,66.55,61.38,61.23,7056.2,1934.88,2316.08,0.0,0.0
981.81,57.54,66.58,61.39,61.23,7057.14,1933.15,2315.39,0.0,0.0
981.88,57.56,66.58,61.38,61.23,7056.83,1933.15,2315.62,0.0,0.0
981.99,57.57,66.58,61.37,61.23,7056.2,1932.94,2317.0,0.0,0.0
982.04,57.56,66.58,61.39,61.23,7056.83,1932.94,2314.93,0.0,0.0
982.21,57.57,66.56,61.39,61.23,7056.52,1934.45,2315.39,0.0,0.0
982.26,57.54,66.59,61.37,61.23,7057.14,1932.07,2316.54,0.0,0.0
982.36,57.57,66.61,61.4,61.23,7056.2,1930.99,2314.69,0.0,0.0
982.45,57.54,66.59,61.42,61.23,7057.14,1932.07,2312.62,0.0,0.0
982.55,57.56,66.59,61.39,61.23,7056.83,1932.29,2315.39,0.0,0.0
982.66,57.54,66.58,61.39,61.23,7057.14,1932.72,2314.93,0.0,0.0
982.79,57.55,66.59,61.39,61.23,7057.46,1932.07,2315.16,0.0,0.0
982.87,57.6,66.58,61.41,61.23,7055.27,1932.51,2313.77,0.0,0.0
983.03,57.63,66.6,61.4,61.23,7053.7,1931.43,2314.0,0.0,0.0
983.07,57.6,66.6,61.39,61.23,7054.95,1931.64,2315.16,0.0,0.0
983.14,57.6,66.63,61.4,61.23,7055.27,1929.7,2314.0,0.0,0.0
983.3,57.6,66.58,61.41,61.23,7054.95,1933.15,2313.77,0.0,0.0
983.37,57.6,66.59,61.39,61.23,7054.95,1932.29,2314.93,0.0,0.0
983.48,57.59,66.62,61.41,61.23,7055.58,1930.13,2313.77,0.0,0.0
983.53,57.57,66.6,61.41,61.23,7056.2,1931.21,2313.77,0.0,0.0
983.67,57.6,66.61,61.4,61.23,7054.95,1930.78,2314.0,0.0,0.0
983.74,57.61,66.6,61.41,61.23,7054.64,1931.43,2313.54,0.0,0.0
983.85,57.66,66.6,61.41,61.23,7052.76,1931.43,2313.31,0.0,0.0
983.95,57.62,66.6,61.41,61.23,7054.33,1931.43,2313.77,0.0,0.0
984.12,57.62,66.61,61.41,61.24,7054.33,1930.78,2313.54,0.0,0.0
984.17,57.6,66.63,61.41,61.24,7055.27,1929.48,2313.77,0.0,0.0
984.23,57.62,66.61,61.41,61.24,7054.33,1930.78,2313.54,0.0,0.0
984.39,57.6,66.61,61.42,61.24,7054.95,1930.78,2312.62,0.0,0.0
984.45,57.65,66.61,61.43,61.24,7053.07,1930.78,2311.7,0.0,0.0
984.55,57.6,66.62,61.42,61.24,7055.27,1929.91,2312.62,0.0,0.0
984.71,57.6,66.63,61.42,61.24,7054.95,1929.48,2312.62,0.0,0.0
984.82,57.61,66.62,61.44,61.24,7054.64,1930.35,2311.01,0.0,0.0
984.83,57.57,66.63,61.43,61.24,7056.2,1929.27,2311.7,0.0,0.0
985.01,57.59,66.63,61.42,61.24,7055.89,1929.7,2312.62,0.0,0.0
985.04,57.57,66.64,61.43,61.24,7056.52,1928.62,2311.7,0.0,0.0
985.19,57.61,66.62,61.43,61.24,7054.64,1929.91,2311.7,0.0,0.0
985.24,57.63,66.65,61.43,61.24,7053.7,1928.4,2312.16,0.0,0.0
985.38,57.62,66.62,61.44,61.24,7054.01,1930.13,2311.24,0.0,0.0
985.48,57.68,66.63,61.45,61.24,7051.82,1929.27,2310.32,0.0,0.0
985.55,57.63,66.66,61.45,61.24,7053.39,1927.76,2310.55,0.0,0.0
985.71,57.62,66.64,61.44,61.24,7054.01,1928.83,2310.78,0.0,0.0
985.78,57.59,66.64,61.46,61.24,7055.58,1928.62,2309.17,0.0,0.0
985.89,57.61,66.65,61.48,61.24,7054.64,1928.4,2308.02,0.0,0.0
986.0,57.63,66.65,61.48,61.24,7053.39,1928.4,2308.02,0.0,0.0
986.09,57.61,66.65,61.47,61.25,7054.64,1927.97,2308.71,0.0,0.0
986.15,57.66,66.67,61.47,61.25,7052.76,1926.68,2308.94,0.0,0.0
986.3,57.63,66.68,61.47,61.25,7053.39,1926.46,2308.71,0.0,0.0
986.35,57.6,66.66,61.47,61.25,7055.27,1927.32,2308.25,0.0,0.0
986.53,57.61,66.66,61.46,61.25,7054.64,1927.54,2309.4,0.0,0.0
986.58,57.62,66.7,61.47,61.25,7054.01,1924.95,2308.48,0.0,0.0
986.69,57.62,66.69,61.48,61.25,7054.33,1925.6,2307.56,0.0,0.0
986.79,57.62,66.7,61.49,61.25,7054.01,1924.95,2307.1,0.0,0.0
986.86,57.63,66.71,61.5,61.25,7053.39,1924.52,2306.41,0.0,0.0
987.01,57.63,66.7,61.48,61.25,7053.39,1924.95,2308.02,0.0,0.0
987.13,57.68,66.72,61.47,61.25,7051.51,1923.44,2308.71,0.0,0.0
987.18,57.66,66.72,61.47,61.25,7052.76,1923.87,2308.48,0.0,0.0
987.28,57.63,66.7,61.49,61.25,7053.39,1924.95,2307.33,0.0,0.0
987.34,57.62,66.71,61.49,61.25,7054.33,1924.52,2307.1,0.0,0.0
987.45,57.61,66.72,61.48,61.25,7054.64,1923.44,2308.02,0.0,0.0
987.56,57.6,66.71,61.49,61.25,7055.27,1924.52,2307.1,0.0,0.0
987.66,57.63,66.74,61.49,61.26,7053.39,1922.58,2307.33,0.0,0.0
987.77,57.68,66.72,61.48,61.26,7051.19,1923.87,2308.02,0.0,0.0
987.87,57.68,66.74,61.48,61.26,7051.19,1922.15,2308.02,0.0,0.0
987.94,57.68,66.72,61.48,61.26,7052.13,1923.66,2308.02,0.0,0.0
988.11,57.6,66.74,61.47,61.26,7054.95,1922.36,2308.94,0.0,0.0
988.17,57.6,66.73,61.46,61.26,7054.95,1923.01,2309.17,0.0,0.0
988.32,57.6,66.74,61.47,61.26,7055.27,1922.15,2308.94,0.0,0.0
988.37,57.66,66.76,61.46,61.26,7052.76,1921.28,2309.4,0.0,0.0
988.49,57.63,66.73,61.47,61.26,7053.7,1923.22,2308.48,0.0,0.0
988.59,57.59,66.74,61.48,61.26,7055.89,1922.36,2308.02,0.0,0.0
988.7,57.61,66.73,61.47,61.26,7054.64,1923.22,2308.48,0.0,0.0
988.81,57.62,66.75,61.47,61.26,7054.33,1921.93,2308.25,0.0,0.0
988.92,57.61,66.75,61.47,61.27,7054.64,1921.71,2308.25,0.0,0.0
988.97,57.63,66.77,61.48,61.27,7053.7,1920.21,2308.02,0.0,0.0
989.03,57.62,66.73,61.48,61.27,7054.33,1923.22,2307.56,0.0,0.0
989.18,57.66,66.73,61.47,61.27,7052.76,1923.22,2308.71,0.0,0.0
989.25,57.68,66.75,61.47,61.27,7051.82,1921.93,2308.48,0.0,0.0
989.39,57.65,66.75,61.49,61.27,7053.07,1921.71,2307.1,0.0,0.0
989.51,57.65,66.73,61.49,61.27,7053.07,1923.22,2306.87,0.0,0.0
989.6,57.62,66.74,61.5,61.27,7054.33,1922.36,2306.18,0.0,0.0
989.67,57.59,66.76,61.49,61.27,7055.89,1921.28,2306.64,0.0,0.0
989.81,57.62,66.74,61.48,61.27,7054.33,1922.36,2307.79,0.0,0.0
989.88,57.62,66.73,61.48,61.27,7054.01,1922.79,2307.56,0.0,0.0
990.02,57.68,66.75,61.5,61.28,7051.51,1921.71,2305.95,0.0,0.0
990.06,57.68,66.72,61.51,61.28,7051.19,1923.66,2305.49,0.0,0.0
990.2,57.66,66.71,61.5,61.28,7052.76,1924.09,2306.41,0.0,0.0
990.25,57.68,66.71,61.51,61.28,7051.19,1924.09,2305.26,0.0,0.0
990.36,57.68,66.68,61.5,61.28,7051.82,1926.24,2306.18,0.0,0.0
990.47,57.63,66.72,61.49,61.28,7053.39,1923.66,2306.64,0.0,0.0
990.57,57.62,66.7,61.53,61.28,7054.01,1924.73,2304.12,0.0,0.0
990.67,57.68,66.69,61.51,61.28,7051.51,1925.6,2305.72,0.0,0.0
990.74,57.68,66.69,61.51,61.28,7052.45,1925.81,2305.72,0.0,0.0
990.84,57.68,66.7,61.52,61.28,7051.19,1925.17,2304.81,0.0,0.0
990.95,57.68,66.71,61.49,61.28,7051.82,1924.3,2306.64,0.0,0.0
991.1,57.68,66.67,61.51,61.28,7052.13,1926.89,2305.72,0.0,0.0
991.17,57.68,66.68,61.51,61.28,7052.45,1926.03,2305.72,0.0,0.0
991.32,57.62,66.68,61.51,61.29,7054.01,1926.24,2305.49,0.0,0.0
991.39,57.66,66.69,61.51,61.29,7052.76,1925.38,2305.04,0.0,0.0
991.49,57.68,66.66,61.49,61.29,7051.82,1927.32,2307.1,0.0,0.0
991.55,57.62,66.67,61.51,61.29,7054.01,1926.68,2305.04,0.0,0.0
991.7,57.68,66.66,61.51,61.29,7052.13,1927.76,2305.72,0.0,0.0
991.76,57.66,66.64,61.51,61.29,7052.76,1928.83,2305.26,0.0,0.0
991.93,57.7,66.68,61.51,61.29,7050.25,1926.03,2305.49,0.0,0.0
991.98,57.68,66.67,61.5,61.29,7051.51,1926.89,2305.95,0.0,0.0
992.05,57.68,66.67,61.5,61.29,7052.13,1927.11,2306.41,0.0,0.0
992.19,57.68,66.68,61.48,61.29,7052.13,1926.46,2308.02,0.0,0.0
992.25,57.68,66.69,61.51,61.29,7052.13,1925.81,2305.04,0.0,0.0
992.39,57.7,66.68,61.5,61.29,7050.57,1926.24,2305.95,0.0,0.0
992.46,57.68,66.68,61.49,61.29,7051.19,1926.03,2306.64,0.0,0.0
992.62,57.68,66.65,61.49,61.29,7052.13,1928.19,2306.64,0.0,0.0
992.68,57.68,66.66,61.49,61.29,7052.13,1927.54,2306.87,0.0,0.0
992.82,57.68,66.66,61.51,61.29,7051.51,1927.76,2305.49,0.0,0.0
992.89,57.72,66.67,61.49,61.29,7049.63,1927.11,2306.87,0.0,0.0
993.01,57.74,66.66,61.5,61.3,7049.32,1927.54,2305.95,0.0,0.0
993.07,57.62,66.67,61.5,61.3,7054.01,1926.89,2306.41,0.0,0.0
993.18,57.68,66.67,61.51,61.3,7051.51,1927.11,2305.26,0.0,0.0
993.24,57.68,66.67,61.51,61.3,7051.51,1926.68,2305.49,0.0,0.0
993.35,57.7,66.65,61.52,61.3,7050.57,1928.4,2304.35,0.0,0.0
993.45,57.68,66.68,61.52,61.3,7052.45,1926.46,2304.58,0.0,0.0
993.56,57.68,66.66,61.51,61.3,7051.82,1927.54,2305.26,0.0,0.0
993.67,57.68,66.65,61.52,61.3,7051.51,1927.97,2304.81,0.0,0.0
993.82,57.68,66.66,61.53,61.3,7052.45,1927.54,2303.66,0.0,0.0
993.88,57.65,66.67,61.52,61.3,7053.07,1926.89,2304.35,0.0,0.0
993.99,57.68,66.64,61.52,61.3,7051.19,1928.83,2304.35,0.0,0.0
994.1,57.65,66.66,61.54,61.3,7053.07,1927.54,2303.2,0.0,0.0
994.15,57.7,66.67,61.52,61.3,7050.57,1927.11,2304.35,0.0,0.0
994.3,57.62,66.64,61.54,61.3,7054.01,1928.83,2302.74,0.0,0.0
994.34,57.68,66.65,61.52,61.3,7051.51,1928.19,2304.58,0.0,0.0
994.47,57.66,66.67,61.52,61.3,7052.76,1926.68,2304.35,0.0,0.0
994.56,57.68,66.64,61.53,61.3,7051.19,1928.83,2303.43,0.0,0.0
994.72,57.66,66.65,61.53,61.3,7052.76,1927.97,2303.43,0.0,0.0
994.76,57.7,66.66,61.54,61.3,7050.25,1927.76,2303.2,0.0,0.0
994.87,57.7,66.67,61.54,61.3,7050.88,1927.11,2303.2,0.0,0.0
994.98,57.7,66.65,61.53,61.3,7050.88,1927.97,2303.43,0.0,0.0
995.06,57.62,66.65,61.54,61.3,7054.01,1928.19,2302.74,0.0,0.0
995.17,57.68,66.65,61.56,61.31,7052.13,1928.4,2301.59,0.0,0.0
995.29,57.62,66.63,61.56,61.31,7054.01,1929.27,2301.36,0.0,0.0
995.4,57.66,66.65,61.55,61.31,7052.76,1927.97,2302.28,0.0,0.0
995.57,57.72,66.66,61.54,61.31,7049.94,1927.54,2302.51,0.0,0.0
995.62,57.68,66.65,61.56,61.31,7051.19,1928.4,2301.36,0.0,0.0
995.68,57.66,66.65,61.56,61.31,7052.76,1928.4,2300.9,0.0,0.0
995.82,57.68,66.64,61.57,61.31,7052.13,1928.83,2300.44,0.0,0.0
995.89,57.72,66.64,61.56,61.31,7049.94,1929.05,2301.59,0.0,0.0
995.99,57.68,66.63,61.57,61.31,7052.45,1929.27,2300.44,0.0,0.0
996.05,57.63,66.64,61.57,61.31,7053.7,1929.05,2300.21,0.0,0.0
996.16,57.68,66.65,61.56,61.31,7052.13,1928.4,2301.36,0.0,0.0
996.26,57.63,66.64,61.57,61.31,7053.39,1929.05,2300.44,0.0,0.0
996.42,57.68,66.65,61.56,61.31,7052.45,1928.4,2301.36,0.0,0.0
996.47,57.68,66.6,61.57,61.31,7051.82,1931.43,2300.44,0.0,0.0
996.58,57.61,66.61,61.56,61.31,7054.64,1930.78,2301.36,0.0,0.0
996.69,57.7,66.61,61.57,61.31,7050.57,1930.99,2300.67,0.0,0.0
996.81,57.65,66.61,61.56,61.31,7053.07,1930.78,2301.59,0.0,0.0
996.91,57.62,66.61,61.57,61.31,7054.01,1930.99,2300.21,0.0,0.0
996.97,57.68,66.63,61.55,61.31,7052.13,1929.7,2302.05,0.0,0.0
997.11,57.66,66.64,61.57,61.31,7052.76,1929.05,2300.67,0.0,0.0
997.19,57.72,66.62,61.55,61.31,7049.94,1930.35,2302.05,0.0,0.0
997.32,57.68,66.62,61.55,61.31,7052.45,1930.13,2302.05,0.0,0.0
997.39,57.66,66.61,61.55,61.31,7052.76,1930.78,2302.05,0.0,0.0
997.5,57.7,66.62,61.54,61.31,7050.88,1930.13,2303.2,0.0,0.0
997.57,57.68,66.64,61.53,61.31,7052.13,1929.05,2303.66,0.0,0.0
997.74,57.6,66.6,61.53,61.31,7055.27,1931.64,2303.66,0.0,0.0
997.79,57.63,66.63,61.52,61.31,7053.39,1929.7,2304.35,0.0,0.0
997.85,57.68,66.65,61.53,61.31,7051.51,1927.97,2303.89,0.0,0.0
998.01,57.7,66.63,61.53,61.31,7050.25,1929.27,2303.43,0.0,0.0
998.08,57.68,66.65,61.53,61.31,7051.82,1928.19,2303.43,0.0,0.0
998.22,57.68,66.62,61.54,61.31,7051.82,1930.13,2302.51,0.0,0.0
998.29,57.68,66.61,61.53,61.31,7051.82,1930.99,2304.12,0.0,0.0
998.34,57.68,66.63,61.53,61.31,7051.19,1929.27,2303.66,0.0,0.0
998.51,57.68,66.62,61.52,61.31,7052.13,1930.13,2304.58,0.0,0.0
998.58,57.66,66.65,61.54,61.31,7052.76,1928.19,2303.2,0.0,0.0
998.66,57.62,66.63,61.52,61.32,7054.01,1929.7,2304.81,0.0,0.0
998.81,57.68,66.64,61.51,61.32,7052.13,1928.62,2305.49,0.0,0.0
998.86,57.63,66.69,61.53,61.32,7053.7,1925.81,2304.12,0.0,0.0
999.03,57.7,66.64,61.5,61.32,7050.88,1928.83,2305.95,0.0,0.0
999.08,57.66,66.67,61.52,61.32,7052.76,1926.68,2304.81,0.0,0.0
999.15,57.68,66.65,61.51,61.32,7051.82,1928.19,2305.49,0.0,0.0
999.26,57.7,66.66,61.52,61.32,7050.88,1927.54,2304.35,0.0,0.0
999.36,57.68,66.66,61.5,61.32,7051.51,1927.32,2306.18,0.0,0.0
999.51,57.63,66.64,61.49,61.32,7053.39,1929.05,2306.87,0.0,0.0
999.58,57.62,66.64,61.5,61.32,7054.33,1929.05,2306.41,0.0,0.0
999.74,57.63,66.64,61.47,61.32,7053.7,1929.05,2308.48,0.0,0.0
999.75,57.63,66.65,61.5,61.32,7053.39,1928.19,2306.18,0.0,0.0
999.91,57.68,66.63,61.48,61.32,7052.13,1929.48,2307.79,0.0,0.0
999.96,57.68,66.66,61.46,61.32,7052.45,1927.54,2309.17,0.0,0.0
1000.13,57.68,66.64,61.45,61.32,7051.19,1928.62,2309.86,0.0,0.0
1000.18,57.68,66.68,61.46,61.32,7052.13,1926.03,2309.17,0.0,0.0
1000.24,57.68,66.66,61.47,61.32,7052.45,1927.76,2308.48,0.0,0.0
1000.39,57.66,66.65,61.49,61.32,7052.76,1928.19,2307.33,0.0,0.0
1000.46,57.63,66.68,61.47,61.32,7053.7,1926.24,2308.48,0.0,0.0
1000.61,57.68,66.65,61.47,61.32,7051.82,1928.4,2308.94,0.0,0.0
1000.68,57.68,66.68,61.47,61.32,7052.13,1926.24,2308.48,0.0,0.0
1000.82,57.6,66.68,61.45,61.32,7054.95,1926.46,2310.09,0.0,0.0
1000.94,57.62,66.68,61.45,61.32,7054.33,1926.46,2309.86,0.0,0.0
1000.99,57.68,66.69,61.43,61.32,7052.45,1925.38,2311.93,0.0,0.0
1001.09,57.72,66.69,61.44,61.32,7049.63,1925.81,2311.24,0.0,0.0
1001.21,57.65,66.66,61.43,61.32,7053.07,1927.32,2311.7,0.0,0.0
1001.28,57.68,66.65,61.44,61.32,7051.51,1928.4,2311.47,0.0,0.0
1001.42,57.7,66.69,61.43,61.32,7050.25,1925.81,2311.7,0.0,0.0
1001.48,57.62,66.66,61.42,61.32,7054.01,1927.54,2313.08,0.0,0.0
1001.63,57.68,66.7,61.43,61.32,7052.13,1925.17,2312.16,0.0,0.0
1001.7,57.68,66.65,61.43,61.32,7052.13,1928.19,2312.16,0.0,0.0
1001.8,57.65,66.67,61.43,61.32,7053.07,1926.89,2311.93,0.0,0.0
1001.91,57.62,66.69,61.43,61.32,7054.33,1925.81,2311.7,0.0,0.0
1002.01,57.63,66.67,61.42,61.33,7053.39,1926.68,2312.62,0.0,0.0
1002.07,57.6,66.68,61.42,61.33,7055.27,1926.03,2312.39,0.0,0.0
1002.22,57.61,66.68,61.44,61.33,7054.64,1926.03,2311.24,0.0,0.0
1002.3,57.63,66.66,61.42,61.33,7053.7,1927.32,2312.39,0.0,0.0
1002.47,57.61,66.66,61.42,61.33,7054.64,1927.32,2312.85,0.0,0.0
1002.48,57.59,66.63,61.43,61.33,7055.89,1929.48,2311.93,0.0,0.0
1002.54,57.62,66.64,61.43,61.33,7054.01,1928.62,2312.16,0.0,0.0
1002.69,57.62,66.67,61.4,61.33,7054.01,1926.89,2314.23,0.0,0.0
1002.76,57.63,66.65,61.42,61.33,7053.39,1928.19,2312.62,0.0,0.0
1002.88,57.63,66.65,61.42,61.33,7053.7,1928.19,2312.39,0.0,0.0
1002.95,57.62,66.66,61.42,61.33,7054.01,1927.76,2312.39,0.0,0.0
1003.08,57.62,66.66,61.42,61.33,7054.01,1927.76,2312.39,0.0,0.0
1003.19,57.61,66.67,61.43,61.33,7054.64,1927.11,2312.16,0.0,0.0
1003.27,57.6,66.64,61.42,61.33,7055.27,1928.62,2313.08,0.0,0.0
1003.36,57.68,66.67,61.42,61.33,7051.19,1927.11,2312.62,0.0,0.0
1003.51,57.59,66.7,61.4,61.33,7055.89,1924.73,2314.23,0.0,0.0
1003.58,57.6,66.67,61.41,61.33,7054.95,1926.89,2313.54,0.0,0.0
1003.74,57.6,66.69,61.42,61.33,7055.27,1925.6,2312.62,0.0,0.0
1003.76,57.62,66.67,61.41,61.33,7054.33,1926.89,2313.31,0.0,0.0
1003.93,57.59,66.67,61.42,61.33,7055.58,1926.89,2312.62,0.0,0.0
1004.0,57.6,66.68,61.44,61.33,7055.27,1926.24,2311.01,0.0,0.0
1004.12,57.62,66.67,61.42,61.33,7054.33,1926.89,2312.85,0.0,0.0
1004.2,57.61,66.66,61.44,61.33,7054.64,1927.54,2311.24,0.0,0.0
1004.31,57.59,66.65,61.43,61.33,7055.89,1928.4,2311.7,0.0,0.0
1004.36,57.62,66.67,61.42,61.33,7054.33,1926.68,2312.39,0.0,0.0
1004.51,57.6,66.67,61.41,61.33,7055.27,1926.68,2313.54,0.0,0.0
1004.58,57.59,66.67,61.42,61.33,7055.58,1926.68,2312.62,0.0,0.0
1004.72,57.57,66.7,61.42,61.33,7056.52,1924.95,2313.08,0.0,0.0
1004.78,57.59,66.66,61.44,61.33,7055.89,1927.54,2311.24,0.0,0.0
1004.89,57.59,66.67,61.44,61.33,7055.58,1926.89,2311.01,0.0,0.0
1004.99,57.6,66.67,61.44,61.33,7055.27,1926.89,2311.47,0.0,0.0
1005.06,57.59,66.68,61.43,61.34,7055.89,1926.46,2311.7,0.0,0.0
1005.2,57.55,66.67,61.44,61.34,7057.46,1926.89,2311.24,0.0,0.0
1005.27,57.57,66.67,61.45,61.34,7056.52,1927.11,2310.09,0.0,0.0
1005.38,57.57,66.68,61.44,61.34,7056.52,1926.46,2311.47,0.0,0.0
1005.5,57.54,66.7,61.45,61.34,7057.77,1924.73,2310.55,0.0,0.0
1005.6,57.6,66.69,61.45,61.34,7055.27,1925.6,2310.55,0.0,0.0
1005.71,57.59,66.68,61.43,61.34,7055.89,1926.24,2311.93,0.0,0.0
1005.78,57.59,66.67,61.43,61.34,7055.89,1926.68,2312.16,0.0,0.0
1005.87,57.59,66.68,61.47,61.34,7055.58,1926.46,2308.71,0.0,0.0
1006.04,57.6,66.65,61.45,61.34,7055.27,1928.19,2310.55,0.0,0.0
1006.08,57.59,66.69,61.45,61.34,7055.58,1925.6,2310.55,0.0,0.0
1006.15,57.6,66.68,61.45,61.34,7055.27,1926.24,2309.86,0.0,0.0
1006.3,57.59,66.7,61.47,61.34,7055.58,1925.17,2308.94,0.0,0.0
1006.4,57.54,66.68,61.45,61.34,7057.14,1926.24,2309.86,0.0,0.0
1006.52,57.62,66.7,61.47,61.34,7054.33,1924.73,2308.48,0.0,0.0
1006.64,57.57,66.68,61.45,61.34,7056.2,1926.03,2310.32,0.0,0.0
1006.75,57.56,66.66,61.47,61.34,7056.83,1927.54,2308.25,0.0,0.0
1006.76,57.55,66.71,61.47,61.34,7057.46,1924.3,2308.48,0.0,0.0
1006.91,57.59,66.7,61.46,61.34,7055.89,1924.95,2309.17,0.0,0.0
1007.01,57.59,66.69,61.45,61.34,7055.89,1925.81,2309.86,0.0,0.0
1007.12,57.54,66.69,61.47,61.34,7057.14,1925.6,2308.48,0.0,0.0
1007.16,57.57,66.69,61.45,61.34,7056.2,1925.38,2309.86,0.0,0.0
1007.33,57.54,66.68,61.48,61.34,7057.14,1926.46,2307.56,0.0,0.0
1007.37,57.57,66.7,61.49,61.34,7056.52,1925.17,2307.33,0.0,0.0
1007.48,57.57,66.71,61.45,61.34,7056.2,1924.09,2310.32,0.0,0.0
1007.58,57.6,66.72,61.48,61.34,7054.95,1923.66,2308.02,0.0,0.0
1007.65,57.57,66.72,61.46,61.34,7056.52,1923.66,2309.17,0.0,0.0
1007.79,57.54,66.7,61.45,61.34,7057.14,1925.17,2310.32,0.0,0.0
1007.86,57.57,66.7,61.46,61.34,7056.52,1924.73,2309.63,0.0,0.0
1008.01,57.59,66.7,61.45,61.34,7055.89,1925.17,2310.55,0.0,0.0
1008.14,57.54,66.71,61.45,61.34,7057.77,1924.52,2309.86,0.0,0.0
1008.24,57.57,66.7,61.46,61.35,7056.52,1924.73,2309.4,0.0,0.0
1008.25,57.59,66.68,61.46,61.35,7055.58,1926.03,2309.17,0.0,0.0
1008.42,57.56,66.7,61.46,61.35,7056.83,1925.17,2309.4,0.0,0.0
1008.47,57.6,66.69,61.46,61.35,7055.27,1925.38,2309.4,0.0,0.0
1008.59,57.6,66.71,61.47,61.35,7055.27,1924.3,2308.94,0.0,0.0
1008.69,57.59,66.72,61.45,61.35,7055.58,1923.66,2310.32,0.0,0.0
1008.75,57.6,66.71,61.46,61.35,7055.27,1924.09,2309.4,0.0,0.0
1008.9,57.57,66.7,61.47,61.35,7056.2,1925.17,2308.94,0.0,0.0
1008.96,57.68,66.68,61.48,61.35,7052.45,1926.24,2308.02,0.0,0.0
1009.12,57.57,66.7,61.46,61.35,7056.52,1925.17,2309.17,0.0,0.0
1009.18,57.59,66.72,61.47,61.35,7055.58,1923.87,2308.94,0.0,0.0
1009.32,57.57,66.71,61.45,61.35,7056.2,1924.52,2310.09,0.0,0.0
1009.39,57.6,66.71,61.47,61.35,7055.27,1924.52,2308.94,0.0,0.0
1009.53,57.57,66.72,61.45,61.35,7056.2,1923.66,2310.55,0.0,0.0
1009.6,57.59,66.7,61.46,61.35,7055.58,1925.17,2309.4,0.0,0.0
1009.71,57.59,66.7,61.47,61.35,7055.89,1925.17,2308.71,0.0,0.0
1009.78,57.54,66.71,61.46,61.35,7057.14,1924.52,2309.63,0.0,0.0
1009.94,57.61,66.72,61.47,61.35,7054.64,1923.87,2308.48,0.0,0.0
1009.99,57.6,66.71,61.45,61.35,7054.95,1924.52,2309.86,0.0,0.0
1010.1,57.59,66.7,61.46,61.35,7055.89,1925.17,2309.63,0.0,0.0
1010.21,57.59,66.68,61.45,61.35,7055.58,1926.24,2310.09,0.0,0.0
1010.28,57.6,66.73,61.45,61.35,7055.27,1923.01,2310.32,0.0,0.0
1010.43,57.6,66.72,61.45,61.35,7055.27,1923.66,2309.86,0.0,0.0
1010.49,57.59,66.73,61.45,61.35,7055.89,1923.01,2310.55,0.0,0.0
1010.58,57.57,66.69,61.45,61.35,7056.52,1925.81,2310.09,0.0,0.0
1010.66,57.59,66.72,61.47,61.35,7055.89,1923.44,2308.94,0.0,0.0
1010.77,57.62,66.7,61.46,61.35,7054.01,1925.17,2309.4,0.0,0.0
1010.88,57.59,66.73,61.46,61.36,7055.89,1923.22,2309.17,0.0,0.0
1010.95,57.62,66.74,61.46,61.36,7054.33,1922.15,2309.63,0.0,0.0
1011.1,57.59,66.76,61.45,61.36,7055.89,1921.28,2310.32,0.0,0.0
1011.17,57.6,66.73,61.45,61.36,7055.27,1923.22,2310.09,0.0,0.0
1011.32,57.57,66.75,61.46,61.36,7056.2,1921.93,2309.63,0.0,0.0
1011.39,57.6,66.74,61.45,61.36,7055.27,1922.58,2310.32,0.0,0.0
1011.55,57.6,66.74,61.44,61.36,7054.95,1922.58,2311.24,0.0,0.0
1011.62,57.6,66.76,61.45,61.36,7054.95,1921.28,2310.55,0.0,0.0
1011.75,57.56,66.72,61.44,61.36,7056.83,1923.66,2310.78,0.0,0.0
1011.8,57.57,66.74,61.44,61.36,7056.2,1922.15,2311.47,0.0,0.0
1011.91,57.61,66.74,61.44,61.36,7054.64,1922.36,2310.78,0.0,0.0
1012.01,57.59,66.73,61.44,61.36,7055.58,1923.22,2311.47,0.0,0.0
1012.08,57.6,66.71,61.43,61.36,7055.27,1924.09,2311.7,0.0,0.0
1012.22,57.54,66.76,61.43,61.36,7057.14,1921.28,2311.93,0.0,0.0
1012.29,57.59,66.76,61.44,61.36,7055.58,1921.07,2311.24,0.0,0.0
1012.44,57.59,66.75,61.44,61.36,7055.89,1921.93,2310.78,0.0,0.0
1012.46,57.59,66.76,61.43,61.36,7055.89,1921.28,2312.16,0.0,0.0
1012.63,57.59,66.72,61.44,61.36,7055.89,1923.87,2311.47,0.0,0.0
1012.68,57.59,66.75,61.43,61.36,7055.89,1921.93,2312.16,0.0,0.0
1012.84,57.62,66.75,61.45,61.36,7054.01,1921.71,2310.09,0.0,0.0
1012.88,57.57,66.76,61.44,61.36,7056.2,1921.07,2311.01,0.0,0.0
1012.99,57.59,66.77,61.46,61.36,7055.58,1920.42,2309.4,0.0,0.0
1013.1,57.59,66.74,61.43,61.36,7055.58,1922.58,2311.7,0.0,0.0
1013.16,57.61,66.75,61.45,61.36,7054.64,1921.71,2310.09,0.0,0.0
1013.32,57.57,66.76,61.43,61.37,7056.2,1920.85,2311.7,0.0,0.0
1013.39,57.59,66.77,61.44,61.37,7055.58,1920.42,2311.47,0.0,0.0
1013.52,57.59,66.74,61.45,61.37,7055.89,1922.15,2310.55,0.0,0.0
1013.59,57.6,66.76,61.44,61.37,7054.95,1921.07,2311.47,0.0,0.0
1013.73,57.57,66.76,61.43,61.37,7056.2,1920.85,2311.93,0.0,0.0
1013.8,57.56,66.76,61.44,61.37,7056.83,1920.85,2311.01,0.0,0.0
1013.94,57.57,66.75,61.44,61.37,7056.2,1921.5,2311.24,0.0,0.0
1014.0,57.6,66.76,61.43,61.37,7055.27,1921.28,2311.7,0.0,0.0
1014.11,57.61,66.76,61.44,61.37,7054.64,1921.07,2311.24,0.0,0.0
1014.18,57.59,66.75,61.42,61.37,7055.58,1921.93,2312.85,0.0,0.0
1014.31,57.54,66.74,61.44,61.37,7057.14,1922.15,2311.47,0.0,0.0
1014.36,57.57,66.72,61.43,61.37,7056.52,1923.66,2311.93,0.0,0.0
1014.54,57.56,66.74,61.44,61.37,7056.83,1922.58,2311.47,0.0,0.0
1014.58,57.59,66.72,61.44,61.37,7055.58,1923.44,2311.47,0.0,0.0
1014.69,57.6,66.74,61.43,61.37,7055.27,1922.36,2311.93,0.0,0.0
1014.8,57.59,66.71,61.46,61.37,7055.58,1924.09,2309.63,0.0,0.0
1014.86,57.57,66.72,61.45,61.37,7056.2,1923.44,2310.55,0.0,0.0
1015.01,57.57,66.72,61.45,61.37,7056.2,1923.66,2310.32,0.0,0.0
1015.07,57.57,66.72,61.44,61.37,7056.52,1923.66,2310.78,0.0,0.0
1015.24,57.59,66.72,61.45,61.37,7055.58,1923.66,2310.55,0.0,0.0
1015.31,57.6,66.71,61.46,61.37,7055.27,1924.52,2309.63,0.0,0.0
1015.4,57.6,66.71,61.46,61.38,7055.27,1924.52,2309.63,0.0,0.0
1015.48,57.59,66.69,61.49,61.38,7055.58,1925.38,2306.87,0.0,0.0
1015.64,57.59,66.71,61.44,61.38,7055.58,1924.3,2311.01,0.0,0.0
1015.69,57.56,66.73,61.46,61.38,7056.83,1923.22,2309.63,0.0,0.0
1015.76,57.62,66.69,61.46,61.38,7054.33,1925.81,2309.4,0.0,0.0
1015.91,57.59,66.68,61.47,61.38,7055.89,1926.46,2308.94,0.0,0.0
1015.98,57.59,66.71,61.47,61.38,7055.89,1924.52,2308.25,0.0,0.0
1016.12,57.57,66.72,61.46,61.38,7056.2,1923.66,2309.63,0.0,0.0
1016.18,57.56,66.7,61.46,61.38,7056.83,1925.17,2309.4,0.0,0.0
1016.31,57.6,66.7,61.45,61.38,7055.27,1924.73,2310.55,0.0,0.0
1016.38,57.59,66.7,61.47,61.38,7055.58,1925.17,2308.94,0.0,0.0
1016.53,57.59,66.69,61.47,61.38,7055.89,1925.38,2308.48,0.0,0.0
1016.6,57.6,66.7,61.47,61.38,7054.95,1924.95,2308.71,0.0,0.0
1016.71,57.57,66.69,61.46,61.38,7056.2,1925.6,2309.63,0.0,0.0
1016.76,57.6,66.67,61.49,61.38,7055.27,1926.89,2307.33,0.0,0.0
1016.93,57.57,66.74,61.47,61.38,7056.2,1922.58,2308.25,0.0,0.0
1016.99,57.55,66.7,61.46,61.38,7057.46,1924.73,2309.63,0.0,0.0
1017.09,57.57,66.72,61.45,61.38,7056.2,1923.66,2310.09,0.0,0.0
1017.19,57.57,66.69,61.47,61.38,7056.52,1925.6,2308.94,0.0,0.0
1017.3,57.6,66.7,61.47,61.38,7055.27,1925.17,2308.94,0.0,0.0
1017.39,57.59,66.7,61.47,61.38,7055.58,1924.95,2308.71,0.0,0.0
1017.46,57.62,66.75,61.47,61.38,7054.33,1921.71,2308.94,0.0,0.0
1017.61,57.57,66.7,61.45,61.38,7056.52,1924.73,2310.55,0.0,0.0
1017.71,57.6,66.72,61.47,61.38,7055.27,1923.87,2308.71,0.0,0.0
1017.81,57.56,66.73,61.45,61.38,7056.83,1923.22,2310.32,0.0,0.0
1017.88,57.57,66.75,61.45,61.38,7056.2,1921.71,2310.32,0.0,0.0
1017.97,57.63,66.74,61.47,61.38,7053.7,1922.36,2308.48,0.0,0.0
1018.07,57.59,66.74,61.45,61.38,7055.58,1922.15,2310.09,0.0,0.0
1018.23,57.59,66.74,61.46,61.38,7055.58,1922.36,2309.17,0.0,0.0
1018.3,57.59,66.76,61.43,61.38,7055.58,1920.85,2311.7,0.0,0.0
1018.45,57.55,66.76,61.44,61.38,7057.46,1921.07,2310.78,0.0,0.0
1018.46,57.54,66.78,61.42,61.38,7057.14,1919.77,2312.62,0.0,0.0
1018.61,57.59,66.77,61.45,61.38,7055.89,1920.21,2310.32,0.0,0.0
1018.68,57.57,66.77,61.44,61.38,7056.52,1920.42,2311.01,0.0,0.0
1018.8,57.61,66.78,61.43,61.38,7054.64,1919.77,2311.7,0.0,0.0
1018.92,57.57,66.79,61.44,61.38,7056.2,1919.13,2310.78,0.0,0.0
1019.04,57.57,66.78,61.45,61.38,7056.52,1919.56,2310.55,0.0,0.0
1019.09,57.59,66.77,61.45,61.39,7055.89,1920.21,2310.09,0.0,0.0
1019.25,57.54,66.77,61.44,61.39,7057.14,1920.64,2310.78,0.0,0.0
1019.29,57.59,66.77,61.44,61.39,7055.58,1920.21,2311.24,0.0,0.0
1019.36,57.61,66.78,61.45,61.39,7054.64,1919.77,2310.55,0.0,0.0
1019.52,57.57,66.78,61.44,61.39,7056.52,1919.77,2310.78,0.0,0.0
1019.59,57.59,66.78,61.44,61.39,7055.89,1919.77,2310.78,0.0,0.0
1019.75,57.54,66.79,61.43,61.39,7057.14,1919.13,2311.7,0.0,0.0
1019.82,57.62,66.8,61.42,61.39,7054.01,1918.7,2312.85,0.0,0.0
1019.93,57.62,66.79,61.44,61.39,7054.01,1918.91,2311.47,0.0,0.0
1019.98,57.6,66.81,61.43,61.39,7055.27,1917.62,2312.16,0.0,0.0
1020.14,57.59,66.8,61.44,61.39,7055.58,1918.7,2311.47,0.0,0.0
1020.2,57.56,66.83,61.43,61.39,7056.83,1916.54,2311.7,0.0,0.0
1020.26,57.56,66.81,61.43,61.39,7056.83,1917.62,2311.7,0.0,0.0
1020.43,57.6,66.8,61.45,61.39,7054.95,1918.27,2310.32,0.0,0.0
1020.51,57.59,66.82,61.45,61.39,7055.89,1916.97,2310.09,0.0,0.0
1020.62,57.57,66.8,61.45,61.39,7056.2,1918.27,2310.55,0.0,0.0
1020.67,57.59,66.8,61.45,61.39,7055.89,1918.48,2310.09,0.0,0.0
1020.84,57.6,66.81,61.47,61.39,7055.27,1917.62,2308.71,0.0,0.0
1020.9,57.57,66.81,61.47,61.39,7056.52,1918.05,2308.48,0.0,0.0
1020.96,57.57,66.8,61.47,61.39,7056.52,1918.7,2308.25,0.0,0.0
1021.1,57.61,66.8,61.48,61.4,7054.64,1918.27,2308.02,0.0,0.0
1021.17,57.59,66.81,61.49,61.4,7055.89,1917.62,2307.33,0.0,0.0
1021.31,57.57,66.81,61.47,61.4,7056.52,1918.05,2308.48,0.0,0.0
1021.38,57.56,66.78,61.48,61.4,7056.83,1919.77,2307.79,0.0,0.0
1021.54,57.62,66.8,61.49,61.4,7054.33,1918.48,2307.1,0.0,0.0
1021.61,57.6,66.82,61.49,61.4,7054.95,1916.76,2306.87,0.0,0.0
1021.77,57.57,66.82,61.48,61.4,7056.2,1917.19,2307.79,0.0,0.0
1021.78,57.56,66.81,61.5,61.4,7056.83,1917.62,2306.18,0.0,0.0
1021.93,57.59,66.79,61.5,61.4,7055.89,1919.34,2306.41,0.0,0.0
1021.97,57.56,66.8,61.5,61.4,7056.83,1918.7,2305.95,0.0,0.0
1022.07,57.54,66.81,61.48,61.4,7057.77,1918.05,2307.56,0.0,0.0
1022.2,57.61,66.82,61.49,61.4,7054.64,1917.4,2307.1,0.0,0.0
1022.33,57.59,66.84,61.51,61.4,7055.58,1915.9,2305.72,0.0,0.0
1022.38,57.57,66.82,61.5,61.4,7056.52,1916.97,2306.18,0.0,0.0
1022.56,57.56,66.82,61.49,61.4,7056.83,1916.76,2306.64,0.0,0.0
1022.6,57.59,66.83,61.49,61.4,7055.89,1916.11,2307.1,0.0,0.0
1022.69,57.6,66.82,61.51,61.4,7055.27,1916.76,2305.72,0.0,0.0
1022.82,57.59,66.82,61.49,61.4,7055.89,1916.97,2307.33,0.0,0.0
1022.89,57.52,66.83,61.49,61.41,7058.09,1916.54,2307.1,0.0,0.0
1023.03,57.59,66.83,61.47,61.41,7055.89,1916.33,2308.71,0.0,0.0
1023.1,57.54,66.83,61.49,61.41,7057.14,1916.11,2307.33,0.0,0.0
1023.25,57.55,66.85,61.5,61.41,7057.46,1915.25,2306.41,0.0,0.0
1023.32,57.6,66.84,61.48,61.41,7055.27,1915.68,2308.02,0.0,0.0
1023.43,57.6,66.84,61.48,61.41,7055.27,1915.9,2307.56,0.0,0.0
1023.48,57.6,66.83,61.47,61.41,7054.95,1916.11,2308.48,0.0,0.0
1023.65,57.62,66.84,61.48,61.41,7054.33,1915.9,2308.02,0.0,0.0
1023.7,57.56,66.84,61.48,61.41,7056.83,1915.47,2307.79,0.0,0.0
1023.81,57.57,66.86,61.48,61.41,7056.52,1914.6,2307.56,0.0,0.0
1023.92,57.54,66.84,61.47,61.41,7057.77,1915.68,2308.25,0.0,0.0
1024.0,57.59,66.85,61.47,61.41,7055.58,1915.03,2308.48,0.0,0.0
1024.14,57.57,66.85,61.49,61.41,7056.2,1915.25,2307.33,0.0,0.0
1024.25,57.59,66.84,61.49,61.41,7055.89,1915.47,2307.1,0.0,0.0
1024.34,57.55,66.84,61.47,61.41,7057.46,1915.47,2308.25,0.0,0.0
1024.36,57.56,66.84,61.45,61.41,7056.83,1915.47,2309.86,0.0,0.0
1024.52,57.59,66.85,61.49,61.41,7055.89,1914.82,2307.33,0.0,0.0
1024.57,57.57,66.83,61.48,61.42,7056.2,1916.54,2307.79,0.0,0.0
1024.72,57.56,66.83,61.49,61.42,7056.83,1916.54,2306.87,0.0,0.0
1024.77,57.57,66.83,61.49,61.42,7056.2,1916.54,2306.64,0.0,0.0
1024.95,57.57,66.84,61.49,61.42,7056.2,1915.9,2306.64,0.0,0.0
1025.0,57.59,66.83,61.49,61.42,7055.58,1916.33,2307.33,0.0,0.0
1025.07,57.59,66.84,61.49,61.42,7055.58,1915.47,2306.64,0.0,0.0
1025.21,57.6,66.83,61.47,61.42,7055.27,1916.54,2308.25,0.0,0.0
1025.28,57.57,66.85,61.48,61.42,7056.52,1914.82,2307.56,0.0,0.0
1025.42,57.59,66.83,61.49,61.42,7055.89,1916.54,2307.33,0.0,0.0
1025.48,57.59,66.84,61.49,61.42,7055.89,1915.68,2306.64,0.0,0.0
1025.66,57.59,66.84,61.5,61.42,7055.89,1915.68,2306.18,0.0,0.0
1025.72,57.62,66.85,61.49,61.42,7054.01,1915.25,2307.33,0.0,0.0
1025.82,57.6,66.83,61.49,61.42,7054.95,1916.54,2307.1,0.0,0.0
1025.88,57.57,66.84,61.48,61.42,7056.52,1915.9,2308.02,0.0,0.0
1026.04,57.59,66.84,61.49,61.42,7055.58,1915.68,2307.1,0.0,0.0
1026.09,57.54,66.83,61.49,61.42,7057.14,1916.54,2307.33,0.0,0.0
1026.25,57.59,66.85,61.46,61.42,7055.89,1914.82,2309.17,0.0,0.0
1026.3,57.62,66.83,61.48,61.43,7054.33,1916.54,2307.79,0.0,0.0
1026.37,57.62,66.83,61.49,61.43,7054.33,1916.33,2307.1,0.0,0.0
1026.52,57.61,66.85,61.47,61.43,7054.64,1915.25,2308.25,0.0,0.0
1026.6,57.59,66.84,61.48,61.43,7055.89,1915.9,2307.56,0.0,0.0
1026.75,57.59,66.83,61.48,61.43,7055.89,1916.33,2307.56,0.0,0.0
1026.8,57.6,66.84,61.49,61.43,7054.95,1915.47,2306.64,0.0,0.0
1026.94,57.62,66.82,61.45,61.43,7054.01,1916.76,2309.86,0.0,0.0
1027.0,57.6,66.83,61.46,61.43,7055.27,1916.54,2309.17,0.0,0.0
1027.1,57.63,66.85,61.46,61.43,7053.7,1915.25,2309.17,0.0,0.0
1027.19,57.59,66.83,61.47,61.43,7055.89,1916.33,2308.94,0.0,0.0
1027.3,57.65,66.8,61.46,61.43,7053.07,1918.27,2309.17,0.0,0.0
1027.4,57.63,66.84,61.46,61.43,7053.7,1915.68,2309.17,0.0,0.0
1027.47,57.61,66.82,61.47,61.43,7054.64,1916.97,2308.71,0.0,0.0
1027.61,57.62,66.83,61.46,61.43,7054.33,1916.54,2309.63,0.0,0.0
1027.68,57.61,66.85,61.45,61.43,7054.64,1915.25,2310.09,0.0,0.0
1027.81,57.61,66.82,61.47,61.43,7054.64,1916.97,2308.71,0.0,0.0
1027.9,57.61,66.83,61.47,61.43,7054.64,1916.54,2308.25,0.0,0.0
1028.01,57.62,66.81,61.46,61.43,7054.33,1917.84,2309.17,0.0,0.0
1028.08,57.6,66.79,61.45,61.44,7055.27,1919.13,2310.55,0.0,0.0
1028.23,57.6,66.82,61.43,61.44,7055.27,1917.19,2311.7,0.0,0.0
1028.3,57.6,66.83,61.44,61.44,7054.95,1916.54,2310.78,0.0,0.0
1028.46,57.63,66.8,61.47,61.44,7053.7,1918.7,2308.94,0.0,0.0
1028.47,57.62,66.79,61.44,61.44,7054.33,1918.91,2311.01,0.0,0.0
1028.63,57.68,66.79,61.45,61.44,7052.13,1919.13,2310.09,0.0,0.0
1028.7,57.6,66.8,61.46,61.44,7054.95,1918.7,2309.17,0.0,0.0
1028.8,57.65,66.81,61.45,61.44,7053.07,1917.62,2310.09,0.0,0.0
1028.91,57.57,66.78,61.44,61.44,7056.2,1919.99,2311.24,0.0,0.0
1028.98,57.63,66.79,61.46,61.44,7053.39,1918.91,2309.17,0.0,0.0
1029.14,57.61,66.79,61.47,61.44,7054.64,1919.34,2308.48,0.0,0.0
1029.2,57.61,66.79,61.46,61.44,7054.64,1918.91,2309.63,0.0,0.0
1029.34,57.65,66.77,61.45,61.44,7053.07,1920.64,2310.09,0.0,0.0
1029.41,57.65,66.78,61.47,61.44,7053.07,1919.77,2308.48,0.0,0.0
1029.56,57.59,66.78,61.47,61.44,7055.58,1919.77,2308.71,0.0,0.0
1029.57,57.62,66.78,61.45,61.44,7054.33,1919.56,2310.55,0.0,0.0
1029.74,57.63,66.78,61.44,61.44,7053.7,1919.77,2310.78,0.0,0.0
1029.79,57.62,66.77,61.47,61.44,7054.33,1920.21,2308.71,0.0,0.0
1029.96,57.65,66.77,61.46,61.44,7053.07,1920.42,2309.4,0.0,0.0
1030.01,57.68,66.8,61.46,61.44,7051.51,1918.7,2309.4,0.0,0.0
1030.07,57.68,66.78,61.47,61.44,7052.45,1919.77,2308.71,0.0,0.0
1030.22,57.62,66.8,61.47,61.44,7054.01,1918.27,2308.71,0.0,0.0
1030.3,57.63,66.77,61.47,61.44,7053.39,1920.64,2308.94,0.0,0.0
1030.47,57.68,66.79,61.46,61.44,7052.13,1919.34,2309.4,0.0,0.0
1030.48,57.63,66.79,61.45,61.44,7053.7,1919.13,2309.86,0.0,0.0
1030.6,57.62,66.79,61.48,61.44,7054.01,1919.34,2308.02,0.0,0.0
1030.71,57.66,66.79,61.46,61.44,7052.76,1918.91,2309.63,0.0,0.0
1030.83,57.62,66.79,61.44,61.44,7054.33,1919.13,2310.78,0.0,0.0
1030.94,57.68,66.77,61.47,61.45,7052.45,1920.21,2308.71,0.0,0.0
1031.02,57.62,66.79,61.47,61.45,7054.33,1919.13,2308.71,0.0,0.0
1031.2,57.6,66.79,61.45,61.45,7055.27,1918.91,2310.32,0.0,0.0
1031.28,57.59,66.79,61.44,61.45,7055.58,1919.34,2310.78,0.0,0.0
1031.33,57.63,66.79,61.45,61.45,7053.39,1918.91,2310.32,0.0,0.0
1031.43,57.68,66.78,61.46,61.45,7052.45,1919.56,2309.63,0.0,0.0
1031.5,57.68,66.79,61.46,61.45,7052.45,1919.13,2309.4,0.0,0.0
1031.65,57.63,66.79,61.45,61.45,7053.7,1918.91,2310.55,0.0,0.0
1031.72,57.62,66.8,61.45,61.45,7054.33,1918.48,2310.55,0.0,0.0
1031.8,57.62,66.8,61.45,61.45,7054.33,1918.27,2310.55,0.0,0.0
1031.88,57.68,66.81,61.46,61.45,7051.19,1918.05,2309.17,0.0,0.0
1032.05,57.6,66.79,61.44,61.45,7054.95,1918.91,2310.78,0.0,0.0
1032.16,57.65,66.81,61.45,61.45,7053.07,1917.84,2309.86,0.0,0.0
1032.17,57.68,66.81,61.46,61.45,7052.45,1917.84,2309.4,0.0,0.0
1032.33,57.66,66.8,61.45,61.45,7052.76,1918.48,2310.09,0.0,0.0
1032.39,57.63,66.81,61.46,61.45,7053.7,1917.84,2309.4,0.0,0.0
1032.54,57.66,66.78,61.44,61.45,7052.76,1919.56,2311.24,0.0,0.0
1032.61,57.63,66.79,61.45,61.45,7053.7,1919.34,2310.55,0.0,0.0
1032.72,57.63,66.81,61.48,61.45,7053.7,1918.05,2308.02,0.0,0.0
1032.77,57.6,66.78,61.46,61.45,7054.95,1919.77,2309.63,0.0,0.0
1032.94,57.65,66.79,61.45,61.45,7053.07,1919.34,2309.86,0.0,0.0
1032.99,57.65,66.79,61.45,61.45,7053.07,1918.91,2309.86,0.0,0.0
1033.11,57.63,66.76,61.47,61.45,7053.39,1920.85,2308.94,0.0,0.0
1033.21,57.63,66.76,61.45,61.45,7053.39,1920.85,2310.32,0.0,0.0
1033.28,57.68,66.76,61.46,61.45,7051.82,1920.85,2309.4,0.0,0.0
1033.43,57.63,66.76,61.46,61.45,7053.39,1921.07,2309.4,0.0,0.0
1033.5,57.59,66.75,61.45,61.45,7055.58,1921.5,2310.32,0.0,0.0
1033.65,57.66,66.78,61.47,61.45,7052.76,1919.99,2308.71,0.0,0.0
1033.72,57.63,66.74,61.45,61.45,7053.7,1922.36,2309.86,0.0,0.0
1033.82,57.62,66.75,61.46,61.45,7054.33,1921.93,2309.4,0.0,0.0
1033.92,57.61,66.74,61.44,61.45,7054.64,1922.15,2311.24,0.0,0.0
1033.97,57.65,66.72,61.46,61.45,7053.07,1923.66,2309.17,0.0,0.0
1034.12,57.68,66.75,61.47,61.45,7052.13,1921.71,2308.71,0.0,0.0
1034.24,57.62,66.71,61.45,61.45,7054.01,1924.3,2310.32,0.0,0.0
1034.29,57.66,66.73,61.45,61.45,7052.76,1922.79,2310.09,0.0,0.0
1034.41,57.63,66.73,61.45,61.45,7053.39,1923.01,2309.86,0.0,0.0
1034.49,57.63,66.73,61.45,61.45,7053.7,1923.01,2310.55,0.0,0.0
1034.61,57.63,66.73,61.47,61.45,7053.39,1922.79,2308.71,0.0,0.0
1034.73,57.63,66.71,61.45,61.45,7053.7,1924.09,2309.86,0.0,0.0
1034.79,57.61,66.75,61.47,61.45,7054.64,1921.93,2308.94,0.0,0.0
1034.94,57.65,66.75,61.44,61.45,7053.07,1921.5,2310.78,0.0,0.0
1035.0,57.61,66.73,61.45,61.45,7054.64,1923.01,2310.55,0.0,0.0
1035.15,57.68,66.75,61.45,61.45,7052.45,1921.71,2309.86,0.0,0.0
1035.22,57.59,66.76,61.46,61.45,7055.58,1921.28,2309.4,0.0,0.0
1035.33,57.62,66.75,61.46,61.45,7054.01,1921.71,2309.63,0.0,0.0
1035.43,57.63,66.74,61.45,61.45,7053.39,1922.58,2310.09,0.0,0.0
1035.49,57.57,66.77,61.46,61.45,7056.52,1920.21,2309.4,0.0,0.0
1035.6,57.6,66.75,61.43,61.45,7055.27,1921.93,2311.7,0.0,0.0
1035.78,57.61,66.75,61.44,61.45,7054.64,1921.71,2311.24,0.0,0.0
1035.83,57.61,66.74,61.47,61.45,7054.64,1922.15,2308.71,0.0,0.0
1035.9,57.62,66.79,61.45,61.45,7054.33,1919.34,2310.55,0.0,0.0
1036.06,57.59,66.77,61.46,61.45,7055.89,1920.21,2309.17,0.0,0.0
1036.09,57.63,66.77,61.44,61.45,7053.7,1920.64,2311.24,0.0,0.0
1036.23,57.6,66.77,61.47,61.46,7054.95,1920.21,2308.71,0.0,0.0
1036.28,57.62,66.75,61.46,61.46,7054.01,1921.5,2309.17,0.0,0.0
1036.45,57.61,66.76,61.46,61.46,7054.64,1921.07,2309.63,0.0,0.0
1036.51,57.6,66.76,61.44,61.46,7054.95,1920.85,2311.47,0.0,0.0
1036.58,57.62,66.76,61.44,61.46,7054.01,1920.85,2311.24,0.0,0.0
1036.74,57.66,66.76,61.46,61.46,7052.76,1920.85,2309.17,0.0,0.0
1036.81,57.63,66.74,61.44,61.46,7053.39,1922.36,2310.78,0.0,0.0
1036.96,57.62,66.77,61.44,61.46,7054.33,1920.64,2311.01,0.0,0.0
1036.97,57.62,66.73,61.45,61.46,7054.33,1923.01,2310.32,0.0,0.0
1037.14,57.62,66.77,61.45,61.46,7054.01,1920.42,2310.32,0.0,0.0
1037.2,57.57,66.75,61.47,61.46,7056.2,1921.5,2308.94,0.0,0.0
1037.37,57.6,66.75,61.44,61.46,7054.95,1921.93,2310.78,0.0,0.0
1037.41,57.57,66.73,61.46,61.46,7056.52,1922.79,2309.17,0.0,0.0
1037.48,57.63,66.76,61.47,61.46,7053.7,1920.85,2308.48,0.0,0.0
1037.65,57.57,66.76,61.44,61.46,7056.2,1921.28,2311.01,0.0,0.0
1037.72,57.6,66.77,61.45,61.46,7055.27,1920.21,2309.86,0.0,0.0
1037.83,57.62,66.73,61.46,61.46,7054.01,1922.79,2309.17,0.0,0.0
1037.88,57.6,66.74,61.45,61.46,7055.27,1922.15,2310.32,0.0,0.0
1038.02,57.6,66.74,61.45,61.46,7055.27,1922.36,2310.55,0.0,0.0
1038.1,57.59,66.76,61.46,61.46,7055.89,1921.07,2309.63,0.0,0.0
1038.26,57.57,66.76,61.45,61.46,7056.52,1920.85,2310.32,0.0,0.0
1038.32,57.65,66.74,61.45,61.46,7053.07,1922.58,2309.86,0.0,0.0
1038.42,57.62,66.76,61.46,61.46,7054.33,1921.28,2309.17,0.0,0.0
1038.55,57.63,66.74,61.45,61.46,7053.7,1922.58,2310.32,0.0,0.0
1038.62,57.54,66.74,61.48,61.46,7057.14,1922.15,2307.79,0.0,0.0
1038.78,57.54,66.74,61.45,61.46,7057.14,1922.58,2309.86,0.0,0.0
1038.79,57.57,66.72,61.48,61.46,7056.52,1923.44,2307.79,0.0,0.0
1038.93,57.59,66.74,61.46,61.46,7055.58,1922.58,2309.63,0.0,0.0
1039.02,57.59,66.74,61.46,61.46,7055.89,1922.36,2309.4,0.0,0.0
1039.08,57.56,66.71,61.45,61.46,7056.83,1924.09,2310.32,0.0,0.0
1039.24,57.57,66.7,61.45,61.46,7056.52,1924.73,2310.55,0.0,0.0
1039.31,57.57,66.72,61.47,61.46,7056.2,1923.87,2308.71,0.0,0.0
1039.45,57.59,66.72,61.45,61.46,7055.89,1923.44,2310.09,0.0,0.0
1039.51,57.54,66.69,61.44,61.46,7057.14,1925.6,2310.78,0.0,0.0
1039.64,57.57,66.68,61.46,61.46,7056.52,1926.03,2309.17,0.0,0.0
1039.71,57.59,66.71,61.45,61.46,7055.89,1924.09,2310.32,0.0,0.0
1039.79,57.6,66.71,61.44,61.46,7054.95,1924.52,2311.01,0.0,0.0
1039.97,57.59,66.7,61.45,61.46,7055.58,1924.95,2310.55,0.0,0.0
1039.98,57.6,66.7,61.43,61.46,7055.27,1924.95,2311.93,0.0,0.0
1040.16,57.56,66.69,61.43,61.46,7056.83,1925.81,2311.93,0.0,0.0
1040.22,57.59,66.69,61.42,61.46,7055.89,1925.38,2312.85,0.0,0.0
1040.29,57.6,66.67,61.43,61.46,7054.95,1926.89,2312.16,0.0,0.0
1040.45,57.59,66.68,61.43,61.46,7055.89,1926.46,2312.16,0.0,0.0
1040.53,57.59,66.69,61.39,61.46,7055.89,1925.6,2315.16,0.0,0.0
1040.65,57.57,66.69,61.38,61.46,7056.2,1925.38,2315.62,0.0,0.0
1040.72,57.6,66.66,61.38,61.46,7055.27,1927.76,2315.62,0.0,0.0
1040.79,57.54,66.66,61.39,61.46,7057.14,1927.54,2315.16,0.0,0.0
1040.96,57.59,66.68,61.37,61.46,7055.58,1926.03,2317.0,0.0,0.0
1041.03,57.57,66.66,61.38,61.46,7056.2,1927.76,2315.62,0.0,0.0
1041.14,57.59,66.66,61.36,61.46,7055.58,1927.54,2317.92,0.0,0.0
1041.19,57.59,66.66,61.37,61.46,7055.89,1927.76,2316.77,0.0,0.0
1041.37,57.59,66.67,61.35,61.46,7055.89,1927.11,2318.38,0.0,0.0
1041.42,57.56,66.67,61.36,61.46,7056.83,1927.11,2317.92,0.0,0.0
1041.48,57.59,66.68,61.35,61.46,7055.89,1926.46,2318.61,0.0,0.0
1041.64,57.6,66.67,61.34,61.46,7054.95,1927.11,2319.3,0.0,0.0
1041.71,57.59,66.68,61.35,61.46,7055.89,1926.03,2318.61,0.0,0.0
1041.89,57.6,66.64,61.33,61.46,7055.27,1929.05,2319.76,0.0,0.0
1041.9,57.59,66.68,61.33,61.46,7055.58,1926.24,2319.76,0.0,0.0
1042.08,57.6,66.68,61.34,61.46,7055.27,1926.46,2319.53,0.0,0.0
1042.13,57.62,66.66,61.32,61.45,7054.33,1927.76,2320.91,0.0,0.0
1042.24,57.62,66.65,61.34,61.45,7054.01,1927.97,2319.53,0.0,0.0
1042.34,57.59,66.67,61.32,61.45,7055.89,1926.68,2320.91,0.0,0.0
1042.42,57.57,66.65,61.32,61.45,7056.2,1927.97,2320.91,0.0,0.0
1042.52,57.62,66.65,61.34,61.45,7054.33,1927.97,2319.53,0.0,0.0
1042.59,57.57,66.68,61.33,61.45,7056.52,1926.24,2319.99,0.0,0.0
1042.77,57.57,66.65,61.32,61.45,7056.2,1928.19,2320.68,0.0,0.0
1042.82,57.62,66.64,61.32,61.45,7054.01,1928.83,2320.68,0.0,0.0
1042.91,57.57,66.66,61.33,61.45,7056.2,1927.54,2320.45,0.0,0.0
1043.05,57.56,66.68,61.33,61.45,7056.83,1926.46,2320.45,0.0,0.0
1043.12,57.63,66.64,61.33,61.45,7053.39,1928.62,2319.76,0.0,0.0
1043.23,57.59,66.64,61.34,61.45,7055.58,1928.62,2319.3,0.0,0.0
1043.34,57.57,66.64,61.34,61.45,7056.2,1928.62,2319.07,0.0,0.0
1043.45,57.57,66.65,61.35,61.45,7056.2,1927.97,2318.38,0.0,0.0
1043.49,57.57,66.65,61.33,61.45,7056.2,1928.4,2320.45,0.0,0.0
1043.67,57.57,66.65,61.31,61.45,7056.52,1928.4,2321.6,0.0,0.0
1043.72,57.59,66.66,61.31,61.45,7055.89,1927.54,2321.83,0.0,0.0
1043.79,57.62,66.64,61.31,61.45,7054.01,1929.05,2321.37,0.0,0.0
1043.95,57.59,66.63,61.31,61.45,7055.89,1929.48,2321.37,0.0,0.0
1044.02,57.54,66.6,61.33,61.45,7057.14,1931.21,2320.45,0.0,0.0
1044.16,57.57,66.62,61.33,61.45,7056.52,1930.35,2320.22,0.0,0.0
1044.18,57.59,66.59,61.33,61.45,7055.89,1931.86,2320.22,0.0,0.0
1044.35,57.56,66.62,61.3,61.45,7056.83,1929.91,2322.76,0.0,0.0
1044.4,57.55,66.63,61.3,61.45,7057.46,1929.7,2322.76,0.0,0.0
1044.56,57.57,66.62,61.31,61.45,7056.52,1930.35,2321.37,0.0,0.0
1044.6,57.59,66.61,61.33,61.45,7055.58,1930.99,2320.45,0.0,0.0
1044.78,57.54,66.65,61.31,61.45,7057.77,1928.19,2321.83,0.0,0.0
1044.83,57.57,66.63,61.29,61.45,7056.2,1929.48,2322.99,0.0,0.0
1044.9,57.59,66.6,61.3,61.45,7055.89,1931.21,2322.76,0.0,0.0
1045.06,57.55,66.65,61.31,61.45,7057.46,1928.4,2322.07,0.0,0.0
1045.12,57.52,66.6,61.31,61.45,7058.09,1931.43,2321.37,0.0,0.0
1045.27,57.55,66.58,61.31,61.45,7057.46,1933.15,2321.6,0.0,0.0
1045.28,57.54,66.62,61.31,61.45,7057.14,1929.91,2321.83,0.0,0.0
1045.43,57.57,66.61,61.31,61.45,7056.52,1930.99,2322.07,0.0,0.0
1045.52,57.54,66.6,61.29,61.44,7057.14,1931.43,2323.45,0.0,0.0
1045.58,57.52,66.59,61.29,61.44,7058.4,1932.29,2323.22,0.0,0.0
1045.76,57.52,66.59,61.31,61.44,7058.4,1931.86,2321.83,0.0,0.0
1045.89,57.55,66.61,61.3,61.44,7057.46,1930.99,2322.53,0.0,0.0
1045.95,57.56,66.59,61.3,61.44,7056.83,1932.07,2322.76,0.0,0.0
1046.01,57.57,66.61,61.32,61.44,7056.52,1930.78,2320.91,0.0,0.0
1046.17,57.52,66.6,61.3,61.44,7058.09,1931.21,2322.3,0.0,0.0
1046.25,57.55,66.58,61.31,61.44,7057.46,1932.72,2322.07,0.0,0.0
1046.31,57.54,66.61,61.31,61.44,7057.14,1930.78,2321.83,0.0,0.0
1046.43,57.59,66.6,61.31,61.44,7055.89,1931.64,2321.83,0.0,0.0
1046.5,57.56,66.62,61.33,61.44,7056.83,1930.35,2320.22,0.0,0.0
1046.66,57.54,66.6,61.32,61.44,7057.14,1931.21,2320.68,0.0,0.0
1046.74,57.57,66.63,61.31,61.44,7056.2,1929.27,2321.37,0.0,0.0
1046.85,57.54,66.64,61.33,61.44,7057.14,1928.83,2320.45,0.0,0.0
1046.91,57.57,66.62,61.34,61.44,7056.52,1929.91,2319.07,0.0,0.0
1047.08,57.59,66.63,61.34,61.44,7055.89,1929.7,2319.07,0.0,0.0
1047.13,57.57,66.62,61.33,61.44,7056.2,1929.91,2320.45,0.0,0.0
1047.19,57.57,66.63,61.35,61.44,7056.52,1929.27,2318.38,0.0,0.0
1047.33,57.57,66.63,61.35,61.44,7056.52,1929.7,2318.15,0.0,0.0
1047.4,57.6,66.67,61.35,61.44,7055.27,1926.89,2318.15,0.0,0.0
1047.57,57.54,66.65,61.38,61.44,7057.14,1927.97,2316.08,0.0,0.0
1047.64,57.54,66.64,61.37,61.44,7057.77,1928.62,2316.54,0.0,0.0
1047.75,57.57,66.66,61.38,61.44,7056.52,1927.76,2316.31,0.0,0.0
1047.81,57.57,66.67,61.39,61.44,7056.52,1926.89,2315.16,0.0,0.0
1047.95,57.59,66.67,61.38,61.44,7055.89,1926.89,2316.08,0.0,0.0
1048.03,57.54,66.68,61.38,61.44,7057.77,1926.46,2315.62,0.0,0.0
1048.1,57.54,66.7,61.38,61.43,7057.14,1925.17,2315.62,0.0,0.0
1048.26,57.54,66.67,61.4,61.43,7057.14,1927.11,2314.46,0.0,0.0
1048.34,57.52,66.66,61.4,61.43,7058.09,1927.32,2314.23,0.0,0.0
1048.46,57.56,66.67,61.41,61.43,7056.83,1927.11,2313.77,0.0,0.0
1048.51,57.55,66.69,61.39,61.43,7057.46,1925.38,2314.93,0.0,0.0
1048.69,57.56,66.67,61.41,61.43,7056.83,1927.11,2313.77,0.0,0.0
1048.73,57.52,66.68,61.42,61.43,7058.09,1926.03,2313.08,0.0,0.0
1048.8,57.57,66.69,61.4,61.43,7056.52,1925.81,2314.23,0.0,0.0
1048.96,57.57,66.68,61.41,61.43,7056.2,1926.46,2313.54,0.0,0.0
1049.04,57.52,66.69,61.42,61.43,7058.09,1925.6,2312.85,0.0,0.0
1049.13,57.52,66.73,61.41,61.43,7058.4,1923.01,2313.77,0.0,0.0
1049.2,57.56,66.72,61.42,61.43,7056.83,1923.44,2312.39,0.0,0.0
1049.31,57.57,66.72,61.42,61.43,7056.2,1923.66,2312.39,0.0,0.0
1049.43,57.54,66.71,61.42,61.43,7057.77,1924.3,2312.62,0.0,0.0
1049.49,57.59,66.7,61.43,61.43,7055.58,1924.73,2311.7,0.0,0.0
1049.62,57.57,66.72,61.45,61.43,7056.2,1923.44,2309.86,0.0,0.0
1049.69,57.54,66.71,61.46,61.43,7057.14,1924.09,2309.4,0.0,0.0
1049.85,57.59,66.71,61.45,61.43,7055.89,1924.3,2310.32,0.0,0.0
1049.97,57.55,66.7,61.46,61.43,7057.46,1924.95,2309.17,0.0,0.0
1050.02,57.57,66.71,61.45,61.43,7056.52,1924.3,2310.09,0.0,0.0
1050.13,57.54,66.74,61.47,61.43,7057.14,1922.15,2308.94,0.0,0.0
1050.21,57.56,66.73,61.47,61.43,7056.83,1922.79,2308.25,0.0,0.0
1050.3,57.59,66.72,61.49,61.43,7055.58,1923.87,2307.33,0.0,0.0
1050.47,57.54,66.73,61.5,61.43,7057.77,1922.79,2306.41,0.0,0.0
1050.52,57.55,66.75,61.48,61.43,7057.46,1921.93,2307.79,0.0,0.0
1050.58,57.55,66.73,61.47,61.43,7057.46,1923.22,2308.25,0.0,0.0
1050.75,57.54,66.75,61.49,61.43,7057.77,1921.5,2306.87,0.0,0.0
1050.82,57.59,66.76,61.49,61.43,7055.89,1921.07,2306.64,0.0,0.0
1050.97,57.57,66.76,61.49,61.43,7056.52,1920.85,2306.64,0.0,0.0
1050.98,57.57,66.78,61.51,61.43,7056.52,1919.77,2305.26,0.0,0.0
1051.16,57.57,66.76,61.5,61.43,7056.52,1920.85,2306.41,0.0,0.0
1051.2,57.6,66.76,61.47,61.43,7054.95,1921.07,2308.48,0.0,0.0
1051.36,57.57,66.8,61.5,61.43,7056.52,1918.7,2305.95,0.0,0.0
1051.42,57.56,66.79,61.49,61.43,7056.83,1919.34,2307.33,0.0,0.0
1051.53,57.57,66.79,61.48,61.43,7056.2,1919.34,2308.02,0.0,0.0
1051.64,57.59,66.79,61.49,61.43,7055.58,1918.91,2307.1,0.0,0.0
1051.72,57.6,66.79,61.49,61.43,7055.27,1918.91,2307.1,0.0,0.0
1051.84,57.62,66.78,61.49,61.43,7054.33,1919.56,2307.1,0.0,0.0
1051.9,57.6,66.77,61.48,61.43,7055.27,1920.42,2307.79,0.0,0.0
1052.07,57.59,66.78,61.47,61.43,7055.89,1919.56,2308.48,0.0,0.0
1052.12,57.57,66.8,61.44,61.43,7056.2,1918.27,2310.78,0.0,0.0
1052.19,57.57,66.79,61.47,61.43,7056.52,1919.34,2308.48,0.0,0.0
1052.33,57.57,66.79,61.47,61.43,7056.52,1919.13,2308.48,0.0,0.0
1052.39,57.57,66.77,61.49,61.44,7056.52,1920.21,2307.33,0.0,0.0
1052.54,57.61,66.77,61.48,61.44,7054.64,1920.42,2308.02,0.0,0.0
1052.61,57.6,66.77,61.47,61.44,7055.27,1920.21,2308.94,0.0,0.0
1052.74,57.54,66.78,61.48,61.44,7057.14,1919.56,2307.79,0.0,0.0
1052.83,57.59,66.78,61.47,61.44,7055.89,1919.99,2308.48,0.0,0.0
1052.94,57.59,66.78,61.48,61.44,7055.89,1919.99,2307.79,0.0,0.0
1052.99,57.59,66.77,61.47,61.44,7055.89,1920.21,2308.94,0.0,0.0
1053.16,57.56,66.78,61.49,61.44,7056.83,1919.77,2306.87,0.0,0.0
1053.2,57.6,66.75,61.49,61.44,7055.27,1921.93,2307.1,0.0,0.0
1053.32,57.56,66.77,61.47,61.44,7056.83,1920.21,2308.25,0.0,0.0
1053.42,57.63,66.76,61.49,61.44,7053.7,1920.85,2307.1,0.0,0.0
1053.59,57.59,66.74,61.47,61.44,7055.58,1922.15,2308.25,0.0,0.0
1053.64,57.57,66.75,61.49,61.44,7056.2,1921.71,2307.33,0.0,0.0
1053.74,57.59,66.73,61.47,61.44,7055.58,1922.79,2308.71,0.0,0.0
1053.85,57.57,66.77,61.47,61.44,7056.2,1920.64,2308.48,0.0,0.0
1053.91,57.6,66.73,61.5,61.44,7055.27,1923.22,2305.95,0.0,0.0
1054.05,57.6,66.72,61.49,61.44,7054.95,1923.44,2306.64,0.0,0.0
1054.12,57.61,66.74,61.5,61.44,7054.64,1922.15,2306.18,0.0,0.0
1054.26,57.59,66.75,61.49,61.44,7055.58,1921.5,2307.33,0.0,0.0
1054.33,57.6,66.73,61.5,61.44,7055.27,1923.22,2306.41,0.0,0.0
1054.48,57.6,66.74,61.51,61.44,7055.27,1922.15,2305.72,0.0,0.0
1054.53,57.57,66.73,61.51,61.44,7056.2,1923.01,2305.72,0.0,0.0
1054.65,57.6,66.72,61.52,61.44,7054.95,1923.87,2304.81,0.0,0.0
1054.7,57.57,66.74,61.49,61.44,7056.52,1922.36,2307.1,0.0,0.0
1054.88,57.54,66.72,61.51,61.44,7057.14,1923.44,2305.26,0.0,0.0
1054.93,57.61,66.73,61.51,61.44,7054.64,1923.22,2305.72,0.0,0.0
1054.99,57.62,66.73,61.5,61.44,7054.01,1922.79,2305.95,0.0,0.0
1055.14,57.62,66.72,61.52,61.44,7054.33,1923.87,2304.58,0.0,0.0
1055.2,57.59,66.73,61.51,61.44,7055.89,1922.79,2305.04,0.0,0.0
1055.35,57.6,66.75,61.5,61.44,7054.95,1921.71,2306.41,0.0,0.0
1055.47,57.6,66.74,61.52,61.44,7054.95,1922.36,2304.58,0.0,0.0
1055.59,57.54,66.75,61.51,61.44,7057.14,1921.71,2305.26,0.0,0.0
1055.62,57.59,66.76,61.52,61.44,7055.58,1921.07,2304.81,0.0,0.0
1055.74,57.59,66.76,61.51,61.44,7055.58,1920.85,2305.04,0.0,0.0
1055.83,57.6,66.76,61.53,61.44,7054.95,1920.85,2303.89,0.0,0.0
1055.9,57.59,66.73,61.53,61.44,7055.89,1922.79,2303.89,0.0,0.0
1056.05,57.57,66.76,61.55,61.44,7056.2,1921.07,2302.28,0.0,0.0
1056.12,57.66,66.75,61.53,61.44,7052.76,1921.5,2303.89,0.0,0.0
1056.26,57.62,66.73,61.54,61.44,7054.01,1922.79,2302.74,0.0,0.0
1056.33,57.59,66.74,61.54,61.44,7055.58,1922.36,2303.2,0.0,0.0
1056.48,57.62,66.74,61.54,61.44,7054.01,1922.36,2302.74,0.0,0.0
1056.49,57.59,66.75,61.54,61.44,7055.89,1921.93,2302.97,0.0,0.0
1056.67,57.61,66.74,61.54,61.44,7054.64,1922.36,2302.51,0.0,0.0
1056.72,57.63,66.71,61.54,61.44,7053.39,1924.09,2302.51,0.0,0.0
1056.89,57.61,66.74,61.54,61.44,7054.64,1922.36,2302.74,0.0,0.0
1056.93,57.63,66.72,61.55,61.44,7053.7,1923.44,2302.05,0.0,0.0
1057.08,57.63,66.72,61.55,61.44,7053.39,1923.66,2302.05,0.0,0.0
1057.21,57.6,66.71,61.54,61.44,7054.95,1924.09,2302.74,0.0,0.0
1057.28,57.66,66.7,61.54,61.44,7052.76,1925.17,2302.51,0.0,0.0
1057.3,57.6,66.72,61.56,61.44,7055.27,1923.87,2301.36,0.0,0.0
1057.46,57.62,66.69,61.56,61.44,7054.01,1925.6,2301.36,0.0,0.0
1057.56,57.66,66.72,61.55,61.44,7052.76,1923.87,2302.28,0.0,0.0
1057.68,57.6,66.7,61.58,61.44,7055.27,1924.73,2299.98,0.0,0.0
1057.73,57.63,66.67,61.57,61.44,7053.7,1926.68,2300.67,0.0,0.0
1057.79,57.62,66.72,61.57,61.44,7054.01,1923.87,2300.21,0.0,0.0
1057.95,57.68,66.71,61.57,61.44,7052.45,1924.3,2300.44,0.0,0.0
1058.02,57.63,66.71,61.56,61.44,7053.7,1924.52,2301.36,0.0,0.0
1058.18,57.63,66.67,61.57,61.44,7053.39,1926.68,2300.21,0.0,0.0
1058.2,57.68,66.72,61.57,61.44,7052.13,1923.66,2300.44,0.0,0.0
1058.37,57.68,66.71,61.57,61.44,7051.51,1924.09,2300.67,0.0,0.0
1058.42,57.65,66.72,61.58,61.44,7053.07,1923.44,2299.98,0.0,0.0
1058.52,57.68,66.73,61.59,61.44,7051.51,1923.22,2298.83,0.0,0.0
1058.63,57.62,66.69,61.58,61.44,7054.33,1925.6,2299.75,0.0,0.0
1058.69,57.68,66.71,61.58,61.44,7051.82,1924.09,2299.98,0.0,0.0
1058.85,57.72,66.71,61.6,61.44,7049.94,1924.3,2297.91,0.0,0.0
1058.92,57.68,66.69,61.6,61.44,7052.45,1925.6,2297.91,0.0,0.0
1059.08,57.68,66.74,61.61,61.44,7052.45,1922.36,2297.46,0.0,0.0
1059.15,57.68,66.73,61.62,61.44,7051.82,1922.79,2296.54,0.0,0.0
1059.26,57.7,66.72,61.62,61.44,7050.88,1923.66,2296.77,0.0,0.0
1059.32,57.62,66.72,61.64,61.44,7054.01,1923.66,2294.93,0.0,0.0
1059.43,57.68,66.74,61.62,61.44,7052.13,1922.15,2296.54,0.0,0.0
1059.54,57.68,66.76,61.64,61.44,7051.19,1920.85,2295.16,0.0,0.0
1059.65,57.7,66.75,61.62,61.44,7050.25,1921.71,2296.54,0.0,0.0
1059.75,57.76,66.78,61.63,61.44,7048.69,1919.77,2295.85,0.0,0.0
1059.82,57.68,66.76,61.66,61.44,7051.51,1920.85,2292.87,0.0,0.0
1059.98,57.77,66.77,61.65,61.44,7047.75,1920.42,2294.01,0.0,0.0
1060.03,57.68,66.8,61.67,61.44,7051.82,1918.7,2292.41,0.0,0.0
1060.11,57.72,66.81,61.65,61.44,7049.94,1917.84,2294.01,0.0,0.0
1060.26,57.72,66.8,61.67,61.44,7049.63,1918.48,2292.41,0.0,0.0
1060.38,57.68,66.79,61.69,61.44,7051.19,1919.13,2290.8,0.0,0.0
1060.43,57.7,66.82,61.69,61.44,7050.57,1917.4,2291.03,0.0,0.0
1060.49,57.72,66.82,61.67,61.44,7049.94,1917.4,2292.18,0.0,0.0
1060.65,57.68,66.79,61.68,61.44,7051.82,1919.13,2291.26,0.0,0.0
1060.71,57.74,66.81,61.69,61.44,7049.32,1918.05,2290.57,0.0,0.0
1060.87,57.72,66.81,61.67,61.44,7049.63,1917.84,2292.41,0.0,0.0
1060.94,57.7,66.82,61.69,61.44,7050.25,1917.19,2291.03,0.0,0.0
1061.1,57.74,66.82,61.69,61.44,7049.32,1916.76,2290.34,0.0,0.0
1061.11,57.76,66.82,61.69,61.45,7048.69,1917.19,2290.34,0.0,0.0
1061.28,57.72,66.83,61.69,61.45,7049.63,1916.54,2290.34,0.0,0.0
1061.33,57.74,66.82,61.69,61.45,7049.32,1916.76,2290.57,0.0,0.0
1061.4,57.72,66.84,61.69,61.45,7049.94,1915.68,2290.8,0.0,0.0
1061.57,57.74,66.81,61.7,61.45,7049.32,1917.62,2290.12,0.0,0.0
1061.65,57.76,66.84,61.69,61.45,7048.38,1915.47,2291.03,0.0,0.0
1061.78,57.72,66.81,61.69,61.45,7049.63,1917.84,2291.03,0.0,0.0
1061.83,57.77,66.84,61.71,61.45,7048.06,1915.47,2289.43,0.0,0.0
1061.91,57.76,66.84,61.69,61.45,7047.44,1915.9,2291.03,0.0,0.0
1062.1,57.75,66.84,61.69,61.45,7049.0,1915.47,2291.03,0.0,0.0
1062.18,57.74,66.83,61.69,61.45,7049.32,1916.11,2290.8,0.0,0.0
1062.25,57.78,66.84,61.68,61.45,7047.12,1915.9,2291.72,0.0,0.0
1062.39,57.72,66.83,61.68,61.45,7049.94,1916.33,2291.49,0.0,0.0
1062.47,57.75,66.84,61.68,61.45,7049.0,1915.68,2291.26,0.0,0.0
1062.54,57.74,66.84,61.67,61.45,7049.32,1915.68,2291.95,0.0,0.0
1062.67,57.72,66.86,61.65,61.45,7049.63,1914.6,2293.55,0.0,0.0
1062.75,57.72,66.87,61.66,61.45,7049.63,1913.53,2293.33,0.0,0.0
1062.87,57.76,66.87,61.66,61.45,7048.38,1913.96,2292.87,0.0,0.0
1062.95,57.77,66.91,61.67,61.45,7047.75,1911.16,2292.64,0.0,0.0
1063.11,57.7,66.89,61.67,61.45,7050.25,1912.67,2292.41,0.0,0.0
1063.18,57.76,66.88,61.65,61.45,7048.38,1912.88,2294.24,0.0,0.0
1063.26,57.72,66.87,61.63,61.45,7049.63,1913.53,2295.39,0.0,0.0
1063.4,57.72,66.88,61.64,61.45,7049.63,1913.31,2294.47,0.0,0.0
1063.53,57.74,66.87,61.66,61.45,7049.32,1913.53,2293.1,0.0,0.0
1063.58,57.75,66.85,61.67,61.45,7049.0,1915.03,2292.18,0.0,0.0
1063.62,57.76,66.86,61.65,61.46,7048.69,1914.17,2294.24,0.0,0.0
1063.8,57.72,66.89,61.65,61.46,7049.94,1912.45,2293.78,0.0,0.0
1063.86,57.76,66.88,61.65,61.46,7047.44,1913.1,2294.24,0.0,0.0
1063.95,57.77,66.86,61.65,61.46,7048.06,1914.6,2294.01,0.0,0.0
1064.08,57.76,66.86,61.66,61.46,7047.44,1914.39,2292.87,0.0,0.0
1064.16,57.79,66.85,61.65,61.46,7046.81,1915.03,2293.55,0.0,0.0
1064.28,57.76,66.88,61.66,61.46,7047.44,1913.31,2293.1,0.0,0.0
1064.4,57.72,66.87,61.67,61.46,7049.63,1913.53,2292.41,0.0,0.0
1064.43,57.76,66.87,61.67,61.46,7047.44,1913.74,2292.64,0.0,0.0
1064.57,57.77,66.88,61.69,61.46,7048.06,1913.1,2290.8,0.0,0.0
1064.65,57.77,66.88,61.7,61.46,7048.06,1913.31,2290.12,0.0,0.0
1064.73,57.76,66.88,61.67,61.46,7048.38,1913.1,2292.64,0.0,0.0
1064.87,57.83,66.87,61.68,61.46,7045.24,1913.53,2291.26,0.0,0.0
1064.94,57.81,66.86,61.7,61.46,7045.56,1914.6,2289.89,0.0,0.0
1065.02,57.76,66.9,61.71,61.46,7048.38,1912.02,2289.43,0.0,0.0
1065.21,57.81,66.89,61.71,61.46,7045.56,1912.67,2289.43,0.0,0.0
1065.28,57.78,66.86,61.71,61.46,7047.12,1914.17,2288.97,0.0,0.0
1065.38,57.76,66.88,61.71,61.46,7047.44,1913.1,2289.43,0.0,0.0
1065.49,57.81,66.88,61.7,61.47,7046.5,1913.31,2290.12,0.0,0.0
1065.52,57.81,66.87,61.71,61.47,7046.18,1913.53,2289.2,0.0,0.0
1065.67,57.81,66.89,61.71,61.47,7046.5,1912.45,2288.97,0.0,0.0
1065.82,57.81,66.86,61.71,61.47,7045.56,1914.6,2289.2,0.0,0.0
1065.89,57.81,66.88,61.71,61.47,7046.5,1912.88,2288.97,0.0,0.0
1065.97,57.82,66.9,61.71,61.47,7045.87,1912.02,2288.97,0.0,0.0
1066.1,57.81,66.87,61.72,61.47,7046.18,1913.96,2288.28,0.0,0.0
1066.16,57.81,66.89,61.72,61.47,7046.18,1912.45,2288.51,0.0,0.0
1066.25,57.81,66.85,61.73,61.47,7046.18,1915.03,2287.59,0.0,0.0
1066.38,57.78,66.88,61.73,61.47,7047.12,1912.88,2287.36,0.0,0.0
1066.47,57.76,66.88,61.74,61.47,7047.44,1912.88,2286.91,0.0,0.0
1066.61,57.78,66.87,61.73,61.47,7047.12,1913.53,2287.59,0.0,0.0
1066.68,57.84,66.87,61.73,61.47,7044.62,1913.74,2287.59,0.0,0.0
1066.76,57.84,66.87,61.73,61.47,7044.62,1913.74,2287.59,0.0,0.0
1066.88,57.83,66.87,61.73,61.47,7045.24,1913.96,2287.59,0.0,0.0
1066.97,57.83,66.87,61.73,61.47,7045.24,1913.74,2287.59,0.0,0.0
1067.06,57.79,66.86,61.73,61.47,7046.81,1914.39,2287.36,0.0,0.0
1067.2,57.81,66.85,61.73,61.47,7045.56,1915.03,2287.59,0.0,0.0
1067.32,57.84,66.84,61.75,61.47,7044.62,1915.68,2285.76,0.0,0.0
1067.42,57.79,66.86,61.76,61.48,7046.81,1914.39,2285.3,0.0,0.0
1067.5,57.85,66.86,61.75,61.48,7043.99,1914.17,2285.99,0.0,0.0
1067.57,57.84,66.86,61.75,61.48,7044.62,1914.39,2285.53,0.0,0.0
1067.65,57.85,66.86,61.76,61.48,7044.31,1914.17,2284.84,0.0,0.0
1067.79,57.84,66.86,61.77,61.48,7044.62,1914.17,2284.16,0.0,0.0
1067.86,57.82,66.87,61.74,61.48,7045.87,1913.96,2286.45,0.0,0.0
1067.95,57.81,66.88,61.77,61.48,7045.56,1913.31,2283.93,0.0,0.0
1068.02,57.81,66.87,61.77,61.48,7045.56,1913.53,2284.16,0.0,0.0
1068.16,57.9,66.86,61.78,61.48,7042.43,1914.17,2283.47,0.0,0.0
1068.29,57.85,66.86,61.77,61.48,7043.99,1914.39,2283.93,0.0,0.0
1068.39,57.85,66.88,61.79,61.48,7044.31,1913.1,2282.78,0.0,0.0
1068.5,57.82,66.87,61.79,61.48,7045.87,1913.96,2282.55,0.0,0.0
1068.61,57.9,66.87,61.8,61.48,7042.11,1913.74,2282.1,0.0,0.0
1068.74,57.87,66.86,61.81,61.48,7043.68,1914.39,2280.72,0.0,0.0
1068.81,57.92,66.88,61.8,61.48,7041.8,1912.88,2281.64,0.0,0.0
1068.84,57.88,66.88,61.79,61.48,7043.37,1912.88,2282.78,0.0,0.0
1068.97,57.92,66.9,61.82,61.48,7041.8,1912.02,2280.49,0.0,0.0
1069.04,57.9,66.87,61.79,61.48,7042.11,1913.74,2282.33,0.0,0.0
1069.18,57.89,66.86,61.79,61.48,7042.74,1914.17,2282.33,0.0,0.0
1069.32,57.83,66.91,61.82,61.48,7045.24,1910.94,2280.04,0.0,0.0
1069.39,57.85,66.9,61.82,61.48,7044.31,1911.8,2280.26,0.0,0.0
1069.47,57.84,66.91,61.82,61.48,7044.62,1911.37,2280.04,0.0,0.0
1069.6,57.92,66.91,61.83,61.48,7041.8,1910.94,2279.58,0.0,0.0
1069.65,57.88,66.91,61.82,61.49,7043.37,1911.37,2280.04,0.0,0.0
1069.83,57.84,66.92,61.84,61.49,7044.62,1910.73,2278.66,0.0,0.0
1069.91,57.89,66.92,61.82,61.49,7042.74,1910.3,2280.26,0.0,0.0
1069.99,57.85,66.9,61.83,61.49,7043.99,1911.59,2279.81,0.0,0.0
1070.06,57.9,66.92,61.84,61.49,7042.43,1910.51,2278.89,0.0,0.0
1070.14,57.84,66.92,61.85,61.49,7044.93,1910.51,2277.75,0.0,0.0
1070.29,57.88,66.94,61.85,61.49,7043.37,1909.44,2277.75,0.0,0.0
1070.43,57.87,66.92,61.83,61.49,7043.68,1910.51,2279.35,0.0,0.0
1070.5,57.9,66.95,61.85,61.49,7042.11,1908.36,2277.75,0.0,0.0
1070.59,57.84,66.93,61.85,61.49,7044.93,1909.65,2277.75,0.0,0.0
1070.74,57.9,66.93,61.85,61.49,7042.43,1909.87,2277.75,0.0,0.0
1070.81,57.88,66.95,61.85,61.49,7043.37,1908.58,2277.52,0.0,0.0
1070.99,57.88,66.95,61.85,61.49,7043.37,1908.58,2277.75,0.0,0.0
1071.14,57.85,66.95,61.86,61.49,7043.99,1908.79,2276.83,0.0,0.0
1071.24,57.9,66.94,61.86,61.49,7042.43,1909.44,2276.6,0.0,0.0
1071.32,57.92,66.97,61.86,61.49,7041.17,1907.5,2277.06,0.0,0.0
1071.47,57.83,66.95,61.86,61.49,7045.24,1908.58,2276.6,0.0,0.0
1071.51,57.88,66.97,61.89,61.49,7043.37,1907.5,2274.77,0.0,0.0
1071.58,57.88,66.97,61.88,61.5,7043.37,1907.29,2275.46,0.0,0.0
1071.66,57.9,66.95,61.88,61.5,7042.11,1908.58,2275.69,0.0,0.0
1071.82,57.9,66.98,61.89,61.5,7042.11,1906.86,2274.55,0.0,0.0
1071.84,57.89,66.96,61.88,61.5,7042.74,1908.15,2275.69,0.0,0.0
1072.02,57.84,66.98,61.87,61.5,7044.93,1906.64,2275.92,0.0,0.0
1072.18,57.9,66.98,61.87,61.5,7042.11,1906.64,2276.38,0.0,0.0
1072.25,57.9,66.97,61.87,61.5,7042.43,1907.07,2275.92,0.0,0.0
1072.28,57.84,66.98,61.9,61.5,7044.62,1906.86,2274.09,0.0,0.0
1072.44,57.85,67.0,61.9,61.5,7043.99,1905.14,2273.86,0.0,0.0
1072.52,57.92,67.02,61.9,61.5,7041.49,1904.28,2273.63,0.0,0.0
1072.62,57.84,67.0,61.9,61.5,7044.93,1905.57,2273.63,0.0,0.0
1072.69,57.9,67.02,61.9,61.5,7042.11,1904.28,2274.09,0.0,0.0
1072.84,57.87,67.01,61.89,61.5,7043.68,1904.92,2274.55,0.0,0.0
1072.85,57.9,67.02,61.88,61.5,7042.11,1904.28,2275.0,0.0,0.0
1072.94,57.88,67.02,61.88,61.51,7043.37,1904.28,2275.0,0.0,0.0
1073.01,57.88,67.03,61.89,61.51,7043.37,1903.2,2274.55,0.0,0.0
1073.15,57.84,67.02,61.87,61.51,7044.93,1903.85,2275.92,0.0,0.0
1073.17,57.89,67.03,61.88,61.51,7042.74,1903.63,2275.69,0.0,0.0
1073.33,57.9,67.03,61.89,61.51,7042.43,1903.2,2274.32,0.0,0.0
1073.47,57.87,67.03,61.87,61.51,7043.05,1903.42,2275.92,0.0,0.0
1073.48,57.85,67.04,61.87,61.51,7043.99,1902.99,2276.38,0.0,0.0
1073.72,57.89,67.02,61.88,61.51,7042.74,1903.85,2275.46,0.0,0.0
1073.89,57.84,67.03,61.85,61.51,7044.62,1903.63,2277.52,0.0,0.0
1073.98,57.84,67.04,61.86,61.51,7044.93,1902.56,2277.29,0.0,0.0
1074.15,57.9,67.04,61.84,61.51,7042.43,1902.56,2278.21,0.0,0.0
1074.26,57.82,67.04,61.86,61.51,7045.87,1902.99,2276.6,0.0,0.0
1074.34,57.85,67.02,61.85,61.52,7043.99,1904.06,2277.75,0.0,0.0
1074.43,57.87,67.04,61.84,61.52,7043.68,1902.77,2278.21,0.0,0.0
1074.52,57.85,67.06,61.83,61.52,7043.99,1901.48,2279.35,0.0,0.0
1074.61,57.84,67.04,61.83,61.52,7044.93,1902.56,2279.58,0.0,0.0
1074.86,57.87,67.06,61.85,61.52,7043.68,1901.7,2277.75,0.0,0.0
1074.87,57.87,67.04,61.83,61.52,7043.05,1902.99,2279.81,0.0,0.0
1075.06,57.89,67.06,61.83,61.52,7042.74,1901.7,2279.81,0.0,0.0
1075.14,57.84,67.01,61.84,61.52,7044.62,1904.71,2278.43,0.0,0.0
1075.32,57.88,67.03,61.83,61.52,7043.37,1903.63,2279.58,0.0,0.0
1075.55,57.87,67.04,61.86,61.52,7043.68,1902.56,2276.6,0.0,0.0
1075.65,57.9,67.05,61.85,61.52,7042.11,1902.34,2277.98,0.0,0.0
1075.88,57.94,67.02,61.85,61.53,7040.86,1903.85,2277.52,0.0,0.0
1076.04,57.85,67.03,61.85,61.53,7044.31,1903.63,2277.52,0.0,0.0
1076.12,57.84,67.03,61.83,61.53,7044.93,1903.42,2279.58,0.0,0.0
1076.29,57.83,67.01,61.84,61.53,7045.24,1904.49,2278.21,0.0,0.0
1076.4,57.88,67.01,61.87,61.53,7043.37,1904.49,2276.38,0.0,0.0
1076.5,57.88,67.03,61.83,61.53,7043.37,1903.63,2279.12,0.0,0.0
1076.55,57.81,67.02,61.84,61.53,7045.56,1904.28,2278.89,0.0,0.0
1076.59,57.84,67.02,61.84,61.53,7044.62,1903.85,2278.21,0.0,0.0
1076.74,57.82,67.01,61.86,61.53,7045.87,1904.92,2277.06,0.0,0.0
1076.8,57.88,67.05,61.85,61.53,7043.37,1902.34,2277.75,0.0,0.0
1076.91,57.84,67.02,61.87,61.53,7044.62,1904.28,2276.15,0.0,0.0
1076.98,57.81,67.03,61.87,61.54,7045.56,1903.42,2276.38,0.0,0.0
1077.06,57.85,67.02,61.85,61.54,7043.99,1904.06,2277.75,0.0,0.0
1077.13,57.79,67.02,61.86,61.54,7046.81,1904.06,2276.6,0.0,0.0
1077.21,57.85,67.05,61.87,61.54,7043.99,1901.91,2276.15,0.0,0.0
1077.27,57.81,67.02,61.86,61.54,7046.18,1904.28,2277.06,0.0,0.0
1077.36,57.81,67.04,61.85,61.54,7045.56,1902.99,2277.52,0.0,0.0
1077.42,57.84,67.03,61.86,61.54,7044.62,1903.2,2277.06,0.0,0.0
1077.5,57.76,67.03,61.88,61.54,7047.44,1903.42,2275.23,0.0,0.0
1077.64,57.81,67.06,61.87,61.54,7045.56,1901.48,2276.15,0.0,0.0
1077.7,57.79,67.03,61.86,61.54,7046.81,1903.42,2276.6,0.0,0.0
1077.74,57.85,67.05,61.86,61.54,7044.31,1902.13,2277.06,0.0,0.0
1077.79,57.82,67.05,61.88,61.54,7045.87,1902.34,2275.0,0.0,0.0
1077.89,57.81,67.05,61.87,61.54,7045.56,1901.91,2275.92,0.0,0.0
1077.98,57.85,67.04,61.88,61.55,7043.99,1902.56,2275.69,0.0,0.0
1077.99,57.84,67.06,61.87,61.55,7044.93,1901.48,2276.15,0.0,0.0
1078.08,57.84,67.06,61.88,61.55,7044.93,1901.27,2275.69,0.0,0.0
1078.15,57.77,67.05,61.89,61.55,7047.75,1902.34,2274.55,0.0,0.0
1078.23,57.81,67.07,61.9,61.55,7045.56,1900.84,2273.63,0.0,0.0
1078.3,57.85,67.05,61.89,61.55,7043.99,1902.13,2274.77,0.0,0.0
1078.35,57.85,67.03,61.91,61.55,7044.31,1903.42,2273.17,0.0,0.0
1078.39,57.89,67.06,61.91,61.55,7042.74,1901.27,2272.94,0.0,0.0
1078.54,57.87,67.06,61.9,61.55,7043.05,1901.27,2273.86,0.0,0.0
1078.61,57.87,67.08,61.89,61.55,7043.68,1900.41,2274.32,0.0,0.0
1078.7,57.9,67.06,61.91,61.55,7042.43,1901.7,2273.17,0.0,0.0
1078.77,57.88,67.09,61.92,61.55,7043.37,1899.76,2272.03,0.0,0.0
1078.85,57.84,67.06,61.89,61.56,7044.62,1901.27,2274.55,0.0,0.0
1078.91,57.88,67.06,61.91,61.56,7043.37,1901.27,2272.94,0.0,0.0
1078.92,57.92,67.1,61.92,61.56,7041.49,1898.69,2272.49,0.0,0.0
1079.07,57.84,67.09,61.92,61.56,7044.93,1899.55,2272.49,0.0,0.0
1079.21,57.87,67.09,61.92,61.56,7043.05,1899.76,2272.26,0.0,0.0
1079.22,57.81,67.08,61.9,61.56,7046.18,1899.98,2273.86,0.0,0.0
1079.39,57.84,67.09,61.91,61.56,7044.62,1899.76,2272.94,0.0,0.0
1079.54,57.82,67.07,61.92,61.56,7045.87,1900.62,2272.49,0.0,0.0
1079.55,57.88,67.09,61.91,61.56,7043.37,1899.76,2273.17,0.0,0.0
1079.71,57.87,67.08,61.93,61.56,7043.68,1899.98,2271.57,0.0,0.0
1079.79,57.87,67.08,61.91,61.56,7043.05,1900.41,2272.72,0.0,0.0
1079.86,57.81,67.09,61.91,61.56,7045.56,1899.76,2272.94,0.0,0.0
1080.02,57.87,67.05,61.92,61.57,7043.05,1901.91,2272.03,0.0,0.0
1080.1,57.85,67.07,61.93,61.57,7044.31,1901.05,2271.34,0.0,0.0
1080.16,57.87,67.07,61.92,61.57,7043.68,1900.84,2271.8,0.0,0.0
1080.3,57.87,67.08,61.92,61.57,7043.05,1900.19,2272.03,0.0,0.0
1080.4,57.87,67.09,61.93,61.57,7043.68,1899.55,2271.34,0.0,0.0
1080.49,57.81,67.11,61.91,61.57,7046.5,1898.47,2272.72,0.0,0.0
1080.62,57.82,67.1,61.91,61.57,7045.87,1899.12,2272.72,0.0,0.0
1080.72,57.81,67.11,61.93,61.57,7046.18,1898.05,2271.57,0.0,0.0
1080.83,57.87,67.11,61.93,61.57,7043.68,1898.26,2271.57,0.0,0.0
1080.91,57.9,67.09,61.91,61.57,7042.43,1899.33,2272.94,0.0,0.0
1081.05,57.89,67.11,61.92,61.57,7042.74,1898.26,2272.49,0.0,0.0
1081.25,57.88,67.11,61.92,61.58,7043.37,1898.47,2272.49,0.0,0.0
1081.33,57.81,67.1,61.91,61.58,7045.56,1898.9,2272.72,0.0,0.0
1081.45,57.87,67.12,61.92,61.58,7043.68,1897.4,2272.03,0.0,0.0
1081.64,57.89,67.09,61.92,61.58,7042.74,1899.33,2272.49,0.0,0.0
1081.72,57.85,67.1,61.91,61.58,7044.31,1898.9,2272.72,0.0,0.0
1081.75,57.85,67.11,61.91,61.58,7043.99,1898.05,2273.17,0.0,0.0
1082.04,57.81,67.08,61.89,61.58,7046.18,1900.19,2274.55,0.0,0.0
1082.21,57.87,67.13,61.89,61.58,7043.68,1896.97,2274.77,0.0,0.0
1082.22,57.84,67.11,61.9,61.58,7044.93,1898.05,2273.63,0.0,0.0
1082.25,57.85,67.11,61.89,61.58,7043.99,1898.26,2274.55,0.0,0.0
1082.25,57.84,67.11,61.89,61.58,7044.62,1898.47,2274.32,0.0,0.0
1082.25,57.83,67.13,61.9,61.59,7045.24,1896.97,2273.63,0.0,0.0
1082.25,57.87,67.12,61.89,61.59,7043.05,1897.62,2274.77,0.0,0.0
1082.67,57.87,67.11,61.89,61.59,7043.05,1898.05,2274.32,0.0,0.0
1082.76,57.81,67.1,61.89,61.59,7045.56,1899.12,2274.55,0.0,0.0
1082.78,57.87,67.1,61.9,61.59,7043.05,1898.9,2273.4,0.0,0.0
1082.88,57.85,67.11,61.92,61.59,7043.99,1898.05,2272.03,0.0,0.0
1082.97,57.82,67.08,61.9,61.59,7045.87,1900.19,2273.4,0.0,0.0
1083.06,57.79,67.1,61.9,61.59,7046.81,1899.12,2273.63,0.0,0.0
1083.16,57.87,67.07,61.91,61.59,7043.68,1900.62,2273.17,0.0,0.0
1083.17,57.88,67.1,61.92,61.59,7043.37,1898.69,2272.03,0.0,0.0
1083.25,57.87,67.11,61.91,61.59,7043.68,1898.47,2272.94,0.0,0.0
1083.32,57.89,67.12,61.92,61.6,7042.74,1897.4,2271.8,0.0,0.0
1083.41,57.85,67.11,61.93,61.6,7044.31,1898.05,2271.57,0.0,0.0
1083.47,57.87,67.08,61.92,61.6,7043.68,1899.98,2272.03,0.0,0.0
1083.57,57.81,67.08,61.93,61.6,7046.5,1899.98,2271.12,0.0,0.0
1083.64,57.85,67.1,61.93,61.6,7044.31,1898.69,2271.57,0.0,0.0
1083.77,57.84,67.09,61.94,61.6,7044.62,1899.55,2270.2,0.0,0.0
1083.85,57.87,67.1,61.93,61.6,7043.05,1898.9,2271.57,0.0,0.0
1084.01,57.87,67.1,61.93,61.6,7043.68,1898.9,2271.12,0.0,0.0
1084.02,57.9,67.11,61.93,61.6,7042.43,1898.26,2271.57,0.0,0.0
1084.16,57.9,67.11,61.94,61.6,7042.11,1898.47,2270.2,0.0,0.0
1084.24,57.88,67.08,61.93,61.6,7043.37,1899.98,2271.57,0.0,0.0
1084.36,57.88,67.08,61.96,61.6,7043.37,1900.19,2268.83,0.0,0.0
1084.43,57.87,67.08,61.96,61.6,7043.05,1900.41,2269.06,0.0,0.0
1084.53,57.87,67.11,61.93,61.61,7043.05,1898.26,2271.34,0.0,0.0
1084.69,57.89,67.1,61.95,61.61,7042.74,1899.12,2269.75,0.0,0.0
1084.77,57.88,67.09,61.95,61.61,7043.37,1899.76,2269.52,0.0,0.0
1084.87,57.92,67.08,61.96,61.61,7041.8,1900.41,2268.83,0.0,0.0
1084.93,57.89,67.08,61.96,61.61,7042.74,1900.41,2269.29,0.0,0.0
1085.09,57.92,67.08,61.98,61.61,7041.8,1900.41,2267.23,0.0,0.0
1085.14,57.92,67.09,61.97,61.61,7041.8,1899.55,2267.92,0.0,0.0
1085.21,57.9,67.08,61.97,61.61,7042.43,1900.19,2268.37,0.0,0.0
1085.37,57.92,67.12,61.98,61.61,7041.8,1897.62,2267.23,0.0,0.0
1085.44,57.89,67.1,61.99,61.61,7042.74,1899.12,2266.78,0.0,0.0
1085.54,57.92,67.1,61.98,61.61,7041.49,1899.12,2267.23,0.0,0.0
1085.69,57.9,67.11,61.98,61.61,7042.43,1898.05,2267.69,0.0,0.0
1085.77,57.92,67.08,62.0,61.61,7041.8,1899.98,2266.09,0.0,0.0
1085.87,57.92,67.11,61.98,61.62,7041.8,1898.26,2267.69,0.0,0.0
1085.99,57.96,67.13,62.01,61.62,7039.29,1896.97,2264.95,0.0,0.0
1086.05,57.9,67.1,61.99,61.62,7042.43,1899.12,2266.78,0.0,0.0
1086.12,57.92,67.12,62.01,61.62,7041.49,1897.83,2264.95,0.0,0.0
1086.28,57.9,67.12,62.01,61.62,7042.43,1897.4,2264.95,0.0,0.0
1086.35,57.9,67.11,61.99,61.62,7042.11,1898.47,2266.55,0.0,0.0
1086.47,57.87,67.13,61.99,61.62,7043.05,1896.97,2266.55,0.0,0.0
1086.52,57.94,67.14,61.98,61.62,7040.55,1896.33,2267.0,0.0,0.0
1086.68,57.92,67.09,61.99,61.62,7041.8,1899.33,2266.32,0.0,0.0
1086.74,57.92,67.15,62.03,61.62,7041.17,1895.68,2263.58,0.0,0.0
1086.81,57.92,67.13,62.02,61.62,7041.17,1897.19,2264.26,0.0,0.0
1086.95,57.9,67.15,62.02,61.62,7042.11,1895.68,2264.26,0.0,0.0
1087.03,57.92,67.15,62.01,61.62,7041.49,1895.47,2265.18,0.0,0.0
1087.17,57.94,67.16,62.03,61.62,7040.23,1895.04,2263.35,0.0,0.0
1087.31,57.94,67.14,62.01,61.63,7040.55,1896.33,2264.95,0.0,0.0
1087.37,57.9,67.13,62.03,61.63,7042.11,1896.97,2263.58,0.0,0.0
1087.41,57.92,67.15,62.03,61.63,7041.17,1895.47,2263.58,0.0,0.0
1087.6,57.96,67.16,62.04,61.63,7039.29,1895.04,2262.89,0.0,0.0
1087.63,57.98,67.15,62.01,61.63,7038.67,1895.68,2264.95,0.0,0.0
1087.71,57.94,67.14,62.02,61.63,7040.86,1896.11,2264.04,0.0,0.0
1087.86,57.94,67.14,62.04,61.63,7040.86,1896.54,2262.89,0.0,0.0
1087.93,57.9,67.16,62.03,61.63,7042.43,1895.25,2263.35,0.0,0.0
1088.08,57.94,67.15,62.03,61.63,7040.86,1895.68,2263.35,0.0,0.0
1088.2,57.9,67.17,62.03,61.63,7042.11,1894.4,2263.58,0.0,0.0
1088.31,57.94,67.16,62.05,61.63,7039.92,1895.04,2261.53,0.0,0.0
1088.32,57.94,67.15,62.05,61.63,7040.55,1895.47,2261.53,0.0,0.0
1088.5,57.92,67.16,62.05,61.64,7041.8,1895.04,2261.98,0.0,0.0
1088.55,57.92,67.16,62.04,61.64,7041.17,1895.04,2262.89,0.0,0.0
1088.62,57.96,67.16,62.06,61.64,7039.61,1895.04,2260.84,0.0,0.0
1088.75,57.94,67.18,62.04,61.64,7040.86,1893.54,2262.89,0.0,0.0
1088.83,57.96,67.18,62.05,61.64,7039.29,1893.97,2261.75,0.0,0.0
1088.98,57.92,67.17,62.03,61.64,7041.8,1894.18,2263.12,0.0,0.0
1089.05,57.94,67.18,62.06,61.64,7040.23,1893.54,2260.61,0.0,0.0
1089.17,57.96,67.18,62.04,61.64,7039.61,1893.75,2262.21,0.0,0.0
1089.26,57.9,67.18,62.04,61.64,7042.11,1893.54,2262.21,0.0,0.0
1089.4,57.94,67.17,62.06,61.64,7040.23,1894.61,2261.3,0.0,0.0
1089.46,57.96,67.17,62.05,61.64,7039.61,1894.18,2261.75,0.0,0.0
1089.6,57.94,67.18,62.07,61.64,7039.92,1893.97,2259.93,0.0,0.0
1089.67,57.92,67.18,62.08,61.65,7041.17,1893.97,2259.7,0.0,0.0
1089.76,57.9,67.19,62.08,61.65,7042.11,1893.11,2259.47,0.0,0.0
1089.83,57.96,67.2,62.07,61.65,7039.61,1892.68,2260.16,0.0,0.0
1089.99,57.92,67.2,62.09,61.65,7041.49,1892.25,2258.79,0.0,0.0
1090.03,57.94,67.21,62.05,61.65,7039.92,1891.61,2261.53,0.0,0.0
1090.11,57.94,67.2,62.08,61.65,7039.92,1892.25,2259.7,0.0,0.0
1090.25,57.96,67.19,62.07,61.65,7039.29,1892.89,2260.38,0.0,0.0
1090.32,57.97,67.21,62.08,61.65,7038.98,1892.04,2259.7,0.0,0.0
1090.42,57.94,67.22,62.09,61.65,7039.92,1891.39,2258.79,0.0,0.0
1090.53,57.96,67.23,62.09,61.65,7039.61,1890.75,2258.79,0.0,0.0
1090.68,57.94,67.24,62.09,61.65,7040.55,1890.1,2258.79,0.0,0.0
1090.76,57.94,67.23,62.08,61.66,7039.92,1890.75,2259.02,0.0,0.0
1090.89,57.94,67.24,62.07,61.66,7040.23,1889.68,2260.38,0.0,0.0
1090.95,57.94,67.24,62.08,61.66,7040.86,1889.68,2259.02,0.0,0.0
1091.03,57.94,67.25,62.09,61.66,7039.92,1889.25,2258.79,0.0,0.0
1091.2,57.97,67.25,62.1,61.66,7038.98,1889.25,2258.1,0.0,0.0
1091.29,57.98,67.26,62.08,61.66,7038.67,1888.39,2259.02,0.0,0.0
1091.42,57.97,67.27,62.08,61.66,7038.98,1887.96,2259.02,0.0,0.0
1091.46,58.0,67.27,62.1,61.66,7038.04,1887.75,2257.42,0.0,0.0
1091.54,57.94,67.28,62.1,61.66,7039.92,1887.53,2257.88,0.0,0.0
1091.69,57.96,67.27,62.1,61.66,7039.29,1887.75,2257.88,0.0,0.0
1091.76,57.94,67.28,62.1,61.67,7039.92,1887.53,2257.65,0.0,0.0
1091.86,57.96,67.28,62.11,61.67,7039.29,1887.53,2256.96,0.0,0.0
1091.93,57.96,67.28,62.11,61.67,7039.61,1887.1,2257.19,0.0,0.0
1092.16,57.97,67.27,62.11,61.67,7038.98,1887.75,2256.96,0.0,0.0
1092.17,57.96,67.31,62.11,61.67,7039.61,1885.39,2257.19,0.0,0.0
1092.24,57.94,67.31,62.09,61.67,7040.23,1885.39,2258.33,0.0,0.0
1092.37,57.99,67.31,62.09,61.67,7038.36,1885.17,2258.56,0.0,0.0
1092.45,57.96,67.32,62.1,61.67,7039.29,1884.75,2257.88,0.0,0.0
1092.6,57.96,67.3,62.11,61.67,7039.29,1886.03,2256.73,0.0,0.0
1092.67,57.97,67.33,62.11,61.68,7038.98,1884.1,2256.96,0.0,0.0
1092.82,57.96,67.33,62.1,61.68,7039.29,1884.32,2257.65,0.0,0.0
1092.85,57.99,67.34,62.12,61.68,7038.36,1883.46,2256.28,0.0,0.0
1092.95,58.0,67.32,62.11,61.68,7037.42,1884.75,2257.19,0.0,0.0
1093.04,57.99,67.33,62.09,61.68,7038.36,1883.89,2258.33,0.0,0.0
1093.12,57.96,67.34,62.1,61.68,7039.29,1883.46,2257.65,0.0,0.0
1093.27,57.96,67.34,62.11,61.68,7039.61,1883.46,2256.96,0.0,0.0
1093.34,57.99,67.36,62.1,61.68,7038.36,1882.39,2257.42,0.0,0.0
1093.48,57.97,67.35,62.09,61.69,7038.98,1882.82,2258.33,0.0,0.0
1093.56,57.96,67.35,62.11,61.69,7039.29,1882.6,2256.96,0.0,0.0
1093.72,58.02,67.36,62.1,61.69,7037.73,1882.18,2257.88,0.0,0.0
1093.73,57.99,67.37,62.1,61.69,7038.36,1881.75,2257.88,0.0,0.0
1093.88,57.99,67.36,62.1,61.69,7038.36,1881.96,2258.1,0.0,0.0
1093.96,57.99,67.39,62.09,61.69,7038.36,1880.25,2258.56,0.0,0.0
1094.07,57.96,67.36,62.08,61.69,7039.61,1882.18,2259.02,0.0,0.0
1094.17,57.97,67.38,62.1,61.69,7038.98,1880.68,2257.88,0.0,0.0
1094.25,57.97,67.37,62.09,61.7,7038.98,1881.75,2258.79,0.0,0.0
1094.39,57.99,67.38,62.1,61.7,7038.36,1880.89,2257.65,0.0,0.0
1094.47,58.0,67.37,62.11,61.7,7038.04,1881.53,2257.19,0.0,0.0
1094.58,58.0,67.36,62.09,61.7,7038.04,1881.96,2258.79,0.0,0.0
1094.62,58.0,67.35,62.09,61.7,7038.04,1882.82,2258.56,0.0,0.0
1094.78,57.99,67.39,62.08,61.7,7038.36,1880.46,2259.24,0.0,0.0
1094.83,57.99,67.35,62.09,61.7,7038.36,1882.6,2258.56,0.0,0.0
1094.94,57.98,67.38,62.09,61.71,7038.67,1880.89,2258.56,0.0,0.0
1095.03,58.0,67.38,62.06,61.71,7038.04,1881.1,2261.07,0.0,0.0
1095.21,57.96,67.37,62.09,61.71,7039.61,1881.53,2258.33,0.0,0.0
1095.25,57.97,67.38,62.08,61.71,7038.98,1881.1,2259.47,0.0,0.0
1095.36,57.96,67.38,62.09,61.71,7039.29,1881.1,2258.33,0.0,0.0
1095.46,58.0,67.37,62.09,61.71,7038.04,1881.53,2258.56,0.0,0.0
1095.54,57.97,67.38,62.1,61.71,7038.98,1880.89,2258.1,0.0,0.0
1095.69,58.02,67.36,62.08,61.72,7037.73,1882.39,2259.24,0.0,0.0
1095.77,58.02,67.39,62.08,61.72,7037.73,1880.25,2259.02,0.0,0.0
1095.9,57.99,67.39,62.08,61.72,7038.36,1880.03,2259.02,0.0,0.0
1095.97,58.0,67.38,62.11,61.72,7037.42,1880.89,2256.96,0.0,0.0
1096.14,57.99,67.37,62.1,61.72,7038.36,1881.53,2257.88,0.0,0.0
1096.15,58.02,67.37,62.09,61.72,7037.73,1881.53,2258.33,0.0,0.0
1096.22,58.0,67.39,62.1,61.72,7038.04,1880.03,2258.1,0.0,0.0
1096.37,57.99,67.37,62.1,61.73,7038.36,1881.75,2258.1,0.0,0.0
1096.44,58.02,67.37,62.11,61.73,7037.73,1881.53,2256.96,0.0,0.0
1096.58,57.98,67.37,62.12,61.73,7038.67,1881.32,2256.51,0.0,0.0
1096.66,58.02,67.36,62.1,61.73,7037.73,1882.39,2257.65,0.0,0.0
1096.82,57.99,67.35,62.1,61.73,7038.36,1882.6,2257.88,0.0,0.0
1096.83,57.99,67.36,62.11,61.73,7038.36,1882.39,2256.96,0.0,0.0
1097.02,57.99,67.34,62.13,61.73,7038.36,1883.67,2255.37,0.0,0.0
1097.06,58.0,67.35,62.09,61.73,7038.04,1882.6,2258.56,0.0,0.0
1097.13,58.02,67.36,62.11,61.74,7037.73,1881.96,2257.19,0.0,0.0
1097.28,57.99,67.37,62.1,61.74,7038.36,1881.75,2257.65,0.0,0.0
1097.36,58.02,67.33,62.09,61.74,7037.73,1884.32,2258.33,0.0,0.0
1097.5,58.0,67.35,62.11,61.74,7038.04,1883.03,2256.96,0.0,0.0
1097.58,58.0,67.34,62.11,61.74,7037.42,1883.67,2256.73,0.0,0.0
1097.69,58.02,67.36,62.1,61.74,7037.73,1882.18,2257.42,0.0,0.0
1097.8,58.0,67.35,62.11,61.74,7038.04,1882.6,2256.96,0.0,0.0
1097.91,58.0,67.33,62.12,61.74,7037.42,1884.1,2255.82,0.0,0.0
1097.95,57.98,67.31,62.13,61.75,7038.67,1885.17,2255.6,0.0,0.0
1098.03,58.0,67.32,62.12,61.75,7038.04,1884.53,2255.82,0.0,0.0
1098.17,58.0,67.32,62.12,61.75,7038.04,1884.75,2256.05,0.0,0.0
1098.22,58.02,67.34,62.11,61.75,7037.1,1883.67,2257.19,0.0,0.0
1098.33,58.0,67.33,62.11,61.75,7037.42,1884.32,2257.19,0.0,0.0
1098.49,57.99,67.32,62.13,61.75,7038.36,1884.53,2255.37,0.0,0.0
1098.54,58.02,67.34,62.12,61.75,7037.73,1883.25,2256.51,0.0,0.0
1098.7,57.99,67.34,62.12,61.75,7038.36,1883.67,2256.05,0.0,0.0
1098.74,58.0,67.32,62.13,61.76,7038.04,1884.75,2255.6,0.0,0.0
1098.9,57.99,67.33,62.1,61.76,7038.36,1884.1,2257.42,0.0,0.0
1098.96,57.99,67.34,62.12,61.76,7038.36,1883.25,2256.05,0.0,0.0
1099.03,58.0,67.35,62.14,61.76,7037.42,1882.82,2254.91,0.0,0.0
1099.17,58.0,67.34,62.13,61.76,7037.42,1883.25,2255.37,0.0,0.0
1099.22,58.0,67.35,62.14,61.76,7038.04,1883.03,2254.91,0.0,0.0
1099.32,58.0,67.34,62.14,61.76,7037.42,1883.25,2254.91,0.0,0.0
1099.44,58.0,67.33,62.13,61.76,7037.42,1884.1,2255.37,0.0,0.0
1099.54,58.02,67.36,62.14,61.76,7037.1,1882.39,2254.91,0.0,0.0
1099.68,58.02,67.34,62.16,61.76,7037.1,1883.46,2253.32,0.0,0.0
1099.73,58.02,67.37,62.12,61.77,7037.73,1881.75,2256.28,0.0,0.0
1099.91,57.99,67.37,62.15,61.77,7038.36,1881.53,2254.0,0.0,0.0
1100.02,58.0,67.36,62.14,61.77,7037.42,1881.96,2254.23,0.0,0.0
1100.06,58.02,67.34,62.14,61.77,7037.1,1883.46,2254.23,0.0,0.0
1100.14,58.02,67.36,62.15,61.77,7037.1,1882.39,2254.0,0.0,0.0
1100.29,58.0,67.35,62.15,61.77,7037.42,1882.82,2254.0,0.0,0.0
1100.36,58.02,67.37,62.14,61.77,7037.73,1881.75,2254.23,0.0,0.0
1100.51,58.0,67.38,62.13,61.77,7037.42,1881.1,2255.6,0.0,0.0
1100.59,58.0,67.38,62.13,61.77,7037.42,1880.68,2255.37,0.0,0.0
1100.71,58.0,67.37,62.14,61.77,7037.42,1881.53,2254.68,0.0,0.0
1100.75,58.0,67.38,62.15,61.78,7037.42,1880.68,2253.77,0.0,0.0
1100.83,57.98,67.39,62.14,61.78,7038.67,1880.46,2254.91,0.0,0.0
1100.97,58.0,67.38,62.15,61.78,7037.42,1880.89,2253.77,0.0,0.0
1101.1,58.0,67.4,62.15,61.78,7037.42,1879.82,2253.77,0.0,0.0
1101.17,58.02,67.4,62.14,61.78,7037.73,1879.39,2254.46,0.0,0.0
1101.28,58.02,67.41,62.14,61.78,7037.73,1879.18,2254.46,0.0,0.0
1101.39,57.99,67.41,62.15,61.78,7038.36,1878.75,2253.54,0.0,0.0
1101.43,58.0,67.43,62.14,61.78,7037.42,1877.89,2254.23,0.0,0.0
1101.57,58.0,67.42,62.14,61.78,7038.04,1878.54,2254.46,0.0,0.0
1101.68,58.0,67.41,62.15,61.78,7037.42,1878.75,2254.0,0.0,0.0
1101.76,58.02,67.44,62.15,61.79,7037.73,1877.04,2253.54,0.0,0.0
1101.86,58.02,67.45,62.14,61.79,7037.73,1876.4,2254.46,0.0,0.0
1101.98,58.02,67.43,62.16,61.79,7037.73,1877.68,2253.09,0.0,0.0
1102.07,58.02,67.44,62.16,61.79,7036.79,1877.25,2252.86,0.0,0.0
1102.13,58.02,67.44,62.16,61.79,7037.1,1877.25,2253.32,0.0,0.0
1102.28,58.0,67.45,62.17,61.79,7038.04,1876.18,2252.18,0.0,0.0
1102.35,58.02,67.47,62.15,61.79,7037.73,1874.9,2253.54,0.0,0.0
1102.43,58.0,67.47,62.17,61.79,7038.04,1875.11,2252.4,0.0,0.0
1102.57,58.02,67.47,62.15,61.8,7037.73,1875.33,2253.54,0.0,0.0
1102.65,58.0,67.45,62.16,61.8,7038.04,1876.18,2252.86,0.0,0.0
1102.76,58.02,67.48,62.18,61.8,7036.79,1874.68,2251.49,0.0,0.0
1102.82,58.02,67.49,62.16,61.8,7037.1,1874.04,2253.09,0.0,0.0
1102.92,58.02,67.48,62.16,61.8,7037.1,1874.47,2253.32,0.0,0.0
1103.02,58.02,67.48,62.16,61.8,7037.73,1874.26,2252.63,0.0,0.0
1103.12,58.04,67.49,62.16,61.8,7036.48,1874.04,2252.86,0.0,0.0
1103.22,58.02,67.46,62.17,61.8,7037.73,1875.97,2252.18,0.0,0.0
1103.32,58.04,67.49,62.16,61.81,7036.48,1874.04,2253.32,0.0,0.0
1103.42,57.99,67.52,62.17,61.81,7038.36,1872.33,2252.18,0.0,0.0
1103.52,58.02,67.48,62.18,61.81,7037.73,1874.26,2251.04,0.0,0.0
1103.67,58.02,67.5,62.17,61.81,7037.1,1873.19,2252.4,0.0,0.0
1103.77,58.02,67.5,62.18,61.81,7037.73,1873.4,2251.27,0.0,0.0
1103.85,58.02,67.5,62.18,61.81,7037.1,1873.19,2251.04,0.0,0.0
1103.92,58.02,67.51,62.2,61.81,7036.79,1872.55,2250.13,0.0,0.0
1104.02,58.0,67.51,62.18,61.82,7037.42,1872.76,2251.27,0.0,0.0
1104.15,58.02,67.5,62.19,61.82,7037.73,1873.19,2250.81,0.0,0.0
1104.32,58.02,67.52,62.19,61.82,7037.73,1872.33,2250.81,0.0,0.0
1104.33,58.02,67.51,62.18,61.82,7037.1,1872.55,2251.04,0.0,0.0
1104.52,58.02,67.52,62.19,61.82,7036.79,1872.33,2250.81,0.0,0.0
1104.57,58.0,67.52,62.18,61.82,7038.04,1872.12,2251.49,0.0,0.0
1104.66,58.0,67.52,62.2,61.82,7037.42,1872.33,2250.13,0.0,0.0
1104.81,58.0,67.53,62.21,61.82,7038.04,1871.26,2249.22,0.0,0.0
1104.83,58.0,67.53,62.2,61.83,7038.04,1871.48,2249.9,0.0,0.0
1105.0,58.02,67.48,62.19,61.83,7036.79,1874.26,2250.81,0.0,0.0
1105.05,57.99,67.54,62.22,61.83,7038.36,1870.83,2248.53,0.0,0.0
1105.2,57.99,67.52,62.22,61.83,7038.36,1872.12,2248.53,0.0,0.0
1105.26,58.0,67.53,62.2,61.83,7037.42,1871.69,2249.67,0.0,0.0
1105.36,58.02,67.55,62.2,61.83,7036.79,1869.98,2249.9,0.0,0.0
1105.5,58.02,67.56,62.21,61.83,7036.79,1869.77,2249.44,0.0,0.0
1105.59,58.02,67.55,62.2,61.84,7036.79,1869.98,2250.13,0.0,0.0
1105.71,57.99,67.53,62.21,61.84,7038.36,1871.26,2248.99,0.0,0.0
1105.77,58.0,67.54,62.21,61.84,7037.42,1870.62,2249.22,0.0,0.0
1105.95,58.02,67.57,62.21,61.84,7037.1,1868.7,2248.99,0.0,0.0
1106.05,58.02,67.54,62.21,61.84,7037.73,1871.05,2249.22,0.0,0.0
1106.06,58.04,67.56,62.22,61.84,7036.16,1869.55,2248.08,0.0,0.0
1106.24,58.02,67.55,62.21,61.84,7037.73,1870.19,2248.76,0.0,0.0
1106.39,58.02,67.56,62.21,61.85,7037.73,1869.77,2248.99,0.0,0.0
1106.4,58.0,67.53,62.21,61.85,7038.04,1871.26,2249.44,0.0,0.0
1106.52,58.02,67.53,62.19,61.85,7036.79,1871.69,2250.35,0.0,0.0
1106.67,58.02,67.55,62.2,61.85,7036.79,1869.98,2249.67,0.0,0.0
1106.73,58.02,67.54,62.2,61.85,7036.79,1870.62,2250.13,0.0,0.0
1106.73,58.02,67.56,62.19,61.85,7037.1,1869.34,2250.35,0.0,0.0
1106.88,58.02,67.55,62.2,61.85,7037.73,1870.19,2249.9,0.0,0.0
1107.01,58.02,67.56,62.18,61.86,7037.1,1869.77,2251.27,0.0,0.0
1107.1,58.02,67.55,62.2,61.86,7037.1,1870.41,2249.9,0.0,0.0
1107.22,58.02,67.54,62.19,61.86,7036.79,1870.62,2250.58,0.0,0.0
1107.27,57.98,67.54,62.17,61.86,7038.67,1870.83,2251.95,0.0,0.0
1107.34,57.97,67.52,62.2,61.86,7038.98,1871.9,2250.13,0.0,0.0
1107.48,58.0,67.55,62.21,61.86,7038.04,1870.19,2249.44,0.0,0.0
1107.55,58.02,67.54,62.2,61.86,7037.1,1870.62,2249.9,0.0,0.0
1107.71,58.0,67.56,62.2,61.87,7037.42,1869.55,2249.9,0.0,0.0
1107.82,58.0,67.54,62.18,61.87,7037.42,1871.05,2251.27,0.0,0.0
1107.89,58.02,67.54,62.2,61.87,7037.73,1871.05,2249.9,0.0,0.0
1108.03,58.02,67.54,62.2,61.87,7037.1,1870.83,2249.9,0.0,0.0
1108.04,58.04,67.53,62.2,61.87,7036.16,1871.26,2250.13,0.0,0.0
1108.15,58.02,67.54,62.2,61.87,7037.73,1870.62,2249.67,0.0,0.0
1108.37,58.02,67.52,62.2,61.87,7037.1,1872.33,2250.13,0.0,0.0
1108.49,58.0,67.51,62.19,61.88,7037.42,1872.76,2250.35,0.0,0.0
1108.56,58.02,67.5,62.2,61.88,7037.73,1873.19,2249.67,0.0,0.0
1108.74,58.02,67.53,62.2,61.88,7037.73,1871.48,2250.13,0.0,0.0
1108.75,58.04,67.51,62.22,61.88,7036.48,1872.55,2248.53,0.0,0.0
1108.75,58.0,67.49,62.2,61.88,7038.04,1873.83,2249.67,0.0,0.0
1108.91,58.0,67.46,62.2,61.88,7037.42,1875.54,2249.67,0.0,0.0
1109.07,58.02,67.46,62.21,61.88,7036.79,1875.75,2248.76,0.0,0.0
1109.13,58.0,67.47,62.21,61.88,7038.04,1875.11,2249.44,0.0,0.0
1109.13,58.02,67.47,62.21,61.89,7037.73,1875.33,2249.44,0.0,0.0
1109.28,58.0,67.45,62.21,61.89,7037.42,1876.4,2249.22,0.0,0.0
1109.39,58.02,67.4,62.21,61.89,7037.73,1879.82,2248.76,0.0,0.0
1109.48,57.99,67.4,62.22,61.89,7038.36,1879.39,2248.53,0.0,0.0
1109.59,58.0,67.4,62.22,61.89,7038.04,1879.61,2248.08,0.0,0.0
1109.64,58.02,67.4,62.23,61.89,7037.73,1879.82,2247.85,0.0,0.0
1109.75,57.99,67.38,62.23,61.89,7038.36,1881.1,2247.39,0.0,0.0
1109.88,58.02,67.37,62.22,61.89,7037.73,1881.53,2248.53,0.0,0.0
1109.97,57.99,67.36,62.23,61.89,7038.36,1882.39,2247.85,0.0,0.0
1110.11,58.0,67.34,62.22,61.9,7038.04,1883.25,2248.3,0.0,0.0
1110.17,58.02,67.32,62.22,61.9,7037.73,1884.96,2248.3,0.0,0.0
1110.25,57.99,67.33,62.23,61.9,7038.36,1884.32,2247.17,0.0,0.0
1110.41,57.99,67.3,62.22,61.9,7038.36,1885.82,2248.3,0.0,0.0
1110.49,57.98,67.27,62.22,61.9,7038.67,1888.17,2248.53,0.0,0.0
1110.6,57.99,67.25,62.23,61.9,7038.36,1889.46,2247.39,0.0,0.0
1110.65,57.97,67.25,62.22,61.9,7038.98,1889.46,2248.3,0.0,0.0
1110.75,57.96,67.2,62.22,61.9,7039.61,1892.46,2248.53,0.0,0.0
1110.87,57.94,67.17,62.22,61.9,7040.86,1894.4,2248.08,0.0,0.0
1110.93,57.94,67.16,62.22,61.9,7039.92,1895.04,2248.08,0.0,0.0
1111.05,57.94,67.12,62.24,61.9,7040.86,1897.62,2246.94,0.0,0.0
1111.13,57.94,67.11,62.23,61.9,7039.92,1898.47,2247.85,0.0,0.0
1111.28,57.94,67.07,62.23,61.9,7039.92,1901.05,2247.39,0.0,0.0
1111.39,57.94,67.06,62.24,61.9,7040.86,1901.7,2246.48,0.0,0.0
1111.43,57.94,67.0,62.22,61.9,7040.23,1905.14,2248.53,0.0,0.0
1111.59,57.94,67.0,62.21,61.9,7040.86,1905.35,2248.99,0.0,0.0
1111.69,57.9,66.96,62.21,61.9,7042.43,1907.93,2248.76,0.0,0.0
1111.73,57.92,66.94,62.23,61.9,7041.17,1909.44,2247.85,0.0,0.0
1111.92,57.89,66.93,62.23,61.9,7042.74,1909.87,2247.39,0.0,0.0
1111.97,57.83,66.91,62.22,61.9,7045.24,1911.16,2248.3,0.0,0.0
1112.05,57.85,66.87,62.22,61.9,7043.99,1913.74,2248.53,0.0,0.0
1112.19,57.89,66.84,62.22,61.9,7042.74,1915.47,2248.08,0.0,0.0
1112.27,57.85,66.81,62.23,61.9,7044.31,1917.62,2247.17,0.0,0.0
1112.41,57.81,66.77,62.23,61.9,7045.56,1920.42,2247.85,0.0,0.0
1112.49,57.81,66.76,62.24,61.9,7046.18,1921.28,2246.94,0.0,0.0
1112.61,57.82,66.73,62.25,61.9,7045.87,1923.01,2245.8,0.0,0.0
1112.7,57.83,66.69,62.23,61.9,7045.24,1925.6,2247.62,0.0,0.0
1112.82,57.76,66.65,62.23,61.9,7047.44,1928.19,2247.39,0.0,0.0
1112.87,57.76,66.6,62.25,61.89,7048.69,1931.21,2245.57,0.0,0.0
1112.96,57.79,66.6,62.23,61.89,7046.81,1931.21,2247.17,0.0,0.0
1113.09,57.76,66.57,62.21,61.89,7048.69,1933.8,2249.22,0.0,0.0
1113.23,57.76,66.53,62.24,61.89,7048.69,1935.96,2246.71,0.0,0.0
1113.28,57.74,66.51,62.22,61.89,7049.32,1937.69,2248.53,0.0,0.0
1113.38,57.7,66.51,62.23,61.89,7050.88,1937.69,2247.17,0.0,0.0
1113.51,57.68,66.45,62.2,61.89,7051.82,1941.37,2249.67,0.0,0.0
1113.62,57.68,66.42,62.22,61.88,7051.19,1943.32,2248.3,0.0,0.0
1113.64,57.62,66.42,62.21,61.88,7054.01,1943.32,2249.22,0.0,0.0
1113.84,57.63,66.38,62.21,61.88,7053.7,1945.91,2249.44,0.0,0.0
1113.9,57.59,66.35,62.21,61.88,7055.89,1948.29,2249.44,0.0,0.0
1114.01,57.61,66.33,62.22,61.87,7054.64,1949.38,2248.53,0.0,0.0
1114.14,57.57,66.28,62.22,61.87,7056.2,1952.41,2248.53,0.0,0.0
1114.19,57.59,66.27,62.2,61.87,7055.89,1953.49,2250.13,0.0,0.0
1114.3,57.62,66.24,62.21,61.87,7054.33,1955.66,2248.99,0.0,0.0
1114.43,57.57,66.19,62.17,61.86,7056.2,1958.48,2252.18,0.0,0.0
1114.48,57.6,66.17,62.17,61.86,7055.27,1960.0,2252.4,0.0,0.0
1114.6,57.54,66.14,62.2,61.86,7057.14,1961.95,2250.13,0.0,0.0
1114.75,57.57,66.13,62.2,61.85,7056.52,1962.82,2249.9,0.0,0.0
1114.81,57.52,66.09,62.17,61.85,7058.09,1965.65,2252.4,0.0,0.0
1114.93,57.52,66.06,62.19,61.85,7058.4,1967.82,2250.35,0.0,0.0
1115.09,57.52,66.02,62.2,61.84,7058.4,1970.43,2249.9,0.0,0.0
1115.16,57.49,66.01,62.18,61.84,7059.65,1971.08,2251.27,0.0,0.0
1115.27,57.51,65.97,62.18,61.84,7059.34,1973.91,2251.72,0.0,0.0
1115.33,57.51,65.94,62.19,61.83,7059.34,1975.43,2250.35,0.0,0.0
1115.49,57.49,65.91,62.19,61.83,7059.65,1977.61,2250.58,0.0,0.0
1115.5,57.43,65.85,62.19,61.83,7061.84,1981.74,2250.58,0.0,0.0
1115.62,57.47,65.83,62.18,61.82,7060.9,1982.83,2251.49,0.0,0.0
1115.87,57.46,65.8,62.2,61.82,7061.22,1985.45,2249.9,0.0,0.0
1115.87,57.47,65.75,62.18,61.81,7060.9,1988.28,2251.49,0.0,0.0
1115.89,57.43,65.72,62.18,61.81,7062.78,1990.24,2251.04,0.0,0.0
1116.01,57.43,65.71,62.2,61.81,7062.78,1991.33,2250.13,0.0,0.0
1116.21,57.4,65.65,62.16,61.8,7063.41,1995.04,2252.86,0.0,0.0
1116.29,57.4,65.66,62.18,61.8,7064.04,1994.39,2251.49,0.0,0.0
1116.4,57.3,65.61,62.16,61.79,7068.42,1998.1,2253.32,0.0,0.0
1116.43,57.34,65.59,62.19,61.79,7066.54,1999.41,2250.81,0.0,0.0
1116.63,57.26,65.57,62.18,61.78,7069.99,2001.16,2251.27,0.0,0.0
1116.7,57.25,65.55,62.18,61.78,7071.24,2002.25,2251.72,0.0,0.0
1116.7,57.26,65.49,62.16,61.77,7069.67,2006.62,2252.63,0.0,0.0
1116.85,57.26,65.46,62.16,61.77,7069.67,2008.37,2252.86,0.0,0.0
1116.93,57.23,65.43,62.16,61.76,7071.55,2010.78,2252.63,0.0,0.0
1117.03,57.22,65.39,62.16,61.76,7071.87,2013.63,2252.63,0.0,0.0
1117.09,57.22,65.36,62.16,61.75,7071.87,2015.6,2252.86,0.0,0.0
1117.22,57.15,65.34,62.15,61.74,7074.69,2016.69,2253.77,0.0,0.0
1117.37,57.15,65.31,62.15,61.74,7074.69,2018.67,2253.54,0.0,0.0
1117.43,57.19,65.28,62.15,61.73,7073.43,2020.86,2254.0,0.0,0.0
1117.44,57.15,65.24,62.13,61.73,7075.0,2023.93,2255.14,0.0,0.0
1117.55,57.1,65.22,62.14,61.72,7076.88,2025.24,2254.46,0.0,0.0
1117.77,57.15,65.21,62.15,61.72,7074.69,2026.12,2254.0,0.0,0.0
1117.79,57.12,65.14,62.14,61.71,7075.94,2030.51,2254.23,0.0,0.0
1117.98,57.1,65.11,62.13,61.7,7076.88,2032.71,2255.14,0.0,0.0
1118.09,57.12,65.11,62.15,61.7,7076.57,2033.15,2253.54,0.0,0.0
1118.16,57.08,65.08,62.13,61.69,7078.13,2035.13,2255.14,0.0,0.0
1118.21,57.08,65.04,62.12,61.68,7078.13,2037.98,2256.51,0.0,0.0
1118.26,57.07,64.99,62.12,61.68,7078.45,2041.28,2256.28,0.0,0.0
1118.46,57.1,64.97,62.11,61.67,7077.51,2042.82,2256.73,0.0,0.0
1118.48,57.07,64.97,62.11,61.66,7078.76,2042.82,2256.73,0.0,0.0
1118.58,57.05,64.93,62.11,61.66,7079.39,2045.46,2256.73,0.0,0.0
1118.74,57.05,64.89,62.11,61.65,7079.39,2048.33,2257.19,0.0,0.0
1118.8,57.0,64.86,62.1,61.64,7080.95,2050.75,2257.65,0.0,0.0
1118.9,56.97,64.82,62.1,61.64,7083.15,2052.95,2257.65,0.0,0.0
1119.04,57.01,64.8,62.09,61.63,7081.27,2054.94,2258.79,0.0,0.0
1119.09,56.99,64.78,62.09,61.62,7081.89,2056.04,2258.33,0.0,0.0
1119.19,56.93,64.76,62.08,61.61,7084.71,2057.58,2259.7,0.0,0.0
1119.33,56.93,64.73,62.07,61.61,7084.09,2059.79,2259.93,0.0,0.0
1119.38,56.94,64.69,62.06,61.6,7084.4,2062.66,2260.61,0.0,0.0
1119.5,56.99,64.65,62.05,61.59,7082.21,2065.53,2261.75,0.0,0.0
1119.61,56.94,64.65,62.08,61.58,7084.4,2065.09,2259.7,0.0,0.0
1119.7,56.79,64.6,62.04,61.57,7090.67,2068.62,2262.89,0.0,0.0
1119.81,56.83,64.59,62.04,61.57,7088.79,2069.51,2262.89,0.0,0.0
1119.89,56.82,64.54,62.04,61.56,7089.1,2073.05,2262.89,0.0,0.0
1120.05,56.8,64.52,62.03,61.55,7090.36,2074.37,2263.12,0.0,0.0
1120.07,56.72,64.5,62.02,61.54,7094.12,2075.92,2264.26,0.0,0.0
1120.39,56.7,64.48,62.0,61.53,7094.43,2077.47,2266.09,0.0,0.0
1120.47,56.72,64.44,61.97,61.53,7094.12,2080.79,2268.37,0.0,0.0
1120.47,56.7,64.43,61.98,61.52,7094.43,2081.01,2267.23,0.0,0.0
1120.48,56.7,64.4,61.96,61.51,7094.74,2083.01,2268.6,0.0,0.0
1120.84,56.7,64.38,61.95,61.5,7095.06,2085.0,2269.52,0.0,0.0
1121.09,56.66,64.36,61.93,61.49,7096.94,2085.89,2271.34,0.0,0.0
1121.1,56.69,64.35,61.93,61.48,7095.68,2087.22,2271.12,0.0,0.0
1121.1,56.64,64.29,61.92,61.47,7097.56,2091.21,2272.49,0.0,0.0
1121.1,56.62,64.28,61.9,61.47,7098.19,2092.32,2273.4,0.0,0.0
1121.11,56.64,64.26,61.89,61.46,7097.56,2093.21,2274.77,0.0,0.0
1121.14,56.62,64.21,61.9,61.45,7098.82,2097.2,2273.63,0.0,0.0
1121.49,56.61,64.19,61.88,61.44,7099.13,2098.53,2275.69,0.0,0.0
1121.68,56.57,64.15,61.86,61.43,7100.38,2101.42,2276.6,0.0,0.0
1121.8,56.58,64.14,61.88,61.42,7099.76,2102.31,2275.46,0.0,0.0
1121.81,56.6,64.12,61.86,61.41,7099.45,2103.87,2276.6,0.0,0.0
1121.81,56.53,64.1,61.86,61.4,7102.58,2104.98,2277.06,0.0,0.0
1121.81,56.55,64.09,61.84,61.39,7102.27,2106.09,2278.66,0.0,0.0
1122.1,56.47,64.04,61.85,61.38,7105.4,2109.43,2277.75,0.0,0.0
1122.3,56.47,64.02,61.82,61.37,7105.4,2110.98,2280.04,0.0,0.0
1122.3,56.49,64.01,61.8,61.37,7104.77,2111.43,2281.64,0.0,0.0
1122.56,56.42,63.98,61.82,61.36,7106.97,2113.66,2280.49,0.0,0.0
1122.72,56.42,63.96,61.8,61.35,7107.6,2115.22,2281.64,0.0,0.0
1122.73,56.37,63.95,61.79,61.34,7109.79,2116.11,2283.01,0.0,0.0
1122.73,56.39,63.9,61.8,61.33,7108.85,2119.67,2282.1,0.0,0.0
1122.74,56.35,63.88,61.77,61.32,7110.42,2121.01,2283.93,0.0,0.0
1122.74,56.4,63.85,61.76,61.31,7108.54,2123.46,2284.84,0.0,0.0
1122.75,56.35,63.83,61.78,61.3,7110.73,2125.02,2283.7,0.0,0.0
1122.86,56.32,63.82,61.77,61.29,7112.3,2125.92,2284.39,0.0,0.0
1123.15,56.32,63.76,61.77,61.28,7111.99,2129.93,2284.39,0.0,0.0
1123.72,56.27,63.75,61.76,61.27,7114.49,2131.27,2285.07,0.0,0.0
1123.72,56.31,63.72,61.76,61.26,7113.24,2132.84,2285.07,0.0,0.0
1123.73,56.24,63.71,61.74,61.25,7115.12,2133.73,2286.68,0.0,0.0
1123.73,56.27,63.69,61.73,61.24,7114.49,2135.29,2287.59,0.0,0.0
1123.74,56.23,63.67,61.72,61.23,7115.43,2137.08,2288.05,0.0,0.0
1123.79,56.22,63.62,61.69,61.22,7116.37,2140.44,2290.57,0.0,0.0
1124.07,56.19,63.61,61.69,61.21,7118.26,2141.33,2290.57,0.0,0.0
1124.49,56.2,63.59,61.7,61.2,7117.0,2142.9,2290.12,0.0,0.0
1124.68,56.2,63.55,61.66,61.19,7117.32,2145.81,2293.1,0.0,0.0
1125.07,56.14,63.54,61.64,61.18,7119.51,2146.7,2294.47,0.0,0.0
1125.42,56.14,63.5,61.65,61.16,7120.45,2149.84,2294.24,0.0,0.0
1125.47,56.18,63.45,61.61,61.15,7118.88,2152.97,2297.0,0.0,0.0
1125.66,56.14,63.44,61.62,61.14,7120.45,2153.87,2296.77,0.0,0.0
1126.01,56.12,63.42,61.6,61.13,7120.76,2155.44,2298.37,0.0,0.0
1126.15,56.09,63.4,61.58,61.12,7122.02,2157.01,2299.29,0.0,0.0
1126.16,56.12,63.37,61.59,61.11,7121.39,2159.48,2298.6,0.0,0.0
1126.16,56.12,63.36,61.58,61.1,7120.76,2160.15,2299.98,0.0,0.0
1126.16,56.08,63.32,61.55,61.09,7122.65,2163.52,2301.82,0.0,0.0
1126.17,56.06,63.28,61.57,61.08,7123.9,2165.99,2300.67,0.0,0.0
1126.17,56.07,63.27,61.54,61.07,7123.27,2166.66,2303.2,0.0,0.0
1126.17,56.01,63.25,61.54,61.06,7125.78,2168.23,2303.2,0.0,0.0
1126.17,56.01,63.22,61.51,61.05,7126.1,2170.93,2305.49,0.0,0.0
1126.18,56.02,63.19,61.54,61.03,7125.16,2172.95,2303.2,0.0,0.0
1126.18,56.0,63.17,61.51,61.02,7127.04,2174.3,2305.26,0.0,0.0
1126.18,55.92,63.13,61.5,61.01,7129.55,2177.45,2306.18,0.0,0.0
1126.34,55.92,63.12,61.48,61.0,7129.55,2178.13,2307.79,0.0,0.0
1126.59,55.92,63.08,61.47,60.99,7129.86,2181.06,2308.48,0.0,0.0
1126.95,55.87,63.05,61.47,60.98,7132.05,2183.53,2308.48,0.0,0.0
1127.12,55.88,63.04,61.47,60.97,7131.74,2184.21,2308.94,0.0,0.0
1127.42,55.85,63.0,61.44,60.96,7133.62,2187.81,2311.01,0.0,0.0
1127.82,55.82,62.99,61.43,60.94,7134.88,2188.27,2311.7,0.0,0.0
1128.05,55.8,62.96,61.42,60.93,7136.13,2190.75,2313.08,0.0,0.0
1128.42,55.83,62.93,61.42,60.92,7134.56,2193.0,2313.08,0.0,0.0
1128.54,55.79,62.9,61.41,60.91,7135.19,2194.81,2313.31,0.0,0.0
1128.76,55.78,62.88,61.4,60.9,7136.76,2196.61,2314.23,0.0,0.0
1129.11,55.8,62.87,61.39,60.89,7136.13,2197.74,2315.16,0.0,0.0
1129.3,55.75,62.85,61.37,60.87,7138.33,2199.32,2316.77,0.0,0.0
1129.53,55.77,62.81,61.35,60.86,7137.07,2202.26,2318.15,0.0,0.0
1129.94,55.74,62.79,61.37,60.85,7138.96,2203.84,2317.0,0.0,0.0
1130.13,55.74,62.74,61.33,60.84,7138.96,2207.46,2319.76,0.0,0.0
1130.55,55.72,62.73,61.33,60.83,7139.27,2208.36,2320.22,0.0,0.0
1130.93,55.74,62.71,61.33,60.81,7138.96,2210.17,2320.45,0.0,0.0
1130.94,55.7,62.69,61.3,60.8,7140.52,2211.76,2322.76,0.0,0.0
1130.94,55.7,62.65,61.29,60.79,7140.52,2214.7,2323.22,0.0,0.0
1130.94,55.67,62.63,61.28,60.78,7141.46,2216.29,2323.91,0.0,0.0
1130.95,55.64,62.59,61.28,60.76,7143.35,2219.46,2324.37,0.0,0.0
1130.95,55.62,62.57,61.28,60.75,7144.29,2220.59,2324.37,0.0,0.0
1130.96,55.59,62.56,61.24,60.74,7145.23,2221.5,2327.37,0.0,0.0
1131.01,55.62,62.52,61.22,60.73,7144.29,2224.44,2329.21,0.0,0.0
1131.26,55.56,62.52,61.22,60.72,7146.17,2224.67,2329.44,0.0,0.0
1131.68,55.54,62.49,61.2,60.7,7147.43,2226.94,2331.06,0.0,0.0
1131.82,55.55,62.47,61.19,60.69,7147.11,2228.76,2331.75,0.0,0.0
1131.83,55.52,62.44,61.17,60.68,7149.31,2231.03,2333.6,0.0,0.0
1131.83,55.49,62.4,61.17,60.67,7150.25,2234.2,2333.37,0.0,0.0
1131.84,55.46,62.38,61.12,60.65,7151.19,2235.57,2337.29,0.0,0.0
1131.84,55.51,62.35,61.15,60.64,7149.62,2237.61,2334.98,0.0,0.0
1131.85,55.49,62.32,61.11,60.63,7150.25,2240.11,2337.99,0.0,0.0
1131.85,55.38,62.29,61.11,60.61,7154.64,2243.07,2337.99,0.0,0.0
1131.85,55.38,62.27,61.09,60.6,7154.64,2244.44,2339.61,0.0,0.0
1131.86,55.42,62.26,61.06,60.59,7153.07,2244.89,2342.15,0.0,0.0
1131.86,55.39,62.23,61.07,60.58,7154.02,2247.85,2341.69,0.0,0.0
1131.87,55.38,62.23,61.04,60.56,7154.64,2247.62,2344.23,0.0,0.0
1131.87,55.34,62.2,61.04,60.55,7156.84,2249.9,2343.77,0.0,0.0
1131.88,55.36,62.18,61.03,60.54,7155.9,2251.49,2344.69,0.0,0.0
1131.88,55.33,62.15,61.01,60.52,7157.15,2253.77,2346.31,0.0,0.0
1131.88,55.31,62.13,61.01,60.51,7157.78,2255.37,2346.54,0.0,0.0
1131.89,55.31,62.1,60.99,60.5,7157.78,2257.88,2347.93,0.0,0.0
1131.89,55.28,62.09,60.97,60.48,7159.66,2258.79,2350.25,0.0,0.0
1131.9,55.32,62.05,60.94,60.47,7157.47,2261.53,2352.1,0.0,0.0
1131.9,55.26,62.02,60.94,60.46,7160.29,2264.49,2352.33,0.0,0.0
1131.91,55.24,61.99,60.9,60.44,7161.23,2266.78,2355.57,0.0,0.0
1131.91,55.24,61.98,60.91,60.43,7161.55,2267.46,2355.34,0.0,0.0
1131.92,55.22,61.97,60.89,60.42,7162.49,2268.15,2356.73,0.0,0.0
1131.92,55.17,61.92,60.88,60.4,7164.06,2272.03,2357.89,0.0,0.0
1131.92,55.24,61.92,60.87,60.39,7161.55,2272.49,2358.12,0.0,0.0
1131.93,55.17,61.91,60.84,60.38,7164.06,2272.94,2361.14,0.0,0.0
1131.93,55.14,61.85,60.81,60.36,7166.25,2277.75,2363.69,0.0,0.0
1131.94,55.16,61.83,60.78,60.35,7164.37,2279.58,2365.55,0.0,0.0
1131.94,55.16,61.8,60.78,60.34,7165.63,2281.87,2365.55,0.0,0.0
1131.94,55.14,61.78,60.78,60.32,7166.25,2283.7,2366.24,0.0,0.0
1131.95,55.11,61.76,60.75,60.31,7168.14,2285.3,2368.1,0.0,0.0
1131.95,55.05,61.74,60.76,60.3,7170.34,2286.45,2367.64,0.0,0.0
1131.95,55.05,61.74,60.74,60.28,7170.02,2286.45,2369.49,0.0,0.0
1131.96,55.02,61.71,60.73,60.27,7171.59,2289.43,2369.96,0.0,0.0
1131.96,55.02,61.69,60.71,60.25,7171.9,2290.34,2372.05,0.0,0.0
1131.96,55.0,61.66,60.68,60.24,7173.16,2292.87,2374.37,0.0,0.0
1131.97,55.0,61.64,60.67,60.23,7173.16,2294.93,2374.84,0.0,0.0
1131.97,54.93,61.62,60.67,60.21,7175.67,2296.77,2374.84,0.0,0.0
1131.97,54.9,61.59,60.63,60.2,7177.24,2298.6,2378.33,0.0,0.0
1131.98,54.94,61.57,60.61,60.19,7175.36,2300.44,2379.95,0.0,0.0
1132.05,54.9,61.54,60.59,60.17,7177.87,2303.2,2381.82,0.0,0.0
1132.43,54.91,61.52,60.57,60.16,7177.55,2304.81,2383.44,0.0,0.0
1132.8,54.87,61.52,60.56,60.14,7178.81,2304.58,2384.14,0.0,0.0
1133.01,54.91,61.45,60.54,60.13,7176.93,2310.32,2386.47,0.0,0.0
1133.05,54.91,61.45,60.52,60.12,7177.55,2309.86,2387.64,0.0,0.0
1133.28,54.87,61.42,60.52,60.1,7178.81,2312.39,2387.87,0.0,0.0
1133.78,54.84,61.4,60.49,60.09,7179.75,2314.23,2390.66,0.0,0.0
1133.78,54.84,61.38,60.49,60.07,7179.75,2316.08,2390.43,0.0,0.0
1133.78,54.83,61.37,60.48,60.06,7180.38,2317.0,2391.6,0.0,0.0
1133.79,54.8,61.34,60.45,60.05,7181.95,2319.07,2393.46,0.0,0.0
1133.79,54.83,61.3,60.43,60.03,7181.32,2322.53,2395.79,0.0,0.0
1133.79,54.78,61.28,60.43,60.02,7182.89,2323.91,2395.56,0.0,0.0
1133.8,54.75,61.25,60.41,60.0,7183.83,2326.45,2397.43,0.0,0.0
1133.8,54.74,61.24,60.4,59.99,7185.09,2327.83,2398.36,0.0,0.0
1133.8,54.69,61.23,60.38,59.97,7186.66,2328.06,2399.99,0.0,0.0
1133.81,54.7,61.19,60.37,59.96,7186.97,2331.52,2400.69,0.0,0.0
1133.81,54.7,61.16,60.37,59.95,7186.97,2333.83,2400.93,0.0,0.0
1133.81,54.65,61.15,60.33,59.93,7188.86,2334.98,2403.73,0.0,0.0
1133.85,54.62,61.14,60.33,59.92,7190.74,2336.14,2404.2,0.0,0.0
1134.15,54.59,61.12,60.31,59.9,7192.0,2337.53,2405.83,0.0,0.0
1134.55,54.55,61.07,60.31,59.89,7193.88,2341.69,2405.83,0.0,0.0
1134.68,54.55,61.08,60.29,59.87,7193.88,2340.99,2407.23,0.0,0.0
1134.68,54.59,61.05,60.29,59.86,7192.0,2343.54,2407.23,0.0,0.0
1134.69,54.54,61.05,60.27,59.84,7194.2,2343.54,2409.1,0.0,0.0
1134.69,54.54,61.01,60.28,59.83,7194.82,2346.54,2408.87,0.0,0.0
1134.69,54.54,60.99,60.25,59.82,7194.82,2347.93,2411.21,0.0,0.0
1134.69,54.54,60.97,60.24,59.8,7194.51,2349.78,2411.91,0.0,0.0
1134.75,54.49,60.95,60.22,59.79,7197.02,2351.4,2413.78,0.0,0.0
1134.85,54.5,60.93,60.23,59.77,7195.77,2353.26,2412.85,0.0,0.0
1134.95,54.49,60.89,60.2,59.76,7196.08,2356.5,2415.18,0.0,0.0
1135.05,54.49,60.88,60.2,59.74,7196.71,2357.2,2415.42,0.0,0.0
1135.42,54.48,60.86,60.17,59.73,7197.65,2359.28,2417.76,0.0,0.0
1135.67,54.48,60.85,60.15,59.71,7197.65,2359.98,2419.4,0.0,0.0
1135.84,54.49,60.83,60.16,59.7,7196.71,2361.83,2418.7,0.0,0.0
1135.95,54.45,60.82,60.13,59.68,7198.28,2362.3,2421.51,0.0,0.0
1136.09,54.45,60.78,60.13,59.67,7198.59,2365.55,2421.51,0.0,0.0
1136.2,54.45,60.76,60.11,59.65,7198.59,2367.64,2423.15,0.0,0.0
1136.33,54.41,60.73,60.1,59.64,7200.79,2369.96,2424.08,0.0,0.0
1136.44,54.44,60.7,60.1,59.62,7199.22,2372.75,2424.32,0.0,0.0
1136.71,54.41,60.71,60.07,59.61,7200.79,2371.58,2426.19,0.0,0.0
1136.73,54.37,60.68,60.06,59.59,7202.05,2374.14,2427.13,0.0,0.0
1136.88,54.4,60.66,60.04,59.58,7201.1,2376.23,2429.24,0.0,0.0
1136.99,54.36,60.65,60.04,59.57,7202.99,2377.16,2429.24,0.0,0.0
1137.21,54.4,60.65,60.03,59.55,7201.42,2376.7,2429.94,0.0,0.0
1137.23,54.29,60.64,60.0,59.54,7206.13,2377.86,2432.99,0.0,0.0
1137.38,54.32,60.59,59.99,59.52,7205.19,2382.05,2433.23,0.0,0.0
1137.65,54.36,60.58,59.99,59.51,7202.99,2382.75,2433.93,0.0,0.0
1137.75,54.29,60.56,59.97,59.49,7206.44,2384.61,2435.58,0.0,0.0
1137.75,54.23,60.52,59.96,59.48,7209.27,2388.1,2436.51,0.0,0.0
1137.76,54.22,60.47,59.95,59.46,7210.21,2391.83,2437.45,0.0,0.0
1137.78,54.25,60.49,59.92,59.45,7208.33,2390.66,2439.33,0.0,0.0
1137.93,54.19,60.45,59.91,59.43,7211.16,2393.7,2440.51,0.0,0.0
1138.25,54.22,60.44,59.89,59.42,7210.21,2394.86,2441.92,0.0,0.0
1138.25,54.14,60.42,59.88,59.4,7213.67,2396.03,2443.09,0.0,0.0
1138.25,54.11,60.41,59.85,59.39,7214.93,2397.66,2446.15,0.0,0.0
1138.26,54.08,60.39,59.82,59.37,7216.18,2398.83,2448.03,0.0,0.0
1138.26,54.11,60.35,59.81,59.36,7214.61,2402.8,2449.68,0.0,0.0
1138.26,54.1,60.32,59.8,59.34,7215.55,2404.66,2450.15,0.0,0.0
1138.26,54.12,60.34,59.78,59.33,7214.3,2403.5,2451.56,0.0,0.0
1138.27,54.06,60.3,59.78,59.31,7217.12,2406.3,2452.03,0.0,0.0
1138.29,54.06,60.3,59.75,59.3,7217.12,2406.3,2454.86,0.0,0.0
1138.3,54.04,60.27,59.74,59.28,7218.38,2409.57,2455.56,0.0,0.0
1138.46,54.04,60.28,59.72,59.27,7218.38,2408.17,2457.21,0.0,0.0
1138.58,54.07,60.23,59.7,59.25,7216.81,2413.08,2458.86,0.0,0.0
1138.72,54.03,60.19,59.7,59.24,7219.32,2415.89,2459.1,0.0,0.0
1138.82,53.99,60.19,59.67,59.22,7220.27,2416.35,2461.45,0.0,0.0
1138.84,54.01,60.17,59.67,59.21,7219.95,2417.76,2461.92,0.0,0.0
1139.01,54.01,60.15,59.65,59.19,7219.95,2419.63,2463.81,0.0,0.0
1139.34,53.95,60.12,59.62,59.17,7222.46,2421.97,2466.17,0.0,0.0
1139.46,54.01,60.12,59.63,59.16,7219.95,2422.44,2464.99,0.0,0.0
1139.47,53.96,60.1,59.59,59.14,7222.15,2423.61,2468.77,0.0,0.0
1139.49,53.94,60.08,59.59,59.13,7222.78,2425.49,2469.0,0.0,0.0
1139.5,53.95,60.03,59.56,59.11,7222.46,2429.71,2471.36,0.0,0.0
1139.5,53.94,60.03,59.56,59.1,7223.41,2430.18,2471.6,0.0,0.0
1139.5,53.9,60.0,59.53,59.08,7224.98,2432.76,2473.72,0.0,0.0
1139.85,53.9,60.0,59.5,59.07,7224.98,2432.76,2477.03,0.0,0.0
1140.14,53.87,59.97,59.49,59.05,7227.18,2435.34,2477.27,0.0,0.0
1140.14,53.83,59.98,59.47,59.04,7228.12,2434.17,2479.16,0.0,0.0
1140.15,53.87,59.95,59.47,59.02,7226.23,2436.75,2478.92,0.0,0.0
1140.15,53.82,59.93,59.45,59.01,7229.06,2438.63,2481.05,0.0,0.0
1140.15,53.81,59.9,59.44,58.99,7230.0,2441.21,2481.76,0.0,0.0
1140.16,53.76,59.88,59.41,58.98,7231.89,2443.09,2484.36,0.0,0.0
1140.53,53.84,59.86,59.42,58.96,7227.81,2444.5,2483.89,0.0,0.0
1140.8,53.76,59.83,59.4,58.95,7231.89,2447.79,2485.78,0.0,0.0
1140.8,53.7,59.8,59.37,58.93,7234.09,2449.91,2487.91,0.0,0.0
1140.84,53.73,59.8,59.37,58.92,7232.83,2450.15,2488.62,0.0,0.0
1140.84,53.7,59.77,59.36,58.9,7234.09,2452.97,2489.33,0.0,0.0
1140.85,53.69,59.75,59.33,58.89,7234.72,2454.62,2491.7,0.0,0.0
1141.03,53.71,59.74,59.32,58.87,7234.41,2455.09,2492.41,0.0,0.0
1141.44,53.69,59.71,59.32,58.86,7235.35,2457.68,2492.89,0.0,0.0
1141.44,53.65,59.7,59.31,58.84,7237.23,2459.33,2493.36,0.0,0.0
1141.45,53.67,59.7,59.29,58.82,7236.61,2458.86,2495.73,0.0,0.0
1141.45,53.62,59.68,59.29,58.81,7238.18,2460.98,2495.49,0.0,0.0
1141.46,53.65,59.64,59.27,58.79,7237.23,2464.28,2497.63,0.0,0.0
1141.46,53.63,59.63,59.26,58.78,7237.55,2464.75,2498.58,0.0,0.0
1141.56,53.63,59.61,59.25,58.76,7238.49,2467.11,2499.29,0.0,0.0
1141.66,53.59,59.59,59.21,58.75,7240.06,2468.53,2502.85,0.0,0.0
1141.76,53.57,59.59,59.2,58.73,7240.38,2468.77,2503.8,0.0,0.0
1141.85,53.6,59.54,59.16,58.72,7239.12,2472.78,2507.36,0.0,0.0
1141.96,53.59,59.52,59.15,58.7,7240.06,2474.67,2507.83,0.0,0.0
1142.05,53.6,59.49,59.13,58.69,7239.43,2477.5,2510.21,0.0,0.0
1142.16,53.58,59.48,59.12,58.67,7240.69,2478.69,2510.68,0.0,0.0
1142.26,53.58,59.45,59.11,58.66,7240.69,2480.81,2511.87,0.0,0.0
1142.36,53.59,59.45,59.11,58.64,7240.06,2480.81,2512.11,0.0,0.0
1142.46,53.53,59.44,59.1,58.62,7243.2,2482.0,2512.82,0.0,0.0
1142.56,53.5,59.42,59.07,58.61,7244.78,2483.89,2515.44,0.0,0.0
1142.71,53.48,59.41,59.06,58.59,7245.72,2485.07,2516.39,0.0,0.0
1142.96,53.49,59.38,59.03,58.58,7245.41,2487.2,2518.77,0.0,0.0
1143.06,53.5,59.36,59.02,58.56,7244.78,2489.57,2519.96,0.0,0.0
1143.06,53.46,59.34,58.99,58.55,7246.35,2491.23,2522.58,0.0,0.0
1143.07,53.41,59.33,58.97,58.53,7248.55,2492.18,2524.48,0.0,0.0
1143.27,53.45,59.32,58.96,58.52,7246.98,2492.65,2524.96,0.0,0.0
1143.58,53.38,59.3,58.96,58.5,7249.81,2495.02,2525.2,0.0,0.0
1143.7,53.39,59.28,58.95,58.48,7250.12,2496.21,2526.39,0.0,0.0
1143.7,53.34,59.26,58.94,58.47,7252.64,2497.87,2527.1,0.0,0.0
1143.7,53.33,59.26,58.94,58.45,7252.95,2498.58,2527.34,0.0,0.0
1143.7,53.31,59.23,58.92,58.44,7253.89,2500.47,2528.77,0.0,0.0
1143.76,53.27,59.18,58.91,58.42,7255.78,2505.46,2529.96,0.0,0.0
1143.98,53.28,59.17,58.89,58.41,7254.84,2506.41,2532.11,0.0,0.0
1144.25,53.26,59.16,58.86,58.39,7256.09,2506.88,2534.73,0.0,0.0
1144.35,53.27,59.14,58.82,58.38,7255.78,2509.26,2538.31,0.0,0.0
1144.35,53.27,59.14,58.84,58.36,7255.78,2509.26,2536.16,0.0,0.0
1144.38,53.23,59.11,58.8,58.35,7257.35,2511.4,2539.5,0.0,0.0
1144.38,53.26,59.1,58.79,58.33,7256.72,2512.59,2540.94,0.0,0.0
1144.65,53.23,59.09,58.77,58.31,7257.98,2513.06,2542.85,0.0,0.0
1144.9,53.19,59.07,58.77,58.3,7259.55,2515.44,2543.09,0.0,0.0
1144.91,53.24,59.04,58.76,58.28,7257.67,2517.58,2543.32,0.0,0.0
1144.91,53.2,59.01,58.74,58.27,7258.61,2520.43,2545.0,0.0,0.0
1144.92,53.21,58.98,58.72,58.25,7258.92,2523.29,2546.91,0.0,0.0
1144.96,53.18,58.96,58.73,58.24,7259.87,2525.43,2546.67,0.0,0.0
1145.06,53.18,58.95,58.68,58.22,7259.87,2526.39,2550.97,0.0,0.0
1145.16,53.19,58.94,58.68,58.21,7259.55,2527.1,2551.21,0.0,0.0
1145.26,53.19,58.94,58.67,58.19,7260.18,2527.58,2552.17,0.0,0.0
1145.5,53.12,58.91,58.66,58.17,7262.7,2529.72,2552.89,0.0,0.0
1145.73,53.15,58.89,58.63,58.16,7262.07,2531.39,2555.52,0.0,0.0
1146.03,53.14,58.87,58.62,58.14,7262.38,2533.78,2556.24,0.0,0.0
1146.03,53.13,58.85,58.6,58.13,7263.33,2535.21,2557.91,0.0,0.0
1146.03,53.14,58.83,58.61,58.11,7262.38,2537.59,2557.67,0.0,0.0
1146.04,53.13,58.81,58.57,58.1,7263.33,2538.79,2560.79,0.0,0.0
1146.04,53.1,58.77,58.57,58.08,7264.27,2542.61,2561.27,0.0,0.0
1146.06,53.06,58.76,58.56,58.07,7266.16,2543.32,2561.75,0.0,0.0
1146.16,53.05,58.76,58.53,58.05,7266.78,2544.04,2564.86,0.0,0.0
1146.26,53.08,58.72,58.51,58.03,7265.84,2547.39,2566.3,0.0,0.0
1146.36,52.98,58.71,58.49,58.02,7269.61,2547.87,2568.7,0.0,0.0
1146.46,52.99,58.68,58.48,58.0,7269.3,2550.73,2569.9,0.0,0.0
1146.56,52.96,58.66,58.46,57.99,7271.5,2552.41,2571.1,0.0,0.0
1146.75,52.96,58.64,58.44,57.97,7271.19,2554.56,2572.78,0.0,0.0
1146.95,52.96,58.64,58.42,57.96,7271.19,2555.04,2574.7,0.0,0.0
1147.08,52.92,58.61,58.42,57.94,7273.39,2557.43,2575.42,0.0,0.0
1147.08,52.91,58.61,58.39,57.93,7273.7,2557.67,2577.58,0.0,0.0
1147.11,52.88,58.56,58.38,57.91,7274.65,2561.75,2579.26,0.0,0.0
1147.45,52.86,58.54,58.37,57.89,7275.9,2563.9,2579.5,0.0,0.0
1147.72,52.91,58.52,58.36,57.88,7274.33,2565.58,2580.7,0.0,0.0
1147.73,52.84,58.48,58.34,57.86,7276.85,2569.18,2582.87,0.0,0.0
1147.73,52.86,58.48,58.32,57.85,7276.53,2569.9,2584.07,0.0,0.0
1147.73,52.84,58.46,58.31,57.83,7276.85,2571.1,2585.27,0.0,0.0
1147.73,52.82,58.44,58.29,57.82,7278.11,2573.02,2587.43,0.0,0.0
1147.76,52.84,58.41,58.29,57.8,7277.16,2575.9,2587.43,0.0,0.0
1148.06,52.82,58.41,58.26,57.78,7278.42,2575.9,2589.84,0.0,0.0
1148.3,52.82,58.37,58.24,57.77,7278.11,2579.74,2591.53,0.0,0.0
1148.33,52.8,58.36,58.21,57.75,7278.73,2580.22,2594.42,0.0,0.0
1148.49,52.8,58.34,58.2,57.74,7278.73,2582.38,2595.38,0.0,0.0
1148.75,52.78,58.32,58.19,57.72,7280.62,2584.31,2596.34,0.0,0.0
1148.84,52.79,58.3,58.17,57.71,7280.31,2586.47,2598.27,0.0,0.0
1148.86,52.79,58.28,58.15,57.69,7280.31,2588.4,2599.96,0.0,0.0
1149.03,52.78,58.25,58.12,57.67,7279.99,2590.56,2602.85,0.0,0.0
1149.18,52.77,58.26,58.13,57.66,7281.25,2590.08,2602.61,0.0,0.0
1149.52,52.75,58.23,58.12,57.64,7280.94,2592.73,2603.57,0.0,0.0
1149.53,52.72,58.18,58.09,57.63,7283.45,2597.55,2605.99,0.0,0.0
1149.53,52.69,58.17,58.06,57.61,7284.71,2598.75,2608.64,0.0,0.0
1149.54,52.68,58.14,58.07,57.6,7285.34,2601.4,2608.16,0.0,0.0
1149.54,52.68,58.12,58.04,57.58,7285.03,2603.57,2611.06,0.0,0.0
1149.55,52.66,58.12,58.03,57.56,7285.66,2603.57,2611.78,0.0,0.0
1149.55,52.65,58.09,58.01,57.55,7286.6,2606.23,2613.23,0.0,0.0
1149.56,52.61,58.07,58.0,57.53,7288.8,2608.16,2614.44,0.0,0.0
1149.56,52.58,58.04,57.99,57.52,7289.75,2611.06,2615.65,0.0,0.0
1149.66,52.65,58.01,57.97,57.5,7286.6,2613.47,2617.58,0.0,0.0
1149.76,52.58,57.99,57.97,57.48,7290.37,2615.89,2617.82,0.0,0.0
1149.86,52.55,57.98,57.94,57.47,7291.63,2616.61,2620.0,0.0,0.0
1149.96,52.55,57.94,57.93,57.45,7291.63,2620.24,2620.96,0.0,0.0
1150.06,52.55,57.94,57.93,57.44,7291.95,2620.24,2621.21,0.0,0.0
1150.16,52.48,57.9,57.88,57.42,7295.09,2624.35,2625.8,0.0,0.0
1150.26,52.48,57.88,57.88,57.4,7295.41,2625.56,2626.05,0.0,0.0
1150.36,52.45,57.84,57.86,57.39,7296.04,2629.44,2627.98,0.0,0.0
1150.46,52.46,57.82,57.86,57.37,7295.72,2631.37,2628.23,0.0,0.0
1150.56,52.44,57.8,57.81,57.36,7296.98,2634.04,2632.34,0.0,0.0
1150.66,52.43,57.78,57.83,57.34,7297.61,2635.74,2630.65,0.0,0.0
1150.76,52.46,57.74,57.81,57.32,7296.67,2639.13,2633.07,0.0,0.0
1150.86,52.43,57.73,57.79,57.31,7297.61,2640.34,2634.52,0.0,0.0
1151.15,52.44,57.71,57.78,57.29,7297.3,2642.04,2635.74,0.0,0.0
1151.33,52.43,57.68,57.77,57.28,7297.93,2645.44,2636.46,0.0,0.0
1151.34,52.42,57.66,57.75,57.26,7298.56,2647.38,2638.89,0.0,0.0
1151.46,52.39,57.64,57.73,57.24,7300.13,2649.33,2640.59,0.0,0.0
1151.54,52.39,57.62,57.72,57.23,7298.87,2651.03,2641.07,0.0,0.0
1151.74,52.36,57.6,57.68,57.21,7301.07,2652.49,2644.96,0.0,0.0
1151.74,52.36,57.59,57.66,57.2,7301.07,2653.46,2647.38,0.0,0.0
1151.75,52.35,57.55,57.66,57.18,7302.02,2657.84,2646.66,0.0,0.0
1151.76,52.34,57.53,57.64,57.16,7301.7,2660.03,2649.09,0.0,0.0
1152.21,52.37,57.5,57.64,57.15,7301.39,2662.71,2649.33,0.0,0.0
1152.56,52.33,57.47,57.61,57.13,7303.27,2665.14,2651.52,0.0,0.0
1152.56,52.31,57.47,57.61,57.11,7304.22,2665.38,2652.24,0.0,0.0
1152.56,52.31,57.46,57.59,57.1,7303.59,2666.6,2653.46,0.0,0.0
1152.57,52.31,57.41,57.56,57.08,7304.22,2671.48,2657.11,0.0,0.0
1152.57,52.24,57.41,57.56,57.07,7307.05,2671.23,2656.86,0.0,0.0
1152.57,52.31,57.38,57.52,57.05,7304.22,2674.16,2660.76,0.0,0.0
1152.57,52.25,57.36,57.51,57.03,7306.74,2676.36,2661.49,0.0,0.0
1152.66,52.23,57.35,57.48,57.02,7307.37,2677.58,2664.17,0.0,0.0
1152.76,52.19,57.32,57.47,57.0,7309.88,2680.26,2665.38,0.0,0.0
1152.86,52.14,57.3,57.47,56.98,7312.4,2682.21,2665.63,0.0,0.0
1153.07,52.18,57.28,57.45,56.97,7310.2,2683.92,2667.82,0.0,0.0
1153.31,52.13,57.24,57.43,56.95,7313.03,2687.59,2669.04,0.0,0.0
1153.38,52.17,57.21,57.41,56.93,7311.14,2690.52,2671.23,0.0,0.0
1153.41,52.15,57.2,57.38,56.92,7311.77,2691.75,2673.92,0.0,0.0
1153.53,52.1,57.16,57.37,56.9,7313.34,2695.66,2675.38,0.0,0.0
1153.74,52.08,57.15,57.36,56.88,7315.23,2696.4,2676.36,0.0,0.0
1153.81,52.09,57.14,57.35,56.87,7314.29,2697.38,2677.58,0.0,0.0
1153.83,52.06,57.12,57.33,56.85,7315.86,2700.07,2679.53,0.0,0.0
1153.83,52.11,57.1,57.3,56.83,7313.97,2702.03,2681.73,0.0,0.0
1153.98,52.09,57.08,57.29,56.82,7314.92,2703.5,2682.7,0.0,0.0
1154.19,52.09,57.08,57.29,56.8,7314.29,2703.99,2682.95,0.0,0.0
1154.27,52.06,57.03,57.29,56.79,7315.86,2708.16,2683.44,0.0,0.0
1154.28,52.06,57.01,57.25,56.77,7315.86,2711.1,2686.61,0.0,0.0
1154.4,52.72,57.0,57.22,56.75,7283.14,2711.84,2690.04,0.0,0.0
1154.49,52.1,56.98,57.21,56.74,7313.34,2713.8,2691.26,0.0,0.0
1154.67,52.41,56.96,57.19,56.72,7298.24,2715.77,2692.73,0.0,0.0
1154.69,52.39,56.93,57.16,56.7,7299.5,2718.22,2695.42,0.0,0.0
1154.82,52.19,56.9,57.15,56.69,7310.51,2721.91,2696.64,0.0,0.0
1154.9,52.2,56.87,57.14,56.67,7309.25,2724.12,2697.62,0.0,0.0
1155.01,52.34,56.85,57.14,56.65,7301.7,2726.82,2697.38,0.0,0.0
1155.07,52.45,56.84,57.12,56.64,7296.04,2727.07,2700.07,0.0,0.0
1155.08,52.37,56.83,57.13,56.62,7300.44,2729.04,2699.09,0.0,0.0
1155.2,54.76,56.8,57.09,56.6,7184.15,2731.25,2703.01,0.0,0.0
